0.0 0.447439
0.0491975 0.447439
0.0983951 0.447921
0.147593 0.448404
0.19679 0.448886
0.245988 0.449368
0.295185 0.44985
0.344383 0.450332
0.39358 0.450814
0.442778 0.451296
0.490763 0.451296
0.538748 0.822236
0.586733 1.19318
0.634718 1.56411
0.682704 1.93505
0.730689 2.30599
0.778674 2.67693
0.826659 3.04787
0.874644 3.41881
0.926163 3.41881
0.977682 3.43628
1.0292 3.45374
1.08072 3.47121
1.13224 3.48867
1.18376 3.50614
1.23528 3.5236
1.2868 3.54107
1.33965 3.54107
1.39251 3.70294
1.44243 3.70294
1.49236 3.70294
1.54228 3.70294
1.59221 3.70294
1.64213 3.70294
1.69206 3.70294
1.74199 3.70294
1.79191 3.70294
1.84184 3.70294
1.89176 3.70294
1.94169 3.70294
1.99161 3.70294
2.04154 3.70294
2.09146 3.70294
2.14139 3.70294
2.19132 3.70294
2.24124 3.70294
2.29117 3.70294
2.34109 3.70294
2.39102 3.70294
2.44094 3.70294
2.49087 3.70294
2.54079 3.70294
2.59072 3.70294
2.64065 3.70294
2.69057 3.70294
2.7405 3.70294
2.79042 3.70294
2.84035 3.70294
2.89027 3.70294
2.9402 3.70294
2.99012 3.70294
5.3921 6.23224
7.79407 6.23224
10.196 6.23224
12.598 6.23224
15.0 6.23224
0.0 0.460027
0.0518284 0.460027
0.103657 0.460688
0.155485 0.461349
0.207314 0.462009
0.259142 0.46267
0.31097 0.463331
0.362799 0.463991
0.414627 0.464652
0.466456 0.465313
0.518284 0.465974
0.570112 0.466634
0.621941 0.467295
0.672932 0.467295
0.723923 0.720508
0.774914 0.973721
0.825905 1.22693
0.876896 1.48015
0.927887 1.73336
0.978878 1.98657
1.02987 2.23979
1.08086 2.493
1.13185 2.74621
1.18284 2.99943
1.23383 3.25264
1.28483 3.50585
1.33466 3.50585
1.38449 3.51243
1.43433 3.51901
1.48416 3.52559
1.534 3.53217
1.58383 3.53875
1.63366 3.54533
1.6835 3.55191
1.73333 3.55848
1.78316 3.56506
1.833 3.57164
1.88438 3.57164
1.93577 3.59142
1.98715 3.61121
2.03854 3.63099
2.08992 3.65077
2.14131 3.67055
2.19269 3.69034
2.24408 3.71012
2.29546 3.7299
2.34684 3.74968
2.39823 3.76946
2.44961 3.78925
2.501 3.80903
2.55238 3.82881
2.60141 3.82881
2.65043 3.82881
2.69946 3.82881
2.74849 3.82881
2.79751 3.82881
2.84654 3.82881
2.89556 3.82881
2.94459 3.82881
2.99361 3.82881
3.04264 3.82881
3.09167 3.82881
3.14069 3.82881
3.18972 3.82881
3.23874 3.82881
3.28777 3.82881
3.33679 3.82881
3.38582 3.82881
3.43485 3.82881
3.48387 3.82881
3.5329 3.82881
3.58192 3.82881
3.63095 3.82881
3.67998 3.82881
3.729 3.82881
5.9832 6.16548
8.2374 6.16548
10.4916 6.16548
12.7458 6.16548
15.0 6.16548
0.0 0.439488
0.0493237 0.439488
0.0986473 0.444103
0.147971 0.448719
0.197295 0.453335
0.246618 0.457951
0.295942 0.462567
0.345266 0.467182
0.394589 0.471798
0.443913 0.476414
0.493237 0.48103
0.54256 0.485646
0.591884 0.490262
0.641208 0.494877
0.689944 0.494877
0.73868 0.749106
0.787416 1.00334
0.836153 1.25756
0.884889 1.51179
0.933625 1.76602
0.982362 2.02025
1.0311 2.27448
1.07983 2.52871
1.12857 2.78294
1.17731 3.03717
1.22604 3.2914
1.27478 3.54563
1.32342 3.54563
1.37207 3.54848
1.42071 3.55133
1.46936 3.55418
1.518 3.55704
1.56664 3.55989
1.61529 3.56274
1.66393 3.56559
1.71258 3.56845
1.76122 3.5713
1.80986 3.57415
1.85851 3.57701
1.90715 3.57986
1.9558 3.58271
2.00702 3.58271
2.05825 3.59702
2.10947 3.61134
2.1607 3.62565
2.21192 3.63997
2.26315 3.65428
2.31437 3.66859
2.3656 3.68291
2.41682 3.69722
2.46805 3.71153
2.51927 3.72585
2.5705 3.74016
2.62172 3.75447
2.67295 3.76879
2.72417 3.7831
2.7754 3.79741
2.82662 3.81173
2.87785 3.82604
2.92744 3.82604
2.97702 3.82604
3.02661 3.82604
3.0762 3.82604
3.12579 3.82604
3.17537 3.82604
3.22496 3.82604
3.27455 3.82604
3.32414 3.82604
3.37372 3.82604
3.42331 3.82604
3.4729 3.82604
3.52249 3.82604
3.57208 3.82604
3.62166 3.82604
3.67125 3.82604
3.72084 3.82604
3.77043 3.82604
6.57782 6.15732
9.38521 6.15732
12.1926 6.15732
15.0 6.15732
0.0 0.455616
0.0514917 0.455616
0.102983 0.458213
0.154475 0.46081
0.205967 0.463408
0.257458 0.466005
0.30895 0.468603
0.360442 0.4712
0.411933 0.473798
0.463425 0.476395
0.514917 0.478993
0.563608 0.478993
0.6123 0.738724
0.660991 0.998455
0.709683 1.25819
0.758374 1.51792
0.807065 1.77765
0.855757 2.03738
0.904448 2.29711
0.95314 2.55684
1.00183 2.81657
1.05052 3.0763
1.09921 3.33603
1.14791 3.59577
1.19535 3.59577
1.2428 3.59638
1.29025 3.597
1.33769 3.59762
1.38514 3.59824
1.43259 3.59886
1.48003 3.59948
1.52748 3.6001
1.57493 3.60072
1.62553 3.60072
1.67614 3.62887
1.72675 3.65701
1.77735 3.68516
1.82796 3.7133
1.87856 3.74145
1.92917 3.76959
1.97978 3.79774
2.03014 3.79774
2.08051 3.79774
2.13087 3.79774
2.18123 3.79774
2.2316 3.79774
2.28196 3.79774
2.33233 3.79774
2.38269 3.79774
2.43305 3.79774
2.48342 3.79774
2.53378 3.79774
2.58415 3.79774
2.63451 3.79774
2.68488 3.79774
2.73524 3.79774
2.7856 3.79774
2.83597 3.79774
2.88633 3.79774
2.9367 3.79774
2.98706 3.79774
3.03742 3.79774
3.08779 3.79774
3.13815 3.79774
5.51052 6.03305
7.88289 6.03305
10.2553 6.03305
12.6276 6.03305
15.0 6.03305
0.0 0.461389
0.0517286 0.461389
0.103457 0.461826
0.155186 0.462263
0.206914 0.4627
0.258643 0.463137
0.310372 0.463575
0.3621 0.464012
0.413829 0.464449
0.465558 0.464886
0.517286 0.465323
0.569015 0.46576
0.617346 0.46576
0.665677 0.770601
0.714008 1.07544
0.762339 1.38028
0.81067 1.68512
0.859001 1.98997
0.907332 2.29481
0.955663 2.59965
1.00399 2.90449
1.05232 3.20933
1.10066 3.51417
1.15102 3.51417
1.20139 3.51663
1.25176 3.51909
1.30213 3.52155
1.3525 3.52401
1.40286 3.52648
1.45323 3.52894
1.5036 3.5314
1.55397 3.53386
1.60434 3.53632
1.6547 3.53878
1.70507 3.54124
1.75544 3.5437
1.80581 3.54616
1.85618 3.54863
1.90654 3.55109
1.95691 3.55355
2.00728 3.55601
2.05765 3.55847
2.10802 3.56093
2.15838 3.56339
2.20875 3.56585
2.25912 3.56831
2.30949 3.57078
2.35986 3.57324
2.41022 3.5757
2.46059 3.57816
2.51096 3.58062
2.56133 3.58308
2.6117 3.58554
2.66206 3.588
2.71243 3.59046
2.7628 3.59293
2.81317 3.59539
2.86354 3.59785
2.9139 3.60031
2.96427 3.60277
3.01464 3.60523
3.06501 3.60769
3.11538 3.61015
3.16574 3.61261
3.21611 3.61508
3.26648 3.61754
3.31685 3.62
3.36722 3.62246
3.41758 3.62492
3.46795 3.62738
3.51832 3.62984
3.56869 3.6323
3.61906 3.63476
3.66942 3.63723
3.71979 3.63969
3.77016 3.64215
3.82053 3.64461
3.8709 3.64707
3.92126 3.64953
3.96779 3.64953
4.01432 3.67066
4.06085 3.69179
4.10737 3.71291
4.1539 3.73404
4.20043 3.75517
4.24696 3.77629
4.29866 3.77629
4.35035 3.77629
4.40205 3.77629
4.45375 3.77629
4.50545 3.77629
4.55715 3.77629
4.60885 3.77629
4.66055 3.77629
4.71225 3.77629
4.76395 3.77629
4.81565 3.77629
4.86734 3.77629
4.91904 3.77629
4.97074 3.77629
7.47806 6.03115
9.98537 6.03115
12.4927 6.03115
15.0 6.03115
0.0 0.447863
0.050635 0.447863
0.10127 0.450675
0.151905 0.453487
0.20254 0.4563
0.253175 0.459112
0.30381 0.461924
0.354445 0.464736
0.40508 0.467548
0.455715 0.470361
0.50635 0.473173
0.557731 0.473173
0.609112 0.981278
0.660492 1.48938
0.711873 1.99749
0.763254 2.50559
0.814634 3.0137
0.866015 3.52181
0.916309 3.52181
0.966604 3.52855
1.0169 3.53529
1.06719 3.54204
1.11749 3.54878
1.16778 3.55553
1.21808 3.56227
1.26837 3.56901
1.31866 3.57576
1.36896 3.5825
1.41925 3.58924
1.46955 3.59599
1.51984 3.60273
1.57014 3.60948
1.62043 3.61622
1.67072 3.62296
1.72102 3.62971
1.77131 3.63645
1.82161 3.6432
1.8719 3.64994
1.9222 3.65668
1.97249 3.66343
2.02278 3.67017
2.07308 3.67692
2.12337 3.68366
2.17367 3.6904
2.22396 3.69715
2.27426 3.70389
2.32342 3.70389
2.37258 3.71067
2.42174 3.71746
2.47091 3.72424
2.52007 3.73102
2.56923 3.73781
2.6184 3.74459
2.66756 3.75137
2.71672 3.75816
2.76588 3.76494
2.81505 3.77172
2.8651 3.77172
2.91516 3.77172
2.96521 3.77172
3.01526 3.77172
3.06532 3.77172
3.11537 3.77172
3.16543 3.77172
3.21548 3.77172
3.26554 3.77172
3.31559 3.77172
3.36565 3.77172
3.4157 3.77172
3.46575 3.77172
3.51581 3.77172
3.56586 3.77172
3.61592 3.77172
3.66597 3.77172
3.71603 3.77172
3.76608 3.77172
3.81614 3.77172
3.86619 3.77172
3.91624 3.77172
3.9663 3.77172
4.01635 3.77172
4.06641 3.77172
4.11646 3.77172
4.16652 3.77172
4.21657 3.77172
6.91243 6.11994
9.60829 6.11994
12.3041 6.11994
15.0 6.11994
0.0 0.457857
0.0515025 0.457857
0.103005 0.458145
0.154507 0.458433
0.20601 0.45872
0.257512 0.459008
0.309015 0.459296
0.360517 0.459583
0.41202 0.459871
0.463522 0.460159
0.515025 0.460447
0.564907 0.460447
0.614789 1.48578
0.664671 2.51111
0.714553 3.53644
0.764973 3.53644
0.815392 3.54057
0.865811 3.54471
0.916231 3.54885
0.96665 3.55298
1.01707 3.55712
1.06749 3.56125
1.11791 3.56539
1.16833 3.56953
1.21875 3.57366
1.26917 3.5778
1.31959 3.58193
1.37 3.58607
1.42042 3.59021
1.47084 3.59434
1.52126 3.59848
1.57168 3.60262
1.6221 3.60675
1.67252 3.61089
1.72294 3.61502
1.77336 3.61916
1.82378 3.6233
1.8742 3.62743
1.92462 3.63157
1.97504 3.6357
2.02735 3.6357
2.07967 3.65124
2.13198 3.66678
2.1843 3.68232
2.23661 3.69787
2.28893 3.71341
2.34124 3.72895
2.39355 3.74449
2.44587 3.76003
2.49818 3.77557
2.54827 3.77557
2.59836 3.77557
2.64844 3.77557
2.69853 3.77557
2.74861 3.77557
2.7987 3.77557
2.84879 3.77557
2.89887 3.77557
2.94896 3.77557
2.99904 3.77557
3.04913 3.77557
3.09922 3.77557
3.1493 3.77557
3.19939 3.77557
3.24947 3.77557
3.29956 3.77557
3.34965 3.77557
3.39973 3.77557
3.44982 3.77557
3.4999 3.77557
3.54999 3.77557
3.60008 3.77557
3.65016 3.77557
3.70025 3.77557
3.75033 3.77557
3.80042 3.77557
3.85051 3.77557
3.90059 3.77557
3.95068 3.77557
4.00076 3.77557
4.05085 3.77557
4.10094 3.77557
4.15102 3.77557
4.20111 3.77557
4.25119 3.77557
6.93839 6.08294
9.6256 6.08294
12.3128 6.08294
15.0 6.08294
0.0 0.438864
0.0481446 0.438864
0.0962891 0.442823
0.144434 0.446783
0.192578 0.450743
0.240723 0.454703
0.288867 0.458662
0.337012 0.462622
0.385157 0.466582
0.433301 0.470542
0.481446 0.474502
0.52959 0.478461
0.58013 0.478461
0.630669 0.642392
0.681209 0.806322
0.731748 0.970253
0.782288 1.13418
0.832827 1.29811
0.883367 1.46204
0.933906 1.62597
0.984446 1.78991
1.03499 1.95384
1.08552 2.11777
1.13606 2.2817
1.1866 2.44563
1.23714 2.60956
1.28768 2.77349
1.33822 2.93742
1.38876 3.10135
1.4393 3.26528
1.48984 3.42921
1.53863 3.42921
1.58741 3.44284
1.6362 3.45648
1.68498 3.47011
1.73377 3.48374
1.78255 3.49738
1.83134 3.51101
1.88012 3.52464
1.92891 3.53828
1.97769 3.55191
2.02648 3.56554
2.07527 3.57918
2.12405 3.59281
2.17284 3.60644
2.22162 3.62008
2.27284 3.62008
2.32406 3.63463
2.37528 3.64919
2.4265 3.66374
2.47772 3.6783
2.52894 3.69285
2.58016 3.7074
2.63138 3.72196
2.6826 3.73651
2.73382 3.75107
2.78504 3.76562
2.83626 3.78018
2.88648 3.78018
2.9367 3.78018
2.98692 3.78018
3.03714 3.78018
3.08736 3.78018
3.13758 3.78018
3.1878 3.78018
3.23803 3.78018
3.28825 3.78018
3.33847 3.78018
3.38869 3.78018
3.43891 3.78018
3.48913 3.78018
3.53935 3.78018
3.58957 3.78018
3.6398 3.78018
3.69002 3.78018
3.74024 3.78018
3.79046 3.78018
3.84068 3.78018
3.8909 3.78018
3.94112 3.78018
3.99134 3.78018
4.04156 3.78018
4.09179 3.78018
4.14201 3.78018
6.8565 5.98772
9.571 5.98772
12.2855 5.98772
15.0 5.98772
0.0 0.43851
0.0510064 0.43851
0.102013 0.442759
0.153019 0.447007
0.204026 0.451256
0.255032 0.455505
0.306038 0.459754
0.357045 0.464003
0.408051 0.468251
0.459057 0.4725
0.510064 0.476749
0.559206 0.476749
0.608349 0.701885
0.657491 0.927021
0.706634 1.15216
0.755776 1.37729
0.804919 1.60243
0.854061 1.82757
0.903204 2.0527
0.952346 2.27784
1.00149 2.50297
1.05063 2.72811
1.09977 2.95325
1.14892 3.17838
1.19806 3.40352
1.24749 3.40352
1.29693 3.42051
1.34636 3.43751
1.39579 3.4545
1.44523 3.47149
1.49466 3.48848
1.54409 3.50548
1.59353 3.52247
1.64296 3.53946
1.69239 3.55646
1.74183 3.57345
1.79232 3.57345
1.84281 3.58147
1.8933 3.5895
1.94379 3.59753
1.99428 3.60556
2.04477 3.61358
2.09526 3.62161
2.14575 3.62964
2.19624 3.63766
2.24674 3.64569
2.29723 3.65372
2.34772 3.66174
2.39821 3.66977
2.4487 3.6778
2.49919 3.68582
2.54968 3.69385
2.60017 3.70188
2.65066 3.7099
2.70115 3.71793
2.75164 3.72596
2.80214 3.73398
2.85263 3.74201
2.90312 3.75004
2.95361 3.75806
3.0041 3.76609
3.05317 3.76609
3.10224 3.76609
3.1513 3.76609
3.20037 3.76609
3.24944 3.76609
3.29851 3.76609
3.34757 3.76609
3.39664 3.76609
3.44571 3.76609
3.49478 3.76609
3.54384 3.76609
3.59291 3.76609
3.64198 3.76609
3.69105 3.76609
3.74012 3.76609
3.78918 3.76609
6.59189 5.94294
9.39459 5.94294
12.1973 5.94294
15.0 5.94294
0.0 0.450455
0.0498358 0.450455
0.0996717 0.452177
0.149508 0.4539
0.199343 0.455623
0.249179 0.457345
0.299015 0.459068
0.348851 0.460791
0.398687 0.462513
0.448523 0.464236
0.498358 0.465958
0.549652 0.465958
0.600946 0.661601
0.652239 0.857243
0.703533 1.05289
0.754827 1.24853
0.806121 1.44417
0.857414 1.63981
0.908708 1.83545
0.960002 2.0311
1.0113 2.22674
1.06259 2.42238
1.11388 2.61802
1.16518 2.81367
1.21647 3.00931
1.26776 3.20495
1.31906 3.40059
1.36942 3.40059
1.41978 3.41112
1.47014 3.42165
1.5205 3.43218
1.57086 3.44271
1.62122 3.45323
1.67158 3.46376
1.72194 3.47429
1.77229 3.48482
1.82265 3.49535
1.87301 3.50587
1.92337 3.5164
1.97373 3.52693
2.02409 3.53746
2.07506 3.53746
2.12603 3.55411
2.177 3.57075
2.22797 3.5874
2.27894 3.60405
2.32991 3.6207
2.38087 3.63734
2.43184 3.65399
2.48281 3.67064
2.53378 3.68729
2.58475 3.70393
2.63572 3.72058
2.68669 3.73723
2.73766 3.75388
2.78862 3.77052
2.83959 3.78717
2.89056 3.80382
2.93814 3.80382
2.98572 3.80382
3.0333 3.80382
3.08088 3.80382
3.12845 3.80382
3.17603 3.80382
3.22361 3.80382
3.27119 3.80382
5.61695 5.9722
7.96271 5.9722
10.3085 5.9722
12.6542 5.9722
15.0 5.9722
0.0 0.436377
0.0482001 0.436377
0.0964001 0.44087
0.1446 0.445363
0.1928 0.449856
0.241 0.454349
0.2892 0.458842
0.3374 0.463335
0.3856 0.467828
0.433801 0.472321
0.482001 0.476814
0.532888 0.476814
0.583775 0.66678
0.634663 0.856747
0.68555 1.04671
0.736438 1.23668
0.787325 1.42665
0.838212 1.61661
0.8891 1.80658
0.939987 1.99654
0.990875 2.18651
1.04176 2.37648
1.09265 2.56644
1.14354 2.75641
1.19442 2.94638
1.24531 3.13634
1.2962 3.32631
1.34552 3.32631
1.39484 3.33907
1.44415 3.35184
1.49347 3.3646
1.54279 3.37736
1.59211 3.39013
1.64143 3.40289
1.69075 3.41566
1.74006 3.42842
1.78938 3.44118
1.8387 3.45395
1.88802 3.46671
1.93734 3.47947
1.98666 3.49224
2.03597 3.505
2.08529 3.51776
2.13461 3.53053
2.18393 3.54329
2.23325 3.55606
2.28257 3.56882
2.33189 3.58158
2.3812 3.59435
2.43008 3.59435
2.47895 3.62074
2.52782 3.64713
2.5767 3.67352
2.62557 3.69992
2.67445 3.72631
2.72332 3.7527
2.77219 3.77909
2.82107 3.80548
2.86994 3.83188
2.91881 3.85827
2.96769 3.88466
3.01656 3.91105
3.06813 3.91105
3.11969 3.91105
3.17126 3.91105
3.22282 3.91105
3.27439 3.91105
3.32595 3.91105
3.37752 3.91105
3.42908 3.91105
3.48065 3.91105
3.53221 3.91105
3.58378 3.91105
3.63535 3.91105
5.90828 5.94275
8.18121 5.94275
10.4541 5.94275
12.7271 5.94275
15.0 5.94275
0.0 0.454355
0.0490962 0.454355
0.0981924 0.455026
0.147289 0.455698
0.196385 0.456369
0.245481 0.457041
0.294577 0.457712
0.343673 0.458383
0.39277 0.459055
0.441866 0.459726
0.490962 0.460398
0.540058 0.461069
0.591007 0.461069
0.641956 0.721923
0.692905 0.982777
0.743855 1.24363
0.794804 1.50449
0.845753 1.76534
0.896702 2.02619
0.947651 2.28705
0.9986 2.5479
1.04955 2.80876
1.1005 3.06961
1.15145 3.33046
1.2021 3.33046
1.25275 3.34865
1.3034 3.36684
1.35405 3.38503
1.40471 3.40322
1.45536 3.42141
1.50601 3.4396
1.55666 3.45779
1.60731 3.47597
1.65796 3.49416
1.70861 3.51235
1.75927 3.53054
1.80992 3.54873
1.86057 3.56692
1.91122 3.58511
1.96115 3.58511
2.01108 3.63497
2.06102 3.68483
2.11095 3.7347
2.16088 3.78456
2.21081 3.83443
2.26074 3.88429
2.31068 3.93416
2.36483 3.93416
2.41899 3.93416
2.47314 3.93416
2.5273 3.93416
2.58145 3.93416
5.06516 5.87532
7.54887 5.87532
10.0326 5.87532
12.5163 5.87532
15.0 5.87532
0.0 0.437427
0.0501629 0.437427
0.100326 0.44218
0.150489 0.446932
0.200651 0.451685
0.250814 0.456438
0.300977 0.46119
0.35114 0.465943
0.401303 0.470696
0.451466 0.475448
0.501629 0.480201
0.553356 0.480201
0.605083 1.1737
0.65681 1.8672
0.708537 2.5607
0.760265 3.2542
0.809384 3.2542
0.858504 3.3038
0.907624 3.3534
0.956744 3.403
1.00586 3.4526
1.05498 3.50219
1.1041 3.55179
1.15322 3.60139
1.20176 3.60139
1.25029 3.62314
1.29882 3.64489
1.34735 3.66663
1.39588 3.68838
1.44442 3.71013
1.49295 3.73188
1.54148 3.75362
1.59001 3.77537
1.63855 3.79712
1.68708 3.81887
1.73561 3.84062
1.78414 3.86236
1.83267 3.88411
1.88121 3.90586
1.92974 3.92761
1.98014 3.92761
2.03054 3.92761
2.08094 3.92761
2.13134 3.92761
2.18174 3.92761
2.23215 3.92761
2.28255 3.92761
2.33295 3.92761
2.38335 3.92761
2.43375 3.92761
2.48415 3.92761
2.53455 3.92761
2.58495 3.92761
2.63536 3.92761
2.68576 3.92761
2.73616 3.92761
2.78656 3.92761
2.83696 3.92761
2.88736 3.92761
2.93776 3.92761
2.98816 3.92761
3.03857 3.92761
3.08897 3.92761
3.13937 3.92761
3.18977 3.92761
3.24017 3.92761
5.59214 5.83156
7.9441 5.83156
10.2961 5.83156
12.648 5.83156
15.0 5.83156
0.0 0.450393
0.0481593 0.450393
0.0963186 0.453499
0.144478 0.456606
0.192637 0.459712
0.240797 0.462819
0.288956 0.465926
0.337115 0.469032
0.385274 0.472139
0.433434 0.475245
0.481593 0.478352
0.529752 0.481459
0.577912 0.484565
0.631256 0.484565
0.6846 1.05467
0.737945 1.62478
0.791289 2.19488
0.844634 2.76499
0.897978 3.3351
0.948892 3.3351
0.999806 3.35307
1.05072 3.37105
1.10163 3.38902
1.15255 3.40699
1.20346 3.42497
1.25438 3.44294
1.30529 3.46091
1.3562 3.47889
1.40712 3.49686
1.45803 3.51483
1.50894 3.53281
1.55986 3.55078
1.61077 3.56876
1.66169 3.58673
1.7126 3.6047
1.76351 3.62268
1.8138 3.62268
1.86408 3.63845
1.91436 3.65422
1.96464 3.66999
2.01492 3.68576
2.0652 3.70153
2.11549 3.7173
2.16577 3.73307
2.21605 3.74884
2.26633 3.76461
2.31661 3.78038
2.36689 3.79616
2.41717 3.81193
2.46746 3.8277
2.51774 3.84347
2.56802 3.85924
2.6183 3.87501
2.66858 3.89078
2.71886 3.90655
2.76941 3.90655
2.81995 3.90655
2.87049 3.90655
2.92104 3.90655
2.97158 3.90655
3.02212 3.90655
3.07266 3.90655
3.12321 3.90655
3.17375 3.90655
3.22429 3.90655
3.27484 3.90655
3.32538 3.90655
3.37592 3.90655
3.42646 3.90655
3.47701 3.90655
3.52755 3.90655
3.57809 3.90655
3.62864 3.90655
3.67918 3.90655
3.72972 3.90655
3.78026 3.90655
3.83081 3.90655
3.88135 3.90655
3.93189 3.90655
3.98244 3.90655
4.03298 3.90655
6.77473 5.888
9.51649 5.888
12.2582 5.888
15.0 5.888
0.0 0.464407
0.049553 0.464407
0.099106 0.464922
0.148659 0.465436
0.198212 0.465951
0.247765 0.466465
0.297318 0.46698
0.346871 0.467494
0.396424 0.468009
0.445977 0.468524
0.49553 0.469038
0.545083 0.469553
0.594636 0.470067
0.644662 0.470067
0.694689 0.610066
0.744715 0.750065
0.794742 0.890063
0.844768 1.03006
0.894795 1.17006
0.944821 1.31006
0.994847 1.45006
1.04487 1.59006
1.0949 1.73006
1.14493 1.87005
1.19495 2.01005
1.24498 2.15005
1.29501 2.29005
1.34503 2.43005
1.39506 2.57005
1.44508 2.71005
1.49511 2.85005
1.54514 2.99004
1.59516 3.13004
1.64519 3.27004
1.69522 3.41004
1.74449 3.41004
1.79376 3.43158
1.84303 3.45313
1.8923 3.47467
1.94157 3.49621
1.99084 3.51776
2.04011 3.5393
2.08938 3.56085
2.13865 3.58239
2.18792 3.60393
2.23719 3.62548
2.28646 3.64702
2.33573 3.66857
2.385 3.69011
2.43427 3.71165
2.48354 3.7332
2.53281 3.75474
2.58371 3.75474
2.63462 3.76359
2.68553 3.77244
2.73643 3.78129
2.78734 3.79015
2.83825 3.799
2.88915 3.80785
2.94006 3.8167
2.99097 3.82555
3.04187 3.8344
3.09278 3.84325
3.14369 3.85211
3.19459 3.86096
3.2455 3.86981
3.29641 3.87866
3.34731 3.88751
3.39822 3.89636
3.44913 3.90522
3.50003 3.91407
3.55094 3.92292
3.60185 3.93177
3.65276 3.94062
3.70366 3.94947
3.75312 3.94947
3.80257 3.94947
3.85203 3.94947
3.90148 3.94947
3.95094 3.94947
4.00039 3.94947
4.04985 3.94947
4.0993 3.94947
4.14876 3.94947
4.19821 3.94947
4.24767 3.94947
4.29712 3.94947
4.34658 3.94947
4.39603 3.94947
4.44549 3.94947
4.49494 3.94947
4.5444 3.94947
4.59385 3.94947
4.64331 3.94947
4.69276 3.94947
4.74222 3.94947
4.79167 3.94947
4.84113 3.94947
4.89058 3.94947
4.94004 3.94947
4.98949 3.94947
5.03895 3.94947
5.0884 3.94947
5.13786 3.94947
5.18731 3.94947
5.23677 3.94947
5.28622 3.94947
5.33568 3.94947
5.38513 3.94947
5.43459 3.94947
5.48404 3.94947
5.5335 3.94947
5.58295 3.94947
5.63241 3.94947
5.68186 3.94947
5.73132 3.94947
5.78077 3.94947
5.83023 3.94947
8.12267 5.95306
10.4151 5.95306
12.7076 5.95306
15.0 5.95306
0.0 0.445946
0.0481766 0.445946
0.0963532 0.449136
0.14453 0.452326
0.192706 0.455516
0.240883 0.458706
0.28906 0.461896
0.337236 0.465086
0.385413 0.468276
0.433589 0.471466
0.481766 0.474655
0.529942 0.477845
0.578119 0.481035
0.627331 0.481035
0.676542 0.621598
0.725754 0.762161
0.774965 0.902724
0.824177 1.04329
0.873388 1.18385
0.9226 1.32441
0.971811 1.46498
1.02102 1.60554
1.07023 1.7461
1.11945 1.88666
1.16866 2.02723
1.21787 2.16779
1.26708 2.30835
1.31629 2.44892
1.3655 2.58948
1.41471 2.73004
1.46393 2.8706
1.51314 3.01117
1.56235 3.15173
1.61156 3.29229
1.66077 3.43286
1.71063 3.43286
1.76048 3.44995
1.81033 3.46705
1.86018 3.48414
1.91004 3.50123
1.95989 3.51833
2.00974 3.53542
2.0596 3.55252
2.10945 3.56961
2.1593 3.58671
2.20916 3.6038
2.25901 3.6209
2.30886 3.63799
2.35871 3.65509
2.40857 3.67218
2.45842 3.68928
2.50827 3.70637
2.55813 3.72347
2.60798 3.74056
2.65914 3.74056
2.71029 3.75166
2.76145 3.76276
2.81261 3.77385
2.86376 3.78495
2.91492 3.79604
2.96608 3.80714
3.01723 3.81824
3.06839 3.82933
3.11955 3.84043
3.1707 3.85152
3.22186 3.86262
3.27302 3.87372
3.32417 3.88481
3.37465 3.88481
3.42513 3.88481
3.47561 3.88481
3.52609 3.88481
3.57656 3.88481
3.62704 3.88481
3.67752 3.88481
3.728 3.88481
3.77848 3.88481
3.82896 3.88481
3.87944 3.88481
3.92991 3.88481
3.98039 3.88481
4.03087 3.88481
4.08135 3.88481
4.13183 3.88481
4.18231 3.88481
4.23279 3.88481
4.28326 3.88481
4.33374 3.88481
4.38422 3.88481
4.4347 3.88481
4.48518 3.88481
4.53566 3.88481
4.58614 3.88481
4.63661 3.88481
4.68709 3.88481
4.73757 3.88481
4.78805 3.88481
4.83853 3.88481
4.88901 3.88481
4.93949 3.88481
4.98996 3.88481
5.04044 3.88481
5.09092 3.88481
5.1414 3.88481
5.19188 3.88481
5.24236 3.88481
5.29284 3.88481
5.34331 3.88481
7.75749 6.02135
10.1717 6.02135
12.5858 6.02135
15.0 6.02135
0.0 0.437505
0.0496338 0.437505
0.0992676 0.443731
0.148901 0.449957
0.198535 0.456182
0.248169 0.462408
0.297803 0.468634
0.347437 0.474859
0.397071 0.481085
0.446704 0.487311
0.496338 0.493536
0.545972 0.499762
0.595606 0.505987
0.646275 0.505987
0.696944 0.659395
0.747613 0.812803
0.798281 0.96621
0.84895 1.11962
0.899619 1.27303
0.950288 1.42643
1.00096 1.57984
1.05163 1.73325
1.10229 1.88666
1.15296 2.04006
1.20363 2.19347
1.2543 2.34688
1.30497 2.50029
1.35564 2.65369
1.40631 2.8071
1.45698 2.96051
1.50765 3.11392
1.55831 3.26732
1.60898 3.42073
1.65836 3.42073
1.70774 3.43779
1.75712 3.45485
1.80649 3.47191
1.85587 3.48897
1.90525 3.50602
1.95463 3.52308
2.004 3.54014
2.05338 3.5572
2.10276 3.57426
2.15213 3.59132
2.20151 3.60838
2.25089 3.62543
2.30027 3.64249
2.34964 3.65955
2.39902 3.67661
2.4484 3.69367
2.49778 3.71073
2.54889 3.71073
2.60001 3.71729
2.65113 3.72384
2.70225 3.7304
2.75336 3.73696
2.80448 3.74352
2.8556 3.75008
2.90672 3.75664
2.95784 3.7632
3.00895 3.76975
3.06007 3.77631
3.11119 3.78287
3.16231 3.78943
3.21342 3.79599
3.26454 3.80255
3.31566 3.80911
3.36678 3.81566
3.4179 3.82222
3.46901 3.82878
3.51863 3.82878
3.56824 3.82878
3.61785 3.82878
3.66746 3.82878
3.71708 3.82878
3.76669 3.82878
3.8163 3.82878
3.86591 3.82878
3.91552 3.82878
3.96514 3.82878
4.01475 3.82878
4.06436 3.82878
4.11397 3.82878
4.16359 3.82878
4.2132 3.82878
4.26281 3.82878
4.31242 3.82878
4.36204 3.82878
4.41165 3.82878
4.46126 3.82878
4.51087 3.82878
4.56049 3.82878
4.6101 3.82878
4.65971 3.82878
4.70932 3.82878
4.75894 3.82878
4.80855 3.82878
4.85816 3.82878
4.90777 3.82878
7.43083 5.99941
9.95389 5.99941
12.4769 5.99941
15.0 5.99941
0.0 0.424377
0.0505311 0.424377
0.101062 0.432522
0.151593 0.440666
0.202124 0.44881
0.252656 0.456955
0.303187 0.465099
0.353718 0.473243
0.404249 0.481388
0.45478 0.489532
0.505311 0.497676
0.555842 0.505821
0.606373 0.513965
0.656904 0.522109
0.707019 0.522109
0.757134 0.580269
0.807248 0.638429
0.857363 0.696588
0.907478 0.754748
0.957593 0.812908
1.00771 0.871067
1.05782 0.929227
1.10794 0.987387
1.15805 1.04555
1.20817 1.10371
1.25828 1.16187
1.3084 1.22003
1.35851 1.27819
1.40862 1.33634
1.45874 1.3945
1.50885 1.45266
1.55897 1.51082
1.60908 1.56898
1.6592 1.62714
1.70931 1.6853
1.75943 1.74346
1.80954 1.80162
1.85966 1.85978
1.90977 1.91794
1.95989 1.9761
2.01 2.03426
2.06012 2.09242
2.11023 2.15058
2.16035 2.20874
2.21046 2.2669
2.26057 2.32506
2.31069 2.38322
2.3608 2.44138
2.41092 2.49954
2.46103 2.5577
2.51115 2.61586
2.56126 2.67402
2.61138 2.73218
2.66149 2.79034
2.71161 2.8485
2.76172 2.90666
2.81184 2.96482
2.86195 3.02298
2.91207 3.08114
2.96218 3.13929
3.0123 3.19745
3.06241 3.25561
3.11252 3.31377
3.16264 3.37193
3.21245 3.37193
3.26225 3.38085
3.31206 3.38977
3.36186 3.3987
3.41167 3.40762
3.46147 3.41654
3.51128 3.42546
3.56109 3.43438
3.61089 3.4433
3.6607 3.45222
3.7105 3.46114
3.76031 3.47006
3.81012 3.47898
3.85992 3.4879
3.90973 3.49682
3.95953 3.50574
4.00934 3.51466
4.05915 3.52358
4.10895 3.5325
4.15876 3.54142
4.20856 3.55034
4.25837 3.55926
4.30818 3.56819
4.35798 3.57711
4.40779 3.58603
4.45759 3.59495
4.5074 3.60387
4.55709 3.60387
4.60678 3.60844
4.65647 3.61302
4.70616 3.6176
4.75585 3.62217
4.80555 3.62675
4.85524 3.63133
4.90493 3.6359
4.95462 3.64048
5.00431 3.64505
5.054 3.64963
5.10369 3.65421
5.15338 3.65878
5.20307 3.66336
5.25277 3.66794
5.30246 3.67251
5.35215 3.67709
5.40184 3.68166
5.45153 3.68624
5.50122 3.69082
5.55091 3.69539
5.6006 3.69997
5.65029 3.70455
5.69999 3.70912
5.74968 3.7137
5.79937 3.71827
5.84906 3.72285
5.89875 3.72743
5.94844 3.732
5.99813 3.73658
6.04782 3.74116
6.09751 3.74573
6.14721 3.75031
6.1969 3.75488
6.24659 3.75946
6.29628 3.76404
6.34597 3.76861
6.39566 3.77319
6.44535 3.77777
6.49504 3.78234
6.54473 3.78692
6.59443 3.79149
6.64412 3.79607
6.69381 3.80065
6.7435 3.80522
6.79319 3.8098
6.84288 3.81438
6.89257 3.81895
6.94224 3.81895
6.9919 3.81895
7.04156 3.81895
7.09123 3.81895
7.14089 3.81895
7.19056 3.81895
7.24022 3.81895
7.28989 3.81895
7.33955 3.81895
7.38921 3.81895
7.43888 3.81895
7.48854 3.81895
7.53821 3.81895
7.58787 3.81895
7.63754 3.81895
7.6872 3.81895
7.73686 3.81895
10.1579 6.03942
12.579 6.03942
15.0 6.03942
0.0 0.426409
0.0503081 0.426409
0.100616 0.434082
0.150924 0.441755
0.201232 0.449428
0.25154 0.457101
0.301848 0.464774
0.352156 0.472447
0.402464 0.48012
0.452772 0.487793
0.503081 0.495465
0.553389 0.503138
0.603697 0.510811
0.654005 0.518484
0.703436 0.518484
0.752867 0.812031
0.802298 1.10558
0.851729 1.39913
0.90116 1.69267
0.950591 1.98622
1.00002 2.27977
1.04945 2.57331
1.09888 2.86686
1.14832 3.16041
1.19775 3.45396
1.24783 3.45396
1.29792 3.45546
1.34801 3.45697
1.39809 3.45847
1.44818 3.45998
1.49826 3.46148
1.54835 3.46299
1.59844 3.46449
1.64852 3.466
1.69861 3.4675
1.7487 3.46901
1.79878 3.47051
1.84887 3.47202
1.89896 3.47352
1.94904 3.47503
1.99913 3.47653
2.04922 3.47804
2.0993 3.47954
2.14939 3.48105
2.19948 3.48255
2.24956 3.48406
2.29965 3.48556
2.34973 3.48707
2.39982 3.48857
2.44991 3.49008
2.49999 3.49158
2.55008 3.49309
2.60017 3.49459
2.65025 3.4961
2.70034 3.4976
2.75043 3.49911
2.80051 3.50061
2.8506 3.50212
2.90069 3.50362
2.95077 3.50513
3.00086 3.50663
3.05094 3.50814
3.10103 3.50964
3.15112 3.51115
3.2012 3.51265
3.25129 3.51416
3.30138 3.51566
3.35146 3.51717
3.40155 3.51867
3.45164 3.52018
3.50172 3.52168
3.55181 3.52319
3.6019 3.5247
3.65198 3.5262
3.70272 3.5262
3.75347 3.53417
3.80421 3.54215
3.85495 3.55012
3.90569 3.55809
3.95643 3.56607
4.00718 3.57404
4.05792 3.58202
4.10866 3.58999
4.1594 3.59796
4.21014 3.60594
4.26089 3.61391
4.31163 3.62188
4.36237 3.62986
4.41311 3.63783
4.46385 3.6458
4.5146 3.65378
4.56534 3.66175
4.61608 3.66973
4.66682 3.6777
4.71756 3.68567
4.7683 3.69365
4.81818 3.69365
4.86806 3.69365
4.91794 3.69365
4.96782 3.69365
5.0177 3.69365
5.06758 3.69365
5.11746 3.69365
5.16733 3.69365
5.21721 3.69365
5.26709 3.69365
5.31697 3.69365
5.36685 3.69365
5.41673 3.69365
5.46661 3.69365
5.51649 3.69365
5.56636 3.69365
5.61624 3.69365
5.66612 3.69365
7.99959 6.16675
10.3331 6.16675
12.6665 6.16675
15.0 6.16675
0.0 0.440899
0.0502864 0.440899
0.100573 0.446324
0.150859 0.451749
0.201145 0.457175
0.251432 0.4626
0.301718 0.468025
0.352004 0.47345
0.402291 0.478876
0.452577 0.484301
0.502864 0.489726
0.55315 0.495151
0.603436 0.500576
0.653723 0.506002
0.702334 0.506002
0.750946 0.742931
0.799558 0.979861
0.848169 1.21679
0.896781 1.45372
0.945393 1.69065
0.994005 1.92758
1.04262 2.16451
1.09123 2.40144
1.13984 2.63837
1.18845 2.8753
1.23706 3.11223
1.28567 3.34916
1.33429 3.58609
1.38447 3.58609
1.43465 3.58705
1.48483 3.58802
1.53501 3.58898
1.58519 3.58995
1.63537 3.59091
1.68556 3.59188
1.73574 3.59284
1.78592 3.59381
1.8361 3.59477
1.88628 3.59574
1.93646 3.59671
1.98664 3.59767
2.03682 3.59864
2.08701 3.5996
2.13719 3.60057
2.18737 3.60153
2.23755 3.6025
2.28773 3.60346
2.33791 3.60443
2.38809 3.60539
2.43827 3.60636
2.48845 3.60732
2.53864 3.60829
2.58882 3.60925
2.639 3.61022
2.68918 3.61118
2.73936 3.61215
2.78954 3.61312
2.83965 3.61312
2.88975 3.61527
2.93986 3.61742
2.98997 3.61958
3.04007 3.62173
3.09018 3.62388
3.14028 3.62604
3.19039 3.62819
3.24049 3.63035
3.2906 3.6325
3.34071 3.63465
3.39081 3.63681
3.44092 3.63896
3.49102 3.64111
3.54113 3.64327
3.59123 3.64542
3.64134 3.64757
3.69145 3.64973
3.74155 3.65188
3.79166 3.65404
3.84176 3.65619
3.89187 3.65834
3.94197 3.6605
3.99208 3.66265
4.04219 3.6648
4.09229 3.66696
4.1424 3.66911
4.1925 3.67127
4.24261 3.67342
4.29309 3.67342
4.34357 3.67342
4.39405 3.67342
4.44453 3.67342
4.49501 3.67342
4.54549 3.67342
4.59597 3.67342
4.64645 3.67342
4.69693 3.67342
4.74741 3.67342
4.79789 3.67342
4.84838 3.67342
4.89886 3.67342
4.94934 3.67342
4.99982 3.67342
5.0503 3.67342
5.10078 3.67342
5.15126 3.67342
5.20174 3.67342
5.25222 3.67342
5.3027 3.67342
5.35318 3.67342
7.76489 6.21911
10.1766 6.21911
12.5883 6.21911
15.0 6.21911
0.0 0.420825
0.0496627 0.420825
0.0993254 0.429721
0.148988 0.438617
0.198651 0.447514
0.248313 0.45641
0.297976 0.465306
0.347639 0.474202
0.397301 0.483099
0.446964 0.491995
0.496627 0.500891
0.546289 0.509788
0.595952 0.518684
0.645615 0.52758
0.694616 0.52758
0.743618 0.71915
0.792619 0.910719
0.841621 1.10229
0.890622 1.29386
0.939624 1.48543
0.988625 1.677
1.03763 1.86857
1.08663 2.06014
1.13563 2.25171
1.18463 2.44327
1.23363 2.63484
1.28263 2.82641
1.33164 3.01798
1.38064 3.20955
1.42964 3.40112
1.47864 3.59269
1.52806 3.59269
1.57747 3.59412
1.62689 3.59555
1.6763 3.59698
1.72572 3.5984
1.77513 3.59983
1.82455 3.60126
1.87396 3.60269
1.92338 3.60412
1.97279 3.60555
2.02221 3.60697
2.07163 3.6084
2.12104 3.60983
2.17046 3.61126
2.21987 3.61269
2.26929 3.61411
2.3187 3.61554
2.36812 3.61697
2.41753 3.6184
2.46695 3.61983
2.51636 3.62126
2.56578 3.62268
2.6152 3.62411
2.66461 3.62554
2.71403 3.62697
2.76344 3.6284
2.81286 3.62982
2.86227 3.63125
2.91169 3.63268
2.9611 3.63411
3.01052 3.63554
3.05994 3.63697
3.10935 3.63839
3.15877 3.63982
3.20818 3.64125
3.2576 3.64268
3.30701 3.64411
3.35643 3.64554
3.40584 3.64696
3.45526 3.64839
3.50483 3.64839
3.55441 3.65046
3.60398 3.65253
3.65356 3.65459
3.70313 3.65666
3.7527 3.65873
3.80228 3.66079
3.85185 3.66286
3.90143 3.66493
3.951 3.667
4.00058 3.66906
4.05015 3.67113
4.09973 3.6732
4.1493 3.67527
4.19887 3.67733
4.24845 3.6794
4.29802 3.68147
4.3476 3.68353
4.39717 3.6856
4.44675 3.68767
4.49632 3.68974
4.54589 3.6918
4.59547 3.69387
4.64504 3.69594
4.69462 3.698
4.74419 3.70007
4.79377 3.70214
4.84334 3.70421
4.89291 3.70627
4.94243 3.70627
4.99195 3.70627
5.04147 3.70627
5.09099 3.70627
5.1405 3.70627
5.19002 3.70627
5.23954 3.70627
5.28906 3.70627
5.33857 3.70627
5.38809 3.70627
5.43761 3.70627
5.48713 3.70627
5.53665 3.70627
5.58616 3.70627
5.63568 3.70627
5.6852 3.70627
5.73472 3.70627
8.05104 6.19598
10.3674 6.19598
12.6837 6.19598
15.0 6.19598
0.0 0.506927
0.044975 0.506927
0.08995 0.536306
0.134925 0.565686
0.1799 0.595065
0.229477 0.595065
0.279054 0.809623
0.328631 1.02418
0.378207 1.23874
0.427784 1.4533
0.477361 1.66786
0.526938 1.88241
0.576515 2.09697
0.626092 2.31153
0.675668 2.52609
0.725245 2.74065
0.774822 2.9552
0.824399 3.16976
0.873976 3.38432
0.92464 3.38432
0.975303 3.3914
1.02597 3.39849
1.07663 3.40557
1.12729 3.41266
1.17796 3.41974
1.22862 3.42682
1.27929 3.43391
1.32995 3.44099
1.38061 3.44807
1.43128 3.45516
1.48194 3.46224
1.53261 3.46933
1.58327 3.47641
1.63393 3.48349
1.6846 3.49058
1.73526 3.49766
1.78593 3.50474
1.83659 3.51183
1.88725 3.51891
1.93792 3.52599
1.98858 3.53308
2.03924 3.54016
2.08991 3.54725
2.14057 3.55433
2.19124 3.56141
2.2419 3.5685
2.29256 3.57558
2.34323 3.58266
2.39389 3.58975
2.44456 3.59683
2.49522 3.60392
2.54588 3.611
2.59655 3.61808
2.64763 3.61808
2.6987 3.62498
2.74978 3.63187
2.80086 3.63876
2.85194 3.64566
2.90302 3.65255
2.9541 3.65944
3.00518 3.66634
3.05626 3.67323
3.10734 3.68013
3.15842 3.68702
3.20949 3.69391
3.26057 3.70081
3.31165 3.7077
3.36273 3.71459
3.41381 3.72149
3.46511 3.72149
3.5164 3.72149
3.56769 3.72149
3.61899 3.72149
3.67028 3.72149
3.72158 3.72149
3.77287 3.72149
3.82417 3.72149
3.87546 3.72149
3.92676 3.72149
3.97805 3.72149
4.02935 3.72149
4.08064 3.72149
4.13194 3.72149
4.18323 3.72149
4.23453 3.72149
4.28582 3.72149
4.33712 3.72149
4.38841 3.72149
7.04131 6.25225
9.69421 6.25225
12.3471 6.25225
15.0 6.25225
0.0 0.504174
0.0465832 0.504174
0.0931664 0.530882
0.13975 0.55759
0.186333 0.584298
0.232916 0.611007
0.279499 0.637715
0.326083 0.664423
0.376628 0.664423
0.427173 0.789565
0.477718 0.914707
0.528263 1.03985
0.578808 1.16499
0.629353 1.29013
0.679898 1.41528
0.730443 1.54042
0.780988 1.66556
0.831533 1.7907
0.882078 1.91584
0.932623 2.04099
0.983168 2.16613
1.03371 2.29127
1.08426 2.41641
1.1348 2.54156
1.18535 2.6667
1.23589 2.79184
1.28644 2.91698
1.33698 3.04212
1.38753 3.16727
1.43807 3.29241
1.48862 3.41755
1.53866 3.41755
1.5887 3.42227
1.63875 3.42699
1.68879 3.4317
1.73883 3.43642
1.78888 3.44114
1.83892 3.44586
1.88896 3.45058
1.939 3.45529
1.98905 3.46001
2.03909 3.46473
2.08913 3.46945
2.13918 3.47417
2.18922 3.47888
2.23926 3.4836
2.28931 3.48832
2.33935 3.49304
2.38939 3.49776
2.43943 3.50247
2.48948 3.50719
2.53952 3.51191
2.58956 3.51663
2.63961 3.52135
2.68965 3.52606
2.73969 3.53078
2.78974 3.5355
2.83978 3.54022
2.88982 3.54494
2.93986 3.54966
2.98991 3.55437
3.03995 3.55909
3.08999 3.56381
3.14004 3.56853
3.19008 3.57325
3.24012 3.57796
3.29017 3.58268
3.34021 3.5874
3.39025 3.59212
3.44029 3.59684
3.49034 3.60155
3.54038 3.60627
3.59042 3.61099
3.64047 3.61571
3.68965 3.61571
3.73884 3.6199
3.78803 3.62409
3.83722 3.62828
3.88641 3.63247
3.9356 3.63666
3.98479 3.64085
4.03398 3.64504
4.08316 3.64923
4.13235 3.65342
4.18154 3.65761
4.23073 3.6618
4.27992 3.666
4.32911 3.67019
4.3783 3.67438
4.42749 3.67857
4.47667 3.68276
4.52586 3.68695
4.57505 3.69114
4.62424 3.69533
4.67343 3.69952
4.72262 3.70371
4.77181 3.7079
4.821 3.71209
4.87018 3.71628
4.91937 3.72047
4.97022 3.72047
5.02107 3.72047
5.07192 3.72047
5.12276 3.72047
5.17361 3.72047
5.22446 3.72047
5.27531 3.72047
5.32616 3.72047
5.377 3.72047
5.42785 3.72047
5.4787 3.72047
5.52955 3.72047
5.5804 3.72047
5.63124 3.72047
5.68209 3.72047
5.73294 3.72047
5.78379 3.72047
5.83464 3.72047
5.88548 3.72047
5.93633 3.72047
5.98718 3.72047
6.03803 3.72047
6.08888 3.72047
6.13972 3.72047
6.19057 3.72047
8.39293 6.2625
10.5953 6.2625
12.7976 6.2625
15.0 6.2625
0.0 0.480056
0.0507444 0.480056
0.101489 0.511347
0.152233 0.542638
0.202978 0.573929
0.253722 0.60522
0.304467 0.636511
0.355211 0.667803
0.405956 0.699094
0.456709 0.699094
0.507462 1.1582
0.558216 1.6173
0.608969 2.0764
0.659723 2.53551
0.710476 2.99461
0.761006 2.99461
0.811536 3.05815
0.862065 3.12169
0.912595 3.18522
0.963125 3.24876
1.01365 3.3123
1.06418 3.37584
1.11471 3.43938
1.16524 3.50292
1.21577 3.56646
1.26644 3.56646
1.31711 3.57595
1.36778 3.58545
1.41845 3.59495
1.46912 3.60445
1.51978 3.61395
1.57045 3.62345
1.62112 3.63295
1.67179 3.64245
1.72246 3.65195
1.77313 3.66145
1.8238 3.67095
1.87446 3.68044
1.92513 3.68994
1.9758 3.69944
2.02647 3.70894
2.07714 3.71844
2.12781 3.72794
2.17848 3.73744
2.22914 3.74694
2.27405 3.74694
2.31896 3.74694
2.36387 3.74694
2.40878 3.74694
4.92702 6.16839
7.44527 6.16839
9.96351 6.16839
12.4818 6.16839
15.0 6.16839
0.0 0.526765
0.0508792 0.526765
0.101758 0.540525
0.152638 0.554284
0.203517 0.568044
0.255542 0.568044
0.307567 0.851454
0.359591 1.13486
0.411616 1.41827
0.463641 1.70168
0.515666 1.98509
0.56769 2.2685
0.619715 2.55191
0.67174 2.83532
0.723765 3.11873
0.776996 3.11873
0.830227 3.16595
0.883458 3.21317
0.936689 3.26038
0.98992 3.3076
1.0395 3.3076
1.08908 3.36342
1.13866 3.41924
1.18824 3.47506
1.23783 3.53088
1.28741 3.5867
1.33699 3.64252
1.38657 3.69834
1.43615 3.75415
1.48573 3.80997
1.53531 3.86579
1.58489 3.92161
1.63448 3.97743
1.68406 4.03325
1.73364 4.08907
1.78322 4.14489
1.8328 4.20071
1.88238 4.25653
1.93196 4.31235
1.98422 4.31235
2.03647 4.31235
2.08872 4.31235
2.14098 4.31235
2.19323 4.31235
2.24549 4.31235
2.29774 4.31235
4.83819 6.01597
7.37865 6.01597
9.9191 6.01597
12.4595 6.01597
15.0 6.01597
0.0 0.50779
0.0580962 0.50779
0.116192 0.521195
0.174289 0.534601
0.224386 0.534601
0.274484 0.85076
0.324581 1.16692
0.374679 1.48308
0.424776 1.79924
0.474874 2.11539
0.524971 2.43155
0.575069 2.74771
0.625167 3.06387
0.674149 3.06387
0.723132 3.0845
0.772115 3.10514
0.821098 3.12577
0.870081 3.14641
0.919064 3.16704
0.968046 3.18767
1.01703 3.20831
1.06601 3.22894
1.11499 3.24958
1.16398 3.27021
1.21296 3.29085
1.26201 3.29085
1.31106 3.36718
1.36011 3.44351
1.40916 3.51984
1.45821 3.59618
1.50726 3.67251
1.55631 3.74884
1.60536 3.82518
1.65441 3.90151
1.70346 3.97784
1.75251 4.05417
1.80156 4.13051
1.85061 4.20684
1.89966 4.28317
1.94676 4.28317
1.99387 4.28317
2.04098 4.28317
2.08808 4.28317
2.13519 4.28317
2.1823 4.28317
4.74584 6.03528
7.30938 6.03528
9.87292 6.03528
12.4365 6.03528
15.0 6.03528
0.0 0.487997
0.047887 0.487997
0.095774 0.510849
0.143661 0.5337
0.191548 0.556551
0.24323 0.556551
0.294913 0.875369
0.346595 1.19419
0.398278 1.513
0.44996 1.83182
0.501642 2.15064
0.553325 2.46945
0.605007 2.78827
0.65669 3.10709
0.707188 3.10709
0.757686 3.13052
0.808185 3.15396
0.858683 3.17739
0.909181 3.20083
0.95968 3.22426
1.01018 3.2477
1.06068 3.27113
1.11117 3.29457
1.16167 3.318
1.21217 3.34144
1.26145 3.34144
1.31072 3.40338
1.36 3.46532
1.40927 3.52726
1.45855 3.5892
1.50782 3.65114
1.5571 3.71308
1.60637 3.77502
1.65565 3.83696
1.70492 3.8989
1.7542 3.96084
1.80348 4.02278
1.85275 4.08472
1.90203 4.14667
1.9513 4.20861
2.00058 4.27055
2.0518 4.27055
2.10302 4.27055
2.15425 4.27055
2.20547 4.27055
2.2567 4.27055
2.30792 4.27055
2.35914 4.27055
2.41037 4.27055
2.46159 4.27055
2.51282 4.27055
2.56404 4.27055
2.61526 4.27055
2.66649 4.27055
5.13319 5.98263
7.59989 5.98263
10.0666 5.98263
12.5333 5.98263
15.0 5.98263
0.0 0.485607
0.05161 0.485607
0.10322 0.52045
0.15483 0.555293
0.204587 0.555293
0.254343 0.718755
0.3041 0.882217
0.353857 1.04568
0.403614 1.20914
0.45337 1.3726
0.503127 1.53606
0.552884 1.69953
0.602641 1.86299
0.652397 2.02645
0.702154 2.18991
0.751911 2.35337
0.801667 2.51684
0.851424 2.6803
0.901181 2.84376
0.950938 3.00722
1.00069 3.17068
1.05167 3.17068
1.10264 3.18927
1.15362 3.20786
1.20459 3.22645
1.25556 3.24504
1.30654 3.26362
1.35751 3.28221
1.40849 3.3008
1.45946 3.31939
1.51043 3.33797
1.56141 3.35656
1.61238 3.37515
1.66503 3.37515
1.71767 3.49906
1.77032 3.62297
1.82296 3.74687
1.87561 3.87078
1.92826 3.99469
1.9809 4.1186
2.03355 4.2425
2.08264 4.2425
2.13173 4.2425
2.18082 4.2425
2.22991 4.2425
2.279 4.2425
2.32809 4.2425
2.37718 4.2425
2.42628 4.2425
4.94102 5.99074
7.45577 5.99074
9.97051 5.99074
12.4853 5.99074
15.0 5.99074
0.0 0.481192
0.0533067 0.481192
0.106613 0.51242
0.15992 0.543649
0.213227 0.574877
0.263462 0.574877
0.313697 0.7333
0.363932 0.891723
0.414167 1.05015
0.464402 1.20857
0.514637 1.36699
0.564872 1.52542
0.615107 1.68384
0.665342 1.84226
0.715576 2.00068
0.765811 2.15911
0.816046 2.31753
0.866281 2.47595
0.916516 2.63438
0.966751 2.7928
1.01699 2.95122
1.06722 3.10965
1.11813 3.10965
1.16904 3.12161
1.21996 3.13358
1.27087 3.14555
1.32178 3.15751
1.37269 3.16948
1.4236 3.18145
1.47452 3.19341
1.52543 3.20538
1.57634 3.21735
1.62725 3.22932
1.67816 3.24128
1.72907 3.25325
1.77999 3.26522
1.8309 3.27718
1.88181 3.28915
1.93272 3.30112
1.98363 3.31308
2.03454 3.32505
2.08546 3.33702
2.13637 3.34899
2.18772 3.34899
2.23907 3.52633
2.29042 3.70367
2.34177 3.88102
2.39312 4.05836
2.44448 4.2357
2.49401 4.2357
2.54354 4.2357
2.59308 4.2357
2.64261 4.2357
2.69214 4.2357
2.74168 4.2357
2.79121 4.2357
2.84075 4.2357
5.2726 6.07828
7.70445 6.07828
10.1363 6.07828
12.5681 6.07828
15.0 6.07828
0.0 0.501644
0.0530387 0.501644
0.106077 0.511659
0.159116 0.521673
0.212155 0.531687
0.265193 0.541702
0.313744 0.541702
0.362294 0.958188
0.410844 1.37467
0.459394 1.79116
0.507945 2.20765
0.556495 2.62413
0.605045 3.04062
0.654417 3.04062
0.703788 3.05553
0.75316 3.07045
0.802531 3.08536
0.851903 3.10028
0.901274 3.11519
0.950646 3.13011
1.00002 3.14502
1.04939 3.15993
1.09876 3.17485
1.14813 3.18976
1.1975 3.20468
1.24688 3.21959
1.29625 3.23451
1.34562 3.24942
1.39499 3.26433
1.44436 3.27925
1.49373 3.29416
1.5431 3.30908
1.59248 3.32399
1.64185 3.33891
1.69122 3.35382
1.73522 3.35382
1.77922 3.67015
1.82322 3.98647
1.86722 4.3028
1.91418 4.3028
1.96114 4.3028
2.00811 4.3028
4.60648 6.09534
7.20486 6.09534
9.80324 6.09534
12.4016 6.09534
15.0 6.09534
0.0 0.520748
0.0493419 0.520748
0.0986837 0.523167
0.148026 0.525587
0.197367 0.528006
0.246709 0.530426
0.294918 0.530426
0.343127 1.03137
0.391336 1.53231
0.439545 2.03325
0.487754 2.53419
0.535963 3.03513
0.586633 3.03513
0.637303 3.04846
0.687973 3.0618
0.738643 3.07513
0.789313 3.08847
0.839982 3.1018
0.890652 3.11513
0.941322 3.12847
0.991992 3.1418
1.04266 3.15513
1.09333 3.16847
1.144 3.1818
1.19467 3.19514
1.24534 3.20847
1.29601 3.2218
1.34668 3.23514
1.39735 3.24847
1.44802 3.2618
1.49869 3.27514
1.54936 3.28847
1.60097 3.28847
1.65258 3.44553
1.70418 3.60258
1.75579 3.75964
1.8074 3.91669
1.85901 4.07375
1.91062 4.2308
1.96033 4.2308
2.01004 4.2308
2.05975 4.2308
2.10946 4.2308
4.68757 6.1193
7.26567 6.1193
9.84378 6.1193
12.4219 6.1193
15.0 6.1193
0.0 0.51924
0.0550452 0.51924
0.11009 0.526625
0.165136 0.534009
0.220181 0.541393
0.268881 0.541393
0.317582 0.715826
0.366283 0.890258
0.414983 1.06469
0.463684 1.23912
0.512384 1.41355
0.561085 1.58799
0.609786 1.76242
0.658486 1.93685
0.707187 2.11128
0.755887 2.28572
0.804588 2.46015
0.853289 2.63458
0.901989 2.80901
0.95069 2.98344
0.99939 3.15788
1.04972 3.15788
1.10005 3.16365
1.15038 3.16942
1.20071 3.1752
1.25105 3.18097
1.30138 3.18674
1.35171 3.19252
1.40204 3.19829
1.45237 3.20406
1.5027 3.20984
1.55303 3.21561
1.60336 3.22138
1.65369 3.22716
1.70402 3.23293
1.75435 3.2387
1.80469 3.24448
1.85502 3.25025
1.90535 3.25602
1.95568 3.2618
2.00601 3.26757
2.05634 3.27334
2.10667 3.27912
2.157 3.28489
2.20733 3.29066
2.25766 3.29644
2.308 3.30221
2.35833 3.30798
2.40866 3.31376
2.46086 3.31376
2.51307 3.40889
2.56527 3.50402
2.61748 3.59915
2.66969 3.69429
2.72189 3.78942
2.7741 3.88455
2.8263 3.97968
2.87851 4.07481
2.93072 4.16995
2.98292 4.26508
3.03216 4.26508
3.0814 4.26508
3.13064 4.26508
3.17987 4.26508
3.22911 4.26508
3.27835 4.26508
3.32759 4.26508
3.37683 4.26508
3.42607 4.26508
3.4753 4.26508
5.78024 6.12259
8.08518 6.12259
10.3901 6.12259
12.6951 6.12259
15.0 6.12259
0.0 0.507515
0.0449481 0.507515
0.0898962 0.512299
0.134844 0.517083
0.179792 0.521867
0.22992 0.521867
0.280047 0.816109
0.330174 1.11035
0.380301 1.40459
0.430429 1.69884
0.480556 1.99308
0.530683 2.28732
0.58081 2.58156
0.630938 2.8758
0.681065 3.17005
0.731881 3.17005
0.782698 3.17895
0.833514 3.18785
0.884331 3.19675
0.935147 3.20565
0.985964 3.21455
1.03678 3.22345
1.0876 3.23235
1.13841 3.24125
1.18923 3.25015
1.24005 3.25905
1.29086 3.26795
1.34168 3.27685
1.3925 3.28575
1.44331 3.29465
1.49413 3.30355
1.54495 3.31245
1.59576 3.32135
1.64658 3.33025
1.69739 3.33915
1.74821 3.34805
1.79528 3.34805
1.84234 3.50956
1.88941 3.67108
1.93648 3.8326
1.98354 3.99411
2.03061 4.15563
2.07767 4.31714
2.12887 4.31714
2.18006 4.31714
2.23125 4.31714
2.28244 4.31714
2.33363 4.31714
2.38483 4.31714
2.43602 4.31714
2.48721 4.31714
2.5384 4.31714
2.58959 4.31714
2.64079 4.31714
2.69198 4.31714
2.74317 4.31714
2.79436 4.31714
2.84555 4.31714
2.89675 4.31714
5.3174 6.23118
7.73805 6.23118
10.1587 6.23118
12.5793 6.23118
15.0 6.23118
0.0 0.506878
0.0510265 0.506878
0.102053 0.522792
0.15308 0.538706
0.204106 0.55462
0.255097 0.55462
0.306088 1.21024
0.357079 1.86586
0.40807 2.52148
0.45906 3.17711
0.507645 3.17711
0.55623 3.18614
0.604815 3.19517
0.653399 3.2042
0.701984 3.21323
0.750569 3.22226
0.799153 3.2313
0.847738 3.24033
0.896323 3.24936
0.944908 3.25839
0.993492 3.26742
1.04208 3.27645
1.09066 3.28549
1.13925 3.29452
1.18783 3.30355
1.23642 3.31258
1.285 3.32161
1.33713 3.32161
1.38926 3.50856
1.44138 3.69551
1.49351 3.88246
1.54564 4.06941
1.59777 4.25636
1.64886 4.25636
1.69995 4.25636
1.75104 4.25636
1.80213 4.25636
1.85322 4.25636
1.90432 4.25636
1.95541 4.25636
2.0065 4.25636
2.05759 4.25636
2.10868 4.25636
2.15977 4.25636
2.21086 4.25636
2.26196 4.25636
2.31305 4.25636
2.36414 4.25636
2.41523 4.25636
2.46632 4.25636
2.51741 4.25636
2.5685 4.25636
2.61959 4.25636
2.67069 4.25636
5.13655 6.25078
7.60241 6.25078
10.0683 6.25078
12.5341 6.25078
15.0 6.25078
0.0 0.518614
0.0474774 0.518614
0.0949549 0.521012
0.142432 0.52341
0.18991 0.525808
0.237387 0.528206
0.288875 0.528206
0.340363 0.770871
0.391851 1.01354
0.443338 1.2562
0.494826 1.49886
0.546314 1.74153
0.597802 1.98419
0.64929 2.22686
0.700778 2.46952
0.752265 2.71219
0.803753 2.95485
0.855241 3.19752
0.906114 3.19752
0.956986 3.2011
1.00786 3.20468
1.05873 3.20826
1.1096 3.21185
1.16048 3.21543
1.21135 3.21901
1.26222 3.22259
1.3131 3.22617
1.36397 3.22976
1.41484 3.23334
1.46571 3.23692
1.51659 3.2405
1.56746 3.24408
1.61938 3.24408
1.6713 3.50512
1.72323 3.76617
1.77515 4.02721
1.82707 4.28825
1.87902 4.28825
1.93096 4.28825
1.98291 4.28825
2.03486 4.28825
2.0868 4.28825
2.13875 4.28825
2.19069 4.28825
2.24264 4.28825
2.29459 4.28825
2.34653 4.28825
4.87723 6.18195
7.40792 6.18195
9.93861 6.18195
12.4693 6.18195
15.0 6.18195
0.0 0.500137
0.0479101 0.500137
0.0958202 0.518255
0.14373 0.536373
0.19164 0.55449
0.239551 0.572608
0.290015 0.572608
0.34048 0.843426
0.390945 1.11424
0.44141 1.38506
0.491874 1.65588
0.542339 1.9267
0.592804 2.19752
0.643269 2.46833
0.693733 2.73915
0.744198 3.00997
0.794663 3.28079
0.842606 3.28079
0.89055 3.28473
0.938493 3.28868
0.986437 3.29262
1.03438 3.29657
1.08232 3.30051
1.13027 3.30446
1.17821 3.3084
1.22615 3.31235
1.2741 3.31629
1.32204 3.32024
1.37573 3.32024
1.42942 3.57934
1.48311 3.83845
1.5368 4.09755
1.59049 4.35666
1.64132 4.35666
1.69215 4.35666
1.74298 4.35666
1.79381 4.35666
1.84464 4.35666
1.89546 4.35666
1.94629 4.35666
1.99712 4.35666
2.04795 4.35666
2.09878 4.35666
2.14961 4.35666
2.20044 4.35666
2.25127 4.35666
2.3021 4.35666
2.35293 4.35666
2.40376 4.35666
2.45459 4.35666
4.96367 6.21081
7.47275 6.21081
9.98183 6.21081
12.4909 6.21081
15.0 6.21081
0.0 0.503469
0.0488046 0.503469
0.0976092 0.513015
0.146414 0.522561
0.195218 0.532106
0.244023 0.541652
0.293818 0.541652
0.343614 0.768932
0.393409 0.996211
0.443204 1.22349
0.492999 1.45077
0.542795 1.67805
0.59259 1.90533
0.642385 2.13261
0.69218 2.35989
0.741976 2.58717
0.791771 2.81445
0.841566 3.04173
0.891362 3.26901
0.942685 3.26901
0.994009 3.27703
1.04533 3.28506
1.09666 3.29308
1.14798 3.3011
1.1993 3.30913
1.25063 3.31715
1.30195 3.32517
1.35327 3.3332
1.4046 3.34122
1.45592 3.34924
1.50725 3.35727
1.55857 3.36529
1.61524 3.36529
1.6719 4.38147
1.72119 4.38147
1.77047 4.38147
1.81976 4.38147
1.86904 4.38147
1.91833 4.38147
1.96761 4.38147
2.0169 4.38147
2.06618 4.38147
2.11547 4.38147
2.16475 4.38147
2.21404 4.38147
2.26332 4.38147
2.31261 4.38147
2.36189 4.38147
2.41117 4.38147
4.92894 6.19922
7.4467 6.19922
9.96447 6.19922
12.4822 6.19922
15.0 6.19922
0.0 0.486729
0.0531244 0.486729
0.106249 0.513446
0.159373 0.540163
0.212498 0.566879
0.261437 0.566879
0.310377 0.836311
0.359317 1.10574
0.408256 1.37517
0.457196 1.64461
0.506136 1.91404
0.555076 2.18347
0.604015 2.4529
0.652955 2.72233
0.701895 2.99176
0.750834 3.2612
0.802079 3.2612
0.853323 3.27704
0.904567 3.29289
0.955812 3.30874
1.00706 3.32459
1.0583 3.34044
1.10954 3.35628
1.16079 3.37213
1.21203 3.38798
1.26183 3.38798
1.31163 3.7164
1.36143 4.04482
1.41122 4.37324
1.46193 4.37324
1.51263 4.37324
1.56334 4.37324
1.61404 4.37324
1.66475 4.37324
1.71545 4.37324
1.76616 4.37324
1.81686 4.37324
1.86757 4.37324
1.91827 4.37324
1.96897 4.37324
2.01968 4.37324
2.07038 4.37324
2.12109 4.37324
2.17179 4.37324
2.2225 4.37324
2.2732 4.37324
2.32391 4.37324
2.37461 4.37324
2.42532 4.37324
2.47602 4.37324
2.52673 4.37324
2.57743 4.37324
2.62814 4.37324
5.10251 6.19487
7.57688 6.19487
10.0513 6.19487
12.5256 6.19487
15.0 6.19487
0.0 0.487805
0.0499381 0.487805
0.0998762 0.520795
0.149814 0.553784
0.199752 0.586774
0.247293 0.586774
0.294833 0.881775
0.342374 1.17678
0.389914 1.47178
0.437455 1.76678
0.484995 2.06178
0.532536 2.35678
0.580076 2.65178
0.627617 2.94678
0.675157 3.24179
0.723379 3.24179
0.771602 3.26081
0.819824 3.27983
0.868047 3.29885
0.916269 3.31787
0.964492 3.33689
1.01271 3.35591
1.06094 3.37493
1.10916 3.39395
1.15971 3.39395
1.21026 3.44882
1.26081 3.50369
1.31136 3.55857
1.36191 3.61344
1.41246 3.66832
1.46301 3.72319
1.51356 3.77806
1.56411 3.83294
1.61466 3.88781
1.66522 3.94269
1.71577 3.99756
1.76632 4.05243
1.81687 4.10731
1.86742 4.16218
1.91797 4.21706
1.96852 4.27193
2.01907 4.3268
2.06962 4.38168
2.11911 4.38168
2.1686 4.38168
2.2181 4.38168
2.26759 4.38168
2.31708 4.38168
2.36657 4.38168
2.41607 4.38168
2.46556 4.38168
2.51505 4.38168
2.56454 4.38168
2.61404 4.38168
2.66353 4.38168
2.71302 4.38168
2.76251 4.38168
2.812 4.38168
2.8615 4.38168
2.91099 4.38168
2.96048 4.38168
3.00997 4.38168
5.40798 6.18154
7.80598 6.18154
10.204 6.18154
12.602 6.18154
15.0 6.18154
0.0 0.507575
0.0559937 0.507575
0.111987 0.525182
0.167981 0.542789
0.216197 0.542789
0.264413 0.764983
0.312629 0.987178
0.360845 1.20937
0.409061 1.43157
0.457277 1.65376
0.505493 1.87596
0.553709 2.09815
0.601925 2.32034
0.650141 2.54254
0.698358 2.76473
0.746574 2.98693
0.79479 3.20912
0.844656 3.20912
0.894523 3.21381
0.94439 3.21851
0.994256 3.2232
1.04412 3.22789
1.09399 3.23259
1.14386 3.23728
1.19372 3.24197
1.24359 3.24667
1.29346 3.25136
1.34332 3.25606
1.39319 3.26075
1.44306 3.26544
1.49292 3.27014
1.54279 3.27483
1.59266 3.27952
1.64252 3.28422
1.69239 3.28891
1.74226 3.2936
1.79212 3.2983
1.84199 3.30299
1.89186 3.30768
1.94172 3.31238
1.99159 3.31707
2.04146 3.32176
2.09132 3.32646
2.14119 3.33115
2.19106 3.33584
2.24092 3.34054
2.29079 3.34523
2.34066 3.34992
2.39052 3.35462
2.44039 3.35931
2.49026 3.364
2.53932 3.364
2.58839 4.44597
2.6396 4.44597
2.69081 4.44597
2.74202 4.44597
2.79324 4.44597
2.84445 4.44597
2.89566 4.44597
2.94688 4.44597
2.99809 4.44597
3.0493 4.44597
3.10052 4.44597
3.15173 4.44597
3.20294 4.44597
5.56235 6.23469
7.92177 6.23469
10.2812 6.23469
12.6406 6.23469
15.0 6.23469
0.0 0.519647
0.0496407 0.519647
0.0992814 0.524629
0.148922 0.52961
0.198563 0.534592
0.249938 0.534592
0.301314 0.757316
0.352689 0.980041
0.404065 1.20276
0.45544 1.42549
0.506816 1.64821
0.558191 1.87094
0.609567 2.09366
0.660942 2.31639
0.712318 2.53911
0.763693 2.76183
0.815068 2.98456
0.866444 3.20728
0.916329 3.20728
0.966214 3.21268
1.0161 3.21807
1.06598 3.22346
1.11587 3.22886
1.16575 3.23425
1.21564 3.23965
1.26552 3.24504
1.31541 3.25044
1.36529 3.25583
1.41518 3.26122
1.46506 3.26662
1.51495 3.27201
1.56483 3.27741
1.61472 3.2828
1.6646 3.28819
1.71449 3.29359
1.76437 3.29898
1.81426 3.30438
1.86414 3.30977
1.91403 3.31516
1.96391 3.32056
2.0138 3.32595
2.06368 3.33135
2.11357 3.33674
2.16345 3.34214
2.21334 3.34753
2.26322 3.35292
2.31311 3.35832
2.36299 3.36371
2.41288 3.36911
2.46276 3.3745
2.51265 3.37989
2.56253 3.38529
2.61242 3.39068
2.66304 3.39068
2.71367 3.90668
2.76429 4.42268
2.81562 4.42268
2.86695 4.42268
2.91828 4.42268
2.9696 4.42268
3.02093 4.42268
3.07226 4.42268
3.12358 4.42268
3.17491 4.42268
3.22624 4.42268
3.27757 4.42268
3.32889 4.42268
3.38022 4.42268
3.43155 4.42268
3.48287 4.42268
3.5342 4.42268
3.58553 4.42268
3.63685 4.42268
5.90948 6.25936
8.18211 6.25936
10.4547 6.25936
12.7274 6.25936
15.0 6.25936
0.0 0.490483
0.0448567 0.490483
0.0897135 0.50899
0.13457 0.527497
0.179427 0.546004
0.226531 0.546004
0.273636 1.08222
0.32074 1.61844
0.367844 2.15465
0.414949 2.69087
0.462053 3.22708
0.512129 3.22708
0.562206 3.2332
0.612283 3.23931
0.662359 3.24543
0.712436 3.25154
0.762512 3.25766
0.812589 3.26377
0.862665 3.26989
0.912742 3.276
0.962818 3.28212
1.01289 3.28823
1.06297 3.29435
1.11305 3.30046
1.16312 3.30658
1.2132 3.31269
1.26328 3.31881
1.31335 3.32492
1.36343 3.33104
1.41351 3.33715
1.46358 3.34327
1.51366 3.34938
1.56374 3.3555
1.61306 3.3555
1.66239 3.41579
1.71172 3.47608
1.76105 3.53637
1.81038 3.59666
1.8597 3.65695
1.90903 3.71724
1.95836 3.77753
2.00769 3.83782
2.05701 3.89811
2.10634 3.9584
2.15567 4.01869
2.205 4.07898
2.25433 4.13927
2.30365 4.19955
2.35298 4.25984
2.40231 4.32013
2.45164 4.38042
2.50133 4.38042
2.55103 4.38042
2.60073 4.38042
2.65042 4.38042
2.70012 4.38042
2.74982 4.38042
2.79951 4.38042
2.84921 4.38042
2.89891 4.38042
2.9486 4.38042
2.9983 4.38042
3.048 4.38042
3.09769 4.38042
3.14739 4.38042
3.19709 4.38042
5.55767 6.22987
7.91825 6.22987
10.2788 6.22987
12.6394 6.22987
15.0 6.22987
0.0 0.481544
0.0525479 0.481544
0.105096 0.505592
0.157644 0.529641
0.210192 0.553689
0.26274 0.577738
0.313512 0.577738
0.364285 0.778956
0.415058 0.980175
0.465831 1.18139
0.516604 1.38261
0.567376 1.58383
0.618149 1.78505
0.668922 1.98627
0.719695 2.18748
0.770467 2.3887
0.82124 2.58992
0.872013 2.79114
0.922786 2.99236
0.972961 2.99236
1.02314 3.06348
1.07331 3.13461
1.12349 3.20573
1.17366 3.27686
1.22384 3.34798
1.27401 3.41911
1.32419 3.49023
1.37436 3.56136
1.42454 3.63248
1.47471 3.70361
1.52488 3.77473
1.57506 3.84586
1.62523 3.91699
1.67541 3.98811
1.72558 4.05924
1.77576 4.13036
1.82593 4.20149
1.87611 4.27261
1.92628 4.34374
1.97602 4.34374
2.02575 4.35011
2.07548 4.35649
2.12522 4.36287
2.17495 4.36924
2.22468 4.37562
2.27442 4.38199
2.32415 4.38837
2.37388 4.39475
2.42362 4.40112
2.47335 4.4075
2.52308 4.41388
2.57282 4.42025
2.62255 4.42663
2.67228 4.43301
2.72202 4.43938
2.77175 4.44576
2.82148 4.45213
2.87122 4.45851
2.92095 4.46489
2.97068 4.47126
3.02042 4.47764
3.07015 4.48402
3.11988 4.49039
3.16392 4.49039
3.20796 4.49039
3.252 4.49039
3.29603 4.49039
5.63683 5.96471
7.97762 5.96471
10.3184 5.96471
12.6592 5.96471
15.0 5.96471
0.0 0.476402
0.0502598 0.476402
0.10052 0.501723
0.150779 0.527045
0.201039 0.552366
0.251299 0.577687
0.301559 0.603008
0.351819 0.62833
0.402064 0.62833
0.45231 1.2191
0.502555 1.80987
0.5528 2.40064
0.603046 2.99141
0.652213 2.99141
0.70138 3.05991
0.750546 3.12841
0.799713 3.19691
0.84888 3.26541
0.898047 3.33391
0.947214 3.40241
0.996381 3.47091
1.04555 3.53941
1.09471 3.60791
1.14388 3.67641
1.19305 3.74491
1.24222 3.81341
1.29138 3.88191
1.34055 3.95041
1.38972 4.01891
1.43888 4.08741
1.48805 4.15591
1.53722 4.22441
1.58638 4.29291
1.6366 4.29291
1.68682 4.30038
1.73703 4.30785
1.78725 4.31532
1.83746 4.32279
1.88768 4.33026
1.9379 4.33773
1.98811 4.3452
2.03833 4.35267
2.08854 4.36014
2.13876 4.36761
2.18898 4.37508
2.23919 4.38255
2.28941 4.39002
2.33962 4.39749
2.38984 4.40496
2.44006 4.41243
2.49027 4.4199
2.54049 4.42737
2.59071 4.43484
2.64092 4.44231
2.69114 4.44978
2.74135 4.45725
2.79195 4.45725
2.84254 4.45725
2.89313 4.45725
2.94373 4.45725
2.99432 4.45725
3.04492 4.45725
3.09551 4.45725
3.1461 4.45725
3.1967 4.45725
3.24729 4.45725
3.29789 4.45725
5.63831 5.97256
7.97873 5.97256
10.3192 5.97256
12.6596 5.97256
15.0 5.97256
0.0 0.465678
0.0517922 0.465678
0.103584 0.492996
0.155377 0.520315
0.207169 0.547633
0.258961 0.574951
0.311459 0.574951
0.363958 1.39971
0.416456 2.22447
0.468954 3.04923
0.51831 3.04923
0.567665 3.12635
0.617021 3.20347
0.666376 3.2806
0.715732 3.35772
0.765087 3.43485
0.814443 3.51197
0.863798 3.5891
0.913154 3.66622
0.962509 3.74335
1.01186 3.82047
1.06122 3.8976
1.11058 3.97472
1.15993 4.05184
1.20929 4.12897
1.25864 4.20609
1.308 4.28322
1.35745 4.28322
1.4069 4.2929
1.45635 4.30258
1.5058 4.31226
1.55525 4.32194
1.6047 4.33162
1.65415 4.3413
1.7036 4.35098
1.75305 4.36066
1.8025 4.37034
1.85195 4.38002
1.9014 4.3897
1.95085 4.39938
2.0003 4.40906
2.04976 4.41874
2.09921 4.42842
2.14866 4.4381
2.19811 4.44778
2.24756 4.45746
2.29563 4.45746
2.34371 4.45746
2.39179 4.45746
2.43987 4.45746
4.95189 6.07435
7.46392 6.07435
9.97595 6.07435
12.488 6.07435
15.0 6.07435
0.0 0.475553
0.0534235 0.475553
0.106847 0.500981
0.16027 0.526409
0.213694 0.551836
0.264967 0.551836
0.31624 1.03718
0.367513 1.52253
0.418786 2.00788
0.470059 2.49323
0.521332 2.97857
0.571676 2.97857
0.622019 3.04235
0.672363 3.10613
0.722707 3.16991
0.773051 3.23368
0.823395 3.29746
0.873738 3.36124
0.924082 3.42502
0.974426 3.4888
1.02477 3.55257
1.07511 3.61635
1.12546 3.68013
1.1758 3.74391
1.22614 3.80769
1.27649 3.87146
1.32683 3.93524
1.37718 3.99902
1.42752 4.0628
1.47786 4.12658
1.52821 4.19035
1.57855 4.25413
1.6289 4.31791
1.68259 4.31791
1.73628 4.39812
1.78998 4.47833
1.84143 4.47833
1.89289 4.47833
1.94435 4.47833
1.99581 4.47833
2.04727 4.47833
4.63781 6.06451
7.22836 6.06451
9.81891 6.06451
12.4095 6.06451
15.0 6.06451
0.0 0.495482
0.0442768 0.495482
0.0885536 0.499036
0.13283 0.50259
0.177107 0.506143
0.226666 0.506143
0.276225 1.00148
0.325783 1.49683
0.375342 1.99217
0.424901 2.48751
0.474459 2.98285
0.524365 2.98285
0.57427 3.03975
0.624175 3.09666
0.674081 3.15357
0.723986 3.21047
0.773892 3.26738
0.823797 3.32429
0.873702 3.3812
0.923608 3.4381
0.973513 3.49501
1.02342 3.55192
1.07332 3.60882
1.12323 3.66573
1.17313 3.72264
1.22304 3.77954
1.27295 3.83645
1.32285 3.89336
1.37276 3.95026
1.42266 4.00717
1.47257 4.06408
1.52247 4.12098
1.57238 4.17789
1.62228 4.2348
1.67219 4.29171
1.72209 4.34861
1.77101 4.34861
1.81993 4.42618
1.86884 4.50375
1.91959 4.50375
1.97033 4.50375
2.02108 4.50375
2.07182 4.50375
2.12256 4.50375
2.17331 4.50375
2.22405 4.50375
2.2748 4.50375
2.32554 4.50375
2.37629 4.50375
2.42703 4.50375
2.47777 4.50375
2.52852 4.50375
2.57926 4.50375
2.63001 4.50375
2.68075 4.50375
2.7315 4.50375
2.78224 4.50375
2.83298 4.50375
2.88373 4.50375
2.93447 4.50375
2.98522 4.50375
3.03596 4.50375
3.08671 4.50375
3.13745 4.50375
3.18819 4.50375
5.55056 6.07779
7.91292 6.07779
10.2753 6.07779
12.6376 6.07779
15.0 6.07779
0.0 0.505646
0.0534762 0.505646
0.106952 0.510696
0.160429 0.515747
0.213905 0.520798
0.266291 0.520798
0.318676 0.929513
0.371062 1.33823
0.423448 1.74694
0.475834 2.15566
0.528219 2.56437
0.580605 2.97309
0.631057 2.97309
0.68151 3.03253
0.731962 3.09197
0.782415 3.15141
0.832867 3.21086
0.88332 3.2703
0.933772 3.32974
0.984224 3.38919
1.03468 3.44863
1.08513 3.50807
1.13558 3.56751
1.18603 3.62696
1.23649 3.6864
1.28694 3.74584
1.33739 3.80528
1.38784 3.86473
1.4383 3.92417
1.48875 3.98361
1.5392 4.04305
1.58965 4.1025
1.64011 4.16194
1.69056 4.22138
1.74101 4.28082
1.79146 4.34027
1.84042 4.34027
1.88937 4.34824
1.93833 4.35621
1.98729 4.36418
2.03624 4.37215
2.0852 4.38013
2.13415 4.3881
2.18311 4.39607
2.23206 4.40404
2.28102 4.41201
2.32997 4.41998
2.37893 4.42796
2.42789 4.43593
2.47684 4.4439
2.5258 4.45187
2.57475 4.45984
2.62371 4.46781
2.67266 4.47579
2.72162 4.48376
2.77167 4.48376
2.82172 4.48376
2.87177 4.48376
2.92182 4.48376
2.97187 4.48376
3.02192 4.48376
3.07197 4.48376
3.12202 4.48376
3.17206 4.48376
3.22211 4.48376
3.27216 4.48376
3.32221 4.48376
3.37226 4.48376
3.42231 4.48376
3.47236 4.48376
3.52241 4.48376
3.57246 4.48376
3.62251 4.48376
3.67256 4.48376
3.72261 4.48376
3.77266 4.48376
3.82271 4.48376
3.87276 4.48376
3.92281 4.48376
6.6921 5.9474
9.4614 5.9474
12.2307 5.9474
15.0 5.9474
0.0 0.511181
0.0497334 0.511181
0.0994667 0.512487
0.1492 0.513793
0.198933 0.515099
0.25043 0.515099
0.301926 0.792528
0.353422 1.06996
0.404919 1.34739
0.456415 1.62482
0.507911 1.90225
0.559408 2.17968
0.610904 2.45711
0.6624 2.73454
0.713897 3.01196
0.763342 3.01196
0.812787 3.05269
0.862232 3.09341
0.911677 3.13414
0.961121 3.17486
1.01057 3.21559
1.06001 3.25631
1.10946 3.29703
1.1589 3.33776
1.20835 3.37848
1.25779 3.41921
1.30724 3.45993
1.35668 3.50065
1.40613 3.54138
1.45557 3.5821
1.50502 3.62283
1.55446 3.66355
1.60391 3.70428
1.65335 3.745
1.7028 3.78572
1.75224 3.82645
1.80169 3.86717
1.85113 3.9079
1.90058 3.94862
1.95002 3.98935
1.99947 4.03007
2.04891 4.07079
2.09836 4.11152
2.1478 4.15224
2.19725 4.19297
2.24669 4.23369
2.29613 4.27441
2.34558 4.31514
2.39502 4.35586
2.44541 4.35586
2.49579 4.36116
2.54617 4.36645
2.59655 4.37175
2.64693 4.37704
2.69731 4.38234
2.74769 4.38763
2.79807 4.39293
2.84845 4.39823
2.89883 4.40352
2.94921 4.40882
2.99959 4.41411
3.04997 4.41941
3.10035 4.4247
3.15073 4.43
3.19997 4.43
3.2492 4.43
3.29843 4.43
3.34766 4.43
3.3969 4.43
3.44613 4.43
3.49536 4.43
3.5446 4.43
3.59383 4.43
3.64306 4.43
3.69229 4.43
3.74153 4.43
3.79076 4.43
3.83999 4.43
3.88923 4.43
3.93846 4.43
3.98769 4.43
6.74077 5.89584
9.49385 5.89584
12.2469 5.89584
15.0 5.89584
0.0 0.492504
0.0573377 0.492504
0.114675 0.50502
0.172013 0.517536
0.222596 0.517536
0.273179 0.654984
0.323763 0.792432
0.374346 0.92988
0.424929 1.06733
0.475512 1.20478
0.526095 1.34222
0.576679 1.47967
0.627262 1.61712
0.677845 1.75457
0.728428 1.89202
0.779012 2.02947
0.829595 2.16691
0.880178 2.30436
0.930761 2.44181
0.981344 2.57926
1.03193 2.71671
1.08251 2.85415
1.13309 2.9916
1.18266 2.9916
1.23222 3.02013
1.28179 3.04865
1.33136 3.07718
1.38092 3.1057
1.43049 3.13423
1.48005 3.16275
1.52962 3.19128
1.57918 3.2198
1.62875 3.24833
1.67831 3.27685
1.72788 3.30537
1.77744 3.3339
1.82701 3.36242
1.87658 3.39095
1.92614 3.41947
1.97571 3.448
2.02527 3.47652
2.07484 3.50505
2.1244 3.53357
2.17397 3.5621
2.22353 3.59062
2.2731 3.61915
2.32266 3.64767
2.37223 3.6762
2.42179 3.70472
2.47136 3.73325
2.52093 3.76177
2.57049 3.7903
2.62006 3.81882
2.66962 3.84735
2.71919 3.87587
2.76875 3.9044
2.81832 3.93292
2.86788 3.96144
2.91745 3.98997
2.96701 4.01849
3.01658 4.04702
3.06615 4.07554
3.11571 4.10407
3.16528 4.13259
3.21484 4.16112
3.26441 4.18964
3.31397 4.21817
3.36354 4.24669
3.4131 4.27522
3.46267 4.30374
3.51223 4.33227
3.56129 4.33227
3.61035 4.34291
3.6594 4.35356
3.70846 4.36421
3.75751 4.37485
3.80657 4.3855
3.85563 4.39615
3.90468 4.40679
3.95374 4.41744
4.0028 4.42808
4.05185 4.43873
4.10091 4.44938
4.14996 4.46002
4.19999 4.46002
4.25002 4.46002
4.30005 4.46002
4.35008 4.46002
4.40011 4.46002
4.45014 4.46002
4.50017 4.46002
4.5502 4.46002
4.60023 4.46002
4.65026 4.46002
4.70029 4.46002
4.75032 4.46002
4.80035 4.46002
4.85038 4.46002
4.90041 4.46002
4.95044 4.46002
5.00047 4.46002
5.0505 4.46002
5.10053 4.46002
5.15056 4.46002
5.20059 4.46002
5.25062 4.46002
5.30065 4.46002
5.35068 4.46002
5.40071 4.46002
5.45074 4.46002
5.50077 4.46002
5.5508 4.46002
5.60083 4.46002
5.65086 4.46002
5.70089 4.46002
5.75092 4.46002
5.80095 4.46002
8.10072 5.91313
10.4005 5.91313
12.7002 5.91313
15.0 5.91313
0.0 0.477198
0.0476206 0.477198
0.0952413 0.501167
0.142862 0.525137
0.190483 0.549106
0.238103 0.573076
0.285724 0.597045
0.333389 0.597045
0.381054 0.903189
0.428719 1.20933
0.476384 1.51548
0.524049 1.82162
0.571714 2.12777
0.61938 2.43391
0.667045 2.74006
0.71471 3.0462
0.765393 3.0462
0.816077 3.11128
0.866761 3.17636
0.917444 3.24145
0.968128 3.30653
1.01881 3.37161
1.0695 3.43669
1.12018 3.50177
1.17086 3.56685
1.22155 3.63193
1.27223 3.69701
1.32291 3.76209
1.3736 3.82718
1.42428 3.89226
1.47496 3.95734
1.52565 4.02242
1.57633 4.0875
1.62702 4.15258
1.6777 4.21766
1.72838 4.28274
1.77907 4.34783
1.82976 4.34783
1.88045 4.35309
1.93115 4.35836
1.98184 4.36363
2.03253 4.3689
2.08323 4.37417
2.13392 4.37944
2.18461 4.38471
2.23531 4.38998
2.286 4.39525
2.33669 4.40052
2.38739 4.40579
2.43808 4.41106
2.48877 4.41633
2.53947 4.4216
2.59016 4.42686
2.64085 4.43213
2.69155 4.4374
2.74224 4.44267
2.79293 4.44794
2.84363 4.45321
2.89432 4.45848
2.94501 4.46375
2.99571 4.46902
3.04413 4.46902
3.09255 4.46902
3.14097 4.46902
3.18939 4.46902
3.23781 4.46902
3.28623 4.46902
3.33466 4.46902
3.38308 4.46902
3.4315 4.46902
3.47992 4.46902
3.52834 4.46902
3.57676 4.46902
3.62518 4.46902
3.6736 4.46902
5.93888 6.06545
8.20416 6.06545
10.4694 6.06545
12.7347 6.06545
15.0 6.06545
0.0 0.486847
0.0473905 0.486847
0.094781 0.500922
0.142171 0.514997
0.189562 0.529072
0.236952 0.543146
0.284343 0.557221
0.331889 0.557221
0.379434 0.867508
0.42698 1.17779
0.474526 1.48808
0.522071 1.79837
0.569617 2.10865
0.617163 2.41894
0.664708 2.72923
0.712254 3.03952
0.762738 3.03952
0.813221 3.07332
0.863705 3.10713
0.914189 3.14093
0.964672 3.17474
1.01516 3.20854
1.06564 3.24235
1.11612 3.27615
1.16661 3.30996
1.21709 3.34376
1.26757 3.37757
1.31806 3.41137
1.36854 3.44518
1.41903 3.47898
1.46951 3.51279
1.51999 3.54659
1.57048 3.5804
1.62096 3.6142
1.67144 3.64801
1.72193 3.68181
1.77241 3.71562
1.82289 3.74942
1.87338 3.78323
1.92386 3.81703
1.97435 3.85084
2.02483 3.88464
2.07531 3.91845
2.1258 3.95225
2.17628 3.98606
2.22676 4.01986
2.27725 4.05367
2.32773 4.08747
2.37821 4.12128
2.4287 4.15508
2.47918 4.18889
2.52967 4.22269
2.58015 4.2565
2.63063 4.2903
2.68112 4.32411
2.731 4.32411
2.78088 4.33744
2.83076 4.35077
2.88065 4.36411
2.93053 4.37744
2.98041 4.39077
3.0303 4.40411
3.08018 4.41744
3.13006 4.43077
3.17994 4.44411
3.22983 4.45744
3.27971 4.47077
3.32959 4.48411
3.37947 4.49744
3.42936 4.51077
3.47924 4.5241
3.52912 4.53744
3.57901 4.55077
3.62889 4.5641
3.67743 4.5641
3.72597 4.5641
3.77451 4.5641
3.82305 4.5641
3.87159 4.5641
3.92014 4.5641
3.96868 4.5641
4.01722 4.5641
4.06576 4.5641
4.1143 4.5641
4.16284 4.5641
4.21138 4.5641
4.25992 4.5641
4.30846 4.5641
6.98135 6.04798
9.65423 6.04798
12.3271 6.04798
15.0 6.04798
0.0 0.480057
0.0535965 0.480057
0.107193 0.504908
0.16079 0.529758
0.214386 0.554608
0.267983 0.579458
0.319783 0.579458
0.371583 0.928534
0.423383 1.27761
0.475183 1.62669
0.526983 1.97576
0.578783 2.32484
0.630583 2.67391
0.682383 3.02299
0.732934 3.02299
0.783484 3.07184
0.834035 3.12068
0.884585 3.16953
0.935136 3.21838
0.985686 3.26723
1.03624 3.31607
1.08679 3.36492
1.13734 3.41377
1.18789 3.46261
1.23844 3.51146
1.28899 3.56031
1.33954 3.60916
1.39009 3.658
1.44064 3.70685
1.49119 3.7557
1.54174 3.80454
1.59229 3.85339
1.64284 3.90224
1.69339 3.95109
1.74394 3.99993
1.79449 4.04878
1.84504 4.09763
1.89559 4.14647
1.94614 4.19532
1.9967 4.24417
2.04725 4.29302
2.0978 4.34186
2.14835 4.39071
2.19808 4.39071
2.24781 4.39366
2.29754 4.39662
2.34727 4.39957
2.397 4.40253
2.44673 4.40548
2.49646 4.40843
2.54619 4.41139
2.59592 4.41434
2.64565 4.4173
2.69538 4.42025
2.74511 4.4232
2.79484 4.42616
2.84457 4.42911
2.8943 4.43207
2.94403 4.43502
2.99376 4.43797
3.04349 4.44093
3.09322 4.44388
3.14296 4.44684
3.19269 4.44979
3.24242 4.45274
3.29215 4.4557
3.34188 4.45865
3.39161 4.46161
3.44134 4.46456
3.49107 4.46751
3.5408 4.47047
3.59053 4.47342
3.64026 4.47638
3.68999 4.47933
3.73972 4.48228
3.78945 4.48524
3.83918 4.48819
3.88891 4.49115
3.93864 4.4941
3.98837 4.49705
4.0381 4.50001
4.08783 4.50296
4.13756 4.50592
4.18729 4.50887
4.23702 4.51182
4.28676 4.51478
4.33649 4.51773
4.38622 4.52069
4.43595 4.52364
4.48568 4.52659
4.53541 4.52955
4.58514 4.5325
4.63487 4.53546
4.67306 4.53546
4.71126 4.53546
7.28345 6.07925
9.85563 6.07925
12.4278 6.07925
15.0 6.07925
0.0 0.492074
0.0490325 0.492074
0.098065 0.505809
0.147097 0.519544
0.19613 0.533279
0.245162 0.547013
0.294195 0.560748
0.342748 0.560748
0.391301 0.798326
0.439854 1.0359
0.488407 1.27348
0.53696 1.51106
0.585513 1.74864
0.634067 1.98622
0.68262 2.22379
0.731173 2.46137
0.779726 2.69895
0.828279 2.93653
0.877619 2.93653
0.92696 3.14296
0.9763 3.3494
1.02564 3.55583
1.07498 3.76227
1.12432 3.9687
1.17366 4.17514
1.223 4.38157
1.27334 4.38157
1.32367 4.38471
1.374 4.38785
1.42433 4.39099
1.47467 4.39412
1.525 4.39726
1.57533 4.4004
1.62567 4.40354
1.676 4.40667
1.72633 4.40981
1.77667 4.41295
1.827 4.41608
1.87733 4.41922
1.92767 4.42236
1.978 4.4255
2.02833 4.42863
2.07866 4.43177
2.129 4.43491
2.17933 4.43805
2.22966 4.44118
2.28 4.44432
2.33033 4.44746
2.38066 4.4506
2.431 4.45373
2.48133 4.45687
2.53166 4.46001
2.58199 4.46315
2.63233 4.46628
2.68266 4.46942
2.73299 4.47256
2.78333 4.4757
2.83366 4.47883
2.88399 4.48197
2.93433 4.48511
2.98466 4.48824
3.03499 4.49138
3.08533 4.49452
3.13566 4.49766
3.18599 4.50079
3.23632 4.50393
3.28666 4.50707
3.33699 4.51021
3.38732 4.51334
3.43766 4.51648
3.48799 4.51962
3.53832 4.52276
3.58866 4.52589
3.63899 4.52903
3.68932 4.53217
3.73965 4.53531
3.78986 4.53531
3.84006 4.53531
3.89026 4.53531
3.94047 4.53531
3.99067 4.53531
4.04087 4.53531
4.09108 4.53531
4.14128 4.53531
4.19148 4.53531
4.24169 4.53531
4.29189 4.53531
4.34209 4.53531
4.39229 4.53531
4.4425 4.53531
4.4927 4.53531
7.11953 6.16448
9.74635 6.16448
12.3732 6.16448
15.0 6.16448
0.0 0.464688
0.0466526 0.464688
0.0933053 0.49326
0.139958 0.521831
0.186611 0.550402
0.233263 0.578973
0.282024 0.578973
0.330784 0.721071
0.379545 0.863168
0.428305 1.00526
0.477066 1.14736
0.525826 1.28946
0.574587 1.43156
0.623347 1.57365
0.672107 1.71575
0.720868 1.85785
0.769628 1.99994
0.818389 2.14204
0.867149 2.28414
0.91591 2.42624
0.96467 2.56833
1.01343 2.71043
1.06219 2.85253
1.11095 2.99462
1.16059 2.99462
1.21022 3.22794
1.25986 3.46125
1.30949 3.69457
1.35913 3.92788
1.40876 4.1612
1.45839 4.39451
1.50797 4.39451
1.55755 4.39945
1.60713 4.4044
1.65671 4.40934
1.70628 4.41428
1.75586 4.41923
1.80544 4.42417
1.85502 4.42912
1.9046 4.43406
1.95417 4.439
2.00375 4.44395
2.05333 4.44889
2.10291 4.45383
2.15248 4.45878
2.20206 4.46372
2.25164 4.46866
2.30122 4.47361
2.3508 4.47855
2.40037 4.48349
2.44995 4.48844
2.49953 4.49338
2.54911 4.49833
2.59869 4.50327
2.64826 4.50821
2.69784 4.51316
2.74742 4.5181
2.797 4.52304
2.84658 4.52799
2.89615 4.53293
2.94573 4.53787
2.99531 4.54282
3.04489 4.54776
3.09446 4.5527
3.14404 4.55765
3.19362 4.56259
3.24355 4.56259
3.29347 4.56259
3.3434 4.56259
3.39333 4.56259
3.44326 4.56259
3.49318 4.56259
3.54311 4.56259
3.59304 4.56259
3.64296 4.56259
3.69289 4.56259
3.74282 4.56259
3.79275 4.56259
3.84267 4.56259
3.8926 4.56259
3.94253 4.56259
3.99245 4.56259
4.04238 4.56259
4.09231 4.56259
4.14224 4.56259
4.19216 4.56259
4.24209 4.56259
4.29202 4.56259
4.34194 4.56259
4.39187 4.56259
4.4418 4.56259
4.49172 4.56259
7.11879 6.15787
9.74586 6.15787
12.3729 6.15787
15.0 6.15787
0.0 0.458384
0.0488129 0.458384
0.0976258 0.486916
0.146439 0.515448
0.195252 0.543979
0.24517 0.543979
0.295089 0.848633
0.345007 1.15329
0.394926 1.45794
0.444844 1.76259
0.494763 2.06725
0.544682 2.3719
0.5946 2.67655
0.644519 2.9812
0.69433 2.9812
0.744142 3.01983
0.793953 3.05845
0.843764 3.09707
0.893576 3.13569
0.943387 3.17431
0.993199 3.21293
1.04301 3.25156
1.09282 3.29018
1.14263 3.3288
1.19244 3.36742
1.24226 3.40604
1.29207 3.44466
1.34188 3.48328
1.39169 3.52191
1.4415 3.56053
1.49131 3.59915
1.54112 3.63777
1.59094 3.67639
1.64075 3.71501
1.69056 3.75363
1.74037 3.79226
1.79018 3.83088
1.83999 3.8695
1.8898 3.90812
1.93962 3.94674
1.98943 3.98536
2.03924 4.02399
2.08905 4.06261
2.13886 4.10123
2.18867 4.13985
2.23848 4.17847
2.2883 4.21709
2.33811 4.25571
2.38792 4.29434
2.43773 4.33296
2.48754 4.37158
2.53735 4.4102
2.58741 4.4102
2.63746 4.41805
2.68752 4.4259
2.73757 4.43376
2.78762 4.44161
2.83768 4.44946
2.88773 4.45731
2.93779 4.46516
2.98784 4.47301
3.0379 4.48087
3.08795 4.48872
3.138 4.49657
3.18806 4.50442
3.23811 4.51227
3.28817 4.52013
3.33822 4.52798
3.38725 4.52798
3.43628 4.52798
3.48531 4.52798
3.53434 4.52798
3.58337 4.52798
3.6324 4.52798
3.68142 4.52798
3.73045 4.52798
3.77948 4.52798
3.82851 4.52798
3.87754 4.52798
3.92657 4.52798
6.69493 6.0993
9.46329 6.0993
12.2316 6.0993
15.0 6.0993
0.0 0.497049
0.0577453 0.497049
0.115491 0.501695
0.173236 0.506341
0.2287 0.506341
0.284163 1.31933
0.339627 2.13232
0.395091 2.94531
0.444419 2.94531
0.493747 3.02407
0.543074 3.10283
0.592402 3.18159
0.64173 3.26035
0.691058 3.33912
0.740386 3.41788
0.789713 3.49664
0.839041 3.5754
0.888369 3.65416
0.937697 3.73293
0.987025 3.81169
1.03635 3.89045
1.08568 3.96921
1.13501 4.04797
1.18434 4.12673
1.23366 4.2055
1.28299 4.28426
1.33232 4.36302
1.38165 4.44178
1.4339 4.44178
1.48615 4.44985
1.5384 4.45793
1.59066 4.466
1.64291 4.47407
1.69516 4.48214
1.74741 4.49021
1.79966 4.49828
1.85192 4.50636
1.90417 4.51443
1.95642 4.5225
2.00673 4.5225
2.05704 4.5225
2.10735 4.5225
2.15766 4.5225
2.20797 4.5225
2.25827 4.5225
2.30858 4.5225
2.35889 4.5225
2.4092 4.5225
2.45951 4.5225
2.50982 4.5225
2.56013 4.5225
2.61044 4.5225
2.66075 4.5225
2.71105 4.5225
2.76136 4.5225
2.81167 4.5225
5.24934 6.13335
7.687 6.13335
10.1247 6.13335
12.5623 6.13335
15.0 6.13335
0.0 0.472511
0.0488018 0.472511
0.0976036 0.49258
0.146405 0.512648
0.195207 0.532717
0.244009 0.552785
0.295097 0.552785
0.346185 0.693115
0.397273 0.833444
0.448362 0.973774
0.49945 1.1141
0.550538 1.25443
0.601626 1.39476
0.652714 1.53509
0.703802 1.67542
0.75489 1.81575
0.805979 1.95608
0.857067 2.09641
0.908155 2.23674
0.959243 2.37707
1.01033 2.5174
1.06142 2.65773
1.11251 2.79806
1.1636 2.93839
1.21516 2.93839
1.26673 3.05193
1.3183 3.16547
1.36987 3.27901
1.42144 3.39256
1.473 3.5061
1.52457 3.61964
1.57614 3.73318
1.62771 3.84673
1.67928 3.96027
1.73084 4.07381
1.78241 4.18735
1.83398 4.3009
1.88555 4.41444
1.93856 4.41444
1.99158 4.43291
2.04459 4.45139
2.0976 4.46987
2.15062 4.48834
2.20363 4.50682
2.25664 4.5253
2.30966 4.54377
2.35973 4.54377
2.4098 4.54377
2.45987 4.54377
2.50994 4.54377
2.56001 4.54377
2.61008 4.54377
2.66015 4.54377
2.71022 4.54377
2.76029 4.54377
2.81036 4.54377
2.86043 4.54377
2.9105 4.54377
2.96057 4.54377
3.01064 4.54377
3.06072 4.54377
5.44857 6.01233
7.83643 6.01233
10.2243 6.01233
12.6121 6.01233
15.0 6.01233
0.0 0.478988
0.0529157 0.478988
0.105831 0.496961
0.158747 0.514934
0.211663 0.532907
0.264579 0.55088
0.313156 0.55088
0.361734 0.77136
0.410312 0.99184
0.45889 1.21232
0.507468 1.4328
0.556045 1.65328
0.604623 1.87376
0.653201 2.09424
0.701779 2.31472
0.750357 2.5352
0.798934 2.75568
0.847512 2.97616
0.897193 2.97616
0.946874 3.06033
0.996555 3.1445
1.04624 3.22867
1.09592 3.31285
1.1456 3.39702
1.19528 3.48119
1.24496 3.56536
1.29464 3.64953
1.34432 3.73371
1.394 3.81788
1.44368 3.90205
1.49336 3.98622
1.54304 4.07039
1.59272 4.15457
1.64241 4.23874
1.69209 4.32291
1.74177 4.40708
1.79145 4.49125
1.84247 4.49125
1.8935 4.50513
1.94453 4.51902
1.99555 4.5329
2.04658 4.54678
2.09761 4.56066
2.14886 4.56066
2.20011 4.56066
2.25137 4.56066
2.30262 4.56066
2.35387 4.56066
2.40513 4.56066
2.45638 4.56066
2.50764 4.56066
2.55889 4.56066
2.61014 4.56066
2.6614 4.56066
2.71265 4.56066
2.7639 4.56066
2.81516 4.56066
2.86641 4.56066
2.91766 4.56066
5.33413 6.02929
7.7506 6.02929
10.1671 6.02929
12.5835 6.02929
15.0 6.02929
0.0 0.494485
0.0501212 0.494485
0.100242 0.498877
0.150364 0.503268
0.201972 0.503268
0.253581 0.703281
0.30519 0.903293
0.356799 1.10331
0.408408 1.30332
0.460016 1.50333
0.511625 1.70334
0.563234 1.90336
0.614843 2.10337
0.666451 2.30338
0.71806 2.50339
0.769669 2.7034
0.821278 2.90342
0.872887 3.10343
0.921883 3.10343
0.970879 3.19255
1.01988 3.28167
1.06887 3.37078
1.11787 3.4599
1.16686 3.54902
1.21586 3.63814
1.26486 3.72726
1.31385 3.81638
1.36285 3.90549
1.41185 3.99461
1.46084 4.08373
1.50984 4.17285
1.55883 4.26197
1.60783 4.35109
1.65683 4.4402
1.70582 4.52932
1.75448 4.52932
1.80314 4.53113
1.85179 4.53294
1.90045 4.53474
1.9491 4.53655
1.99776 4.53835
2.04642 4.54016
2.09507 4.54197
2.14373 4.54377
2.19239 4.54558
2.24295 4.54558
2.29351 4.54558
2.34406 4.54558
2.39462 4.54558
2.44518 4.54558
2.49574 4.54558
2.5463 4.54558
2.59686 4.54558
2.64742 4.54558
2.69798 4.54558
2.74854 4.54558
2.79909 4.54558
2.84965 4.54558
2.90021 4.54558
2.95077 4.54558
3.00133 4.54558
3.05189 4.54558
3.10245 4.54558
3.15301 4.54558
3.20357 4.54558
3.25413 4.54558
3.30468 4.54558
5.64375 5.97304
7.98281 5.97304
10.3219 5.97304
12.6609 5.97304
15.0 5.97304
0.0 0.477092
0.0546897 0.477092
0.109379 0.49843
0.164069 0.519768
0.218759 0.541106
0.269929 0.541106
0.3211 0.692278
0.372271 0.84345
0.423441 0.994622
0.474612 1.14579
0.525783 1.29697
0.576953 1.44814
0.628124 1.59931
0.679295 1.75048
0.730465 1.90165
0.781636 2.05283
0.832806 2.204
0.883977 2.35517
0.935148 2.50634
0.986318 2.65751
1.03749 2.80869
1.08866 2.95986
1.13983 3.11103
1.19325 3.11103
1.24667 3.38256
1.30009 3.65409
1.35351 3.92562
1.40693 4.19715
1.46034 4.46868
1.5105 4.46868
1.56066 4.4821
1.61082 4.49551
1.66098 4.50892
1.71114 4.52233
1.7613 4.53575
1.81146 4.54916
1.86076 4.54916
1.91006 4.54916
1.95936 4.54916
2.00866 4.54916
2.05795 4.54916
2.10725 4.54916
2.15655 4.54916
2.20585 4.54916
2.25515 4.54916
2.30445 4.54916
2.35375 4.54916
2.40305 4.54916
2.45235 4.54916
2.50165 4.54916
2.55095 4.54916
2.60025 4.54916
2.64955 4.54916
2.69884 4.54916
5.15908 5.95763
7.61931 5.95763
10.0795 5.95763
12.5398 5.95763
15.0 5.95763
0.0 0.508176
0.0439492 0.508176
0.0878985 0.509223
0.131848 0.51027
0.175797 0.511317
0.225236 0.511317
0.274674 0.70462
0.324113 0.897924
0.373552 1.09123
0.422991 1.28453
0.472429 1.47783
0.521868 1.67114
0.571307 1.86444
0.620746 2.05774
0.670184 2.25105
0.719623 2.44435
0.769062 2.63766
0.818501 2.83096
0.867939 3.02426
0.921223 3.02426
0.974507 3.26679
1.02779 3.50932
1.08107 3.75185
1.13436 3.99437
1.18764 4.2369
1.24093 4.47943
1.29027 4.47943
1.33962 4.48887
1.38897 4.49832
1.43832 4.50777
1.48766 4.51721
1.53701 4.52666
1.58636 4.5361
1.63571 4.54555
1.68505 4.555
1.7344 4.56444
1.78375 4.57389
1.8331 4.58334
1.88568 4.58334
1.93826 4.58334
1.99084 4.58334
2.04342 4.58334
2.09601 4.58334
2.14859 4.58334
4.71887 6.08492
7.28915 6.08492
9.85944 6.08492
12.4297 6.08492
15.0 6.08492
0.0 0.484535
0.0446438 0.484535
0.0892875 0.498078
0.133931 0.511621
0.178575 0.525164
0.22894 0.525164
0.279306 0.719415
0.329671 0.913667
0.380036 1.10792
0.430401 1.30217
0.480766 1.49642
0.531132 1.69067
0.581497 1.88492
0.631862 2.07918
0.682227 2.27343
0.732593 2.46768
0.782958 2.66193
0.833323 2.85618
0.883688 3.05043
0.93077 3.05043
0.977851 3.25458
1.02493 3.45874
1.07201 3.66289
1.11909 3.86704
1.16618 4.07119
1.21326 4.27534
1.26034 4.4795
1.31216 4.4795
1.36399 4.49009
1.41582 4.50068
1.46764 4.51127
1.51947 4.52186
1.57129 4.53245
1.62312 4.54304
1.67495 4.55363
1.72677 4.56422
1.7786 4.57481
1.8303 4.57481
1.882 4.57481
1.9337 4.57481
1.9854 4.57481
2.0371 4.57481
2.0888 4.57481
2.1405 4.57481
2.1922 4.57481
2.2439 4.57481
2.2956 4.57481
2.3473 4.57481
4.87784 6.04088
7.40838 6.04088
9.93892 6.04088
12.4695 6.04088
15.0 6.04088
0.0 0.490943
0.054771 0.490943
0.109542 0.502217
0.164313 0.51349
0.219084 0.524764
0.270278 0.524764
0.321472 0.813139
0.372667 1.10151
0.423861 1.38989
0.475055 1.67826
0.526249 1.96664
0.577443 2.25501
0.628638 2.54338
0.679832 2.83176
0.731026 3.12013
0.77705 3.12013
0.823075 3.41536
0.869099 3.71059
0.915123 4.00581
0.961148 4.30104
1.00717 4.59627
1.05863 4.59627
1.11009 4.60007
1.16155 4.60388
1.21301 4.60768
1.26447 4.61148
1.31593 4.61528
1.36739 4.61909
1.41885 4.62289
1.47031 4.62669
1.51933 4.62669
1.56834 4.62669
1.61736 4.62669
1.66637 4.62669
1.71539 4.62669
1.7644 4.62669
1.81342 4.62669
1.86243 4.62669
1.91145 4.62669
1.96046 4.62669
2.00948 4.62669
2.05849 4.62669
2.10751 4.62669
2.15652 4.62669
2.20554 4.62669
2.25455 4.62669
4.80364 6.12308
7.35273 6.12308
9.90182 6.12308
12.4509 6.12308
15.0 6.12308
0.0 0.500372
0.0481048 0.500372
0.0962096 0.505423
0.144314 0.510474
0.192419 0.515525
0.240524 0.520576
0.288629 0.525627
0.333246 0.525627
0.377864 3.10508
0.426579 3.10508
0.475293 3.20389
0.524008 3.3027
0.572723 3.40151
0.621437 3.50031
0.670152 3.59912
0.718866 3.69793
0.767581 3.79674
0.816296 3.89554
0.86501 3.99435
0.913725 4.09316
0.96244 4.19197
1.01115 4.29077
1.05987 4.38958
1.10858 4.48839
1.1573 4.5872
1.20749 4.5872
1.25769 4.59815
1.30789 4.60909
1.35808 4.62004
1.40828 4.63099
1.45848 4.64194
1.50867 4.65289
1.55887 4.66384
1.60907 4.67479
1.66069 4.67479
1.71232 4.67479
1.76395 4.67479
1.81557 4.67479
1.8672 4.67479
1.91883 4.67479
1.97046 4.67479
2.02208 4.67479
2.07371 4.67479
2.12534 4.67479
2.17697 4.67479
2.22859 4.67479
2.28022 4.67479
2.33185 4.67479
2.38348 4.67479
4.90678 6.08406
7.43009 6.08406
9.95339 6.08406
12.4767 6.08406
15.0 6.08406
0.0 0.471753
0.0490406 0.471753
0.0980813 0.495932
0.147122 0.520111
0.196163 0.54429
0.245203 0.568469
0.294244 0.592648
0.343285 0.616827
0.392325 0.641006
0.441366 0.665185
0.492001 0.665185
0.542636 0.803098
0.593271 0.941011
0.643906 1.07892
0.694541 1.21684
0.745176 1.35475
0.795811 1.49266
0.846446 1.63058
0.897081 1.76849
0.947716 1.9064
0.998351 2.04432
1.04899 2.18223
1.09962 2.32014
1.15026 2.45806
1.20089 2.59597
1.25153 2.73388
1.30216 2.8718
1.3528 3.00971
1.40343 3.14762
1.45354 3.14762
1.50365 3.22546
1.55376 3.3033
1.60387 3.38114
1.65397 3.45898
1.70408 3.53682
1.75419 3.61466
1.8043 3.6925
1.85441 3.77034
1.90452 3.84818
1.95463 3.92602
2.00474 4.00386
2.05484 4.0817
2.10495 4.15954
2.15506 4.23738
2.20517 4.31522
2.25528 4.39306
2.30539 4.4709
2.3555 4.54874
2.40699 4.54874
2.45848 4.56676
2.50996 4.58479
2.56145 4.60282
2.61294 4.62085
2.66443 4.63888
2.71592 4.6569
2.76741 4.67493
2.81816 4.67493
2.86892 4.67493
2.91967 4.67493
2.97043 4.67493
3.02118 4.67493
3.07194 4.67493
3.1227 4.67493
3.17345 4.67493
3.22421 4.67493
3.27496 4.67493
5.61997 6.25085
7.96498 6.25085
10.31 6.25085
12.655 6.25085
15.0 6.25085
0.0 0.484301
0.0475048 0.484301
0.0950095 0.496797
0.142514 0.509294
0.190019 0.52179
0.237524 0.534287
0.285029 0.546784
0.332851 0.546784
0.380673 0.870845
0.428496 1.19491
0.476318 1.51897
0.524141 1.84303
0.571963 2.16709
0.619785 2.49115
0.667608 2.81522
0.71543 3.13928
0.766523 3.13928
0.817615 3.28289
0.868708 3.42649
0.919801 3.5701
0.970893 3.71371
1.02199 3.85732
1.07308 4.00093
1.12417 4.14453
1.17526 4.28814
1.22636 4.43175
1.27625 4.43175
1.32614 4.4371
1.37604 4.44246
1.42593 4.44781
1.47583 4.45316
1.52572 4.45852
1.57562 4.46387
1.62551 4.46922
1.6754 4.47457
1.7253 4.47993
1.77519 4.48528
1.82509 4.49063
1.87498 4.49599
1.92488 4.50134
1.97477 4.50669
2.02466 4.51204
2.07456 4.5174
2.12445 4.52275
2.17435 4.5281
2.22424 4.53346
2.27413 4.53881
2.32403 4.54416
2.37392 4.54951
2.42382 4.55487
2.47371 4.56022
2.52361 4.56557
2.5735 4.57093
2.62339 4.57628
2.67329 4.58163
2.72318 4.58698
2.77308 4.59234
2.82297 4.59769
2.87286 4.60304
2.92276 4.6084
2.97334 4.6084
3.02392 4.6084
3.0745 4.6084
3.12508 4.6084
3.17566 4.6084
3.22623 4.6084
3.27681 4.6084
3.32739 4.6084
3.37797 4.6084
3.42855 4.6084
3.47913 4.6084
3.52971 4.6084
3.58029 4.6084
3.63087 4.6084
3.68145 4.6084
3.73203 4.6084
3.78261 4.6084
3.83319 4.6084
3.88377 4.6084
3.93435 4.6084
3.98492 4.6084
6.73869 6.06153
9.49246 6.06153
12.2462 6.06153
15.0 6.06153
0.0 0.478244
0.0510226 0.478244
0.102045 0.507018
0.153068 0.535791
0.20409 0.564564
0.255113 0.593337
0.303726 0.593337
0.352338 0.877665
0.400951 1.16199
0.449564 1.44632
0.498176 1.73065
0.546789 2.01498
0.595402 2.2993
0.644015 2.58363
0.692627 2.86796
0.74124 3.15229
0.79207 3.15229
0.842901 3.2083
0.893732 3.26432
0.944562 3.32034
0.995393 3.37636
1.04622 3.43238
1.09705 3.4884
1.14788 3.54441
1.19871 3.60043
1.24955 3.65645
1.30038 3.71247
1.35121 3.76849
1.40204 3.82451
1.45287 3.88052
1.5037 3.93654
1.55453 3.99256
1.60536 4.04858
1.65619 4.1046
1.70702 4.16062
1.75785 4.21664
1.80868 4.27265
1.85951 4.32867
1.91034 4.38469
1.96117 4.44071
2.01159 4.44071
2.062 4.44919
2.11242 4.45767
2.16284 4.46615
2.21325 4.47463
2.26367 4.48311
2.31408 4.49159
2.3645 4.50007
2.41492 4.50855
2.46533 4.51703
2.51575 4.52551
2.56616 4.53399
2.61658 4.54247
2.667 4.55095
2.71741 4.55943
2.76783 4.5679
2.81824 4.57638
2.86866 4.58486
2.92036 4.58486
2.97207 4.58486
3.02377 4.58486
3.07548 4.58486
5.46038 6.0812
7.84529 6.0812
10.2302 6.0812
12.6151 6.0812
15.0 6.0812
0.0 0.491929
0.0490721 0.491929
0.0981443 0.506243
0.147216 0.520558
0.196289 0.534873
0.245361 0.549188
0.293775 0.549188
0.34219 0.814423
0.390604 1.07966
0.439018 1.34489
0.487433 1.61013
0.535847 1.87537
0.584262 2.1406
0.632676 2.40584
0.681091 2.67107
0.729505 2.93631
0.777919 3.20154
0.827255 3.20154
0.876591 3.28971
0.925927 3.37787
0.975262 3.46604
1.0246 3.5542
1.07393 3.64237
1.12327 3.73054
1.17261 3.8187
1.22194 3.90687
1.27128 3.99503
1.32061 4.0832
1.36995 4.17136
1.41928 4.25953
1.46862 4.34769
1.51723 4.34769
1.56585 4.37082
1.61446 4.39395
1.66308 4.41708
1.71169 4.44021
1.76031 4.46334
1.80892 4.48646
1.85753 4.50959
1.90615 4.53272
1.95476 4.55585
2.00338 4.57898
2.05199 4.60211
2.1006 4.62523
2.14922 4.64836
2.19783 4.67149
2.24645 4.69462
2.29619 4.69462
2.34592 4.69462
2.39566 4.69462
2.4454 4.69462
2.49514 4.69462
2.54487 4.69462
2.59461 4.69462
2.64435 4.69462
2.69409 4.69462
2.74382 4.69462
2.79356 4.69462
2.8433 4.69462
2.89304 4.69462
2.94277 4.69462
2.99251 4.69462
3.04225 4.69462
3.09199 4.69462
3.14172 4.69462
5.51338 6.1115
7.88503 6.1115
10.2567 6.1115
12.6283 6.1115
15.0 6.1115
0.0 0.495922
0.050702 0.495922
0.101404 0.509831
0.152106 0.523741
0.202808 0.53765
0.25351 0.55156
0.30068 0.55156
0.347851 0.994104
0.395021 1.43665
0.442192 1.87919
0.489363 2.32174
0.536533 2.76428
0.583704 3.20682
0.634607 3.20682
0.68551 3.26015
0.736413 3.31348
0.787316 3.36681
0.838219 3.42014
0.889122 3.47347
0.940025 3.52679
0.990928 3.58012
1.04183 3.63345
1.09273 3.68678
1.14364 3.74011
1.19454 3.79344
1.24544 3.84676
1.29635 3.90009
1.34725 3.95342
1.39815 4.00675
1.44906 4.06008
1.49996 4.11341
1.55086 4.16673
1.60177 4.22006
1.65267 4.27339
1.70357 4.32672
1.75447 4.38005
1.80631 4.38005
1.85815 4.41717
1.90998 4.45428
1.96182 4.4914
2.01365 4.52852
2.06549 4.56564
2.11733 4.60275
2.16916 4.63987
2.221 4.67699
2.27283 4.71411
2.32467 4.75122
2.37651 4.78834
2.426 4.78834
2.4755 4.78834
2.525 4.78834
2.5745 4.78834
2.62399 4.78834
2.67349 4.78834
2.72299 4.78834
2.77249 4.78834
2.82199 4.78834
2.87148 4.78834
2.92098 4.78834
2.97048 4.78834
5.37638 6.0358
7.78229 6.0358
10.1882 6.0358
12.5941 6.0358
15.0 6.0358
0.0 0.483488
0.0539661 0.483488
0.107932 0.502202
0.161898 0.520915
0.215865 0.539628
0.269831 0.558342
0.313955 0.558342
0.358079 1.86775
0.402204 3.17715
0.453486 3.17715
0.504769 3.25374
0.556051 3.33032
0.607334 3.40691
0.658616 3.48349
0.709899 3.56007
0.761181 3.63666
0.812464 3.71324
0.863747 3.78983
0.915029 3.86641
0.966312 3.94299
1.01759 4.01958
1.06888 4.09616
1.12016 4.17275
1.17144 4.24933
1.22272 4.32591
1.27401 4.4025
1.3221 4.4025
1.37019 4.43973
1.41829 4.47695
1.46638 4.51418
1.51448 4.55141
1.56257 4.58863
1.61066 4.62586
1.65876 4.66309
1.70685 4.70032
1.75495 4.73754
1.80544 4.73754
1.85593 4.73754
1.90642 4.73754
1.95691 4.73754
2.00741 4.73754
2.0579 4.73754
2.10839 4.73754
2.15888 4.73754
4.72711 6.00359
7.29533 6.00359
9.86355 6.00359
12.4318 6.00359
15.0 6.00359
0.0 0.499537
0.0467484 0.499537
0.0934969 0.509681
0.140245 0.519825
0.186994 0.52997
0.233742 0.540114
0.278947 0.540114
0.324152 1.42289
0.369357 2.30567
0.414562 3.18844
0.466049 3.18844
0.517537 3.28167
0.569025 3.37489
0.620513 3.46812
0.672 3.56135
0.723488 3.65457
0.774976 3.7478
0.826464 3.84102
0.877952 3.93425
0.929439 4.02748
0.980927 4.1207
1.03241 4.21393
1.0839 4.30715
1.13539 4.40038
1.18688 4.49361
1.23663 4.49361
1.28639 4.50381
1.33615 4.51402
1.3859 4.52423
1.43566 4.53444
1.48541 4.54464
1.53517 4.55485
1.58492 4.56506
1.63468 4.57527
1.68444 4.58548
1.73419 4.59568
1.78395 4.60589
1.8337 4.6161
1.88346 4.62631
1.93321 4.63651
1.98297 4.64672
2.03273 4.65693
2.08248 4.66714
2.13224 4.67734
2.18199 4.68755
2.23175 4.69776
2.2815 4.70797
2.33126 4.71817
2.38102 4.72838
2.43077 4.73859
2.48053 4.7488
2.53341 4.7488
2.58629 4.7488
2.63916 4.7488
5.11133 6.03867
7.5835 6.03867
10.0557 6.03867
12.5278 6.03867
15.0 6.03867
0.0 0.489715
0.0501292 0.489715
0.100258 0.505782
0.150388 0.521849
0.200517 0.537916
0.250646 0.553983
0.30217 0.553983
0.353694 0.945782
0.405218 1.33758
0.456741 1.72938
0.508265 2.12118
0.559789 2.51298
0.611313 2.90478
0.662837 3.29658
0.712849 3.29658
0.762861 3.35911
0.812873 3.42165
0.862885 3.48419
0.912897 3.54673
0.962909 3.60927
1.01292 3.67181
1.06293 3.73435
1.11295 3.79689
1.16296 3.85943
1.21297 3.92197
1.26298 3.98451
1.31299 4.04705
1.36301 4.10959
1.41302 4.17212
1.46303 4.23466
1.51304 4.2972
1.56305 4.35974
1.61307 4.42228
1.66308 4.48482
1.71345 4.48482
1.76381 4.49607
1.81418 4.50731
1.86455 4.51855
1.91492 4.5298
1.96529 4.54104
2.01566 4.55229
2.06602 4.56353
2.11639 4.57478
2.16676 4.58602
2.21713 4.59727
2.2675 4.60851
2.31787 4.61976
2.36823 4.631
2.4186 4.64225
2.46897 4.65349
2.51934 4.66474
2.56971 4.67598
2.62008 4.68722
2.67044 4.69847
2.72081 4.70971
2.77118 4.72096
2.82155 4.7322
2.87397 4.7322
2.92638 4.7322
2.9788 4.7322
3.03122 4.7322
3.08363 4.7322
3.13605 4.7322
3.18847 4.7322
5.55078 6.09733
7.91308 6.09733
10.2754 6.09733
12.6377 6.09733
15.0 6.09733
0.0 0.488241
0.0450009 0.488241
0.0900019 0.500176
0.135003 0.51211
0.180004 0.524044
0.225005 0.535979
0.275654 0.535979
0.326303 0.877231
0.376953 1.21848
0.427602 1.55974
0.478251 1.90099
0.528901 2.24224
0.57955 2.58349
0.630199 2.92475
0.680849 3.266
0.731441 3.266
0.782032 3.31432
0.832624 3.36263
0.883216 3.41095
0.933808 3.45927
0.9844 3.50759
1.03499 3.5559
1.08558 3.60422
1.13618 3.65254
1.18677 3.70086
1.23736 3.74918
1.28795 3.79749
1.33854 3.84581
1.38913 3.89413
1.43973 3.94245
1.49032 3.99077
1.54091 4.03908
1.5915 4.0874
1.64209 4.13572
1.69269 4.18404
1.74328 4.23235
1.79387 4.28067
1.84446 4.32899
1.89505 4.37731
1.94564 4.42563
1.9949 4.42563
2.04417 4.4369
2.09343 4.44818
2.14269 4.45946
2.19195 4.47074
2.24121 4.48201
2.29047 4.49329
2.33973 4.50457
2.38899 4.51585
2.43825 4.52712
2.48751 4.5384
2.53677 4.54968
2.58603 4.56095
2.63529 4.57223
2.68455 4.58351
2.73382 4.59479
2.78308 4.60606
2.83234 4.61734
2.8816 4.62862
2.93086 4.6399
2.98012 4.65117
3.02938 4.66245
3.07864 4.67373
3.1279 4.68501
3.17716 4.69628
3.22642 4.70756
3.27601 4.70756
3.3256 4.70756
3.37519 4.70756
3.42478 4.70756
3.47437 4.70756
3.52396 4.70756
3.57355 4.70756
3.62314 4.70756
3.67273 4.70756
3.72232 4.70756
3.77191 4.70756
6.57893 6.10964
9.38595 6.10964
12.193 6.10964
15.0 6.10964
0.0 0.492196
0.0541301 0.492196
0.10826 0.505275
0.16239 0.518354
0.21652 0.531433
0.264992 0.531433
0.313464 1.07858
0.361936 1.62573
0.410408 2.17288
0.458879 2.72003
0.507351 3.26718
0.558641 3.26718
0.609932 3.33402
0.661222 3.40086
0.712512 3.46769
0.763802 3.53453
0.815093 3.60136
0.866383 3.6682
0.917673 3.73503
0.968963 3.80187
1.02025 3.8687
1.07154 3.93554
1.12283 4.00238
1.17412 4.06921
1.22541 4.13605
1.2767 4.20288
1.32799 4.26972
1.37928 4.33655
1.42894 4.33655
1.47859 4.35267
1.52824 4.36879
1.5779 4.38491
1.62755 4.40103
1.6772 4.41715
1.72685 4.43326
1.77651 4.44938
1.82616 4.4655
1.87581 4.48162
1.92547 4.49774
1.97512 4.51386
2.02477 4.52998
2.07442 4.54609
2.12408 4.56221
2.17373 4.57833
2.22338 4.59445
2.27303 4.61057
2.32269 4.62669
2.37234 4.64281
2.42199 4.65892
2.47339 4.65892
2.52479 4.65892
2.57619 4.65892
2.62759 4.65892
2.67899 4.65892
2.73039 4.65892
2.78179 4.65892
2.83319 4.65892
5.26655 6.07008
7.69992 6.07008
10.1333 6.07008
12.5666 6.07008
15.0 6.07008
0.0 0.501332
0.0540275 0.501332
0.108055 0.510071
0.162082 0.518811
0.21611 0.52755
0.26846 0.52755
0.320809 1.44698
0.373159 2.36641
0.425509 3.28585
0.473999 3.28585
0.52249 3.38723
0.57098 3.48861
0.619471 3.59
0.667961 3.69138
0.716452 3.79276
0.764942 3.89415
0.813433 3.99553
0.861923 4.09692
0.910414 4.1983
0.958904 4.29968
1.00739 4.40107
1.05801 4.40107
1.10862 4.42795
1.15923 4.45483
1.20984 4.48171
1.26045 4.50858
1.31106 4.53546
1.36167 4.56234
1.41228 4.58922
1.46289 4.6161
1.5135 4.64298
1.56411 4.66986
1.61472 4.69674
1.66533 4.72362
1.71594 4.7505
1.7634 4.7505
1.81087 4.7505
1.85833 4.7505
1.90579 4.7505
1.95325 4.7505
2.00071 4.7505
2.04817 4.7505
2.09563 4.7505
4.67651 6.0113
7.25738 6.0113
9.83825 6.0113
12.4191 6.0113
15.0 6.0113
0.0 0.476847
0.0524292 0.476847
0.104858 0.496316
0.157288 0.515785
0.209717 0.535253
0.25845 0.535253
0.307183 0.874606
0.355916 1.21396
0.404648 1.55331
0.453381 1.89266
0.502114 2.23201
0.550847 2.57137
0.59958 2.91072
0.648313 3.25007
0.699275 3.25007
0.750237 3.34207
0.801199 3.43408
0.852161 3.52608
0.903123 3.61808
0.954086 3.71008
1.00505 3.80208
1.05601 3.89409
1.10697 3.98609
1.15793 4.07809
1.2089 4.17009
1.25986 4.2621
1.31082 4.3541
1.36178 4.4461
1.41175 4.4461
1.46171 4.47476
1.51168 4.50342
1.56165 4.53208
1.61161 4.56074
1.66158 4.5894
1.71154 4.61806
1.76151 4.64672
1.81147 4.67537
1.86144 4.70403
1.91141 4.73269
1.96137 4.76135
2.00968 4.76135
2.05798 4.76135
2.10629 4.76135
2.15459 4.76135
2.20289 4.76135
2.2512 4.76135
2.2995 4.76135
4.8396 6.03893
7.3797 6.03893
9.9198 6.03893
12.4599 6.03893
15.0 6.03893
0.0 0.485761
0.0531084 0.485761
0.106217 0.50513
0.159325 0.524499
0.212433 0.543868
0.263076 0.543868
0.313718 0.767682
0.36436 0.991496
0.415002 1.21531
0.465645 1.43912
0.516287 1.66294
0.566929 1.88675
0.617571 2.11056
0.668213 2.33438
0.718856 2.55819
0.769498 2.78201
0.82014 3.00582
0.870782 3.22963
0.920887 3.22963
0.970992 3.259
1.0211 3.28837
1.0712 3.31774
1.12131 3.34711
1.17141 3.37648
1.22152 3.40585
1.27162 3.43521
1.32173 3.46458
1.37183 3.49395
1.42194 3.52332
1.47204 3.55269
1.52215 3.58206
1.57225 3.61143
1.62236 3.6408
1.67246 3.67016
1.72257 3.69953
1.77267 3.7289
1.82278 3.75827
1.87288 3.78764
1.92299 3.81701
1.97309 3.84638
2.0232 3.87575
2.0733 3.90511
2.12341 3.93448
2.17351 3.96385
2.22362 3.99322
2.27372 4.02259
2.32383 4.05196
2.37394 4.08133
2.42404 4.1107
2.47415 4.14006
2.52425 4.16943
2.57436 4.1988
2.62446 4.22817
2.67457 4.25754
2.72467 4.28691
2.77478 4.31628
2.82488 4.34565
2.87499 4.37501
2.92509 4.40438
2.9752 4.43375
3.0253 4.46312
3.07662 4.46312
3.12793 4.57556
3.17925 4.68801
3.23056 4.80045
3.27936 4.80045
3.32815 4.80045
3.37695 4.80045
3.42574 4.80045
3.47454 4.80045
3.52334 4.80045
3.57213 4.80045
3.62093 4.80045
3.66972 4.80045
3.71852 4.80045
3.76731 4.80045
3.81611 4.80045
3.8649 4.80045
3.9137 4.80045
3.9625 4.80045
6.72187 5.97425
9.48125 5.97425
12.2406 5.97425
15.0 5.97425
0.0 0.499473
0.0542994 0.499473
0.108599 0.507356
0.162898 0.515239
0.213739 0.515239
0.26458 0.643379
0.315422 0.77152
0.366263 0.89966
0.417104 1.0278
0.467945 1.15594
0.518786 1.28408
0.569627 1.41222
0.620468 1.54036
0.671309 1.6685
0.72215 1.79664
0.772991 1.92478
0.823832 2.05293
0.874673 2.18107
0.925515 2.30921
0.976356 2.43735
1.0272 2.56549
1.07804 2.69363
1.12888 2.82177
1.17972 2.94991
1.23056 3.07805
1.2814 3.20619
1.33122 3.20619
1.38103 3.23323
1.43085 3.26028
1.48067 3.28732
1.53048 3.31436
1.5803 3.3414
1.63012 3.36845
1.67993 3.39549
1.72975 3.42253
1.77957 3.44958
1.82938 3.47662
1.8792 3.50366
1.92901 3.53071
1.97883 3.55775
2.02865 3.58479
2.07846 3.61183
2.12828 3.63888
2.1781 3.66592
2.22791 3.69296
2.27773 3.72001
2.32755 3.74705
2.37736 3.77409
2.42718 3.80113
2.477 3.82818
2.52681 3.85522
2.57663 3.88226
2.62644 3.90931
2.67626 3.93635
2.72608 3.96339
2.77589 3.99043
2.82571 4.01748
2.87553 4.04452
2.92534 4.07156
2.97516 4.09861
3.02498 4.12565
3.07479 4.15269
3.12461 4.17973
3.17442 4.20678
3.22424 4.23382
3.27406 4.26086
3.32387 4.28791
3.37369 4.31495
3.42351 4.34199
3.47332 4.36903
3.52314 4.39608
3.57296 4.42312
3.62277 4.45016
3.67259 4.47721
3.7224 4.50425
3.77222 4.53129
3.82362 4.53129
3.87501 4.55363
3.9264 4.57596
3.9778 4.59829
4.02919 4.62063
4.08059 4.64296
4.13198 4.66529
4.18338 4.68763
4.23477 4.70996
4.28617 4.73229
4.33756 4.75463
4.38895 4.77696
4.44035 4.7993
4.49174 4.82163
4.54314 4.84396
4.59283 4.84396
4.64253 4.84396
4.69223 4.84396
4.74192 4.84396
4.79162 4.84396
4.84132 4.84396
4.89101 4.84396
4.94071 4.84396
4.99041 4.84396
5.0401 4.84396
5.0898 4.84396
5.1395 4.84396
5.18919 4.84396
5.23889 4.84396
5.28859 4.84396
5.33828 4.84396
7.75371 6.09325
10.1691 6.09325
12.5846 6.09325
15.0 6.09325
0.0 0.486492
0.0489454 0.486492
0.0978909 0.497585
0.146836 0.508677
0.196249 0.508677
0.245661 0.638286
0.295073 0.767894
0.344486 0.897503
0.393898 1.02711
0.44331 1.15672
0.492723 1.28633
0.542135 1.41594
0.591547 1.54555
0.64096 1.67515
0.690372 1.80476
0.739784 1.93437
0.789197 2.06398
0.838609 2.19359
0.888021 2.3232
0.937434 2.4528
0.986846 2.58241
1.03626 2.71202
1.08567 2.84163
1.13508 2.97124
1.1845 3.10085
1.23391 3.23046
1.28392 3.23046
1.33394 3.26185
1.38396 3.29325
1.43398 3.32464
1.48399 3.35604
1.53401 3.38743
1.58403 3.41883
1.63405 3.45023
1.68406 3.48162
1.73408 3.51302
1.7841 3.54441
1.83411 3.57581
1.88413 3.6072
1.93415 3.6386
1.98417 3.67
2.03418 3.70139
2.0842 3.73279
2.13422 3.76418
2.18424 3.79558
2.23425 3.82697
2.28427 3.85837
2.33429 3.88977
2.3843 3.92116
2.43432 3.95256
2.48434 3.98395
2.53436 4.01535
2.58437 4.04674
2.63439 4.07814
2.68441 4.10954
2.73443 4.14093
2.78444 4.17233
2.83446 4.20372
2.88448 4.23512
2.93449 4.26651
2.98451 4.29791
3.03453 4.32931
3.08455 4.3607
3.13456 4.3921
3.18458 4.42349
3.2346 4.45489
3.28461 4.48628
3.33463 4.51768
3.38379 4.51768
3.43295 4.5457
3.4821 4.57373
3.53126 4.60175
3.58041 4.62978
3.62957 4.6578
3.67873 4.68582
3.72788 4.71385
3.77704 4.74187
3.8262 4.7699
3.87535 4.79792
3.92684 4.79792
3.97832 4.79792
4.0298 4.79792
4.08128 4.79792
4.13276 4.79792
4.18425 4.79792
4.23573 4.79792
4.28721 4.79792
4.33869 4.79792
4.39017 4.79792
4.44166 4.79792
7.08124 6.16861
9.72083 6.16861
12.3604 6.16861
15.0 6.16861
0.0 0.482296
0.0484477 0.482296
0.0968954 0.507266
0.145343 0.532236
0.193791 0.557206
0.244301 0.557206
0.294811 0.741341
0.345321 0.925475
0.395831 1.10961
0.446341 1.29374
0.496851 1.47788
0.547361 1.66201
0.597871 1.84615
0.648381 2.03028
0.698891 2.21442
0.749401 2.39855
0.799911 2.58269
0.850421 2.76682
0.900931 2.95096
0.951441 3.13509
1.00195 3.31922
1.05192 3.31922
1.10189 3.36015
1.15186 3.40107
1.20184 3.442
1.25181 3.48292
1.30178 3.52385
1.35175 3.56477
1.40172 3.60569
1.45169 3.64662
1.50166 3.68754
1.55164 3.72847
1.60161 3.76939
1.65158 3.81031
1.70155 3.85124
1.75152 3.89216
1.80149 3.93309
1.85146 3.97401
1.90143 4.01494
1.95141 4.05586
2.00138 4.09678
2.05135 4.13771
2.10132 4.17863
2.15129 4.21956
2.20126 4.26048
2.25123 4.3014
2.30121 4.34233
2.35118 4.38325
2.40115 4.42418
2.45112 4.4651
2.50109 4.50603
2.55113 4.50603
2.60116 4.54709
2.6512 4.58816
2.70123 4.62923
2.75127 4.6703
2.8013 4.71137
2.85134 4.75243
2.90137 4.7935
2.95201 4.7935
3.00264 4.7935
3.05328 4.7935
3.10391 4.7935
3.15454 4.7935
3.20518 4.7935
3.25581 4.7935
3.30644 4.7935
3.35708 4.7935
3.40771 4.7935
3.45834 4.7935
3.50898 4.7935
3.55961 4.7935
3.61024 4.7935
3.66088 4.7935
3.71151 4.7935
3.76215 4.7935
3.81278 4.7935
3.86341 4.7935
3.91405 4.7935
3.96468 4.7935
4.01531 4.7935
4.06595 4.7935
4.11658 4.7935
4.16721 4.7935
4.21785 4.7935
4.26848 4.7935
4.31911 4.7935
4.36975 4.7935
4.42038 4.7935
4.47101 4.7935
4.52165 4.7935
4.57228 4.7935
4.62292 4.7935
4.67355 4.7935
4.72418 4.7935
4.77482 4.7935
4.82545 4.7935
4.87608 4.7935
7.40706 6.20465
9.93804 6.20465
12.469 6.20465
15.0 6.20465
0.0 0.475739
0.0499297 0.475739
0.0998593 0.496566
0.149789 0.517392
0.199719 0.538219
0.249648 0.559046
0.299578 0.579872
0.349508 0.600699
0.40157 0.600699
0.453633 1.16744
0.505696 1.73418
0.557759 2.30091
0.609822 2.86765
0.658077 2.86765
0.706333 3.00826
0.754588 3.14887
0.802843 3.28948
0.851099 3.43009
0.899354 3.5707
0.94761 3.7113
0.995865 3.85191
1.04489 3.85191
1.09392 3.92275
1.14294 3.99359
1.19197 4.06443
1.241 4.13527
1.29002 4.20611
1.33905 4.27695
1.38808 4.34779
1.4371 4.41863
1.48613 4.48947
1.53516 4.5603
1.58418 4.63114
1.63321 4.70198
1.68224 4.77282
1.73118 4.77282
1.78013 4.77282
1.82908 4.77282
1.87803 4.77282
1.92698 4.77282
1.97592 4.77282
2.02487 4.77282
2.07382 4.77282
2.12277 4.77282
2.17171 4.77282
2.22066 4.77282
2.26961 4.77282
4.81569 4.89326
7.36177 4.89326
9.90784 4.89326
12.4539 4.89326
15.0 4.89326
0.0 0.494923
0.046004 0.494923
0.0920081 0.502276
0.138012 0.509629
0.184016 0.516982
0.23002 0.524335
0.276024 0.531688
0.321303 0.531688
0.366581 1.68336
0.411859 2.83503
0.460151 2.83503
0.508442 3.09061
0.556734 3.34619
0.605026 3.60177
0.653317 3.85735
0.703467 3.85735
0.753616 3.88897
0.803765 3.92059
0.853915 3.95221
0.904064 3.98384
0.954213 4.01546
1.00436 4.04708
1.05451 4.0787
1.10466 4.11032
1.15481 4.14194
1.20496 4.17356
1.25511 4.20519
1.30526 4.23681
1.35541 4.26843
1.40556 4.30005
1.45571 4.33167
1.50586 4.36329
1.556 4.39491
1.60615 4.42654
1.6563 4.45816
1.70645 4.48978
1.7566 4.5214
1.80675 4.55302
1.8569 4.58464
1.90705 4.61626
1.9572 4.64788
2.00735 4.67951
2.0575 4.71113
2.10765 4.74275
2.1578 4.77437
2.20795 4.80599
2.25809 4.83761
2.30732 4.83761
2.35654 4.83761
2.40576 4.83761
2.45498 4.83761
2.5042 4.83761
2.55343 4.83761
2.60265 4.83761
2.65187 4.83761
2.70109 4.83761
2.75031 4.83761
2.79954 4.83761
2.84876 4.83761
5.27901 4.8965
7.70925 4.8965
10.1395 4.8965
12.5698 4.8965
15.0 4.8965
0.0 0.50082
0.0453736 0.50082
0.0907472 0.503751
0.136121 0.506681
0.181494 0.509612
0.242546 0.509612
0.303597 2.84971
0.336479 2.84971
0.369361 3.84777
0.419085 3.84777
0.468809 3.88215
0.518532 3.91653
0.568256 3.95092
0.61798 3.9853
0.667704 4.01968
0.717428 4.05406
0.767152 4.08844
0.816875 4.12283
0.866599 4.15721
0.916323 4.19159
0.966047 4.22597
1.01577 4.26035
1.06549 4.29474
1.11522 4.32912
1.16494 4.3635
1.21467 4.39788
1.26439 4.43227
1.31411 4.46665
1.36384 4.50103
1.41356 4.53541
1.46329 4.56979
1.51301 4.60418
1.56273 4.63856
1.61246 4.67294
1.66218 4.70732
1.7119 4.7417
1.76163 4.77609
1.80918 4.77609
1.85672 4.77609
1.90427 4.77609
1.95182 4.77609
1.99937 4.77609
2.04691 4.77609
2.09446 4.77609
2.14201 4.77609
4.71361 4.82982
7.28521 4.82982
9.8568 4.82982
12.4284 4.82982
15.0 4.82982
0.0 0.4812
0.0553151 0.4812
0.11063 0.49649
0.165945 0.51178
0.22126 0.527069
0.270221 0.527069
0.319182 0.908216
0.368143 1.28936
0.417104 1.67051
0.466065 2.05166
0.515026 2.4328
0.563986 2.81395
0.599806 2.81395
0.635626 3.84969
0.684806 3.84969
0.733986 3.88168
0.783166 3.91367
0.832346 3.94567
0.881527 3.97766
0.930707 4.00965
0.979887 4.04164
1.02907 4.07363
1.07825 4.10562
1.12743 4.13762
1.17661 4.16961
1.22579 4.2016
1.27497 4.23359
1.32415 4.26558
1.37333 4.29758
1.42251 4.32957
1.47169 4.36156
1.52087 4.39355
1.57005 4.42554
1.61923 4.45753
1.66841 4.48953
1.71759 4.52152
1.76677 4.55351
1.81595 4.5855
1.86513 4.61749
1.91431 4.64948
1.96349 4.68148
2.01267 4.71347
2.06185 4.74546
2.10997 4.74546
2.15809 4.74546
2.20621 4.74546
2.25433 4.74546
2.30245 4.74546
2.35057 4.74546
2.39869 4.74546
2.44681 4.74546
2.49493 4.74546
2.54306 4.74546
2.59118 4.74546
2.6393 4.74546
2.68742 4.74546
5.14993 4.79244
7.61245 4.79244
10.075 4.79244
12.5375 4.79244
15.0 4.79244
0.0 0.500901
0.0465867 0.500901
0.0931734 0.50112
0.13976 0.501339
0.186347 0.501558
0.232934 0.501777
0.270486 0.501777
0.308038 2.93354
0.359159 2.93354
0.41028 3.00843
0.461401 3.08333
0.512522 3.15823
0.563643 3.23313
0.614764 3.30803
0.665885 3.38293
0.717006 3.45782
0.768127 3.53272
0.819248 3.60762
0.870369 3.68252
0.92149 3.75742
0.972344 3.75742
1.0232 3.81314
1.07405 3.86887
1.1249 3.9246
1.17576 3.98032
1.22661 4.03605
1.27746 4.09177
1.32832 4.1475
1.37917 4.20323
1.43002 4.25895
1.48088 4.31468
1.53173 4.37041
1.58258 4.42613
1.63344 4.48186
1.68429 4.53758
1.73514 4.59331
1.786 4.64904
1.83685 4.70476
1.8877 4.76049
1.94114 4.76049
1.99458 4.76049
2.04802 4.76049
2.10146 4.76049
2.15489 4.76049
2.20833 4.76049
2.26177 4.76049
4.80942 4.82366
7.35706 4.82366
9.90471 4.82366
12.4524 4.82366
15.0 4.82366
0.0 0.48013
0.0463187 0.48013
0.0926374 0.497254
0.138956 0.514378
0.185275 0.531501
0.231593 0.548625
0.275672 0.548625
0.31975 1.34909
0.363829 2.14955
0.407907 2.95002
0.458873 2.95002
0.50984 2.98853
0.560806 3.02704
0.611773 3.06555
0.662739 3.10406
0.713706 3.14257
0.764672 3.18108
0.815638 3.21958
0.866605 3.25809
0.917571 3.2966
0.968538 3.33511
1.0195 3.37362
1.07047 3.41213
1.12144 3.45064
1.1724 3.48915
1.22337 3.52766
1.27434 3.56617
1.3253 3.60468
1.37627 3.64319
1.42724 3.6817
1.4782 3.72021
1.52917 3.75872
1.57889 3.75872
1.62861 3.79365
1.67833 3.82859
1.72805 3.86353
1.77777 3.89847
1.82749 3.93341
1.87721 3.96835
1.92693 4.00329
1.97665 4.03823
2.02638 4.07316
2.0761 4.1081
2.12582 4.14304
2.17554 4.17798
2.22526 4.21292
2.27498 4.24786
2.3247 4.2828
2.37442 4.31773
2.42414 4.35267
2.47386 4.38761
2.52358 4.42255
2.5733 4.45749
2.62302 4.49243
2.67274 4.52737
2.72247 4.56231
2.77219 4.59724
2.82191 4.63218
2.87163 4.66712
2.92135 4.70206
2.97107 4.737
3.02277 4.737
3.07446 4.737
3.12616 4.737
3.17786 4.737
3.22955 4.737
3.28125 4.737
3.33295 4.737
3.38465 4.737
3.43634 4.737
3.48804 4.737
3.53974 4.737
3.59144 4.737
3.64313 4.737
3.69483 4.737
5.95586 4.86733
8.2169 4.86733
10.4779 4.86733
12.739 4.86733
15.0 4.86733
0.0 0.497743
0.0446242 0.497743
0.0892484 0.501911
0.133873 0.506079
0.178497 0.510246
0.2341 0.510246
0.289704 1.32138
0.345308 2.13252
0.400911 2.94365
0.450042 2.94365
0.499172 3.00618
0.548303 3.06872
0.597433 3.13125
0.646564 3.19378
0.695694 3.25631
0.744825 3.31884
0.793955 3.38137
0.843086 3.44391
0.892216 3.50644
0.941347 3.56897
0.990477 3.6315
1.03961 3.69403
1.08874 3.75656
1.13769 3.75656
1.18665 3.8037
1.23561 3.85084
1.28457 3.89798
1.33352 3.94512
1.38248 3.99225
1.43144 4.03939
1.48039 4.08653
1.52935 4.13367
1.57831 4.18081
1.62726 4.22794
1.67622 4.27508
1.72518 4.32222
1.77413 4.36936
1.82309 4.4165
1.87205 4.46363
1.92101 4.51077
1.96996 4.55791
2.01892 4.60505
2.06788 4.65218
2.11683 4.69932
2.1663 4.69932
2.21577 4.69932
2.26524 4.69932
2.31471 4.69932
2.36418 4.69932
2.41365 4.69932
2.46311 4.69932
2.51258 4.69932
2.56205 4.69932
2.61152 4.69932
2.66099 4.69932
2.71046 4.69932
2.75993 4.69932
2.8094 4.69932
2.85886 4.69932
2.90833 4.69932
2.9578 4.69932
3.00727 4.69932
3.05674 4.69932
3.10621 4.69932
3.15568 4.69932
5.52454 4.90045
7.89341 4.90045
10.2623 4.90045
12.6311 4.90045
15.0 4.90045
0.0 0.501046
0.0528865 0.501046
0.105773 0.504723
0.15866 0.5084
0.207267 0.5084
0.255875 0.669579
0.304482 0.830758
0.35309 0.991937
0.401698 1.15312
0.450305 1.3143
0.498913 1.47547
0.54752 1.63665
0.596128 1.79783
0.644735 1.95901
0.693343 2.12019
0.741951 2.28137
0.790558 2.44255
0.839166 2.60373
0.887773 2.76491
0.936381 2.92609
0.984977 2.92609
1.03357 2.98672
1.08217 3.04735
1.13077 3.10799
1.17936 3.16862
1.22796 3.22925
1.27656 3.28988
1.32515 3.35052
1.37375 3.41115
1.42234 3.47178
1.47094 3.53241
1.51954 3.59305
1.56813 3.65368
1.61673 3.71431
1.66533 3.77495
1.71579 3.77495
1.76625 3.82873
1.8167 3.88252
1.86716 3.93631
1.91762 3.99009
1.96808 4.04388
2.01854 4.09767
2.069 4.15145
2.11946 4.20524
2.16992 4.25903
2.22038 4.31281
2.27084 4.3666
2.3213 4.42039
2.37176 4.47417
2.42222 4.52796
2.47268 4.58175
2.52314 4.63553
2.5736 4.68932
2.62405 4.74311
2.67328 4.74311
2.72251 4.74311
2.77173 4.74311
2.82096 4.74311
2.87018 4.74311
2.91941 4.74311
2.96863 4.74311
3.01786 4.74311
3.06708 4.74311
3.11631 4.74311
3.16553 4.74311
3.21476 4.74311
3.26398 4.74311
3.31321 4.74311
3.36243 4.74311
3.41166 4.74311
3.46088 4.74311
3.51011 4.74311
3.55933 4.74311
3.60856 4.74311
3.65779 4.74311
3.70701 4.74311
3.75624 4.74311
3.80546 4.74311
3.85469 4.74311
6.64101 4.9239
9.42734 4.9239
12.2137 4.9239
15.0 4.9239
0.0 0.499829
0.0510207 0.499829
0.102041 0.504311
0.153062 0.508792
0.204083 0.513274
0.253994 0.513274
0.303905 0.651934
0.353816 0.790594
0.403726 0.929254
0.453637 1.06791
0.503548 1.20657
0.553459 1.34523
0.60337 1.48389
0.653281 1.62255
0.703192 1.76121
0.753103 1.89987
0.803013 2.03853
0.852924 2.17719
0.902835 2.31585
0.952746 2.45451
1.00266 2.59317
1.05257 2.73183
1.10248 2.87049
1.15239 3.00915
1.20071 3.00915
1.24903 3.1165
1.29734 3.22384
1.34566 3.33118
1.39398 3.43853
1.4423 3.54587
1.49062 3.65322
1.53894 3.76056
1.58956 3.76056
1.64019 3.80036
1.69081 3.84015
1.74144 3.87995
1.79207 3.91974
1.84269 3.95954
1.89332 3.99933
1.94395 4.03913
1.99457 4.07892
2.0452 4.11871
2.09583 4.15851
2.14645 4.1983
2.19708 4.2381
2.24771 4.27789
2.29833 4.31769
2.34896 4.35748
2.39959 4.39728
2.45021 4.43707
2.50084 4.47687
2.55147 4.51666
2.60209 4.55646
2.65272 4.59625
2.70335 4.63604
2.75397 4.67584
2.8046 4.71563
2.85523 4.75543
2.9045 4.75543
2.95377 4.75543
3.00304 4.75543
3.05231 4.75543
3.10158 4.75543
3.15085 4.75543
3.20012 4.75543
3.24939 4.75543
3.29866 4.75543
3.34793 4.75543
3.3972 4.75543
3.44648 4.75543
3.49575 4.75543
3.54502 4.75543
3.59429 4.75543
3.64356 4.75543
3.69283 4.75543
3.7421 4.75543
3.79137 4.75543
6.59353 4.86536
9.39569 4.86536
12.1978 4.86536
15.0 4.86536
0.0 0.49987
0.0531813 0.49987
0.106363 0.508287
0.159544 0.516705
0.212725 0.525122
0.264052 0.525122
0.31538 0.838979
0.366707 1.15284
0.418035 1.46669
0.469362 1.78055
0.520689 2.09441
0.572017 2.40826
0.623344 2.72212
0.674671 3.03598
0.725291 3.03598
0.775911 3.06824
0.826531 3.10049
0.877151 3.13275
0.92777 3.16501
0.97839 3.19726
1.02901 3.22952
1.07963 3.26178
1.13025 3.29404
1.18087 3.32629
1.23149 3.35855
1.28211 3.39081
1.33273 3.42306
1.38335 3.45532
1.43397 3.48758
1.48459 3.51984
1.53521 3.55209
1.58583 3.58435
1.63645 3.61661
1.68707 3.64887
1.73769 3.68112
1.78831 3.71338
1.83893 3.74564
1.88955 3.77789
1.94012 3.77789
1.9907 3.80811
2.04128 3.83833
2.09185 3.86855
2.14243 3.89876
2.19301 3.92898
2.24359 3.9592
2.29416 3.98941
2.34474 4.01963
2.39532 4.04985
2.44589 4.08007
2.49647 4.11028
2.54705 4.1405
2.59763 4.17072
2.6482 4.20093
2.69878 4.23115
2.74936 4.26137
2.79994 4.29158
2.85051 4.3218
2.90109 4.35202
2.95167 4.38224
3.00224 4.41245
3.05282 4.44267
3.1034 4.47289
3.15398 4.5031
3.20455 4.53332
3.25513 4.56354
3.30571 4.59376
3.35628 4.62397
3.40686 4.65419
3.45744 4.68441
3.50802 4.71462
3.55859 4.74484
3.60917 4.77506
3.66101 4.77506
3.71285 4.77506
3.76469 4.77506
3.81653 4.77506
3.86837 4.77506
6.65128 4.81355
9.43419 4.81355
12.2171 4.81355
15.0 4.81355
0.0 0.48046
0.0470106 0.48046
0.0940213 0.498496
0.141032 0.516531
0.188043 0.534567
0.235053 0.552602
0.283778 0.552602
0.332503 0.803642
0.381228 1.05468
0.429953 1.30572
0.478678 1.55676
0.527403 1.8078
0.576128 2.05884
0.624853 2.30988
0.673577 2.56092
0.722302 2.81196
0.771027 3.063
0.822225 3.063
0.873422 3.13105
0.92462 3.1991
0.975817 3.26716
1.02701 3.33521
1.07821 3.40326
1.12941 3.47132
1.18061 3.53937
1.2318 3.60742
1.283 3.67547
1.3342 3.74353
1.3854 3.81158
1.43485 3.81158
1.48431 3.83244
1.53377 3.85329
1.58322 3.87415
1.63268 3.895
1.68214 3.91586
1.73159 3.93671
1.78105 3.95757
1.83051 3.97843
1.87996 3.99928
1.92942 4.02014
1.97888 4.04099
2.02833 4.06185
2.07779 4.0827
2.12725 4.10356
2.1767 4.12442
2.22616 4.14527
2.27562 4.16613
2.32507 4.18698
2.37453 4.20784
2.42399 4.22869
2.47344 4.24955
2.5229 4.2704
2.57236 4.29126
2.62181 4.31212
2.67127 4.33297
2.72073 4.35383
2.77018 4.37468
2.81964 4.39554
2.8691 4.41639
2.91855 4.43725
2.96801 4.45811
3.01747 4.47896
3.06692 4.49982
3.11638 4.52067
3.16584 4.54153
3.21529 4.56238
3.26475 4.58324
3.31421 4.60409
3.36366 4.62495
3.41312 4.64581
3.46258 4.66666
3.51203 4.68752
3.56771 4.68752
3.62339 4.68752
3.67907 4.68752
3.73475 4.68752
5.9878 4.83205
8.24085 4.83205
10.4939 4.83205
12.7469 4.83205
15.0 4.83205
0.0 0.489147
0.0450163 0.489147
0.0900327 0.497013
0.135049 0.50488
0.180065 0.512746
0.230603 0.512746
0.28114 0.928438
0.331677 1.34413
0.382215 1.75982
0.432752 2.17551
0.483289 2.59121
0.533827 3.0069
0.585023 3.0069
0.636219 3.06802
0.687415 3.12915
0.738611 3.19027
0.789807 3.2514
0.841004 3.31252
0.8922 3.37365
0.943396 3.43477
0.994592 3.4959
1.04579 3.55702
1.09698 3.61815
1.14818 3.67927
1.19938 3.7404
1.25057 3.80152
1.30116 3.80152
1.35175 3.83257
1.40233 3.86361
1.45292 3.89465
1.50351 3.9257
1.5541 3.95674
1.60468 3.98778
1.65527 4.01883
1.70586 4.04987
1.75644 4.08092
1.80703 4.11196
1.85762 4.143
1.90821 4.17405
1.95879 4.20509
2.00938 4.23613
2.05997 4.26718
2.11056 4.29822
2.16114 4.32926
2.21173 4.36031
2.26232 4.39135
2.3129 4.42239
2.36349 4.45344
2.41408 4.48448
2.46467 4.51552
2.51525 4.54657
2.56584 4.57761
2.61643 4.60865
2.66701 4.6397
2.7176 4.67074
2.7661 4.67074
2.81459 4.67074
2.86309 4.67074
2.91159 4.67074
2.96008 4.67074
3.00858 4.67074
3.05707 4.67074
3.10557 4.67074
3.15407 4.67074
3.20256 4.67074
3.25106 4.67074
3.29956 4.67074
5.63964 4.77566
7.97973 4.77566
10.3198 4.77566
12.6599 4.77566
15.0 4.77566
0.0 0.494156
0.0527179 0.494156
0.105436 0.499732
0.158154 0.505309
0.210872 0.510885
0.261543 0.510885
0.312214 0.665088
0.362884 0.819291
0.413555 0.973495
0.464226 1.1277
0.514897 1.2819
0.565568 1.4361
0.616239 1.59031
0.66691 1.74451
0.717581 1.89872
0.768252 2.05292
0.818922 2.20712
0.869593 2.36133
0.920264 2.51553
0.970935 2.66973
1.02161 2.82394
1.07228 2.97814
1.11973 2.97814
1.16718 3.11207
1.21463 3.246
1.26208 3.37992
1.30953 3.51385
1.35698 3.64778
1.40443 3.78171
1.45546 3.78171
1.50649 3.82554
1.55752 3.86938
1.60855 3.91321
1.65959 3.95704
1.71062 4.00088
1.76165 4.04471
1.81268 4.08855
1.86371 4.13238
1.91474 4.17622
1.96578 4.22005
2.01681 4.26389
2.06784 4.30772
2.11887 4.35155
2.1699 4.39539
2.22093 4.43922
2.27197 4.48306
2.323 4.52689
2.37403 4.57073
2.42506 4.61456
2.47609 4.65839
2.52629 4.65839
2.57648 4.65839
2.62667 4.65839
2.67687 4.65839
2.72706 4.65839
2.77725 4.65839
2.82745 4.65839
2.87764 4.65839
2.92783 4.65839
2.97803 4.65839
3.02822 4.65839
5.42258 4.80808
7.81693 4.80808
10.2113 4.80808
12.6056 4.80808
15.0 4.80808
0.0 0.487023
0.0488088 0.487023
0.0976177 0.496973
0.146427 0.506922
0.195235 0.516871
0.24653 0.516871
0.297824 0.867472
0.349118 1.21807
0.400413 1.56867
0.451707 1.91928
0.503001 2.26988
0.554296 2.62048
0.60559 2.97108
0.651551 2.97108
0.697512 3.12434
0.743473 3.27761
0.789434 3.43087
0.835395 3.58413
0.881356 3.7374
0.932834 3.7374
0.984311 3.805
1.03579 3.87259
1.08727 3.94019
1.13874 4.00779
1.19022 4.07538
1.2417 4.14298
1.29318 4.21058
1.34465 4.27818
1.39613 4.34577
1.44761 4.41337
1.49909 4.48097
1.55056 4.54857
1.60204 4.61616
1.65124 4.61616
1.70044 4.61616
1.74964 4.61616
1.79884 4.61616
1.84804 4.61616
1.89723 4.61616
1.94643 4.61616
1.99563 4.61616
2.04483 4.61616
2.09403 4.61616
2.14323 4.61616
2.19243 4.61616
2.24163 4.61616
2.29083 4.61616
2.34003 4.61616
2.38922 4.61616
2.43842 4.61616
2.48762 4.61616
2.53682 4.61616
2.58602 4.61616
2.63522 4.61616
2.68442 4.61616
5.14753 4.77745
7.61065 4.77745
10.0738 4.77745
12.5369 4.77745
15.0 4.77745
0.0 0.492803
0.0482253 0.492803
0.0964506 0.499292
0.144676 0.50578
0.192901 0.512269
0.239973 0.512269
0.287045 0.859763
0.334117 1.20726
0.381189 1.55475
0.428261 1.90225
0.475333 2.24974
0.522405 2.59723
0.569477 2.94473
0.617964 2.94473
0.66645 3.00119
0.714937 3.05766
0.763424 3.11413
0.811911 3.1706
0.860398 3.22706
0.908885 3.28353
0.957372 3.34
1.00586 3.39647
1.05435 3.45293
1.10283 3.5094
1.15132 3.56587
1.19981 3.62233
1.24829 3.6788
1.29678 3.73527
1.34804 3.73527
1.39929 3.78791
1.45055 3.84055
1.5018 3.8932
1.55306 3.94584
1.60431 3.99848
1.65557 4.05112
1.70682 4.10377
1.75808 4.15641
1.80933 4.20905
1.86059 4.2617
1.91184 4.31434
1.9631 4.36698
2.01435 4.41962
2.06561 4.47227
2.11686 4.52491
2.16812 4.57755
2.21893 4.57755
2.26975 4.57755
2.32056 4.57755
2.37138 4.57755
2.42219 4.57755
2.47301 4.57755
2.52382 4.57755
2.57464 4.57755
2.62545 4.57755
2.67627 4.57755
2.72708 4.57755
2.7779 4.57755
2.82871 4.57755
2.87953 4.57755
2.93034 4.57755
2.98116 4.57755
3.03197 4.57755
3.08279 4.57755
5.46623 4.78069
7.84967 4.78069
10.2331 4.78069
12.6166 4.78069
15.0 4.78069
0.0 0.50312
0.0556382 0.50312
0.111276 0.506377
0.166915 0.509635
0.222553 0.512892
0.261682 0.512892
0.30081 2.91154
0.350095 2.91154
0.399379 2.98023
0.448663 3.04891
0.497948 3.11759
0.547232 3.18627
0.596516 3.25495
0.645801 3.32363
0.695085 3.39231
0.744369 3.46099
0.793654 3.52967
0.842938 3.59835
0.892222 3.66703
0.941506 3.73571
0.990791 3.80439
1.04116 3.80439
1.09153 3.89131
1.14191 3.97823
1.19228 4.06514
1.24265 4.15206
1.29302 4.23898
1.34339 4.32589
1.39377 4.41281
1.44414 4.49972
1.49451 4.58664
1.54436 4.58664
1.59421 4.58664
1.64405 4.58664
1.6939 4.58664
1.74375 4.58664
1.7936 4.58664
1.84344 4.58664
1.89329 4.58664
1.94314 4.58664
1.99299 4.58664
2.04283 4.58664
2.09268 4.58664
2.14253 4.58664
4.71402 4.76554
7.28552 4.76554
9.85701 4.76554
12.4285 4.76554
15.0 4.76554
0.0 0.49815
0.053672 0.49815
0.107344 0.502576
0.161016 0.507001
0.214688 0.511426
0.27702 0.511426
0.339352 2.97505
0.389674 2.97505
0.439996 3.01229
0.490318 3.04952
0.54064 3.08675
0.590962 3.12398
0.641285 3.16122
0.691607 3.19845
0.741929 3.23568
0.792251 3.27292
0.842573 3.31015
0.892895 3.34738
0.943217 3.38462
0.993539 3.42185
1.04386 3.45908
1.09418 3.49632
1.14451 3.53355
1.19483 3.57078
1.24515 3.60801
1.29547 3.64525
1.34579 3.68248
1.39612 3.71971
1.4462 3.71971
1.49628 3.7976
1.54637 3.87548
1.59645 3.95336
1.64654 4.03124
1.69662 4.10912
1.74671 4.18701
1.79679 4.26489
1.84688 4.34277
1.89696 4.42065
1.94705 4.49853
1.99713 4.57641
2.04722 4.6543
2.09314 4.6543
2.13907 4.6543
2.185 4.6543
2.23093 4.6543
2.27685 4.6543
4.82148 4.7796
7.36611 4.7796
9.91074 4.7796
12.4554 4.7796
15.0 4.7796
0.0 0.490044
0.0471632 0.490044
0.0943264 0.500847
0.14149 0.51165
0.188653 0.522453
0.235816 0.533256
0.292939 0.533256
0.350061 2.93441
0.400295 2.93441
0.450529 2.97552
0.500764 3.01663
0.550998 3.05773
0.601232 3.09884
0.651466 3.13994
0.7017 3.18105
0.751934 3.22216
0.802169 3.26326
0.852403 3.30437
0.902637 3.34547
0.952871 3.38658
1.00311 3.42769
1.05334 3.46879
1.10357 3.5099
1.15381 3.55101
1.20404 3.59211
1.25428 3.63322
1.30451 3.67432
1.35474 3.71543
1.40498 3.75654
1.45521 3.79764
1.50448 3.79764
1.55374 3.86837
1.603 3.93909
1.65227 4.00982
1.70153 4.08054
1.75079 4.15127
1.80006 4.22199
1.84932 4.29272
1.89858 4.36344
1.94785 4.43417
1.99711 4.50489
2.04638 4.57562
2.09564 4.64634
2.1449 4.71707
2.19467 4.71707
2.24443 4.71707
2.29419 4.71707
2.34396 4.71707
2.39372 4.71707
2.44349 4.71707
2.49325 4.71707
2.54301 4.71707
2.59278 4.71707
2.64254 4.71707
2.69231 4.71707
5.15384 4.78071
7.61538 4.78071
10.0769 4.78071
12.5385 4.78071
15.0 4.78071
0.0 0.473381
0.0461573 0.473381
0.0923147 0.489452
0.138472 0.505522
0.184629 0.521593
0.230787 0.537664
0.276944 0.553735
0.324245 0.553735
0.371546 1.34566
0.418846 2.13758
0.466147 2.92951
0.516808 2.92951
0.567469 2.98689
0.61813 3.04428
0.668791 3.10166
0.719452 3.15905
0.770113 3.21644
0.820774 3.27382
0.871435 3.33121
0.922096 3.38859
0.972757 3.44598
1.02342 3.50336
1.07408 3.56075
1.12474 3.61813
1.1754 3.67552
1.22606 3.73291
1.27672 3.79029
1.32398 3.79029
1.37123 3.95931
1.41848 4.12834
1.46574 4.29736
1.51299 4.46638
1.56024 4.6354
1.60892 4.6354
1.65759 4.6354
1.70627 4.6354
1.75494 4.6354
1.80362 4.6354
1.85229 4.6354
1.90097 4.6354
1.94964 4.6354
1.99832 4.6354
2.04699 4.6354
4.63759 4.77625
7.2282 4.77625
9.8188 4.77625
12.4094 4.77625
15.0 4.77625
0.0 0.493093
0.0500139 0.493093
0.100028 0.506217
0.150042 0.519341
0.200055 0.532465
0.250069 0.545589
0.295027 0.545589
0.339984 1.32228
0.384941 2.09897
0.429898 2.87567
0.481197 2.87567
0.532496 2.94535
0.583796 3.01504
0.635095 3.08472
0.686394 3.15441
0.737693 3.22409
0.788992 3.29378
0.840291 3.36346
0.89159 3.43315
0.942889 3.50283
0.994188 3.57252
1.04549 3.64221
1.09679 3.71189
1.14809 3.78158
1.19991 3.78158
1.25173 3.8525
1.30356 3.92342
1.35538 3.99435
1.40721 4.06527
1.45903 4.13619
1.51086 4.20711
1.56268 4.27804
1.61451 4.34896
1.66633 4.41988
1.71816 4.49081
1.76998 4.56173
1.82181 4.63265
1.87202 4.63265
1.92224 4.63265
1.97245 4.63265
2.02267 4.63265
2.07289 4.63265
2.1231 4.63265
2.17332 4.63265
4.73865 4.83827
7.30399 4.83827
9.86933 4.83827
12.4347 4.83827
15.0 4.83827
0.0 0.483848
0.0484558 0.483848
0.0969116 0.499216
0.145367 0.514584
0.193823 0.529952
0.242279 0.54532
0.297596 0.54532
0.352913 1.34571
0.40823 2.1461
0.463548 2.94649
0.51446 2.94649
0.565372 3.01695
0.616285 3.0874
0.667197 3.15786
0.71811 3.22832
0.769022 3.29877
0.819935 3.36923
0.870847 3.43968
0.921759 3.51014
0.972672 3.58059
1.02358 3.65105
1.0745 3.72151
1.12541 3.79196
1.17488 3.79196
1.22435 3.88143
1.27382 3.9709
1.3233 4.06037
1.37277 4.14984
1.42224 4.2393
1.47171 4.32877
1.52118 4.41824
1.57065 4.50771
1.62013 4.59718
1.6696 4.68664
1.72043 4.68664
1.77127 4.68664
1.82211 4.68664
1.87294 4.68664
1.92378 4.68664
1.97462 4.68664
2.02545 4.68664
2.07629 4.68664
2.12713 4.68664
2.17796 4.68664
2.2288 4.68664
2.27964 4.68664
2.33047 4.68664
2.38131 4.68664
4.90505 4.87685
7.42879 4.87685
9.95252 4.87685
12.4763 4.87685
15.0 4.87685
0.0 0.471801
0.0504022 0.471801
0.100804 0.493415
0.151207 0.515028
0.201609 0.536642
0.252011 0.558256
0.298833 0.558256
0.345656 1.15756
0.392478 1.75687
0.4393 2.35617
0.486123 2.95548
0.538066 2.95548
0.590009 3.0292
0.641953 3.10293
0.693896 3.17665
0.74584 3.25038
0.797783 3.3241
0.849727 3.39783
0.90167 3.47156
0.953614 3.54528
1.00556 3.61901
1.0575 3.69273
1.10944 3.76646
1.15716 3.76646
1.20487 3.8775
1.25259 3.98854
1.3003 4.09958
1.34802 4.21061
1.39573 4.32165
1.44345 4.43269
1.49116 4.54373
1.53888 4.65477
1.58884 4.65477
1.6388 4.65477
1.68876 4.65477
1.73872 4.65477
1.78867 4.65477
1.83863 4.65477
1.88859 4.65477
1.93855 4.65477
1.98851 4.65477
2.03847 4.65477
2.08843 4.65477
2.13839 4.65477
2.18835 4.65477
2.23831 4.65477
2.28827 4.65477
2.33823 4.65477
2.38819 4.65477
2.43815 4.65477
2.48811 4.65477
2.53807 4.65477
2.58802 4.65477
2.63798 4.65477
2.68794 4.65477
2.7379 4.65477
2.78786 4.65477
2.83782 4.65477
2.88778 4.65477
2.93774 4.65477
2.9877 4.65477
3.03766 4.65477
3.08762 4.65477
3.13758 4.65477
5.51006 4.82408
7.88255 4.82408
10.255 4.82408
12.6275 4.82408
15.0 4.82408
0.0 0.492466
0.0508588 0.492466
0.101718 0.493449
0.152576 0.494431
0.205365 0.494431
0.258154 0.841488
0.310943 1.18855
0.363732 1.5356
0.416521 1.88266
0.46931 2.22972
0.522099 2.57677
0.574888 2.92383
0.623695 2.92383
0.672503 2.98899
0.72131 3.05415
0.770118 3.11931
0.818925 3.18447
0.867733 3.24963
0.91654 3.31479
0.965348 3.37994
1.01416 3.4451
1.06296 3.51026
1.11177 3.57542
1.16058 3.64058
1.20939 3.70574
1.25819 3.7709
1.30877 3.7709
1.35935 3.82248
1.40994 3.87407
1.46052 3.92565
1.5111 3.97724
1.56168 4.02882
1.61226 4.08041
1.66284 4.13199
1.71342 4.18358
1.764 4.23516
1.81458 4.28675
1.86516 4.33833
1.91574 4.38992
1.96632 4.4415
2.0169 4.49308
2.06748 4.54467
2.11806 4.59625
2.16865 4.64784
2.21906 4.64784
2.26947 4.64784
2.31988 4.64784
2.37029 4.64784
2.4207 4.64784
2.47111 4.64784
2.52152 4.64784
2.57193 4.64784
2.62234 4.64784
2.67275 4.64784
2.72316 4.64784
2.77357 4.64784
2.82399 4.64784
2.8744 4.64784
2.92481 4.64784
2.97522 4.64784
3.02563 4.64784
3.07604 4.64784
3.12645 4.64784
3.17686 4.64784
3.22727 4.64784
3.27768 4.64784
3.32809 4.64784
3.3785 4.64784
3.42891 4.64784
3.47933 4.64784
3.52974 4.64784
3.58015 4.64784
3.63056 4.64784
3.68097 4.64784
3.73138 4.64784
3.78179 4.64784
3.8322 4.64784
3.88261 4.64784
6.66196 4.75346
9.44131 4.75346
12.2207 4.75346
15.0 4.75346
0.0 0.495102
0.0542314 0.495102
0.108463 0.498793
0.162694 0.502484
0.216926 0.506175
0.270235 0.506175
0.323544 1.10254
0.376853 1.6989
0.430162 2.29526
0.483471 2.89162
0.535945 2.89162
0.588418 2.99945
0.640892 3.10728
0.693366 3.21511
0.745839 3.32294
0.798313 3.43077
0.850786 3.5386
0.90326 3.64643
0.955734 3.75426
1.00391 3.75426
1.05209 3.83384
1.10027 3.91343
1.14845 3.99301
1.19663 4.0726
1.24481 4.15219
1.29299 4.23177
1.34117 4.31136
1.38935 4.39095
1.43753 4.47053
1.48571 4.55012
1.53389 4.6297
1.58266 4.6297
1.63144 4.6297
1.68022 4.6297
1.72899 4.6297
1.77777 4.6297
1.82655 4.6297
1.87532 4.6297
1.9241 4.6297
1.97288 4.6297
2.02165 4.6297
2.07043 4.6297
2.11921 4.6297
2.16798 4.6297
2.21676 4.6297
2.26554 4.6297
2.31431 4.6297
2.36309 4.6297
2.41186 4.6297
2.46064 4.6297
4.96851 4.64613
7.47638 4.64613
9.98426 4.64613
12.4921 4.64613
15.0 4.64613
0.0 0.47985
0.0542698 0.47985
0.10854 0.492543
0.162809 0.505236
0.212321 0.505236
0.261833 0.703028
0.311345 0.90082
0.360857 1.09861
0.410369 1.2964
0.45988 1.4942
0.509392 1.69199
0.558904 1.88978
0.608416 2.08757
0.657928 2.28537
0.70744 2.48316
0.756952 2.68095
0.806463 2.87874
0.857906 2.87874
0.909348 2.93033
0.96079 2.98191
1.01223 3.0335
1.06368 3.08509
1.11512 3.13667
1.16656 3.18826
1.218 3.23984
1.26944 3.29143
1.32089 3.34302
1.37233 3.3946
1.42377 3.44619
1.47521 3.49777
1.52666 3.54936
1.5781 3.60094
1.62954 3.65253
1.68453 3.65253
1.73952 3.8803
1.79452 4.10808
1.84951 4.33585
1.9045 4.56362
1.95357 4.56362
2.00265 4.56362
2.05172 4.56362
2.10079 4.56362
2.14987 4.56362
2.19894 4.56362
2.24802 4.56362
2.29709 4.56362
2.34616 4.56362
2.39524 4.56362
2.44431 4.56362
2.49338 4.56362
2.54246 4.56362
2.59153 4.56362
2.6406 4.56362
2.68968 4.56362
2.73875 4.56362
2.78782 4.56362
2.8369 4.56362
2.88597 4.56362
2.93505 4.56362
2.98412 4.56362
3.03319 4.56362
3.08227 4.56362
3.13134 4.56362
3.18041 4.56362
5.54433 4.67007
7.90825 4.67007
10.2722 4.67007
12.6361 4.67007
15.0 4.67007
0.0 0.502427
0.0455821 0.502427
0.0911642 0.50465
0.136746 0.506872
0.182328 0.509094
0.233081 0.509094
0.283833 0.705493
0.334586 0.901893
0.385338 1.09829
0.436091 1.29469
0.486843 1.49109
0.537596 1.68749
0.588348 1.88389
0.6391 2.08029
0.689853 2.27669
0.740605 2.47309
0.791358 2.66949
0.84211 2.86589
0.891767 2.86589
0.941424 2.92452
0.991081 2.98315
1.04074 3.04178
1.0904 3.10042
1.14005 3.15905
1.18971 3.21768
1.23937 3.27632
1.28902 3.33495
1.33868 3.39358
1.38834 3.45221
1.43799 3.51085
1.48765 3.56948
1.53731 3.62811
1.58697 3.68674
1.63803 3.68674
1.68909 3.74819
1.74016 3.80964
1.79122 3.87108
1.84228 3.93253
1.89335 3.99398
1.94441 4.05542
1.99547 4.11687
2.04654 4.17831
2.0976 4.23976
2.14866 4.30121
2.19973 4.36265
2.25079 4.4241
2.30185 4.48554
2.35292 4.54699
2.40398 4.60844
2.45332 4.60844
2.50266 4.60844
2.55201 4.60844
2.60135 4.60844
2.65069 4.60844
2.70004 4.60844
2.74938 4.60844
2.79872 4.60844
2.84807 4.60844
2.89741 4.60844
2.94675 4.60844
2.99609 4.60844
3.04544 4.60844
3.09478 4.60844
3.14412 4.60844
3.19347 4.60844
3.24281 4.60844
3.29215 4.60844
3.34149 4.60844
3.39084 4.60844
3.44018 4.60844
3.48952 4.60844
5.79162 4.69729
8.09371 4.69729
10.3958 4.69729
12.6979 4.69729
15.0 4.69729
0.0 0.483817
0.0455004 0.483817
0.0910009 0.493846
0.136501 0.503874
0.182002 0.513903
0.232545 0.513903
0.283089 0.845913
0.333632 1.17792
0.384176 1.50993
0.434719 1.84194
0.485263 2.17395
0.535806 2.50596
0.58635 2.83797
0.636164 2.83797
0.685978 2.85997
0.735792 2.88197
0.785606 2.90397
0.83542 2.92596
0.885234 2.94796
0.935048 2.96996
0.984861 2.99196
1.03468 3.01396
1.08449 3.03596
1.1343 3.05795
1.18412 3.07995
1.23393 3.10195
1.28375 3.12395
1.33356 3.14595
1.38337 3.16794
1.43319 3.18994
1.483 3.21194
1.53281 3.23394
1.58263 3.25594
1.63244 3.27794
1.68226 3.29993
1.73207 3.32193
1.78188 3.34393
1.8317 3.36593
1.88151 3.38793
1.93133 3.40992
1.98114 3.43192
2.03095 3.45392
2.08077 3.47592
2.13058 3.49792
2.1804 3.51992
2.23021 3.54191
2.28002 3.56391
2.32984 3.58591
2.37965 3.60791
2.42947 3.62991
2.47928 3.65191
2.52909 3.65191
2.5789 3.74271
2.62871 3.83352
2.67852 3.92433
2.72833 4.01514
2.77814 4.10595
2.82795 4.19675
2.87776 4.28756
2.92757 4.37837
2.97738 4.46918
3.02719 4.55999
3.077 4.65079
3.12887 4.65079
3.18074 4.65079
3.23261 4.65079
3.28448 4.65079
3.33635 4.65079
5.66908 4.6707
8.00181 4.6707
10.3345 4.6707
12.6673 4.6707
15.0 4.6707
0.0 0.493424
0.0531906 0.493424
0.106381 0.507899
0.159572 0.522375
0.212762 0.536851
0.263953 0.536851
0.315143 0.743789
0.366333 0.950728
0.417523 1.15767
0.468713 1.3646
0.519904 1.57154
0.571094 1.77848
0.622284 1.98542
0.673474 2.19236
0.724664 2.3993
0.775854 2.60623
0.827045 2.81317
0.877338 2.81317
0.927631 2.83416
0.977924 2.85515
1.02822 2.87614
1.07851 2.89714
1.1288 2.91813
1.1791 2.93912
1.22939 2.96011
1.27968 2.9811
1.32998 3.00209
1.38027 3.02308
1.43056 3.04407
1.48086 3.06506
1.53115 3.08605
1.58144 3.10704
1.63174 3.12803
1.68203 3.14902
1.73232 3.17001
1.78262 3.191
1.83291 3.21199
1.8832 3.23298
1.9335 3.25397
1.98379 3.27497
2.03408 3.29596
2.08438 3.31695
2.13467 3.33794
2.18496 3.35893
2.23526 3.37992
2.28555 3.40091
2.33584 3.4219
2.38614 3.44289
2.43643 3.46388
2.48672 3.48487
2.53702 3.50586
2.58731 3.52685
2.6376 3.54784
2.6879 3.56883
2.73819 3.58982
2.78848 3.61081
2.83827 3.61081
2.88806 3.65869
2.93785 3.70657
2.98764 3.75445
3.03743 3.80232
3.08722 3.8502
3.13701 3.89808
3.1868 3.94596
3.23659 3.99383
3.28638 4.04171
3.33617 4.08959
3.38596 4.13747
3.43575 4.18534
3.48554 4.23322
3.53533 4.2811
3.58512 4.32898
3.63491 4.37685
3.6847 4.42473
3.73449 4.47261
3.78428 4.52049
3.83407 4.56836
3.88386 4.61624
3.93737 4.61624
3.99089 4.61624
4.04441 4.61624
4.09793 4.61624
4.15145 4.61624
4.20497 4.61624
4.25849 4.61624
6.94387 4.7023
9.62924 4.7023
12.3146 4.7023
15.0 4.7023
0.0 0.495802
0.0553683 0.495802
0.110737 0.50322
0.166105 0.510638
0.221473 0.518056
0.274902 0.518056
0.328331 1.62495
0.38176 2.73184
0.431276 2.73184
0.480792 2.75068
0.530308 2.76951
0.579825 2.78835
0.629341 2.80718
0.678857 2.82602
0.728373 2.84486
0.777889 2.86369
0.827405 2.88253
0.876921 2.90136
0.926437 2.9202
0.975953 2.93903
1.02547 2.95787
1.07499 2.97671
1.1245 2.99554
1.17402 3.01438
1.22353 3.03321
1.27305 3.05205
1.32257 3.07088
1.37208 3.08972
1.4216 3.10856
1.47111 3.12739
1.52063 3.14623
1.57015 3.16506
1.61966 3.1839
1.66918 3.20273
1.71869 3.22157
1.76821 3.2404
1.81773 3.25924
1.86724 3.27808
1.91676 3.29691
1.96628 3.31575
2.01579 3.33458
2.06531 3.35342
2.11482 3.37225
2.16434 3.39109
2.21386 3.40993
2.26337 3.42876
2.31289 3.4476
2.3624 3.46643
2.41192 3.48527
2.46144 3.5041
2.51095 3.52294
2.56047 3.54178
2.60998 3.56061
2.6595 3.57945
2.71009 3.57945
2.76068 3.66553
2.81127 3.75162
2.86185 3.83771
2.91244 3.9238
2.96303 4.00988
3.01362 4.09597
3.06421 4.18206
3.1148 4.26815
3.16538 4.35423
3.21597 4.44032
3.26656 4.52641
3.31715 4.6125
3.36612 4.6125
3.41509 4.6125
3.46406 4.6125
3.51303 4.6125
3.562 4.6125
3.61097 4.6125
3.65994 4.6125
3.70891 4.6125
3.75788 4.6125
3.80685 4.6125
6.60514 4.72519
9.40342 4.72519
12.2017 4.72519
15.0 4.72519
0.0 0.468249
0.0532841 0.468249
0.106568 0.492639
0.159852 0.517028
0.213136 0.541418
0.263048 0.541418
0.312959 0.980222
0.362871 1.41902
0.412782 1.85783
0.462693 2.29663
0.512605 2.73544
0.561894 2.73544
0.611183 2.77423
0.660473 2.81303
0.709762 2.85182
0.759051 2.89062
0.808341 2.92941
0.85763 2.96821
0.906919 3.00701
0.956208 3.0458
1.0055 3.0846
1.05479 3.12339
1.10408 3.16219
1.15337 3.20098
1.20265 3.23978
1.25194 3.27858
1.30123 3.31737
1.35052 3.35617
1.39981 3.39496
1.4491 3.43376
1.49839 3.47255
1.54768 3.51135
1.59697 3.55015
1.64626 3.58894
1.69555 3.62774
1.7459 3.62774
1.79626 3.67491
1.84662 3.72208
1.89697 3.76924
1.94733 3.81641
1.99768 3.86358
2.04804 3.91075
2.0984 3.95792
2.14875 4.00509
2.19911 4.05226
2.24946 4.09943
2.29982 4.1466
2.35018 4.19377
2.40053 4.24094
2.45089 4.28811
2.50125 4.33528
2.5516 4.38245
2.60196 4.42962
2.65231 4.47679
2.70267 4.52395
2.75303 4.57112
2.80501 4.57112
2.85699 4.57112
2.90897 4.57112
2.96095 4.57112
3.01293 4.57112
3.06491 4.57112
5.45193 4.72091
7.83895 4.72091
10.226 4.72091
12.613 4.72091
15.0 4.72091
0.0 0.507045
0.0483416 0.507045
0.0966833 0.510624
0.145025 0.514203
0.193367 0.517782
0.241708 0.521361
0.294395 0.521361
0.347082 0.962672
0.399769 1.40398
0.452456 1.84529
0.505143 2.2866
0.55783 2.72791
0.607226 2.72791
0.656622 2.75464
0.706018 2.78136
0.755414 2.80809
0.804809 2.83481
0.854205 2.86154
0.903601 2.88826
0.952997 2.91499
1.00239 2.94171
1.05179 2.96844
1.10118 2.99516
1.15058 3.02189
1.19998 3.04861
1.24937 3.07534
1.29877 3.10206
1.34816 3.12878
1.39756 3.15551
1.44696 3.18223
1.49635 3.20896
1.54575 3.23568
1.59514 3.26241
1.64454 3.28913
1.69393 3.31586
1.74333 3.34258
1.79273 3.36931
1.84212 3.39603
1.89152 3.42276
1.94091 3.44948
1.99031 3.47621
2.03971 3.50293
2.0891 3.52966
2.1385 3.55638
2.18789 3.58311
2.23729 3.60983
2.28799 3.60983
2.3387 3.65789
2.3894 3.70595
2.4401 3.75401
2.49081 3.80208
2.54151 3.85014
2.59221 3.8982
2.64291 3.94626
2.69362 3.99432
2.74432 4.04238
2.79502 4.09044
2.84573 4.13851
2.89643 4.18657
2.94713 4.23463
2.99784 4.28269
3.04854 4.33075
3.09924 4.37881
3.14995 4.42688
3.20065 4.47494
3.25135 4.523
3.30206 4.57106
3.35398 4.57106
3.4059 4.57106
3.45782 4.57106
5.76626 4.79656
8.07469 4.79656
10.3831 4.79656
12.6916 4.79656
15.0 4.79656
0.0 0.485405
0.0549532 0.485405
0.109906 0.502119
0.164859 0.518833
0.219813 0.535547
0.274766 0.552262
0.321553 0.552262
0.36834 1.1022
0.415127 1.65213
0.461914 2.20207
0.508702 2.752
0.558469 2.752
0.608236 2.79129
0.658004 2.83058
0.707771 2.86988
0.757538 2.90917
0.807306 2.94846
0.857073 2.98775
0.906841 3.02704
0.956608 3.06633
1.00638 3.10563
1.05614 3.14492
1.10591 3.18421
1.15568 3.2235
1.20544 3.26279
1.25521 3.30209
1.30498 3.34138
1.35475 3.38067
1.40451 3.41996
1.45428 3.45925
1.50405 3.49854
1.55382 3.53784
1.60358 3.57713
1.65174 3.57713
1.6999 3.66018
1.74807 3.74324
1.79623 3.82629
1.84439 3.90934
1.89255 3.9924
1.94071 4.07545
1.98887 4.15851
2.03703 4.24156
2.08519 4.32462
2.13335 4.40767
2.18151 4.49073
2.22967 4.57378
2.27465 4.57378
2.31963 4.57378
2.3646 4.57378
4.89168 4.75378
7.41876 4.75378
9.94584 4.75378
12.4729 4.75378
15.0 4.75378
0.0 0.486699
0.0481605 0.486699
0.0963211 0.493341
0.144482 0.499982
0.192642 0.506624
0.24596 0.506624
0.299278 1.06978
0.352596 1.63294
0.405914 2.1961
0.459232 2.75926
0.509484 2.75926
0.559736 2.82669
0.609989 2.89412
0.660241 2.96154
0.710493 3.02897
0.760745 3.0964
0.810998 3.16382
0.86125 3.23125
0.911502 3.29868
0.961754 3.3661
1.01201 3.43353
1.06226 3.50096
1.11251 3.56838
1.16276 3.63581
1.21287 3.63581
1.26298 3.76615
1.31308 3.89648
1.36319 4.02682
1.41329 4.15716
1.4634 4.28749
1.51351 4.41783
1.56361 4.54816
1.61372 4.6785
1.66495 4.6785
1.71618 4.6785
1.76742 4.6785
1.81865 4.6785
1.86988 4.6785
1.92111 4.6785
1.97235 4.6785
2.02358 4.6785
2.07481 4.6785
2.12605 4.6785
2.17728 4.6785
2.22851 4.6785
2.27974 4.6785
2.33098 4.6785
4.86478 4.71496
7.39859 4.71496
9.93239 4.71496
12.4662 4.71496
15.0 4.71496
0.0 0.498816
0.0488971 0.498816
0.0977941 0.500691
0.146691 0.502566
0.195588 0.50444
0.243775 0.50444
0.291962 0.826557
0.340148 1.14867
0.388335 1.47079
0.436522 1.7929
0.484708 2.11502
0.532895 2.43714
0.581082 2.75925
0.631574 2.75925
0.682066 2.80403
0.732559 2.84882
0.783051 2.8936
0.833543 2.93838
0.884036 2.98316
0.934528 3.02794
0.98502 3.07272
1.03551 3.1175
1.086 3.16228
1.1365 3.20706
1.18699 3.25184
1.23748 3.29663
1.28797 3.34141
1.33847 3.38619
1.38896 3.43097
1.43945 3.47575
1.48994 3.52053
1.54044 3.56531
1.58924 3.56531
1.63805 3.62236
1.68686 3.67941
1.73566 3.73646
1.78447 3.79351
1.83327 3.85055
1.88208 3.9076
1.93089 3.96465
1.97969 4.0217
2.0285 4.07875
2.07731 4.1358
2.12611 4.19284
2.17492 4.24989
2.22373 4.30694
2.27253 4.36399
2.32134 4.42104
2.37015 4.47809
2.41895 4.53514
2.46818 4.53514
2.5174 4.53514
2.56663 4.53514
2.61585 4.53514
2.66508 4.53514
2.7143 4.53514
2.76352 4.53514
2.81275 4.53514
2.86197 4.53514
2.9112 4.53514
2.96042 4.53514
3.00965 4.53514
3.05887 4.53514
3.1081 4.53514
5.48648 4.69231
7.86486 4.69231
10.2432 4.69231
12.6216 4.69231
15.0 4.69231
0.0 0.494355
0.0474098 0.494355
0.0948196 0.495793
0.142229 0.497231
0.189639 0.498669
0.237787 0.498669
0.285934 0.831256
0.334082 1.16384
0.38223 1.49643
0.430377 1.82902
0.478525 2.1616
0.526673 2.49419
0.57482 2.82677
0.625132 2.82677
0.675445 2.94761
0.725757 3.06845
0.776069 3.18928
0.826382 3.31012
0.876694 3.43095
0.927006 3.55179
0.976586 3.55179
1.02617 3.5742
1.07574 3.59661
1.12532 3.61903
1.1749 3.64144
1.22448 3.66386
1.27406 3.68627
1.32364 3.70868
1.37322 3.7311
1.4228 3.75351
1.47238 3.77592
1.52196 3.79834
1.57154 3.82075
1.62112 3.84317
1.6707 3.86558
1.72028 3.88799
1.76986 3.91041
1.81944 3.93282
1.86902 3.95523
1.9186 3.97765
1.96818 4.00006
2.01776 4.02248
2.06733 4.04489
2.11691 4.0673
2.16649 4.08972
2.21607 4.11213
2.26565 4.13455
2.31523 4.15696
2.36481 4.17937
2.41439 4.20179
2.46397 4.2242
2.51355 4.24661
2.56313 4.26903
2.61271 4.29144
2.66229 4.31386
2.71187 4.33627
2.76145 4.35868
2.81103 4.3811
2.86061 4.40351
2.91019 4.42592
2.95977 4.44834
3.00935 4.47075
3.05892 4.49317
3.1085 4.51558
3.15883 4.51558
3.20916 4.51558
3.25949 4.51558
3.30982 4.51558
3.36015 4.51558
3.41048 4.51558
3.46081 4.51558
3.51114 4.51558
3.56147 4.51558
3.6118 4.51558
3.66213 4.51558
3.71246 4.51558
3.76279 4.51558
3.81312 4.51558
6.60984 4.70084
9.40656 4.70084
12.2033 4.70084
15.0 4.70084
0.0 0.471434
0.0531241 0.471434
0.106248 0.489097
0.159372 0.50676
0.212497 0.524423
0.259506 0.524423
0.306515 0.858955
0.353525 1.19349
0.400534 1.52802
0.447544 1.86255
0.494553 2.19709
0.541563 2.53162
0.588572 2.86615
0.640182 2.86615
0.691793 2.96092
0.743403 3.05568
0.795013 3.15045
0.846624 3.24521
0.898234 3.33998
0.949844 3.43474
1.00145 3.52951
1.05186 3.52951
1.10226 3.56576
1.15266 3.602
1.20307 3.63825
1.25347 3.6745
1.30387 3.71075
1.35428 3.747
1.40468 3.78325
1.45508 3.8195
1.50549 3.85575
1.55589 3.892
1.60629 3.92825
1.6567 3.9645
1.7071 4.00075
1.7575 4.037
1.8079 4.07324
1.85831 4.10949
1.90871 4.14574
1.95911 4.18199
2.00952 4.21824
2.05992 4.25449
2.11032 4.29074
2.16073 4.32699
2.21113 4.36324
2.26153 4.39949
2.31194 4.43574
2.36234 4.47199
2.41274 4.50824
2.46315 4.54448
2.51258 4.54448
2.56201 4.54448
2.61145 4.54448
2.66088 4.54448
2.71031 4.54448
2.75975 4.54448
2.80918 4.54448
2.85861 4.54448
2.90805 4.54448
5.32644 4.71512
7.74483 4.71512
10.1632 4.71512
12.5816 4.71512
15.0 4.71512
0.0 0.483731
0.0511701 0.483731
0.10234 0.499579
0.15351 0.515426
0.20468 0.531273
0.25585 0.54712
0.305881 0.54712
0.355912 0.933132
0.405943 1.31914
0.455974 1.70515
0.506005 2.09117
0.556036 2.47718
0.606067 2.86319
0.657116 2.86319
0.708165 2.92657
0.759214 2.98996
0.810263 3.05334
0.861313 3.11673
0.912362 3.18011
0.963411 3.2435
1.01446 3.30688
1.06551 3.37027
1.11656 3.43365
1.16761 3.49704
1.21838 3.49704
1.26914 3.53937
1.31991 3.58171
1.37068 3.62404
1.42145 3.66638
1.47222 3.70872
1.52299 3.75105
1.57375 3.79339
1.62452 3.83572
1.67529 3.87806
1.72606 3.92039
1.77683 3.96273
1.8276 4.00506
1.87837 4.0474
1.92913 4.08973
1.9799 4.13207
2.03067 4.17441
2.08144 4.21674
2.13221 4.25908
2.18298 4.30141
2.23374 4.34375
2.28451 4.38608
2.33528 4.42842
2.38605 4.47075
2.43682 4.51309
2.48545 4.51309
2.53409 4.51309
2.58272 4.51309
2.63135 4.51309
2.67999 4.51309
2.72862 4.51309
2.77726 4.51309
2.82589 4.51309
2.87452 4.51309
2.92316 4.51309
2.97179 4.51309
3.02043 4.51309
5.41634 4.58818
7.81226 4.58818
10.2082 4.58818
12.6041 4.58818
15.0 4.58818
0.0 0.474585
0.0481945 0.474585
0.0963889 0.496082
0.144583 0.517579
0.192778 0.539076
0.240972 0.560573
0.292611 0.560573
0.344249 1.13908
0.395888 1.71758
0.447526 2.29609
0.499164 2.8746
0.548591 2.8746
0.598017 2.89711
0.647443 2.91962
0.69687 2.94214
0.746296 2.96465
0.795722 2.98716
0.845149 3.00968
0.894575 3.03219
0.944001 3.0547
0.993428 3.07722
1.04285 3.09973
1.09228 3.12224
1.14171 3.14476
1.19113 3.16727
1.24056 3.18978
1.28999 3.2123
1.33941 3.23481
1.38884 3.25733
1.43826 3.27984
1.48769 3.30235
1.53712 3.32487
1.58654 3.34738
1.63597 3.36989
1.6854 3.39241
1.73482 3.41492
1.78425 3.43743
1.83368 3.45995
1.88345 3.45995
1.93323 3.52752
1.98301 3.5951
2.03279 3.66268
2.08257 3.73026
2.13234 3.79783
2.18212 3.86541
2.2319 3.93299
2.28168 4.00057
2.33146 4.06814
2.38123 4.13572
2.43101 4.2033
2.48079 4.27088
2.53057 4.33845
2.58035 4.40603
2.63012 4.47361
2.6799 4.54118
2.73035 4.54118
2.7808 4.54118
2.83125 4.54118
2.8817 4.54118
2.93214 4.54118
2.98259 4.54118
5.38607 4.56946
7.78956 4.56946
10.193 4.56946
12.5965 4.56946
15.0 4.56946
0.0 0.49607
0.0456224 0.49607
0.0912448 0.503571
0.136867 0.511071
0.18249 0.518572
0.228112 0.526073
0.278388 0.526073
0.328664 0.818529
0.378941 1.11098
0.429217 1.40344
0.479493 1.6959
0.529769 1.98835
0.580045 2.28081
0.630321 2.57326
0.680598 2.86572
0.731743 2.86572
0.782888 2.9304
0.834032 2.99508
0.885177 3.05976
0.936322 3.12443
0.987467 3.18911
1.03861 3.25379
1.08976 3.31847
1.1409 3.38315
1.19205 3.44783
1.24104 3.44783
1.29004 3.52669
1.33903 3.60556
1.38803 3.68442
1.43702 3.76329
1.48602 3.84215
1.53501 3.92102
1.58401 3.99988
1.633 4.07875
1.68199 4.15762
1.73099 4.23648
1.77998 4.31535
1.82898 4.39421
1.87797 4.47308
1.92488 4.47308
1.97179 4.47308
2.0187 4.47308
2.06561 4.47308
2.11252 4.47308
4.69002 4.49401
7.26751 4.49401
9.84501 4.49401
12.4225 4.49401
15.0 4.49401
0.0 0.481431
0.0487725 0.481431
0.0975449 0.496767
0.146317 0.512103
0.19509 0.527439
0.243862 0.542775
0.293133 0.542775
0.342404 1.00916
0.391676 1.47555
0.440947 1.94193
0.490218 2.40832
0.539489 2.8747
0.590257 2.8747
0.641026 2.91516
0.691795 2.95562
0.742563 2.99608
0.793332 3.03654
0.844101 3.077
0.894869 3.11746
0.945638 3.15792
0.996406 3.19838
1.04718 3.23884
1.09794 3.2793
1.14871 3.31976
1.19948 3.36022
1.25025 3.40068
1.30102 3.44114
1.35179 3.4816
1.40256 3.52206
1.45158 3.52206
1.5006 3.6075
1.54963 3.69294
1.59865 3.77838
1.64767 3.86382
1.69669 3.94926
1.74572 4.0347
1.79474 4.12014
1.84376 4.20558
1.89279 4.29102
1.94181 4.37646
1.99083 4.4619
2.03791 4.4619
2.08498 4.4619
2.13206 4.4619
2.17913 4.4619
2.2262 4.4619
2.27328 4.4619
4.81862 4.47632
7.36397 4.47632
9.90931 4.47632
12.4547 4.47632
15.0 4.47632
0.0 0.484968
0.0527891 0.484968
0.105578 0.499381
0.158367 0.513794
0.211156 0.528207
0.263945 0.54262
0.313769 0.54262
0.363593 0.878147
0.413417 1.21367
0.463241 1.5492
0.513064 1.88473
0.562888 2.22025
0.612712 2.55578
0.662536 2.89131
0.712461 2.89131
0.762386 2.91929
0.812311 2.94726
0.862236 2.97524
0.912162 3.00322
0.962087 3.03119
1.01201 3.05917
1.06194 3.08715
1.11186 3.11513
1.16179 3.1431
1.21171 3.17108
1.26164 3.19906
1.31156 3.22704
1.36149 3.25501
1.41141 3.28299
1.46134 3.31097
1.51126 3.33894
1.56119 3.36692
1.61111 3.3949
1.66104 3.42288
1.71096 3.45085
1.76089 3.47883
1.81081 3.50681
1.86074 3.53479
1.91066 3.56276
1.96077 3.56276
2.01088 3.63509
2.06098 3.70741
2.11109 3.77973
2.16119 3.85206
2.2113 3.92438
2.26141 3.99671
2.31151 4.06903
2.36162 4.14135
2.41172 4.21368
2.46183 4.286
2.51194 4.35833
2.56204 4.43065
2.60939 4.43065
2.65675 4.43065
2.7041 4.43065
2.75145 4.43065
2.7988 4.43065
2.84615 4.43065
5.27692 4.4457
7.70769 4.4457
10.1385 4.4457
12.5692 4.4457
15.0 4.4457
0.0 0.473361
0.0517659 0.473361
0.103532 0.492507
0.155298 0.511654
0.207064 0.5308
0.254865 0.5308
0.302666 0.83181
0.350468 1.13282
0.398269 1.43383
0.446071 1.73484
0.493872 2.03585
0.541674 2.33686
0.589475 2.63787
0.637276 2.93888
0.684521 2.93888
0.731765 3.07084
0.779009 3.20279
0.826254 3.33475
0.873498 3.4667
0.920742 3.59866
0.971367 3.59866
1.02199 3.62976
1.07262 3.66085
1.12324 3.69195
1.17387 3.72305
1.22449 3.75415
1.27512 3.78525
1.32574 3.81634
1.37637 3.84744
1.42699 3.87854
1.47762 3.90964
1.52824 3.94073
1.57887 3.97183
1.62949 4.00293
1.68012 4.03403
1.73074 4.06512
1.78136 4.09622
1.83199 4.12732
1.88261 4.15842
1.93324 4.18951
1.98386 4.22061
2.03449 4.25171
2.08511 4.28281
2.13574 4.3139
2.18636 4.345
2.23699 4.3761
2.28494 4.3761
2.33289 4.3761
2.38084 4.3761
2.42879 4.3761
2.47674 4.3761
4.98139 4.48848
7.48604 4.48848
9.99069 4.48848
12.4953 4.48848
15.0 4.48848
0.0 0.483683
0.0489453 0.483683
0.0978906 0.491997
0.146836 0.500312
0.195781 0.508626
0.243426 0.508626
0.29107 0.858243
0.338715 1.20786
0.386359 1.55748
0.434004 1.90709
0.481648 2.25671
0.529293 2.60633
0.576937 2.95595
0.626664 2.95595
0.676391 3.18023
0.726118 3.40451
0.775845 3.6288
0.825719 3.6288
0.875593 3.66207
0.925467 3.69534
0.975341 3.72862
1.02521 3.76189
1.07509 3.79516
1.12496 3.82843
1.17484 3.8617
1.22471 3.89498
1.27458 3.92825
1.32446 3.96152
1.37433 3.99479
1.42421 4.02806
1.47408 4.06134
1.52395 4.09461
1.57383 4.12788
1.6237 4.16115
1.67358 4.19442
1.72345 4.2277
1.77332 4.26097
1.8232 4.29424
1.87307 4.32751
1.92295 4.36079
1.97282 4.39406
2.02269 4.42733
2.07141 4.42733
2.12012 4.42733
2.16883 4.42733
2.21754 4.42733
2.26626 4.42733
2.31497 4.42733
2.36368 4.42733
2.41239 4.42733
2.46111 4.42733
2.50982 4.42733
5.00785 4.52043
7.50589 4.52043
10.0039 4.52043
12.502 4.52043
15.0 4.52043
0.0 0.49225
0.0539682 0.49225
0.107936 0.497295
0.161905 0.502339
0.215873 0.507383
0.263207 0.507383
0.310542 1.33116
0.357876 2.15494
0.405211 2.97872
0.456935 2.97872
0.50866 3.13131
0.560384 3.28389
0.612109 3.43648
0.663834 3.58906
0.714026 3.58906
0.764218 3.63276
0.81441 3.67646
0.864602 3.72017
0.914794 3.76387
0.964986 3.80757
1.01518 3.85127
1.06537 3.89497
1.11556 3.93867
1.16575 3.98237
1.21595 4.02607
1.26614 4.06977
1.31633 4.11347
1.36652 4.15717
1.41671 4.20087
1.46691 4.24457
1.5171 4.28827
1.56729 4.33197
1.61748 4.37567
1.66594 4.37567
1.71439 4.37567
1.76284 4.37567
1.8113 4.37567
1.85975 4.37567
1.9082 4.37567
1.95666 4.37567
2.00511 4.37567
2.05356 4.37567
2.10202 4.37567
2.15047 4.37567
2.19892 4.37567
2.24738 4.37567
2.29583 4.37567
2.34428 4.37567
2.39274 4.37567
4.91419 4.59644
7.43564 4.59644
9.95709 4.59644
12.4785 4.59644
15.0 4.59644
0.0 0.477939
0.0466709 0.477939
0.0933419 0.495333
0.140013 0.512726
0.186684 0.530119
0.233355 0.547513
0.28147 0.547513
0.329585 0.899847
0.3777 1.25218
0.425815 1.60452
0.47393 1.95685
0.522045 2.30918
0.57016 2.66152
0.618275 3.01385
0.666444 3.01385
0.714614 3.06009
0.762784 3.10634
0.810953 3.15258
0.859123 3.19882
0.907292 3.24506
0.955462 3.2913
1.00363 3.33754
1.0518 3.38378
1.09997 3.43002
1.14814 3.47627
1.19631 3.52251
1.24448 3.56875
1.29499 3.56875
1.3455 3.59506
1.39601 3.62137
1.44652 3.64769
1.49703 3.674
1.54754 3.70031
1.59804 3.72663
1.64855 3.75294
1.69906 3.77925
1.74957 3.80557
1.80008 3.83188
1.85059 3.85819
1.9011 3.88451
1.95161 3.91082
2.00212 3.93713
2.05263 3.96345
2.10314 3.98976
2.15365 4.01607
2.20416 4.04239
2.25466 4.0687
2.30517 4.09501
2.35568 4.12132
2.40619 4.14764
2.4567 4.17395
2.50721 4.20026
2.55772 4.22658
2.60823 4.25289
2.65874 4.2792
2.70925 4.30552
2.75976 4.33183
2.81027 4.35814
2.86078 4.38446
2.91128 4.41077
2.96179 4.43708
3.0123 4.4634
3.06281 4.48971
3.11191 4.48971
3.161 4.48971
3.2101 4.48971
3.25919 4.48971
3.30829 4.48971
3.35738 4.48971
3.40648 4.48971
3.45558 4.48971
3.50467 4.48971
3.55377 4.48971
3.60286 4.48971
3.65196 4.48971
3.70105 4.48971
5.96084 4.58957
8.22063 4.58957
10.4804 4.58957
12.7402 4.58957
15.0 4.58957
0.0 0.48772
0.0471473 0.48772
0.0942947 0.494744
0.141442 0.501768
0.188589 0.508792
0.235737 0.515816
0.287809 0.515816
0.339881 1.34332
0.391953 2.17083
0.444025 2.99834
0.491035 2.99834
0.538046 3.08304
0.585056 3.16774
0.632066 3.25244
0.679077 3.33714
0.726087 3.42184
0.773098 3.50654
0.820108 3.59124
0.869233 3.59124
0.918358 3.64149
0.967482 3.69174
1.01661 3.74199
1.06573 3.79225
1.11486 3.8425
1.16398 3.89275
1.21311 3.943
1.26223 3.99325
1.31136 4.0435
1.36048 4.09375
1.40961 4.144
1.45873 4.19425
1.50785 4.2445
1.55698 4.29476
1.6061 4.34501
1.65523 4.39526
1.70435 4.44551
1.75348 4.49576
1.80598 4.49576
1.85848 4.49576
1.91098 4.49576
1.96348 4.49576
2.01599 4.49576
2.06849 4.49576
2.12099 4.49576
4.69679 4.66389
7.27259 4.66389
9.8484 4.66389
12.4242 4.66389
15.0 4.66389
0.0 0.479208
0.046541 0.479208
0.093082 0.49479
0.139623 0.510372
0.186164 0.525954
0.232705 0.541535
0.278854 0.541535
0.325003 1.02482
0.371152 1.5081
0.4173 1.99138
0.463449 2.47466
0.509598 2.95795
0.561195 2.95795
0.612791 3.02552
0.664388 3.09309
0.715984 3.16066
0.767581 3.22823
0.819177 3.2958
0.870774 3.36337
0.92237 3.43094
0.973967 3.49851
1.02556 3.56609
1.07475 3.56609
1.12394 3.60274
1.17312 3.63939
1.22231 3.67603
1.2715 3.71268
1.32069 3.74933
1.36987 3.78598
1.41906 3.82263
1.46825 3.85928
1.51743 3.89593
1.56662 3.93258
1.61581 3.96923
1.66499 4.00588
1.71418 4.04253
1.76337 4.07918
1.81256 4.11583
1.86174 4.15248
1.91093 4.18913
1.96012 4.22578
2.0093 4.26243
2.05849 4.29908
2.10768 4.33573
2.15686 4.37238
2.20605 4.40903
2.25524 4.44568
2.30443 4.48233
2.35361 4.51898
2.40855 4.51898
2.46349 4.51898
2.51844 4.51898
2.57338 4.51898
5.0587 4.67503
7.54403 4.67503
10.0294 4.67503
12.5147 4.67503
15.0 4.67503
0.0 0.47605
0.0522766 0.47605
0.104553 0.494126
0.15683 0.512201
0.209106 0.530276
0.257544 0.530276
0.305983 0.778777
0.354421 1.02728
0.402859 1.27578
0.451297 1.52428
0.499736 1.77278
0.548174 2.02128
0.596612 2.26978
0.64505 2.51828
0.693489 2.76678
0.741927 3.01528
0.792023 3.01528
0.842119 3.04009
0.892215 3.06489
0.942311 3.0897
0.992408 3.1145
1.0425 3.1393
1.0926 3.16411
1.1427 3.18891
1.19279 3.21372
1.24289 3.23852
1.29298 3.26333
1.34308 3.28813
1.39318 3.31293
1.44327 3.33774
1.49337 3.36254
1.54347 3.38735
1.59356 3.41215
1.64366 3.43696
1.69375 3.46176
1.74385 3.48656
1.79395 3.51137
1.84466 3.51137
1.89537 3.54217
1.94608 3.57298
1.99679 3.60378
2.0475 3.63459
2.09821 3.66539
2.14892 3.6962
2.19963 3.727
2.25034 3.7578
2.30105 3.78861
2.35176 3.81941
2.40247 3.85022
2.45318 3.88102
2.50389 3.91183
2.5546 3.94263
2.60531 3.97344
2.65602 4.00424
2.70674 4.03504
2.75745 4.06585
2.80816 4.09665
2.85887 4.12746
2.90958 4.15826
2.96029 4.18907
3.011 4.21987
3.06171 4.25068
3.11242 4.28148
3.16313 4.31229
3.21384 4.34309
3.26455 4.37389
3.31526 4.4047
3.36597 4.4355
3.41668 4.46631
3.46343 4.46631
3.51019 4.46631
3.55694 4.46631
3.60369 4.46631
3.65044 4.46631
3.69719 4.46631
3.74394 4.46631
5.99515 4.61672
8.24637 4.61672
10.4976 4.61672
12.7488 4.61672
15.0 4.61672
0.0 0.48348
0.0462581 0.48348
0.0925162 0.496456
0.138774 0.509431
0.185032 0.522407
0.231291 0.535383
0.277549 0.548359
0.335847 0.548359
0.394146 1.77034
0.452444 2.99233
0.5019 2.99233
0.551356 3.0117
0.600812 3.03106
0.650269 3.05043
0.699725 3.06979
0.749181 3.08916
0.798637 3.10852
0.848093 3.12789
0.897549 3.14725
0.947005 3.16662
0.996462 3.18598
1.04592 3.20535
1.09537 3.22471
1.14483 3.24408
1.19429 3.26344
1.24374 3.28281
1.2932 3.30217
1.34265 3.32154
1.39211 3.3409
1.44157 3.36027
1.49102 3.37963
1.54048 3.399
1.58994 3.41836
1.63939 3.43773
1.68885 3.45709
1.7383 3.47646
1.78776 3.49582
1.83757 3.49582
1.88738 3.51586
1.93719 3.53591
1.987 3.55595
2.03682 3.576
2.08663 3.59604
2.13644 3.61608
2.18625 3.63613
2.23606 3.65617
2.28587 3.67621
2.33568 3.69626
2.38549 3.7163
2.4353 3.73635
2.48512 3.75639
2.53493 3.77643
2.58474 3.79648
2.63455 3.81652
2.68436 3.83657
2.73417 3.85661
2.78398 3.87665
2.83379 3.8967
2.88361 3.91674
2.93342 3.93678
2.98323 3.95683
3.03304 3.97687
3.08285 3.99692
3.13266 4.01696
3.18247 4.037
3.23228 4.05705
3.28209 4.07709
3.33191 4.09713
3.38172 4.11718
3.43153 4.13722
3.48134 4.15727
3.53115 4.17731
3.58096 4.19735
3.63077 4.2174
3.68058 4.23744
3.73039 4.25748
3.78021 4.27753
3.83002 4.29757
3.87983 4.31762
3.92964 4.33766
3.97945 4.3577
4.02926 4.37775
4.07907 4.39779
4.12888 4.41783
4.17869 4.43788
4.22851 4.45792
4.27832 4.47797
4.32813 4.49801
4.37714 4.49801
4.42615 4.49801
4.47516 4.49801
4.52418 4.49801
7.14313 4.56037
9.76209 4.56037
12.381 4.56037
15.0 4.56037
0.0 0.47242
0.0518711 0.47242
0.103742 0.495468
0.155613 0.518515
0.207485 0.541563
0.256876 0.541563
0.306267 0.821771
0.355658 1.10198
0.405049 1.38219
0.45444 1.66239
0.503832 1.9426
0.553223 2.22281
0.602614 2.50302
0.652005 2.78323
0.701396 3.06343
0.750949 3.06343
0.800501 3.08681
0.850054 3.11018
0.899606 3.13355
0.949159 3.15692
0.998712 3.18029
1.04826 3.20367
1.09782 3.22704
1.14737 3.25041
1.19692 3.27378
1.24647 3.29716
1.29603 3.32053
1.34558 3.3439
1.39513 3.36727
1.44468 3.39064
1.49424 3.41402
1.54379 3.43739
1.59334 3.46076
1.64289 3.48413
1.69245 3.5075
1.74253 3.5075
1.7926 3.53633
1.84268 3.56516
1.89276 3.59399
1.94284 3.62282
1.99292 3.65165
2.04299 3.68048
2.09307 3.70931
2.14315 3.73814
2.19323 3.76697
2.24331 3.7958
2.29338 3.82463
2.34346 3.85346
2.39354 3.88229
2.44362 3.91112
2.4937 3.93995
2.54377 3.96878
2.59385 3.99761
2.64393 4.02644
2.69401 4.05527
2.74409 4.0841
2.79416 4.11293
2.84424 4.14176
2.89432 4.17059
2.9444 4.19942
2.99448 4.22825
3.04455 4.25707
3.09463 4.2859
3.14471 4.31473
3.19479 4.34356
3.24487 4.37239
3.29495 4.40122
3.34502 4.43005
3.3951 4.45888
3.44518 4.48771
3.49628 4.48771
3.54739 4.48771
3.59849 4.48771
3.6496 4.48771
3.7007 4.48771
3.7518 4.48771
3.80291 4.48771
3.85401 4.48771
6.64051 4.50899
9.42701 4.50899
12.2135 4.50899
15.0 4.50899
0.0 0.481344
0.047227 0.481344
0.0944541 0.488954
0.141681 0.496564
0.188908 0.504174
0.240614 0.504174
0.292321 0.868228
0.344027 1.23228
0.395733 1.59633
0.447439 1.96039
0.499145 2.32444
0.550851 2.6885
0.602557 3.05255
0.652176 3.05255
0.701795 3.09407
0.751414 3.1356
0.801033 3.17712
0.850652 3.21865
0.900271 3.26017
0.949889 3.3017
0.999508 3.34322
1.04913 3.38475
1.09875 3.42627
1.14836 3.42627
1.19796 3.47263
1.24757 3.51898
1.29718 3.56534
1.34679 3.6117
1.3964 3.65805
1.44601 3.70441
1.49562 3.75076
1.54523 3.79712
1.59484 3.84347
1.64445 3.88983
1.69405 3.93618
1.74366 3.98254
1.79327 4.02889
1.84288 4.07525
1.89249 4.1216
1.9421 4.16796
1.99171 4.21431
2.04132 4.26067
2.09093 4.30702
2.14054 4.35338
2.19014 4.39973
2.23975 4.44609
2.28936 4.49244
2.33832 4.49244
2.38728 4.49244
2.43624 4.49244
2.4852 4.49244
2.53416 4.49244
2.58313 4.49244
2.63209 4.49244
2.68105 4.49244
2.73001 4.49244
2.77897 4.49244
2.82793 4.49244
5.26234 4.51147
7.69676 4.51147
10.1312 4.51147
12.5656 4.51147
15.0 4.51147
0.0 0.468792
0.0463997 0.468792
0.0927994 0.488518
0.139199 0.508244
0.185599 0.527971
0.231998 0.547697
0.284666 0.547697
0.337334 0.865223
0.390001 1.18275
0.442669 1.50027
0.495336 1.8178
0.548004 2.13533
0.600672 2.45285
0.653339 2.77038
0.706007 3.0879
0.757613 3.0879
0.80922 3.11553
0.860826 3.14315
0.912433 3.17077
0.964039 3.1984
1.01565 3.22602
1.06725 3.25365
1.11886 3.28127
1.17047 3.3089
1.22207 3.33652
1.27368 3.36414
1.32529 3.39177
1.37689 3.41939
1.4285 3.44702
1.47921 3.44702
1.52992 3.49776
1.58062 3.54851
1.63133 3.59925
1.68204 3.64999
1.73275 3.70074
1.78346 3.75148
1.83417 3.80223
1.88488 3.85297
1.93558 3.90372
1.98629 3.95446
2.037 4.00521
2.08771 4.05595
2.13842 4.1067
2.18913 4.15744
2.23984 4.20819
2.29054 4.25893
2.34125 4.30968
2.39196 4.36042
2.44267 4.41117
2.49338 4.46191
2.54411 4.46191
2.59485 4.46191
2.64558 4.46191
2.69631 4.46191
2.74705 4.46191
2.79778 4.46191
2.84851 4.46191
2.89925 4.46191
2.94998 4.46191
3.00071 4.46191
3.05145 4.46191
3.10218 4.46191
3.15291 4.46191
3.20365 4.46191
3.25438 4.46191
3.30511 4.46191
3.35585 4.46191
3.40658 4.46191
3.45731 4.46191
3.50805 4.46191
3.55878 4.46191
3.60951 4.46191
3.66025 4.46191
5.9282 4.52579
8.19615 4.52579
10.4641 4.52579
12.732 4.52579
15.0 4.52579
0.0 0.486153
0.0495671 0.486153
0.0991343 0.493933
0.148701 0.501713
0.198698 0.501713
0.248696 0.614619
0.298693 0.727524
0.34869 0.840429
0.398687 0.953334
0.448684 1.06624
0.498681 1.17914
0.548678 1.29205
0.598675 1.40495
0.648672 1.51786
0.698669 1.63076
0.748666 1.74367
0.798663 1.85658
0.84866 1.96948
0.898657 2.08239
0.948654 2.19529
0.998651 2.3082
1.04865 2.4211
1.09865 2.53401
1.14864 2.64691
1.19864 2.75982
1.24864 2.87272
1.29863 2.98563
1.34863 3.09853
1.39613 3.09853
1.44363 3.1397
1.49113 3.18088
1.53863 3.22205
1.58612 3.26322
1.63362 3.30439
1.68112 3.34557
1.72862 3.38674
1.77612 3.42791
1.82619 3.42791
1.87625 3.48088
1.92632 3.53385
1.97639 3.58682
2.02646 3.63979
2.07652 3.69276
2.12659 3.74573
2.17666 3.7987
2.22673 3.85167
2.2768 3.90464
2.32686 3.95761
2.37693 4.01058
2.427 4.06355
2.47707 4.11652
2.52713 4.16949
2.5772 4.22246
2.62727 4.27543
2.67734 4.32841
2.7274 4.38138
2.77747 4.43435
2.82764 4.43435
2.8778 4.43435
2.92797 4.43435
2.97814 4.43435
3.0283 4.43435
3.07847 4.43435
3.12863 4.43435
3.1788 4.43435
3.22897 4.43435
3.27913 4.43435
3.3293 4.43435
3.37946 4.43435
3.42963 4.43435
3.4798 4.43435
3.52996 4.43435
5.82397 4.57312
8.11798 4.57312
10.412 4.57312
12.706 4.57312
15.0 4.57312
0.0 0.479924
0.0542656 0.479924
0.108531 0.495744
0.162797 0.511563
0.217062 0.527383
0.268059 0.527383
0.319055 0.69873
0.370052 0.870077
0.421048 1.04142
0.472045 1.21277
0.523041 1.38412
0.574037 1.55547
0.625034 1.72681
0.67603 1.89816
0.727027 2.06951
0.778023 2.24085
0.82902 2.4122
0.880016 2.58355
0.931012 2.7549
0.982009 2.92624
1.03301 3.09759
1.08384 3.09759
1.13466 3.13487
1.18549 3.17215
1.23632 3.20943
1.28715 3.24672
1.33798 3.284
1.38881 3.32128
1.43964 3.35856
1.49047 3.39584
1.5413 3.43312
1.59213 3.4704
1.64296 3.50768
1.69379 3.54497
1.74317 3.54497
1.79255 3.58604
1.84193 3.62711
1.8913 3.66819
1.94068 3.70926
1.99006 3.75033
2.03944 3.79141
2.08881 3.83248
2.13819 3.87355
2.18757 3.91463
2.23695 3.9557
2.28632 3.99678
2.3357 4.03785
2.38508 4.07892
2.43446 4.12
2.48383 4.16107
2.53321 4.20214
2.58259 4.24322
2.63197 4.28429
2.68134 4.32536
2.73072 4.36644
2.7801 4.40751
2.83057 4.40751
2.88104 4.40751
2.9315 4.40751
2.98197 4.40751
3.03244 4.40751
3.08291 4.40751
3.13338 4.40751
3.18385 4.40751
3.23431 4.40751
3.28478 4.40751
3.33525 4.40751
3.38572 4.40751
3.43619 4.40751
3.48666 4.40751
3.53713 4.40751
3.58759 4.40751
3.63806 4.40751
3.68853 4.40751
3.739 4.40751
3.78947 4.40751
6.5921 4.63449
9.39473 4.63449
12.1974 4.63449
15.0 4.63449
0.0 0.484632
0.0463088 0.484632
0.0926176 0.493167
0.138926 0.501702
0.185235 0.510236
0.232706 0.510236
0.280177 0.838999
0.327648 1.16776
0.375119 1.49652
0.42259 1.82529
0.47006 2.15405
0.517531 2.48281
0.565002 2.81158
0.612473 3.14034
0.662275 3.14034
0.712078 3.16364
0.76188 3.18695
0.811682 3.21025
0.861485 3.23356
0.911287 3.25687
0.961089 3.28017
1.01089 3.30348
1.06069 3.32678
1.1105 3.35009
1.1603 3.37339
1.2101 3.3967
1.2599 3.42
1.30971 3.44331
1.35951 3.46661
1.40931 3.48992
1.45911 3.51322
1.50891 3.53653
1.55872 3.55984
1.60999 3.55984
1.66126 3.61674
1.71254 3.67364
1.76381 3.73054
1.81509 3.78744
1.86636 3.84435
1.91763 3.90125
1.96891 3.95815
2.02018 4.01505
2.07146 4.07195
2.12273 4.12886
2.174 4.18576
2.22528 4.24266
2.27655 4.29956
2.32783 4.35647
2.3791 4.41337
2.42947 4.41337
2.47984 4.41337
2.53021 4.41337
2.58058 4.41337
2.63094 4.41337
2.68131 4.41337
2.73168 4.41337
2.78205 4.41337
2.83242 4.41337
2.88279 4.41337
2.93316 4.41337
2.98353 4.41337
3.03389 4.41337
3.08426 4.41337
3.13463 4.41337
3.185 4.41337
3.23537 4.41337
3.28574 4.41337
3.33611 4.41337
3.38648 4.41337
3.43685 4.41337
3.48721 4.41337
3.53758 4.41337
5.83007 4.61489
8.12255 4.61489
10.415 4.61489
12.7075 4.61489
15.0 4.61489
0.0 0.4573
0.0478609 0.4573
0.0957218 0.485686
0.143583 0.514073
0.191444 0.542459
0.239304 0.570846
0.287401 0.570846
0.335498 0.850331
0.383595 1.12982
0.431692 1.4093
0.479789 1.68879
0.527886 1.96827
0.575983 2.24776
0.62408 2.52725
0.672177 2.80673
0.720274 3.08622
0.770386 3.08622
0.820497 3.11512
0.870609 3.14403
0.92072 3.17294
0.970831 3.20184
1.02094 3.23075
1.07105 3.25966
1.12117 3.28856
1.17128 3.31747
1.22139 3.34638
1.2715 3.37528
1.32161 3.40419
1.37172 3.43309
1.42183 3.462
1.47195 3.49091
1.52206 3.51981
1.57217 3.54872
1.62228 3.57763
1.67183 3.57763
1.72138 3.60608
1.77093 3.63453
1.82047 3.66298
1.87002 3.69143
1.91957 3.71988
1.96912 3.74833
2.01867 3.77678
2.06822 3.80523
2.11777 3.83368
2.16732 3.86213
2.21686 3.89059
2.26641 3.91904
2.31596 3.94749
2.36551 3.97594
2.41506 4.00439
2.46461 4.03284
2.51416 4.06129
2.56371 4.08974
2.61325 4.11819
2.6628 4.14664
2.71235 4.17509
2.7619 4.20354
2.81145 4.23199
2.861 4.26044
2.91055 4.2889
2.96009 4.31735
3.00964 4.3458
3.05919 4.37425
3.10874 4.4027
3.15829 4.43115
3.20784 4.4596
3.25739 4.48805
3.30694 4.5165
3.35648 4.54495
3.40592 4.54495
3.45535 4.54495
3.50478 4.54495
3.55421 4.54495
3.60365 4.54495
3.65308 4.54495
3.70251 4.54495
3.75194 4.54495
3.80138 4.54495
3.85081 4.54495
3.90024 4.54495
3.94967 4.54495
3.99911 4.54495
4.04854 4.54495
4.09797 4.54495
4.1474 4.54495
4.19684 4.54495
4.24627 4.54495
4.2957 4.54495
4.34513 4.54495
4.39457 4.54495
4.444 4.54495
4.49343 4.54495
4.54286 4.54495
4.5923 4.54495
4.64173 4.54495
4.69116 4.54495
7.26837 4.59211
9.84558 4.59211
12.4228 4.59211
15.0 4.59211
0.0 0.469019
0.0498735 0.469019
0.099747 0.494416
0.14962 0.519813
0.199494 0.54521
0.249367 0.570608
0.299241 0.596005
0.349114 0.621402
0.396938 0.621402
0.444761 0.967044
0.492584 1.31269
0.540407 1.65833
0.58823 2.00397
0.636054 2.34961
0.683877 2.69525
0.7317 3.0409
0.781798 3.0409
0.831897 3.06152
0.881995 3.08215
0.932093 3.10277
0.982192 3.12339
1.03229 3.14402
1.08239 3.16464
1.13249 3.18527
1.18258 3.20589
1.23268 3.22651
1.28278 3.24714
1.33288 3.26776
1.38298 3.28839
1.43308 3.30901
1.48317 3.32963
1.53327 3.35026
1.58337 3.37088
1.63347 3.39151
1.68357 3.41213
1.73367 3.43275
1.78376 3.45338
1.83386 3.474
1.88396 3.49463
1.93406 3.51525
1.98416 3.53587
2.03426 3.5565
2.08466 3.5565
2.13506 3.57744
2.18547 3.59838
2.23587 3.61932
2.28627 3.64026
2.33668 3.6612
2.38708 3.68214
2.43748 3.70308
2.48789 3.72402
2.53829 3.74496
2.58869 3.76591
2.6391 3.78685
2.6895 3.80779
2.7399 3.82873
2.79031 3.84967
2.84071 3.87061
2.89111 3.89155
2.94152 3.91249
2.99192 3.93343
3.04232 3.95437
3.09273 3.97531
3.14313 3.99625
3.19353 4.01719
3.24394 4.03814
3.29434 4.05908
3.34474 4.08002
3.39515 4.10096
3.44555 4.1219
3.49595 4.14284
3.54636 4.16378
3.59676 4.18472
3.64716 4.20566
3.69757 4.2266
3.74797 4.24754
3.79837 4.26848
3.84878 4.28942
3.89918 4.31037
3.94958 4.33131
3.99999 4.35225
4.05039 4.37319
4.10079 4.39413
4.1512 4.41507
4.2016 4.43601
4.252 4.45695
4.30241 4.47789
4.35281 4.49883
4.40321 4.51977
4.45362 4.54071
4.50402 4.56165
4.55191 4.56165
4.59979 4.56165
4.64768 4.56165
4.69557 4.56165
4.74346 4.56165
4.79135 4.56165
7.34351 4.61035
9.89567 4.61035
12.4478 4.61035
15.0 4.61035
0.0 0.452781
0.0543571 0.452781
0.108714 0.488704
0.163071 0.524628
0.217429 0.560552
0.271786 0.596476
0.321661 0.596476
0.371537 0.892608
0.421413 1.18874
0.471288 1.48487
0.521164 1.78101
0.571039 2.07714
0.620915 2.37327
0.670791 2.66941
0.720666 2.96554
0.771565 2.96554
0.822463 2.98846
0.873362 3.01138
0.924261 3.0343
0.975159 3.05722
1.02606 3.08013
1.07696 3.10305
1.12785 3.12597
1.17875 3.14889
1.22965 3.17181
1.28055 3.19473
1.33145 3.21765
1.38235 3.24057
1.43325 3.26349
1.48415 3.28641
1.53504 3.30933
1.58594 3.33225
1.63684 3.35517
1.68774 3.37809
1.73864 3.40101
1.78954 3.42392
1.84044 3.44684
1.89133 3.46976
1.94223 3.49268
1.99313 3.5156
2.04403 3.53852
2.09401 3.53852
2.14399 3.55401
2.19397 3.5695
2.24395 3.58499
2.29393 3.60048
2.34391 3.61597
2.39388 3.63147
2.44386 3.64696
2.49384 3.66245
2.54382 3.67794
2.5938 3.69343
2.64378 3.70892
2.69376 3.72441
2.74374 3.7399
2.79372 3.75539
2.8437 3.77088
2.89368 3.78637
2.94366 3.80186
2.99364 3.81735
3.04362 3.83284
3.09359 3.84834
3.14357 3.86383
3.19355 3.87932
3.24353 3.89481
3.29351 3.9103
3.34349 3.92579
3.39347 3.94128
3.44345 3.95677
3.49343 3.97226
3.54341 3.98775
3.59339 4.00324
3.64337 4.01873
3.69335 4.03422
3.74333 4.04971
3.79331 4.06521
3.84328 4.0807
3.89326 4.09619
3.94324 4.11168
3.99322 4.12717
4.0432 4.14266
4.09318 4.15815
4.14316 4.17364
4.19314 4.18913
4.24312 4.20462
4.2931 4.22011
4.34308 4.2356
4.39306 4.25109
4.44304 4.26658
4.49302 4.28208
4.543 4.29757
4.59297 4.31306
4.64295 4.32855
4.69293 4.34404
4.74291 4.35953
4.79289 4.37502
4.84287 4.39051
4.89285 4.406
4.94283 4.42149
4.99281 4.43698
5.04279 4.45247
5.09277 4.46796
5.14019 4.46796
5.18761 4.46796
5.23503 4.46796
5.28245 4.46796
5.32986 4.46796
5.37728 4.46796
5.4247 4.46796
5.47212 4.46796
5.51954 4.46796
7.88966 4.56419
10.2598 4.56419
12.6299 4.56419
15.0 4.56419
0.0 0.479875
0.0461616 0.479875
0.0923232 0.492692
0.138485 0.505508
0.184646 0.518325
0.230808 0.531141
0.27697 0.543958
0.327313 0.543958
0.377657 0.666753
0.428 0.789548
0.478344 0.912343
0.528688 1.03514
0.579031 1.15793
0.629375 1.28073
0.679718 1.40352
0.730062 1.52632
0.780406 1.64911
0.830749 1.77191
0.881093 1.8947
0.931436 2.0175
0.98178 2.14029
1.03212 2.26309
1.08247 2.38588
1.13281 2.50868
1.18315 2.63147
1.2335 2.75427
1.28384 2.87706
1.33419 2.99986
1.38365 2.99986
1.43312 3.02279
1.48259 3.04573
1.53206 3.06867
1.58152 3.0916
1.63099 3.11454
1.68046 3.13747
1.72993 3.16041
1.7794 3.18335
1.82886 3.20628
1.87833 3.22922
1.9278 3.25216
1.97727 3.27509
2.02674 3.29803
2.0762 3.32097
2.12567 3.3439
2.17514 3.36684
2.22461 3.38978
2.27408 3.41271
2.32354 3.43565
2.37301 3.45859
2.42264 3.45859
2.47227 3.4768
2.5219 3.49501
2.57153 3.51322
2.62116 3.53143
2.67079 3.54964
2.72042 3.56786
2.77005 3.58607
2.81968 3.60428
2.86931 3.62249
2.91894 3.6407
2.96857 3.65891
3.0182 3.67713
3.06783 3.69534
3.11746 3.71355
3.16709 3.73176
3.21671 3.74997
3.26634 3.76818
3.31597 3.78639
3.3656 3.80461
3.41523 3.82282
3.46486 3.84103
3.51449 3.85924
3.56412 3.87745
3.61375 3.89566
3.66338 3.91388
3.71301 3.93209
3.76264 3.9503
3.81227 3.96851
3.8619 3.98672
3.91153 4.00493
3.96116 4.02314
4.01079 4.04136
4.06042 4.05957
4.11005 4.07778
4.15968 4.09599
4.20931 4.1142
4.25894 4.13241
4.30857 4.15063
4.35819 4.16884
4.40782 4.18705
4.45745 4.20526
4.50708 4.22347
4.55671 4.24168
4.60634 4.25989
4.65597 4.27811
4.7056 4.29632
4.75523 4.31453
4.80486 4.33274
4.85449 4.35095
4.90412 4.36916
4.95375 4.38738
5.00338 4.40559
5.05301 4.4238
5.10264 4.44201
5.14964 4.44201
5.19664 4.44201
5.24365 4.44201
5.29065 4.44201
5.33765 4.44201
5.38466 4.44201
5.43166 4.44201
5.47866 4.44201
7.859 4.61966
10.2393 4.61966
12.6197 4.61966
15.0 4.61966
0.0 0.47293
0.0473496 0.47293
0.0946992 0.492812
0.142049 0.512693
0.189398 0.532575
0.239502 0.532575
0.289607 0.571886
0.339711 0.611196
0.389815 0.650506
0.439919 0.689816
0.490023 0.729126
0.540127 0.768436
0.590231 0.807747
0.640335 0.847057
0.690439 0.886367
0.740543 0.925677
0.790648 0.964987
0.840752 1.0043
0.890856 1.04361
0.94096 1.08292
0.991064 1.12223
1.04117 1.16154
1.09127 1.20085
1.14138 1.24016
1.19148 1.27947
1.24158 1.31878
1.29169 1.35809
1.34179 1.3974
1.3919 1.43671
1.442 1.47602
1.49211 1.51533
1.54221 1.55464
1.59231 1.59395
1.64242 1.63326
1.69252 1.67257
1.74263 1.71188
1.79273 1.75119
1.84283 1.7905
1.89294 1.82981
1.94304 1.86912
1.99315 1.90843
2.04325 1.94774
2.09335 1.98705
2.14346 2.02636
2.19356 2.06567
2.24367 2.10498
2.29377 2.14429
2.34387 2.1836
2.39398 2.22291
2.44408 2.26222
2.49419 2.30153
2.54429 2.34084
2.5944 2.38015
2.6445 2.41946
2.6946 2.45877
2.74471 2.49808
2.79481 2.53739
2.84492 2.5767
2.89502 2.61602
2.94512 2.65533
2.99523 2.69464
3.04533 2.73395
3.09544 2.77326
3.14554 2.81257
3.19564 2.85188
3.24575 2.89119
3.29585 2.9305
3.34596 2.96981
3.39801 2.96981
3.45007 3.03361
3.50212 3.09741
3.55418 3.16121
3.60623 3.22501
3.65828 3.28882
3.71034 3.35262
3.76239 3.41642
3.81179 3.41642
3.86118 3.44765
3.91058 3.47888
3.95997 3.51011
4.00936 3.54135
4.05876 3.57258
4.10815 3.60381
4.15755 3.63504
4.20694 3.66627
4.25633 3.69751
4.30573 3.72874
4.35512 3.75997
4.40451 3.7912
4.45391 3.82243
4.5033 3.85367
4.5527 3.8849
4.60209 3.91613
4.65148 3.94736
4.70088 3.97859
4.75027 4.00983
4.79967 4.04106
4.84906 4.07229
4.89845 4.10352
4.94785 4.13475
4.99724 4.16599
5.04664 4.19722
5.09603 4.22845
5.14542 4.25968
5.19482 4.29091
5.24421 4.32215
5.29361 4.35338
5.343 4.38461
5.39239 4.41584
5.44179 4.44707
5.49055 4.44707
5.53932 4.44707
5.58808 4.44707
5.63684 4.44707
5.68561 4.44707
5.73437 4.44707
5.78314 4.44707
5.8319 4.44707
5.88066 4.44707
5.92943 4.44707
5.97819 4.44707
6.02696 4.44707
6.07572 4.44707
6.12448 4.44707
8.34336 4.53493
10.5622 4.53493
12.7811 4.53493
15.0 4.53493
0.0 0.464577
0.0480223 0.464577
0.0960447 0.490184
0.144067 0.515791
0.192089 0.541399
0.240112 0.567006
0.288134 0.592613
0.343094 0.592613
0.398054 1.18508
0.453014 1.77754
0.507975 2.37001
0.562935 2.96247
0.611152 2.96247
0.659369 2.99034
0.707586 3.01821
0.755803 3.04608
0.804021 3.07395
0.852238 3.10182
0.900455 3.12969
0.948672 3.15756
0.996889 3.18542
1.04511 3.21329
1.09332 3.24116
1.14397 3.24116
1.19462 3.28739
1.24527 3.33362
1.29592 3.37984
1.34658 3.42607
1.39723 3.4723
1.44788 3.51853
1.49853 3.56475
1.54918 3.61098
1.59983 3.65721
1.65048 3.70344
1.70113 3.74966
1.75178 3.79589
1.80243 3.84212
1.85308 3.88834
1.90373 3.93457
1.95438 3.9808
2.00503 4.02703
2.05568 4.07325
2.10633 4.11948
2.15698 4.16571
2.20763 4.21193
2.25828 4.25816
2.30893 4.30439
2.35958 4.35062
2.41023 4.39684
2.46088 4.44307
2.51153 4.4893
2.56218 4.53553
2.61283 4.58175
2.66348 4.62798
2.71413 4.67421
2.76478 4.72043
2.81543 4.76666
2.86787 4.76666
2.9203 4.76666
2.97274 4.76666
3.02517 4.76666
3.07761 4.76666
3.13004 4.76666
3.18248 4.76666
3.23491 4.76666
3.28735 4.76666
3.33978 4.76666
5.67182 5.37416
8.00387 5.37416
10.3359 5.37416
12.668 5.37416
15.0 5.37416
0.0 0.516316
0.0531967 0.516316
0.106393 0.532223
0.15959 0.54813
0.212787 0.564038
0.260178 0.564038
0.30757 0.837303
0.354961 1.11057
0.402353 1.38383
0.449744 1.6571
0.497135 1.93037
0.544527 2.20363
0.594499 2.20363
0.644471 2.2293
0.694443 2.25497
0.744415 2.28064
0.794387 2.30632
0.844359 2.33199
0.894332 2.35766
0.944304 2.38333
0.994276 2.409
1.04425 2.43467
1.09422 2.46034
1.14419 2.48602
1.19416 2.51169
1.24414 2.53736
1.29411 2.56303
1.34408 2.5887
1.39405 2.61437
1.44402 2.64004
1.494 2.66571
1.54397 2.69139
1.59394 2.71706
1.64391 2.74273
1.69389 2.7684
1.74386 2.79407
1.79383 2.81974
1.8438 2.84541
1.89377 2.87109
1.94375 2.89676
1.99372 2.92243
2.04369 2.9481
2.09366 2.97377
2.14363 2.99944
2.19361 3.02511
2.24358 3.05078
2.29355 3.07646
2.34436 3.07646
2.39517 3.11712
2.44599 3.15777
2.4968 3.19843
2.54761 3.23909
2.59842 3.27975
2.64923 3.32041
2.70005 3.36107
2.75086 3.40173
2.80167 3.44239
2.85248 3.48305
2.90329 3.52371
2.95411 3.56437
3.00492 3.60503
3.05573 3.64569
3.10654 3.68635
3.15735 3.72701
3.20817 3.76767
3.25898 3.80833
3.30979 3.84899
3.3606 3.88964
3.41102 3.88964
3.46144 3.88964
3.51186 3.88964
3.56227 3.88964
3.61269 3.88964
3.66311 3.88964
3.71353 3.88964
3.76395 3.88964
3.81437 3.88964
3.86478 3.88964
3.9152 3.88964
3.96562 3.88964
4.01604 3.88964
4.06646 3.88964
4.11687 3.88964
6.83766 4.11179
9.55844 4.11179
12.2792 4.11179
15.0 4.11179
0.0 0.502544
0.0453336 0.502544
0.0906671 0.518937
0.136001 0.535331
0.181334 0.551725
0.229947 0.551725
0.27856 0.699037
0.327173 0.84635
0.375786 0.993662
0.424399 1.14097
0.473011 1.28829
0.521624 1.4356
0.570237 1.58291
0.61885 1.73022
0.667463 1.87754
0.716076 2.02485
0.764689 2.17216
0.813664 2.17216
0.86264 2.27069
0.911615 2.36923
0.960591 2.46776
1.00957 2.56629
1.05854 2.66483
1.10752 2.76336
1.15649 2.86189
1.20547 2.96042
1.25445 3.05896
1.30502 3.05896
1.3556 3.10665
1.40617 3.15434
1.45675 3.20204
1.50732 3.24973
1.5579 3.29743
1.60847 3.34512
1.65905 3.39281
1.70962 3.44051
1.7602 3.4882
1.81077 3.53589
1.86135 3.58359
1.91193 3.63128
1.9625 3.67898
2.01308 3.72667
2.06365 3.77436
2.11423 3.82206
2.1648 3.86975
2.21538 3.91744
2.26595 3.96514
2.31614 3.96514
2.36632 3.96514
2.4165 3.96514
2.46668 3.96514
2.51686 3.96514
2.56704 3.96514
2.61722 3.96514
2.66741 3.96514
2.71759 3.96514
2.76777 3.96514
2.81795 3.96514
2.86813 3.96514
2.91831 3.96514
2.9685 3.96514
3.01868 3.96514
3.06886 3.96514
5.45509 3.98698
7.84132 3.98698
10.2275 3.98698
12.6138 3.98698
15.0 3.98698
0.0 0.508879
0.0490278 0.508879
0.0980556 0.515968
0.147083 0.523057
0.196111 0.530145
0.244549 0.530145
0.292988 0.871421
0.341426 1.2127
0.389864 1.55397
0.438302 1.89525
0.486741 2.23652
0.53615 2.23652
0.585559 2.3149
0.634968 2.39328
0.684376 2.47166
0.733785 2.55005
0.783194 2.62843
0.832603 2.70681
0.882012 2.78519
0.931421 2.86357
0.98083 2.94195
1.03024 3.02033
1.07965 3.09871
1.12906 3.17709
1.17942 3.17709
1.22979 3.2333
1.28015 3.28952
1.33052 3.34573
1.38089 3.40195
1.43125 3.45816
1.48162 3.51438
1.53198 3.57059
1.58235 3.62681
1.63271 3.68302
1.68308 3.73924
1.73345 3.79545
1.78381 3.85167
1.83418 3.90788
1.8839 3.90788
1.93363 3.90788
1.98336 3.90788
2.03309 3.90788
2.08282 3.90788
2.13254 3.90788
2.18227 3.90788
2.232 3.90788
2.28173 3.90788
2.33146 3.90788
2.38118 3.90788
2.43091 3.90788
2.48064 3.90788
2.53037 3.90788
2.5801 3.90788
2.62982 3.90788
5.10386 4.01653
7.57789 4.01653
10.0519 4.01653
12.526 4.01653
15.0 4.01653
0.0 0.516702
0.0479886 0.516702
0.0959772 0.519092
0.143966 0.521482
0.191954 0.523871
0.241683 0.523871
0.291411 0.811659
0.341139 1.09945
0.390867 1.38724
0.440596 1.67502
0.490324 1.96281
0.540052 2.2506
0.5914 2.2506
0.642749 2.31183
0.694097 2.37307
0.745445 2.4343
0.796794 2.49554
0.848142 2.55678
0.89949 2.61801
0.950839 2.67925
1.00219 2.74048
1.05354 2.80172
1.10488 2.86295
1.15623 2.92419
1.20758 2.98542
1.25893 3.04666
1.31028 3.10789
1.36163 3.16913
1.41183 3.16913
1.46204 3.2221
1.51225 3.27507
1.56246 3.32804
1.61267 3.38102
1.66288 3.43399
1.71309 3.48696
1.76329 3.53993
1.8135 3.59291
1.86371 3.64588
1.91392 3.69885
1.96413 3.75182
2.01434 3.8048
2.06455 3.85777
2.11476 3.91074
2.16496 3.96371
2.21436 3.96371
2.26376 3.96371
2.31316 3.96371
2.36256 3.96371
2.41196 3.96371
2.46135 3.96371
2.51075 3.96371
2.56015 3.96371
2.60955 3.96371
2.65895 3.96371
2.70834 3.96371
2.75774 3.96371
2.80714 3.96371
2.85654 3.96371
2.90594 3.96371
2.95533 3.96371
3.00473 3.96371
3.05413 3.96371
3.10353 3.96371
5.48282 3.98018
7.86212 3.98018
10.2414 3.98018
12.6207 3.98018
15.0 3.98018
0.0 0.494046
0.0606938 0.494046
0.121388 0.529506
0.172353 0.529506
0.223318 0.633664
0.274283 0.737822
0.325248 0.841979
0.376214 0.946137
0.427179 1.05029
0.478144 1.15445
0.529109 1.25861
0.580074 1.36277
0.63104 1.46693
0.682005 1.57108
0.73297 1.67524
0.783935 1.7794
0.834901 1.88356
0.885866 1.98771
0.936831 2.09187
0.987796 2.19603
1.0377 2.19603
1.0876 2.27866
1.1375 2.36128
1.1874 2.44391
1.2373 2.52654
1.2872 2.60916
1.3371 2.69179
1.387 2.77442
1.4369 2.85705
1.4868 2.93967
1.5367 3.0223
1.5866 3.10493
1.6365 3.18756
1.68662 3.18756
1.73674 3.23912
1.78686 3.29069
1.83698 3.34226
1.8871 3.39382
1.93722 3.44539
1.98734 3.49696
2.03746 3.54853
2.08758 3.60009
2.1377 3.65166
2.18782 3.70323
2.23794 3.75479
2.28806 3.80636
2.33818 3.85793
2.3883 3.9095
2.43929 3.9095
2.49027 3.9095
2.54126 3.9095
2.59224 3.9095
2.64323 3.9095
2.69421 3.9095
2.7452 3.9095
2.79618 3.9095
2.84717 3.9095
2.89815 3.9095
2.94914 3.9095
3.00012 3.9095
3.05111 3.9095
3.10209 3.9095
5.48167 4.03171
7.86125 4.03171
10.2408 4.03171
12.6204 4.03171
15.0 4.03171
0.0 0.492189
0.0436635 0.492189
0.0873269 0.510925
0.13099 0.529662
0.18183 0.529662
0.232669 0.628844
0.283508 0.728026
0.334347 0.827208
0.385186 0.926391
0.436025 1.02557
0.486864 1.12475
0.537704 1.22394
0.588543 1.32312
0.639382 1.4223
0.690221 1.52148
0.74106 1.62067
0.791899 1.71985
0.842739 1.81903
0.893578 1.91821
0.944417 2.01739
0.995256 2.11658
1.0461 2.21576
1.09693 2.31494
1.14621 2.31494
1.19548 2.34671
1.24475 2.37848
1.29402 2.41025
1.34329 2.44203
1.39256 2.4738
1.44183 2.50557
1.4911 2.53734
1.54038 2.56911
1.58965 2.60088
1.63892 2.63265
1.68819 2.66442
1.73746 2.69619
1.78673 2.72796
1.836 2.75974
1.88528 2.79151
1.93455 2.82328
1.98382 2.85505
2.03309 2.88682
2.08236 2.91859
2.13163 2.95036
2.1809 2.98213
2.23017 3.0139
2.27945 3.04568
2.32872 3.07745
2.37799 3.10922
2.42726 3.14099
2.47653 3.17276
2.52781 3.17276
2.57908 3.5476
2.63036 3.92243
2.68038 3.92243
2.73039 3.92243
2.78041 3.92243
2.83043 3.92243
2.88044 3.92243
2.93046 3.92243
2.98048 3.92243
3.03049 3.92243
3.08051 3.92243
3.13053 3.92243
3.18054 3.92243
3.23056 3.92243
3.28058 3.92243
3.33059 3.92243
3.38061 3.92243
3.43062 3.92243
3.48064 3.92243
3.53066 3.92243
3.58067 3.92243
3.63069 3.92243
3.68071 3.92243
3.73072 3.92243
3.78074 3.92243
3.83076 3.92243
3.88077 3.92243
3.93079 3.92243
3.98081 3.92243
4.03082 3.92243
4.08084 3.92243
4.13085 3.92243
4.18087 3.92243
4.23089 3.92243
4.2809 3.92243
4.33092 3.92243
4.38094 3.92243
4.43095 3.92243
4.48097 3.92243
4.53099 3.92243
7.14824 4.02319
9.76549 4.02319
12.3827 4.02319
15.0 4.02319
0.0 0.524992
0.0473072 0.524992
0.0946143 0.525991
0.141922 0.52699
0.189229 0.52799
0.238804 0.52799
0.28838 0.695512
0.337956 0.863034
0.387532 1.03056
0.437108 1.19808
0.486683 1.3656
0.536259 1.53312
0.585835 1.70065
0.635411 1.86817
0.684986 2.03569
0.734562 2.20321
0.784138 2.37074
0.83324 2.37074
0.882343 2.40026
0.931446 2.42978
0.980548 2.4593
1.02965 2.48883
1.07875 2.51835
1.12786 2.54787
1.17696 2.57739
1.22606 2.60692
1.27516 2.63644
1.32427 2.66596
1.37337 2.69548
1.42247 2.72501
1.47157 2.75453
1.52068 2.78405
1.56978 2.81357
1.61888 2.8431
1.66798 2.87262
1.71709 2.90214
1.76619 2.93166
1.81529 2.96119
1.86439 2.99071
1.9135 3.02023
1.9626 3.04975
2.0117 3.07928
2.0608 3.1088
2.10991 3.13832
2.16458 3.13832
2.21925 3.92213
2.2686 3.92213
2.31794 3.92213
2.36728 3.92213
2.41663 3.92213
2.46597 3.92213
2.51532 3.92213
2.56466 3.92213
2.614 3.92213
2.66335 3.92213
2.71269 3.92213
2.76203 3.92213
2.81138 3.92213
2.86072 3.92213
2.91007 3.92213
2.95941 3.92213
3.00875 3.92213
3.0581 3.92213
3.10744 3.92213
3.15678 3.92213
3.20613 3.92213
3.25547 3.92213
5.60438 4.06341
7.95328 4.06341
10.3022 4.06341
12.6511 4.06341
15.0 4.06341
0.0 0.513216
0.049626 0.513216
0.0992521 0.525476
0.148878 0.537736
0.198504 0.549996
0.246265 0.549996
0.294025 0.912992
0.341786 1.27599
0.389547 1.63898
0.437307 2.00198
0.485068 2.36498
0.53575 2.36498
0.586433 2.39248
0.637116 2.41999
0.687798 2.4475
0.738481 2.47501
0.789163 2.50251
0.839846 2.53002
0.890528 2.55753
0.941211 2.58504
0.991893 2.61254
1.04258 2.64005
1.09326 2.66756
1.14394 2.69507
1.19462 2.72257
1.24531 2.75008
1.29599 2.77759
1.34667 2.8051
1.39735 2.8326
1.44804 2.86011
1.49872 2.88762
1.5494 2.91513
1.60008 2.94263
1.65077 2.97014
1.70145 2.99765
1.75213 3.02516
1.80281 3.05266
1.8535 3.08017
1.90418 3.10768
1.95486 3.13519
2.00554 3.16269
2.0499 3.16269
2.09425 3.41877
2.1386 3.67484
2.18295 3.93092
2.23232 3.93092
2.28169 3.93092
2.33105 3.93092
2.38042 3.93092
2.42979 3.93092
2.47916 3.93092
2.52852 3.93092
2.57789 3.93092
2.62726 3.93092
2.67662 3.93092
2.72599 3.93092
2.77536 3.93092
2.82472 3.93092
5.25978 4.07251
7.69483 4.07251
10.1299 4.07251
12.5649 4.07251
15.0 4.07251
0.0 0.51531
0.0473634 0.51531
0.0947268 0.515583
0.14209 0.515856
0.189454 0.516129
0.243743 0.516129
0.298033 0.980123
0.352323 1.44412
0.406612 1.90811
0.460902 2.37211
0.51371 2.37211
0.566517 2.50273
0.619325 2.63335
0.672132 2.76397
0.72494 2.89459
0.777748 3.02521
0.830555 3.15583
0.880131 3.15583
0.929708 3.24181
0.979284 3.32779
1.02886 3.41378
1.07844 3.49976
1.12801 3.58575
1.17759 3.67173
1.22716 3.75771
1.27674 3.8437
1.32632 3.92968
1.37589 4.01567
1.42471 4.01567
1.47352 4.01567
1.52234 4.01567
1.57115 4.01567
1.61997 4.01567
1.66878 4.01567
1.7176 4.01567
1.76641 4.01567
1.81523 4.01567
1.86404 4.01567
1.91286 4.01567
1.96167 4.01567
2.01049 4.01567
2.0593 4.01567
4.64744 4.02943
7.23558 4.02943
9.82372 4.02943
12.4119 4.02943
15.0 4.02943
0.0 0.492897
0.0464393 0.492897
0.0928786 0.518698
0.139318 0.544498
0.185757 0.570298
0.236202 0.570298
0.286647 0.739941
0.337091 0.909585
0.387536 1.07923
0.437981 1.24887
0.488425 1.41851
0.53887 1.58816
0.589315 1.7578
0.639759 1.92744
0.690204 2.09709
0.740649 2.26673
0.791093 2.43637
0.843284 2.43637
0.895475 2.50556
0.947666 2.57475
0.999856 2.64393
1.05205 2.71312
1.10424 2.7823
1.15643 2.85149
1.20862 2.92067
1.26081 2.98986
1.313 3.05904
1.36519 3.12823
1.415 3.12823
1.46482 3.19017
1.51463 3.2521
1.56444 3.31404
1.61425 3.37598
1.66407 3.43791
1.71388 3.49985
1.76369 3.56178
1.8135 3.62372
1.86331 3.68566
1.91313 3.74759
1.96294 3.80953
2.01275 3.87146
2.06256 3.9334
2.11237 3.99534
2.16088 3.99534
2.20938 3.99534
2.25788 3.99534
2.30639 3.99534
2.35489 3.99534
2.40339 3.99534
2.4519 3.99534
2.5004 3.99534
2.5489 3.99534
2.59741 3.99534
2.64591 3.99534
2.69441 3.99534
2.74292 3.99534
5.19433 3.99883
7.64575 3.99883
10.0972 3.99883
12.5486 3.99883
15.0 3.99883
0.0 0.529463
0.0515257 0.529463
0.103051 0.529985
0.154577 0.530507
0.206103 0.531029
0.255141 0.531029
0.304179 0.814946
0.353216 1.09886
0.402254 1.38278
0.451292 1.6667
0.50033 1.95061
0.549368 2.23453
0.598405 2.51844
0.645869 2.51844
0.693332 2.66104
0.740796 2.80363
0.788259 2.94622
0.835723 3.08881
0.883186 3.2314
0.93477 3.2314
0.986353 3.28903
1.03794 3.34666
1.08952 3.4043
1.1411 3.46193
1.19269 3.51957
1.24427 3.5772
1.29585 3.63484
1.34744 3.69247
1.39902 3.7501
1.45061 3.80774
1.50219 3.86537
1.55377 3.92301
1.60536 3.98064
1.65457 3.98064
1.70379 3.98064
1.75301 3.98064
1.80223 3.98064
1.85145 3.98064
1.90067 3.98064
1.94989 3.98064
1.9991 3.98064
2.04832 3.98064
2.09754 3.98064
2.14676 3.98064
2.19598 3.98064
2.2452 3.98064
2.29442 3.98064
2.34363 3.98064
2.39285 3.98064
2.44207 3.98064
2.49129 3.98064
2.54051 3.98064
2.58973 3.98064
2.63895 3.98064
2.68816 3.98064
2.73738 3.98064
2.7866 3.98064
2.83582 3.98064
2.88504 3.98064
5.30803 4.00161
7.73102 4.00161
10.154 4.00161
12.577 4.00161
15.0 4.00161
0.0 0.514166
0.052661 0.514166
0.105322 0.528634
0.157983 0.543102
0.210644 0.557571
0.263482 0.557571
0.316321 1.04427
0.369159 1.53096
0.421997 2.01766
0.474836 2.50435
0.530649 2.50435
0.586462 2.86447
0.642276 3.22458
0.693141 3.22458
0.744006 3.28284
0.794871 3.34111
0.845736 3.39937
0.896601 3.45763
0.947466 3.51589
0.998332 3.57415
1.0492 3.63242
1.10006 3.69068
1.15093 3.74894
1.20179 3.8072
1.25266 3.86546
1.30352 3.92373
1.35439 3.98199
1.40512 3.98199
1.45585 3.98199
1.50658 3.98199
1.55731 3.98199
1.60804 3.98199
1.65877 3.98199
1.7095 3.98199
1.76023 3.98199
1.81096 3.98199
1.86169 3.98199
1.91242 3.98199
1.96315 3.98199
2.01388 3.98199
2.06461 3.98199
2.11534 3.98199
2.16607 3.98199
2.2168 3.98199
2.26753 3.98199
2.31826 3.98199
2.36899 3.98199
2.41972 3.98199
2.47045 3.98199
2.52118 3.98199
2.57191 3.98199
2.62264 3.98199
2.67337 3.98199
2.7241 3.98199
2.77483 3.98199
2.82556 3.98199
2.87629 3.98199
5.30104 3.99246
7.72578 3.99246
10.1505 3.99246
12.5753 3.99246
15.0 3.99246
0.0 0.51113
0.0540593 0.51113
0.108119 0.52349
0.162178 0.53585
0.216237 0.54821
0.242198 0.54821
0.268159 2.46588
0.319662 2.46588
0.371164 2.58018
0.422667 2.69448
0.47417 2.80877
0.525672 2.92307
0.577175 3.03737
0.628677 3.15166
0.679438 3.15166
0.730199 3.18852
0.78096 3.22539
0.831721 3.26225
0.882481 3.29911
0.933242 3.33597
0.984003 3.37283
1.03476 3.40969
1.08552 3.44655
1.13629 3.48341
1.18705 3.52028
1.23781 3.55714
1.28857 3.594
1.33933 3.63086
1.39009 3.66772
1.44085 3.70458
1.49161 3.74144
1.54237 3.77831
1.59313 3.81517
1.64389 3.85203
1.69465 3.88889
1.74542 3.92575
1.79474 3.92575
1.84406 3.92575
1.89339 3.92575
1.94271 3.92575
1.99203 3.92575
2.04136 3.92575
2.09068 3.92575
2.14 3.92575
2.18933 3.92575
2.23865 3.92575
2.28797 3.92575
2.3373 3.92575
2.38662 3.92575
2.43594 3.92575
2.48527 3.92575
2.53459 3.92575
2.58391 3.92575
2.63324 3.92575
2.68256 3.92575
2.73188 3.92575
2.78121 3.92575
2.83053 3.92575
2.87985 3.92575
2.92918 3.92575
2.9785 3.92575
3.02782 3.92575
3.07715 3.92575
3.12647 3.92575
3.17579 3.92575
3.22512 3.92575
5.58009 4.01012
7.93507 4.01012
10.29 4.01012
12.645 4.01012
15.0 4.01012
0.0 0.51794
0.0542889 0.51794
0.108578 0.535658
0.162867 0.553376
0.217156 0.571094
0.26622 0.571094
0.315284 0.89536
0.364348 1.21963
0.413413 1.54389
0.462477 1.86816
0.511541 2.19242
0.560605 2.51669
0.608368 2.51669
0.65613 2.58015
0.703892 2.64361
0.751655 2.70708
0.799417 2.77054
0.847179 2.834
0.894942 2.89746
0.942704 2.96093
0.990466 3.02439
1.03823 3.08785
1.08599 3.15131
1.13696 3.15131
1.18794 3.20333
1.23891 3.25536
1.28988 3.30738
1.34085 3.3594
1.39183 3.41142
1.4428 3.46344
1.49377 3.51546
1.54474 3.56748
1.59572 3.6195
1.64669 3.67152
1.69766 3.72354
1.74863 3.77556
1.79961 3.82758
1.85058 3.8796
1.90155 3.93162
1.95205 3.93162
2.00256 3.93162
2.05306 3.93162
2.10356 3.93162
2.15406 3.93162
2.20457 3.93162
2.25507 3.93162
2.30557 3.93162
2.35607 3.93162
2.40658 3.93162
2.45708 3.93162
2.50758 3.93162
5.00606 4.08978
7.50455 4.08978
10.003 4.08978
12.5015 4.08978
15.0 4.08978
0.0 0.523019
0.0499264 0.523019
0.0998529 0.532148
0.149779 0.541277
0.19876 0.541277
0.247741 0.649321
0.296722 0.757364
0.345703 0.865408
0.394684 0.973452
0.443665 1.0815
0.492646 1.18954
0.541627 1.29758
0.590608 1.40563
0.639589 1.51367
0.68857 1.62171
0.737551 1.72976
0.786532 1.8378
0.835513 1.94585
0.884494 2.05389
0.933475 2.16193
0.982456 2.26998
1.03144 2.37802
1.08042 2.48606
1.12928 2.48606
1.17814 2.54031
1.22701 2.59456
1.27587 2.64881
1.32473 2.70306
1.37359 2.75731
1.42246 2.81156
1.47132 2.86581
1.52018 2.92006
1.56904 2.97431
1.61791 3.02856
1.66677 3.08281
1.71563 3.13706
1.76466 3.13706
1.81368 3.17259
1.8627 3.20811
1.91173 3.24364
1.96075 3.27917
2.00977 3.31469
2.0588 3.35022
2.10782 3.38574
2.15684 3.42127
2.20587 3.4568
2.25489 3.49232
2.30391 3.52785
2.35294 3.56337
2.40196 3.5989
2.45099 3.63443
2.50001 3.66995
2.54903 3.70548
2.59806 3.741
2.64708 3.77653
2.6961 3.81206
2.74513 3.84758
2.79415 3.88311
2.84317 3.91863
2.8922 3.95416
2.94056 3.95416
2.98892 3.95416
3.03729 3.95416
3.08565 3.95416
3.13401 3.95416
3.18237 3.95416
3.23074 3.95416
3.2791 3.95416
3.32746 3.95416
3.37582 3.95416
3.42419 3.95416
3.47255 3.95416
3.52091 3.95416
3.56928 3.95416
5.85542 4.05398
8.14157 4.05398
10.4277 4.05398
12.7139 4.05398
15.0 4.05398
0.0 0.522329
0.0538213 0.522329
0.107643 0.536362
0.161464 0.550396
0.215285 0.56443
0.26544 0.56443
0.315594 0.767522
0.365748 0.970614
0.415902 1.17371
0.466057 1.3768
0.516211 1.57989
0.566365 1.78298
0.616519 1.98607
0.666673 2.18917
0.716828 2.39226
0.76674 2.39226
0.816652 2.44446
0.866564 2.49666
0.916475 2.54886
0.966387 2.60106
1.0163 2.65326
1.06621 2.70546
1.11612 2.75766
1.16604 2.80986
1.21595 2.86207
1.26586 2.91427
1.31577 2.96647
1.36568 3.01867
1.41559 3.07087
1.46551 3.12307
1.51523 3.12307
1.56496 3.14332
1.61469 3.16357
1.66442 3.18382
1.71414 3.20407
1.76387 3.22431
1.8136 3.24456
1.86332 3.26481
1.91305 3.28506
1.96278 3.30531
2.01251 3.32556
2.06223 3.34581
2.11196 3.36606
2.16169 3.38631
2.21141 3.40656
2.26114 3.42681
2.31087 3.44705
2.36059 3.4673
2.41032 3.48755
2.46005 3.5078
2.50978 3.52805
2.5595 3.5483
2.60923 3.56855
2.65896 3.5888
2.70868 3.60905
2.75841 3.6293
2.80814 3.64954
2.85787 3.66979
2.90759 3.69004
2.95732 3.71029
3.00705 3.73054
3.05677 3.75079
3.1065 3.77104
3.15623 3.79129
3.20596 3.81154
3.25568 3.83179
3.30541 3.85203
3.35514 3.87228
3.40486 3.89253
3.45459 3.91278
3.50432 3.93303
3.55405 3.95328
3.60377 3.97353
3.6535 3.99378
3.70323 4.01403
3.75386 4.01403
3.80449 4.01403
3.85512 4.01403
3.90575 4.01403
3.95638 4.01403
4.00701 4.01403
4.05764 4.01403
4.10827 4.01403
4.1589 4.01403
4.20953 4.01403
4.26016 4.01403
6.94512 4.02428
9.63008 4.02428
12.315 4.02428
15.0 4.02428
0.0 0.512166
0.0548558 0.512166
0.109712 0.527865
0.164568 0.543563
0.219423 0.559262
0.271582 0.559262
0.323741 2.40486
0.373607 2.40486
0.423472 2.45406
0.473338 2.50325
0.523204 2.55244
0.573069 2.60164
0.622935 2.65083
0.672801 2.70002
0.722666 2.74921
0.772532 2.79841
0.822398 2.8476
0.872263 2.89679
0.922129 2.94598
0.971994 2.99518
1.02186 3.04437
1.07173 3.09356
1.12159 3.14276
1.17146 3.19195
1.2223 3.19195
1.27313 3.23396
1.32397 3.27596
1.37481 3.31797
1.42565 3.35998
1.47648 3.40199
1.52732 3.444
1.57816 3.48601
1.629 3.52801
1.67984 3.57002
1.73067 3.61203
1.78151 3.65404
1.83235 3.69605
1.88319 3.73806
1.93403 3.78006
1.98486 3.82207
2.0357 3.86408
2.08654 3.90609
2.13738 3.9481
2.18611 3.9481
2.23483 3.9481
2.28356 3.9481
2.33229 3.9481
2.38102 3.9481
2.42974 3.9481
2.47847 3.9481
2.5272 3.9481
2.57593 3.9481
2.62466 3.9481
2.67338 3.9481
2.72211 3.9481
2.77084 3.9481
2.81957 3.9481
2.86829 3.9481
2.91702 3.9481
2.96575 3.9481
3.01448 3.9481
5.41158 3.95936
7.80869 3.95936
10.2058 3.95936
12.6029 3.95936
15.0 3.95936
0.0 0.512912
0.0477664 0.512912
0.0955327 0.517092
0.143299 0.521271
0.191065 0.525451
0.241876 0.525451
0.292687 0.797475
0.343498 1.0695
0.394308 1.34152
0.445119 1.61355
0.49593 1.88557
0.54674 2.1576
0.597551 2.42962
0.648197 2.42962
0.698843 2.63368
0.749488 2.83773
0.800134 3.04179
0.85078 3.24584
0.900445 3.24584
0.950111 3.26058
0.999777 3.27532
1.04944 3.29007
1.09911 3.30481
1.14877 3.31955
1.19844 3.33429
1.2481 3.34903
1.29777 3.36377
1.34744 3.37851
1.3971 3.39325
1.44677 3.40799
1.49643 3.42273
1.5461 3.43747
1.59576 3.45221
1.64543 3.46695
1.6951 3.48169
1.74476 3.49643
1.79443 3.51117
1.84409 3.52591
1.89376 3.54065
1.94342 3.55539
1.99309 3.57014
2.04275 3.58488
2.09242 3.59962
2.14209 3.61436
2.19175 3.6291
2.24142 3.64384
2.29108 3.65858
2.34075 3.67332
2.39041 3.68806
2.44008 3.7028
2.48975 3.71754
2.53941 3.73228
2.58908 3.74702
2.63874 3.76176
2.68841 3.7765
2.73807 3.79124
2.78774 3.80598
2.8374 3.82072
2.88707 3.83546
2.93674 3.85021
2.9864 3.86495
3.03607 3.87969
3.08573 3.89443
3.13687 3.89443
3.188 3.89443
3.23913 3.89443
3.29026 3.89443
3.34139 3.89443
3.39253 3.89443
3.44366 3.89443
3.49479 3.89443
3.54592 3.89443
3.59705 3.89443
3.64819 3.89443
3.69932 3.89443
3.75045 3.89443
3.80158 3.89443
3.85271 3.89443
6.63954 3.99241
9.42636 3.99241
12.2132 3.99241
15.0 3.99241
0.0 0.497092
0.0447991 0.497092
0.0895981 0.510929
0.134397 0.524765
0.179196 0.538602
0.229999 0.538602
0.280803 0.759674
0.331606 0.980746
0.382409 1.20182
0.433212 1.42289
0.484016 1.64396
0.534819 1.86503
0.585622 2.08611
0.636425 2.30718
0.687229 2.52825
0.735877 2.52825
0.784525 2.77153
0.833174 3.01482
0.881822 3.2581
0.931686 3.2581
0.98155 3.27418
1.03141 3.29025
1.08128 3.30633
1.13114 3.3224
1.18101 3.33848
1.23087 3.35456
1.28073 3.37063
1.3306 3.38671
1.38046 3.40278
1.43033 3.41886
1.48019 3.43493
1.53005 3.45101
1.57992 3.46708
1.62978 3.48316
1.67965 3.49924
1.72951 3.51531
1.77937 3.53139
1.82924 3.54746
1.8791 3.56354
1.92897 3.57961
1.97883 3.59569
2.02869 3.61176
2.07856 3.62784
2.12842 3.64392
2.17829 3.65999
2.22815 3.67607
2.27801 3.69214
2.32788 3.70822
2.37774 3.72429
2.42761 3.74037
2.47747 3.75645
2.52733 3.77252
2.5772 3.7886
2.62706 3.80467
2.67693 3.82075
2.72679 3.83682
2.77665 3.8529
2.82652 3.86897
2.87638 3.88505
2.92625 3.90113
2.97521 3.90113
3.02417 3.90113
3.07312 3.90113
3.12208 3.90113
3.17104 3.90113
3.22 3.90113
3.26896 3.90113
3.31792 3.90113
3.36688 3.90113
3.41584 3.90113
3.4648 3.90113
3.51376 3.90113
3.56272 3.90113
3.61168 3.90113
3.66064 3.90113
3.7096 3.90113
3.75855 3.90113
6.56892 4.01026
9.37928 4.01026
12.1896 4.01026
15.0 4.01026
0.0 0.515602
0.0476633 0.515602
0.0953267 0.516006
0.14299 0.51641
0.190653 0.516815
0.243586 0.516815
0.296519 0.918233
0.349453 1.31965
0.402386 1.72107
0.455319 2.12249
0.508252 2.52391
0.55882 2.52391
0.609388 2.54392
0.659956 2.56394
0.710524 2.58395
0.761092 2.60396
0.81166 2.62398
0.862228 2.64399
0.912797 2.66401
0.963365 2.68402
1.01393 2.70403
1.0645 2.72405
1.11507 2.74406
1.16564 2.76408
1.21621 2.78409
1.26677 2.8041
1.31734 2.82412
1.36791 2.84413
1.41848 2.86415
1.46905 2.88416
1.51961 2.90417
1.57018 2.92419
1.62075 2.9442
1.67132 2.96422
1.72189 2.98423
1.77245 3.00424
1.82302 3.02426
1.87359 3.04427
1.92416 3.06428
1.97473 3.0843
2.0253 3.10431
2.07586 3.12433
2.12643 3.14434
2.177 3.16435
2.22757 3.18437
2.27814 3.20438
2.3287 3.2244
2.37927 3.24441
2.42984 3.26442
2.48041 3.28444
2.53098 3.30445
2.58069 3.30445
2.6304 3.32183
2.68012 3.33921
2.72983 3.35659
2.77954 3.37397
2.82926 3.39134
2.87897 3.40872
2.92868 3.4261
2.9784 3.44348
3.02811 3.46086
3.07782 3.47824
3.12754 3.49561
3.17725 3.51299
3.22696 3.53037
3.27668 3.54775
3.32639 3.56513
3.3761 3.58251
3.42582 3.59988
3.47553 3.61726
3.52524 3.63464
3.57496 3.65202
3.62467 3.6694
3.67439 3.68678
3.7241 3.70416
3.77381 3.72153
3.82353 3.73891
3.87324 3.75629
3.92295 3.77367
3.97267 3.79105
4.02238 3.80843
4.07209 3.8258
4.12181 3.84318
4.17152 3.86056
4.22163 3.86056
4.27174 3.86056
4.32185 3.86056
4.37196 3.86056
4.42207 3.86056
4.47218 3.86056
4.52229 3.86056
4.5724 3.86056
4.62251 3.86056
4.67262 3.86056
4.72273 3.86056
4.77284 3.86056
4.82295 3.86056
7.36721 3.9515
9.91147 3.9515
12.4557 3.9515
15.0 3.9515
0.0 0.517934
0.0541491 0.517934
0.108298 0.520281
0.162447 0.522628
0.216596 0.524975
0.26418 0.524975
0.311763 0.810143
0.359347 1.09531
0.40693 1.38048
0.454514 1.66565
0.502097 1.95082
0.54968 2.23599
0.597264 2.52115
0.647367 2.52115
0.69747 2.53956
0.747573 2.55796
0.797676 2.57637
0.847779 2.59478
0.897883 2.61318
0.947986 2.63159
0.998089 2.64999
1.04819 2.6684
1.09829 2.6868
1.1484 2.70521
1.1985 2.72361
1.2486 2.74202
1.29871 2.76042
1.34881 2.77883
1.39891 2.79724
1.44902 2.81564
1.49912 2.83405
1.54922 2.85245
1.59933 2.87086
1.64943 2.88926
1.69953 2.90767
1.74964 2.92607
1.79974 2.94448
1.84984 2.96288
1.89994 2.98129
1.95005 2.9997
2.00015 3.0181
2.05025 3.03651
2.10036 3.05491
2.15046 3.07332
2.20056 3.09172
2.25067 3.11013
2.30077 3.12853
2.35087 3.14694
2.40098 3.16535
2.45108 3.18375
2.50118 3.20216
2.55128 3.22056
2.60139 3.23897
2.65149 3.25737
2.70159 3.27578
2.7517 3.29418
2.80104 3.29418
2.85039 3.3121
2.89973 3.33001
2.94908 3.34792
2.99843 3.36584
3.04777 3.38375
3.09712 3.40167
3.14646 3.41958
3.19581 3.43749
3.24515 3.45541
3.2945 3.47332
3.34385 3.49123
3.39319 3.50915
3.44254 3.52706
3.49188 3.54498
3.54123 3.56289
3.59057 3.5808
3.63992 3.59872
3.68926 3.61663
3.73861 3.63454
3.78796 3.65246
3.8373 3.67037
3.88665 3.68829
3.93599 3.7062
3.98534 3.72411
4.03468 3.74203
4.08403 3.75994
4.13338 3.77785
4.18272 3.79577
4.23207 3.81368
4.28141 3.8316
4.33076 3.84951
4.3801 3.86742
4.42945 3.88534
4.4788 3.90325
4.53013 3.90325
4.58146 3.90325
4.63279 3.90325
4.68412 3.90325
4.73545 3.90325
7.30158 3.92825
9.86772 3.92825
12.4339 3.92825
15.0 3.92825
0.0 0.511131
0.0520031 0.511131
0.104006 0.517229
0.156009 0.523327
0.208012 0.529425
0.26027 0.529425
0.312528 0.735784
0.364786 0.942143
0.417044 1.1485
0.469302 1.35486
0.52156 1.56122
0.573818 1.76758
0.626076 1.97394
0.678334 2.1803
0.730592 2.38666
0.78285 2.59302
0.832347 2.59302
0.881845 2.62434
0.931343 2.65567
0.980841 2.68699
1.03034 2.71831
1.07984 2.74964
1.12933 2.78096
1.17883 2.81228
1.22833 2.84361
1.27783 2.87493
1.32733 2.90625
1.37682 2.93758
1.42632 2.9689
1.47582 3.00023
1.52532 3.03155
1.57481 3.06287
1.62431 3.0942
1.67381 3.12552
1.72331 3.15684
1.7728 3.18817
1.8223 3.21949
1.8718 3.25081
1.9213 3.28214
1.9708 3.31346
2.0199 3.31346
2.069 3.34481
2.11809 3.37616
2.16719 3.40751
2.21629 3.43886
2.26539 3.47021
2.31449 3.50156
2.36359 3.53291
2.41269 3.56426
2.46179 3.59562
2.51089 3.62697
2.55999 3.65832
2.60909 3.68967
2.65819 3.72102
2.70729 3.75237
2.75639 3.78372
2.80549 3.81507
2.85459 3.84642
2.90369 3.87777
2.95279 3.90912
3.00268 3.90912
3.05257 3.90912
3.10246 3.90912
3.15236 3.90912
3.20225 3.90912
3.25214 3.90912
3.30204 3.90912
3.35193 3.90912
3.40182 3.90912
3.45171 3.90912
3.50161 3.90912
3.5515 3.90912
3.60139 3.90912
3.65128 3.90912
3.70118 3.90912
3.75107 3.90912
3.80096 3.90912
3.85086 3.90912
3.90075 3.90912
3.95064 3.90912
4.00053 3.90912
4.05043 3.90912
4.10032 3.90912
4.15021 3.90912
4.2001 3.90912
4.25 3.90912
4.29989 3.90912
4.34978 3.90912
4.39967 3.90912
4.44957 3.90912
4.49946 3.90912
4.54935 3.90912
4.59925 3.90912
7.19943 3.99557
9.79962 3.99557
12.3998 3.99557
15.0 3.99557
0.0 0.50759
0.045318 0.50759
0.090636 0.515913
0.135954 0.524235
0.181272 0.532557
0.230662 0.532557
0.280052 0.63922
0.329442 0.745883
0.378832 0.852545
0.428222 0.959208
0.477612 1.06587
0.527002 1.17253
0.576392 1.2792
0.625782 1.38586
0.675172 1.49252
0.724562 1.59919
0.773952 1.70585
0.823342 1.81251
0.872732 1.91917
0.922123 2.02584
0.971513 2.1325
1.0209 2.23916
1.07029 2.34583
1.11968 2.45249
1.16907 2.55915
1.22266 2.55915
1.27624 2.71108
1.32982 2.86301
1.38341 3.01494
1.43699 3.16686
1.49057 3.31879
1.53966 3.31879
1.58874 3.35677
1.63783 3.39474
1.68691 3.43272
1.736 3.47069
1.78508 3.50867
1.83417 3.54664
1.88326 3.58462
1.93234 3.62259
1.98143 3.66057
2.03051 3.69854
2.0796 3.73652
2.12868 3.77449
2.17777 3.81247
2.22685 3.85044
2.27594 3.88842
2.32502 3.92639
2.37411 3.96437
2.4232 4.00234
2.47312 4.00234
2.52305 4.00234
2.57298 4.00234
2.62291 4.00234
2.67283 4.00234
2.72276 4.00234
2.77269 4.00234
2.82262 4.00234
2.87254 4.00234
2.92247 4.00234
2.9724 4.00234
3.02233 4.00234
3.07226 4.00234
3.12218 4.00234
3.17211 4.00234
3.22204 4.00234
3.27197 4.00234
3.32189 4.00234
3.37182 4.00234
3.42175 4.00234
3.47168 4.00234
3.52161 4.00234
3.57153 4.00234
5.85723 4.01301
8.14292 4.01301
10.4286 4.01301
12.7143 4.01301
15.0 4.01301
0.0 0.516066
0.0452019 0.516066
0.0904037 0.524958
0.135606 0.533851
0.180807 0.542743
0.226009 0.551635
0.277103 0.551635
0.328196 0.684557
0.379289 0.817479
0.430383 0.950401
0.481476 1.08332
0.532569 1.21624
0.583663 1.34917
0.634756 1.48209
0.685849 1.61501
0.736942 1.74793
0.788036 1.88085
0.839129 2.01378
0.890222 2.1467
0.941316 2.27962
0.992409 2.41254
1.0435 2.54546
1.094 2.54546
1.1445 2.62084
1.195 2.69621
1.2455 2.77159
1.296 2.84696
1.3465 2.92233
1.397 2.99771
1.4475 3.07308
1.49799 3.14846
1.54849 3.22383
1.59899 3.29921
1.64763 3.29921
1.69627 3.34351
1.74491 3.38782
1.79355 3.43212
1.84218 3.47643
1.89082 3.52073
1.93946 3.56504
1.9881 3.60934
2.03674 3.65365
2.08538 3.69795
2.13402 3.74226
2.18265 3.78656
2.23129 3.83087
2.27993 3.87517
2.32857 3.91948
2.38021 3.91948
2.43185 3.91948
2.4835 3.91948
2.53514 3.91948
2.58678 3.91948
2.63842 3.91948
2.69007 3.91948
5.15205 4.03565
7.61404 4.03565
10.076 4.03565
12.538 4.03565
15.0 4.03565
0.0 0.524289
0.0499285 0.524289
0.099857 0.531193
0.149785 0.538096
0.199714 0.545
0.249642 0.551903
0.299246 0.551903
0.34885 1.07598
0.398454 1.60006
0.448058 2.12413
0.497662 2.64821
0.548292 2.64821
0.598922 2.68677
0.649552 2.72533
0.700182 2.76388
0.750812 2.80244
0.801442 2.841
0.852072 2.87956
0.902702 2.91812
0.953332 2.95667
1.00396 2.99523
1.05459 3.03379
1.10522 3.07235
1.15585 3.1109
1.20648 3.14946
1.25711 3.18802
1.30774 3.22658
1.35777 3.22658
1.4078 3.28758
1.45783 3.34859
1.50786 3.4096
1.55789 3.4706
1.60792 3.53161
1.65795 3.59261
1.70798 3.65362
1.75801 3.71463
1.80804 3.77563
1.85807 3.83664
1.9081 3.89765
1.95813 3.95865
2.00391 3.95865
2.0497 3.95865
2.09548 3.95865
2.14126 3.95865
2.18704 3.95865
4.74963 4.04436
7.31222 4.04436
9.87482 4.04436
12.4374 4.04436
15.0 4.04436
0.0 0.502551
0.0455418 0.502551
0.0910836 0.515546
0.136625 0.528541
0.182167 0.541537
0.241232 0.541537
0.300297 2.6495
0.34863 2.6495
0.396964 2.69351
0.445297 2.73752
0.49363 2.78152
0.541963 2.82553
0.590296 2.86954
0.638629 2.91355
0.686962 2.95755
0.735296 3.00156
0.783629 3.04557
0.831962 3.08958
0.880295 3.13358
0.935398 3.13358
0.990501 3.52833
1.0456 3.92307
1.09628 3.92307
1.14695 3.92307
1.19762 3.92307
1.2483 3.92307
1.29897 3.92307
1.34965 3.92307
1.40032 3.92307
1.45099 3.92307
1.50167 3.92307
1.55234 3.92307
1.60301 3.92307
1.65369 3.92307
1.70436 3.92307
1.75504 3.92307
1.80571 3.92307
1.85638 3.92307
1.90706 3.92307
1.95773 3.92307
2.0084 3.92307
2.05908 3.92307
2.10975 3.92307
2.16043 3.92307
2.2111 3.92307
2.26177 3.92307
4.80942 4.0919
7.35706 4.0919
9.90471 4.0919
12.4524 4.0919
15.0 4.0919
0.0 0.513089
0.0535465 0.513089
0.107093 0.531479
0.160639 0.549869
0.214186 0.568259
0.258662 0.568259
0.303139 1.63023
0.347615 2.6922
0.395807 2.6922
0.444 2.74265
0.492192 2.7931
0.540384 2.84354
0.588577 2.89399
0.636769 2.94444
0.684961 2.99489
0.733154 3.04533
0.781346 3.09578
0.829539 3.14623
0.877731 3.19668
0.926327 3.19668
0.974923 3.28917
1.02352 3.38167
1.07212 3.47416
1.12071 3.56666
1.16931 3.65915
1.2179 3.75165
1.2665 3.84414
1.3151 3.93664
1.36537 3.93664
1.41564 3.93664
1.46591 3.93664
1.51618 3.93664
1.56645 3.93664
1.61672 3.93664
1.66699 3.93664
1.71726 3.93664
1.76753 3.93664
1.8178 3.93664
1.86807 3.93664
1.91834 3.93664
1.96861 3.93664
2.01888 3.93664
2.06915 3.93664
2.11942 3.93664
2.16969 3.93664
2.21996 3.93664
2.27023 3.93664
4.81618 4.07598
7.36214 4.07598
9.90809 4.07598
12.454 4.07598
15.0 4.07598
0.0 0.528857
0.052941 0.528857
0.105882 0.535447
0.158823 0.542037
0.211764 0.548627
0.25714 0.548627
0.302516 1.62186
0.347892 2.69509
0.39949 2.69509
0.451089 2.74049
0.502688 2.7859
0.554287 2.8313
0.605885 2.8767
0.657484 2.9221
0.709083 2.9675
0.760682 3.0129
0.81228 3.0583
0.863879 3.1037
0.915478 3.14911
0.967077 3.19451
1.01894 3.19451
1.07081 3.29084
1.12268 3.38718
1.17454 3.48352
1.22641 3.57985
1.27828 3.67619
1.33014 3.77253
1.38201 3.86886
1.43388 3.9652
1.48408 3.9652
1.53429 3.9652
1.5845 3.9652
1.6347 3.9652
1.68491 3.9652
1.73512 3.9652
1.78532 3.9652
1.83553 3.9652
1.88574 3.9652
1.93594 3.9652
1.98615 3.9652
2.03636 3.9652
2.08656 3.9652
2.13677 3.9652
2.18698 3.9652
2.23718 3.9652
4.78975 4.07417
7.34231 4.07417
9.89487 4.07417
12.4474 4.07417
15.0 4.07417
0.0 0.504514
0.0552537 0.504514
0.110507 0.529294
0.165761 0.554075
0.221015 0.578855
0.274785 0.578855
0.328555 1.62572
0.382325 2.6726
0.432489 2.6726
0.482654 2.70439
0.532819 2.73619
0.582983 2.76799
0.633148 2.79979
0.683313 2.83159
0.733477 2.86338
0.783642 2.89518
0.833807 2.92698
0.883971 2.95878
0.934136 2.99058
0.984301 3.02238
1.03447 3.05417
1.08463 3.08597
1.13479 3.11777
1.18496 3.14957
1.23512 3.18137
1.28657 3.18137
1.33802 3.25989
1.38947 3.33842
1.44092 3.41694
1.49236 3.49547
1.54381 3.57399
1.59526 3.65252
1.64671 3.73104
1.69816 3.80956
1.7496 3.88809
1.80105 3.96661
1.85107 3.96661
1.90108 3.96661
1.95109 3.96661
2.00111 3.96661
2.05112 3.96661
2.10113 3.96661
2.15115 3.96661
2.20116 3.96661
2.25117 3.96661
2.30119 3.96661
2.3512 3.96661
2.40121 3.96661
2.45123 3.96661
2.50124 3.96661
2.55125 3.96661
2.60127 3.96661
2.65128 3.96661
2.70129 3.96661
2.75131 3.96661
2.80132 3.96661
2.85133 3.96661
2.90135 3.96661
2.95136 3.96661
3.00138 3.96661
3.05139 3.96661
5.44111 4.07876
7.83083 4.07876
10.2206 4.07876
12.6103 4.07876
15.0 4.07876
0.0 0.514704
0.0520317 0.514704
0.104063 0.533102
0.156095 0.551499
0.208127 0.569897
0.260159 0.588294
0.304054 0.588294
0.34795 1.60895
0.391845 2.6296
0.442921 2.6296
0.493996 2.65711
0.545071 2.68461
0.596147 2.71211
0.647222 2.73962
0.698297 2.76712
0.749372 2.79463
0.800448 2.82213
0.851523 2.84963
0.902598 2.87714
0.953674 2.90464
1.00475 2.93214
1.05582 2.95965
1.1069 2.98715
1.15797 3.01466
1.20905 3.04216
1.26013 3.06966
1.3112 3.09717
1.36228 3.12467
1.41335 3.15218
1.46209 3.15218
1.51084 3.30072
1.55958 3.44927
1.60833 3.59781
1.65707 3.74636
1.70581 3.8949
1.75588 3.8949
1.80595 3.8949
1.85602 3.8949
1.90608 3.8949
1.95615 3.8949
2.00622 3.8949
2.05629 3.8949
2.10635 3.8949
2.15642 3.8949
2.20649 3.8949
2.25656 3.8949
2.30662 3.8949
2.35669 3.8949
2.40676 3.8949
2.45683 3.8949
2.5069 3.8949
2.55696 3.8949
2.60703 3.8949
2.6571 3.8949
5.12568 4.10299
7.59426 4.10299
10.0628 4.10299
12.5314 4.10299
15.0 4.10299
0.0 0.506736
0.0454132 0.506736
0.0908264 0.531111
0.13624 0.555485
0.181653 0.57986
0.227066 0.604234
0.273711 0.604234
0.320355 1.62894
0.367 2.65365
0.415903 2.65365
0.464806 2.68189
0.513708 2.71012
0.562611 2.73836
0.611514 2.76659
0.660417 2.79482
0.70932 2.82306
0.758222 2.85129
0.807125 2.87953
0.856028 2.90776
0.904931 2.936
0.953834 2.96423
1.00274 2.99246
1.05164 3.0207
1.10054 3.04893
1.14944 3.07717
1.19835 3.1054
1.24725 3.13364
1.29615 3.16187
1.34371 3.16187
1.39128 3.24559
1.43884 3.32931
1.4864 3.41303
1.53396 3.49675
1.58152 3.58047
1.62908 3.66419
1.67664 3.74791
1.72421 3.83163
1.77283 3.83163
1.82146 3.83163
1.87009 3.83163
1.91872 3.83163
1.96735 3.83163
2.01598 3.83163
2.06461 3.83163
2.11324 3.83163
2.16187 3.83163
2.2105 3.83163
2.25913 3.83163
2.30776 3.83163
2.35639 3.83163
2.40501 3.83163
2.45364 3.83163
2.50227 3.83163
2.5509 3.83163
2.59953 3.83163
5.07963 4.08414
7.55972 4.08414
10.0398 4.08414
12.5199 4.08414
15.0 4.08414
0.0 0.513066
0.0448442 0.513066
0.0896884 0.532144
0.134533 0.551223
0.179377 0.570302
0.233259 0.570302
0.287142 1.61166
0.341024 2.65301
0.390024 2.65301
0.439024 2.68124
0.488024 2.70947
0.537025 2.7377
0.586025 2.76593
0.635025 2.79416
0.684025 2.82239
0.733025 2.85062
0.782025 2.87885
0.831025 2.90708
0.880025 2.93531
0.929025 2.96354
0.978025 2.99177
1.02703 3.02
1.07603 3.04823
1.12503 3.07646
1.17403 3.10469
1.22303 3.13292
1.27203 3.16115
1.32103 3.18938
1.37202 3.18938
1.42302 3.24405
1.47401 3.29871
1.52501 3.35338
1.576 3.40804
1.627 3.46271
1.67799 3.51737
1.72898 3.57203
1.77998 3.6267
1.83097 3.68136
1.88197 3.73603
1.93296 3.79069
1.98417 3.79069
2.03538 3.79069
2.08658 3.79069
2.13779 3.79069
2.189 3.79069
2.2402 3.79069
2.29141 3.79069
2.34262 3.79069
2.39382 3.79069
2.44503 3.79069
2.49623 3.79069
2.54744 3.79069
2.59865 3.79069
2.64985 3.79069
2.70106 3.79069
2.75227 3.79069
2.80347 3.79069
5.24278 4.14797
7.68208 4.14797
10.1214 4.14797
12.5607 4.14797
15.0 4.14797
0.0 0.509134
0.0455124 0.509134
0.0910247 0.520829
0.136537 0.532525
0.182049 0.54422
0.231145 0.54422
0.280241 0.815986
0.329337 1.08775
0.378433 1.35952
0.427529 1.63128
0.476625 1.90305
0.52572 2.17481
0.574816 2.44658
0.623912 2.71835
0.673203 2.71835
0.722494 2.73939
0.771785 2.76044
0.821077 2.78149
0.870368 2.80253
0.919659 2.82358
0.96895 2.84463
1.01824 2.86568
1.06753 2.88672
1.11682 2.90777
1.16611 2.92882
1.21541 2.94986
1.2647 2.97091
1.31399 2.99196
1.36328 3.01301
1.41257 3.03405
1.46186 3.0551
1.51115 3.07615
1.56044 3.09719
1.60973 3.11824
1.65902 3.13929
1.70832 3.16034
1.75761 3.18138
1.80864 3.18138
1.85967 3.22382
1.9107 3.26625
1.96174 3.30869
2.01277 3.35113
2.0638 3.39356
2.11483 3.436
2.16586 3.47843
2.2169 3.52087
2.26793 3.5633
2.31896 3.60574
2.36999 3.64818
2.42102 3.69061
2.47206 3.73305
2.52309 3.77548
2.57399 3.77548
2.6249 3.77548
2.6758 3.77548
2.72671 3.77548
2.77761 3.77548
2.82852 3.77548
2.87943 3.77548
2.93033 3.77548
2.98124 3.77548
3.03214 3.77548
3.08305 3.77548
3.13395 3.77548
3.18486 3.77548
3.23576 3.77548
3.28667 3.77548
5.62934 4.12177
7.972 4.12177
10.3147 4.12177
12.6573 4.12177
15.0 4.12177
0.0 0.505257
0.0470643 0.505257
0.0941286 0.530241
0.141193 0.555224
0.188257 0.580208
0.235322 0.605192
0.287889 0.605192
0.340456 1.29283
0.393024 1.98046
0.445591 2.6681
0.494789 2.6681
0.543987 2.68967
0.593185 2.71125
0.642383 2.73282
0.69158 2.75439
0.740778 2.77597
0.789976 2.79754
0.839174 2.81912
0.888372 2.84069
0.93757 2.86226
0.986768 2.88384
1.03597 2.90541
1.08516 2.92698
1.13436 2.94856
1.18356 2.97013
1.23276 2.99171
1.28195 3.01328
1.33115 3.03485
1.38035 3.05643
1.42955 3.078
1.47875 3.09957
1.52794 3.12115
1.57714 3.14272
1.62634 3.1643
1.67554 3.18587
1.72551 3.18587
1.77547 3.21205
1.82544 3.23822
1.87541 3.2644
1.92538 3.29058
1.97534 3.31675
2.02531 3.34293
2.07528 3.36911
2.12525 3.39528
2.17521 3.42146
2.22518 3.44764
2.27515 3.47381
2.32512 3.49999
2.37508 3.52617
2.42505 3.55235
2.47502 3.57852
2.52499 3.6047
2.57495 3.63088
2.62492 3.65705
2.67489 3.68323
2.72486 3.70941
2.77483 3.73558
2.82479 3.76176
2.87418 3.76176
2.92357 3.76176
2.97295 3.76176
3.02234 3.76176
3.07173 3.76176
3.12112 3.76176
3.1705 3.76176
3.21989 3.76176
3.26928 3.76176
3.31867 3.76176
3.36805 3.76176
3.41744 3.76176
3.46683 3.76176
3.51622 3.76176
3.5656 3.76176
3.61499 3.76176
3.66438 3.76176
3.71376 3.76176
5.97101 4.12287
8.22826 4.12287
10.4855 4.12287
12.7428 4.12287
15.0 4.12287
0.0 0.505778
0.0511352 0.505778
0.10227 0.535151
0.153406 0.564524
0.202866 0.564524
0.252326 0.687929
0.301787 0.811333
0.351247 0.934737
0.400707 1.05814
0.450168 1.18155
0.499628 1.30495
0.549088 1.42835
0.598549 1.55176
0.648009 1.67516
0.697469 1.79857
0.74693 1.92197
0.79639 2.04537
0.84585 2.16878
0.895311 2.29218
0.944771 2.41559
0.994231 2.53899
1.04369 2.6624
1.09531 2.6624
1.14692 2.73665
1.19853 2.8109
1.25015 2.88516
1.30176 2.95941
1.35338 3.03367
1.40499 3.10792
1.45661 3.18217
1.50822 3.25643
1.55879 3.25643
1.60935 3.28738
1.65992 3.31834
1.71048 3.3493
1.76105 3.38025
1.81161 3.41121
1.86218 3.44216
1.91274 3.47312
1.96331 3.50407
2.01388 3.53503
2.06444 3.56598
2.11501 3.59694
2.16557 3.62789
2.21614 3.65885
2.26447 3.65885
2.31281 3.65885
2.36115 3.65885
2.40949 3.65885
2.45782 3.65885
2.50616 3.65885
2.5545 3.65885
2.60284 3.65885
2.65117 3.65885
5.12094 4.16434
7.5907 4.16434
10.0605 4.16434
12.5302 4.16434
15.0 4.16434
0.0 0.499351
0.0445705 0.499351
0.089141 0.519259
0.133712 0.539167
0.178282 0.559075
0.227064 0.559075
0.275847 0.732084
0.324629 0.905094
0.373412 1.0781
0.422194 1.25111
0.470976 1.42412
0.519759 1.59713
0.568541 1.77014
0.617323 1.94315
0.666106 2.11616
0.714888 2.28917
0.763671 2.46218
0.812453 2.63519
0.863395 2.63519
0.914336 2.7846
0.965278 2.93402
1.01622 3.08343
1.06716 3.23284
1.11572 3.23284
1.16427 3.25691
1.21283 3.28098
1.26138 3.30505
1.30994 3.32912
1.35849 3.35319
1.40705 3.37726
1.4556 3.40133
1.50415 3.4254
1.55271 3.44947
1.60126 3.47354
1.64982 3.49761
1.69837 3.52168
1.74817 3.52168
1.79796 3.52168
1.84775 3.52168
1.89754 3.52168
1.94733 3.52168
1.99713 3.52168
2.04692 3.52168
2.09671 3.52168
2.1465 3.52168
2.19629 3.52168
2.24608 3.52168
2.29588 3.52168
2.34567 3.52168
2.39546 3.52168
2.44525 3.52168
2.49504 3.52168
2.54484 3.52168
2.59463 3.52168
2.64442 3.52168
2.69421 3.52168
2.744 3.52168
2.7938 3.52168
2.84359 3.52168
2.89338 3.52168
2.94317 3.52168
2.99296 3.52168
3.04275 3.52168
3.09255 3.52168
3.14234 3.52168
3.19213 3.52168
3.24192 3.52168
3.29171 3.52168
3.34151 3.52168
5.6732 4.23333
8.0049 4.23333
10.3366 4.23333
12.6683 4.23333
15.0 4.23333
0.0 0.514111
0.045851 0.514111
0.091702 0.520346
0.137553 0.52658
0.183404 0.532815
0.229255 0.539049
0.278775 0.539049
0.328295 0.893251
0.377814 1.24745
0.427334 1.60165
0.476854 1.95586
0.526374 2.31006
0.575894 2.66426
0.622815 2.66426
0.669737 2.79598
0.716659 2.9277
0.763581 3.05942
0.810503 3.19114
0.861952 3.19114
0.913401 3.21719
0.964851 3.24323
1.0163 3.26928
1.06775 3.29532
1.1192 3.32137
1.17065 3.34741
1.2221 3.37346
1.27355 3.3995
1.325 3.42555
1.37645 3.45159
1.42789 3.47764
1.47934 3.50368
1.53079 3.52973
1.58224 3.55577
1.63063 3.55577
1.67902 3.55577
1.72741 3.55577
1.7758 3.55577
1.8242 3.55577
1.87259 3.55577
1.92098 3.55577
1.96937 3.55577
2.01776 3.55577
2.06615 3.55577
2.11454 3.55577
2.16293 3.55577
2.21132 3.55577
2.25971 3.55577
4.80777 4.23749
7.35583 4.23749
9.90388 4.23749
12.4519 4.23749
15.0 4.23749
0.0 0.495028
0.055411 0.495028
0.110822 0.525406
0.166233 0.555784
0.216083 0.555784
0.265934 0.733281
0.315784 0.910779
0.365635 1.08828
0.415485 1.26577
0.465336 1.44327
0.515186 1.62077
0.565037 1.79827
0.614887 1.97576
0.664738 2.15326
0.714588 2.33076
0.764439 2.50826
0.814289 2.68575
0.865125 2.68575
0.91596 2.73094
0.966795 2.77612
1.01763 2.82131
1.06847 2.86649
1.1193 2.91167
1.17014 2.95686
1.22097 3.00204
1.27181 3.04723
1.32264 3.09241
1.37348 3.1376
1.42358 3.1376
1.47369 3.17367
1.52379 3.20974
1.5739 3.24581
1.62401 3.28189
1.67411 3.31796
1.72422 3.35403
1.77432 3.3901
1.82443 3.42617
1.87454 3.46225
1.92464 3.49832
1.97475 3.53439
2.02485 3.57046
2.07496 3.60654
2.12476 3.60654
2.17455 3.60654
2.22435 3.60654
2.27415 3.60654
2.32394 3.60654
2.37374 3.60654
2.42354 3.60654
2.47333 3.60654
2.52313 3.60654
2.57293 3.60654
2.62272 3.60654
2.67252 3.60654
2.72232 3.60654
2.77211 3.60654
2.82191 3.60654
2.87171 3.60654
2.9215 3.60654
2.9713 3.60654
3.0211 3.60654
3.07089 3.60654
3.12069 3.60654
5.49655 4.32226
7.87241 4.32226
10.2483 4.32226
12.6241 4.32226
15.0 4.32226
0.0 0.504144
0.0553063 0.504144
0.110613 0.532252
0.165919 0.56036
0.221225 0.588468
0.272459 0.588468
0.323692 0.820981
0.374925 1.05349
0.426158 1.28601
0.477391 1.51852
0.528624 1.75103
0.579857 1.98354
0.631091 2.21606
0.682324 2.44857
0.733557 2.68108
0.78417 2.68108
0.834783 2.73778
0.885396 2.79447
0.936009 2.85116
0.986622 2.90786
1.03724 2.96455
1.08785 3.02124
1.13846 3.07794
1.18908 3.13463
1.23969 3.19132
1.29048 3.19132
1.34127 3.20449
1.39206 3.21766
1.44285 3.23083
1.49364 3.244
1.54444 3.25716
1.59523 3.27033
1.64602 3.2835
1.69681 3.29667
1.7476 3.30984
1.79839 3.323
1.84918 3.33617
1.89997 3.34934
1.95076 3.36251
2.00156 3.37567
2.05235 3.38884
2.10314 3.40201
2.15393 3.41518
2.20472 3.42835
2.25551 3.44151
2.3063 3.45468
2.35709 3.46785
2.40789 3.48102
2.45868 3.49419
2.50947 3.50735
2.56026 3.52052
2.61105 3.53369
2.66184 3.54686
2.71263 3.56002
2.76342 3.57319
2.81421 3.58636
2.86376 3.58636
2.9133 3.58636
2.96284 3.58636
3.01238 3.58636
3.06192 3.58636
3.11146 3.58636
3.161 3.58636
3.21054 3.58636
3.26008 3.58636
3.30962 3.58636
3.35916 3.58636
5.68733 4.30498
8.0155 4.30498
10.3437 4.30498
12.6718 4.30498
15.0 4.30498
0.0 0.503501
0.0558259 0.503501
0.111652 0.52823
0.167478 0.552959
0.223303 0.577688
0.271564 0.577688
0.319824 0.812347
0.368085 1.04701
0.416345 1.28167
0.464605 1.51633
0.512866 1.75099
0.561126 1.98565
0.609386 2.2203
0.657647 2.45496
0.705907 2.68962
0.757347 2.68962
0.808788 2.77045
0.860228 2.85127
0.911669 2.93209
0.963109 3.01291
1.01455 3.09373
1.06599 3.17456
1.115 3.17456
1.16401 3.19221
1.21302 3.20986
1.26203 3.22751
1.31104 3.24516
1.36005 3.26281
1.40906 3.28046
1.45807 3.29811
1.50709 3.31576
1.5561 3.33341
1.60511 3.35106
1.65412 3.36871
1.70313 3.38636
1.75214 3.40401
1.80115 3.42166
1.85016 3.43931
1.89917 3.45696
1.94818 3.47462
1.99719 3.49227
2.0462 3.50992
2.09521 3.52757
2.14574 3.52757
2.19627 3.52757
2.2468 3.52757
2.29733 3.52757
2.34786 3.52757
2.39839 3.52757
2.44892 3.52757
4.95914 4.22869
7.46935 4.22869
9.97957 4.22869
12.4898 4.22869
15.0 4.22869
0.0 0.49308
0.0455208 0.49308
0.0910416 0.507712
0.136562 0.522343
0.182083 0.536975
0.230921 0.536975
0.27976 0.851898
0.328598 1.16682
0.377436 1.48174
0.426274 1.79666
0.475112 2.11159
0.52395 2.42651
0.572788 2.74143
0.626879 2.74143
0.680969 3.16764
0.730482 3.16764
0.779994 3.18303
0.829507 3.19841
0.87902 3.21379
0.928532 3.22917
0.978045 3.24456
1.02756 3.25994
1.07707 3.27532
1.12658 3.2907
1.1761 3.30609
1.22561 3.32147
1.27512 3.33685
1.32463 3.35223
1.37415 3.36762
1.42366 3.383
1.47317 3.39838
1.52268 3.41376
1.5722 3.42915
1.62171 3.44453
1.67122 3.45991
1.72073 3.47529
1.77025 3.49068
1.81976 3.50606
1.86927 3.52144
1.92096 3.52144
1.97264 3.52144
2.02433 3.52144
2.07602 3.52144
4.66081 4.25107
7.24561 4.25107
9.83041 4.25107
12.4152 4.25107
15.0 4.25107
0.0 0.495826
0.0472849 0.495826
0.0945699 0.51166
0.141855 0.527495
0.18914 0.543329
0.242016 0.543329
0.294892 1.67517
0.347768 2.80701
0.387821 2.80701
0.437182 3.17459
0.486544 3.19496
0.535906 3.21533
0.585268 3.2357
0.634629 3.25608
0.683991 3.27645
0.733353 3.29682
0.782714 3.31719
0.832076 3.33756
0.881438 3.35793
0.930799 3.3783
0.980161 3.39868
1.02952 3.41905
1.07888 3.43942
1.12825 3.45979
1.17761 3.48016
1.22657 3.48016
1.27554 3.48016
1.3245 3.48016
1.37347 3.48016
1.42243 3.48016
1.4714 3.48016
1.52036 3.48016
1.56932 3.48016
1.61829 3.48016
1.66725 3.48016
1.71622 3.48016
1.76518 3.48016
1.81415 3.48016
1.86311 3.48016
1.91208 3.48016
1.96104 3.48016
2.01001 3.48016
2.05897 3.48016
2.10794 3.48016
2.1569 3.48016
2.20586 3.48016
2.25483 3.48016
2.30379 3.48016
2.35276 3.48016
4.88221 4.29261
7.41165 4.29261
9.9411 4.29261
12.4706 4.29261
15.0 4.29261
0.0 0.475686
0.0451037 0.475686
0.0902075 0.50399
0.135311 0.532293
0.180415 0.560597
0.225519 0.588901
0.276596 0.588901
0.327674 2.76033
0.38045 2.76033
0.433225 2.85169
0.486001 2.94304
0.538777 3.03439
0.591552 3.12574
0.641368 3.12574
0.691185 3.14031
0.741001 3.15488
0.790817 3.16945
0.840633 3.18402
0.890449 3.19859
0.940266 3.21316
0.990082 3.22772
1.0399 3.24229
1.08971 3.25686
1.13953 3.27143
1.18935 3.286
1.23916 3.30057
1.28898 3.31514
1.3388 3.32971
1.38861 3.34428
1.43843 3.35885
1.48824 3.37342
1.53835 3.37342
1.58845 3.37342
1.63856 3.37342
1.68866 3.37342
1.73877 3.37342
1.78887 3.37342
1.83898 3.37342
1.88908 3.37342
1.93919 3.37342
1.98929 3.37342
2.0394 3.37342
2.0895 3.37342
2.13961 3.37342
2.18971 3.37342
2.23982 3.37342
2.28992 3.37342
2.34003 3.37342
2.39013 3.37342
2.44024 3.37342
2.49034 3.37342
2.54045 3.37342
2.59055 3.37342
2.64066 3.37342
2.69076 3.37342
5.15261 4.34325
7.61446 4.34325
10.0763 4.34325
12.5382 4.34325
15.0 4.34325
0.0 0.493213
0.0496407 0.493213
0.0992814 0.515975
0.148922 0.538737
0.198563 0.5615
0.248203 0.584262
0.300856 0.584262
0.353508 1.02965
0.406161 1.47504
0.458813 1.92043
0.511466 2.36582
0.564118 2.81121
0.610144 2.81121
0.65617 2.8792
0.702196 2.94718
0.748223 3.01517
0.794249 3.08316
0.844291 3.08316
0.894334 3.09993
0.944377 3.11669
0.99442 3.13346
1.04446 3.15022
1.09451 3.16699
1.14455 3.18375
1.19459 3.20052
1.24463 3.21728
1.29468 3.23405
1.34472 3.25081
1.39476 3.26757
1.4448 3.28434
1.49485 3.3011
1.54489 3.31787
1.59493 3.33463
1.64498 3.3514
1.69502 3.36816
1.74506 3.38493
1.79492 3.38493
1.84479 3.38493
1.89465 3.38493
1.94451 3.38493
1.99437 3.38493
2.04424 3.38493
2.0941 3.38493
2.14396 3.38493
2.19382 3.38493
2.24369 3.38493
2.29355 3.38493
2.34341 3.38493
2.39327 3.38493
2.44314 3.38493
2.493 3.38493
2.54286 3.38493
5.03429 4.41206
7.52572 4.41206
10.0171 4.41206
12.5086 4.41206
15.0 4.41206
0.0 0.506587
0.0613928 0.506587
0.122786 0.508375
0.172583 0.508375
0.222381 0.617089
0.272179 0.725803
0.321976 0.834517
0.371774 0.943231
0.421572 1.05194
0.471369 1.16066
0.521167 1.26937
0.570965 1.37809
0.620762 1.4868
0.67056 1.59551
0.720358 1.70423
0.770155 1.81294
0.819953 1.92166
0.869751 2.03037
0.919548 2.13908
0.969346 2.2478
1.01914 2.35651
1.06894 2.46523
1.11874 2.57394
1.16854 2.68265
1.21833 2.79137
1.27193 2.79137
1.32553 2.85408
1.37912 2.91678
1.43272 2.97949
1.48632 3.0422
1.53991 3.1049
1.58897 3.1049
1.63802 3.13598
1.68707 3.16706
1.73612 3.19814
1.78518 3.22921
1.83423 3.26029
1.88328 3.29137
1.93233 3.32244
1.98139 3.35352
2.03044 3.3846
2.07949 3.41568
2.12886 3.41568
2.17823 3.41568
2.22759 3.41568
2.27696 3.41568
2.32633 3.41568
2.3757 3.41568
2.42506 3.41568
2.47443 3.41568
2.5238 3.41568
2.57316 3.41568
2.62253 3.41568
5.09802 4.39038
7.57352 4.39038
10.049 4.39038
12.5245 4.39038
15.0 4.39038
0.0 0.519967
0.0546872 0.519967
0.109374 0.524717
0.164062 0.529466
0.218749 0.534216
0.267702 0.534216
0.316655 0.986874
0.365608 1.43953
0.414561 1.89219
0.463514 2.34485
0.512467 2.79751
0.562951 2.79751
0.613436 2.81604
0.663921 2.83457
0.714406 2.8531
0.764891 2.87163
0.815375 2.89016
0.86586 2.90869
0.916345 2.92722
0.96683 2.94575
1.01731 2.96428
1.0678 2.98281
1.11828 3.00135
1.16877 3.01988
1.21925 3.03841
1.26974 3.05694
1.3204 3.05694
1.37106 3.13631
1.42172 3.21569
1.47238 3.29507
1.52305 3.37444
1.57371 3.45382
1.62528 3.45382
1.67684 3.45382
1.72841 3.45382
1.77998 3.45382
1.83155 3.45382
1.88312 3.45382
1.93469 3.45382
1.98626 3.45382
2.03783 3.45382
2.0894 3.45382
2.14096 3.45382
2.19253 3.45382
2.2441 3.45382
2.29567 3.45382
4.83654 4.38426
7.3774 4.38426
9.91827 4.38426
12.4591 4.38426
15.0 4.38426
0.0 0.516487
0.0479845 0.516487
0.0959689 0.518195
0.143953 0.519904
0.191938 0.521613
0.240659 0.521613
0.28938 0.895442
0.338101 1.26927
0.386822 1.6431
0.435544 2.01693
0.484265 2.39076
0.532986 2.76459
0.582952 2.76459
0.632917 2.79547
0.682883 2.82635
0.732849 2.85723
0.782815 2.88812
0.83278 2.919
0.882746 2.94988
0.932712 2.98076
0.982678 3.01165
1.03264 3.04253
1.08261 3.07341
1.13485 3.07341
1.18708 3.1381
1.23932 3.20279
1.29156 3.26749
1.3438 3.33218
1.39603 3.39687
1.44827 3.46156
1.50051 3.52625
1.55023 3.52625
1.59996 3.52625
1.64968 3.52625
1.6994 3.52625
1.74913 3.52625
1.79885 3.52625
1.84858 3.52625
1.8983 3.52625
1.94802 3.52625
1.99775 3.52625
2.04747 3.52625
2.0972 3.52625
2.14692 3.52625
2.19664 3.52625
2.24637 3.52625
2.29609 3.52625
2.34582 3.52625
2.39554 3.52625
2.44526 3.52625
2.49499 3.52625
2.54471 3.52625
2.59444 3.52625
2.64416 3.52625
2.69388 3.52625
2.74361 3.52625
2.79333 3.52625
2.84306 3.52625
2.89278 3.52625
2.9425 3.52625
5.354 4.3915
7.7655 4.3915
10.177 4.3915
12.5885 4.3915
15.0 4.3915
0.0 0.510039
0.0456085 0.510039
0.091217 0.517699
0.136826 0.525359
0.182434 0.53302
0.231853 0.53302
0.281271 0.742664
0.330689 0.952309
0.380108 1.16195
0.429526 1.3716
0.478945 1.58124
0.528363 1.79089
0.577782 2.00053
0.6272 2.21018
0.676619 2.41982
0.726037 2.62947
0.775456 2.83911
0.825663 2.83911
0.875871 2.85808
0.926079 2.87704
0.976286 2.896
1.02649 2.91497
1.0767 2.93393
1.12691 2.95289
1.17712 2.97185
1.22732 2.99082
1.27753 3.00978
1.32774 3.02874
1.37795 3.04771
1.42816 3.06667
1.47679 3.06667
1.52543 3.12752
1.57406 3.18838
1.6227 3.24923
1.67133 3.31008
1.71997 3.37093
1.7686 3.43179
1.81724 3.49264
1.86587 3.55349
1.91597 3.55349
1.96607 3.55349
2.01616 3.55349
2.06626 3.55349
2.11636 3.55349
2.16645 3.55349
2.21655 3.55349
2.26664 3.55349
2.31674 3.55349
2.36684 3.55349
2.41693 3.55349
2.46703 3.55349
2.51712 3.55349
2.56722 3.55349
2.61732 3.55349
2.66741 3.55349
2.71751 3.55349
2.76761 3.55349
2.8177 3.55349
2.8678 3.55349
2.91789 3.55349
2.96799 3.55349
3.01809 3.55349
3.06818 3.55349
3.11828 3.55349
3.16837 3.55349
5.5347 4.3695
7.90102 4.3695
10.2673 4.3695
12.6337 4.3695
15.0 4.3695
0.0 0.493872
0.0502879 0.493872
0.100576 0.51222
0.150864 0.530568
0.201152 0.548916
0.250111 0.548916
0.29907 0.876659
0.348029 1.2044
0.396989 1.53214
0.445948 1.85989
0.494907 2.18763
0.543866 2.51537
0.592825 2.84312
0.642728 2.84312
0.692631 2.84994
0.742534 2.85676
0.792437 2.86358
0.84234 2.87041
0.892243 2.87723
0.942146 2.88405
0.992049 2.89087
1.04195 2.8977
1.09185 2.90452
1.14176 2.91134
1.19166 2.91816
1.24156 2.92499
1.29147 2.93181
1.34137 2.93863
1.39127 2.94545
1.44118 2.95228
1.49108 2.9591
1.54098 2.96592
1.59088 2.97274
1.64079 2.97957
1.69069 2.98639
1.74059 2.99321
1.7905 3.00003
1.8404 3.00686
1.8903 3.01368
1.93981 3.01368
1.98932 3.0615
2.03882 3.10932
2.08833 3.15713
2.13784 3.20495
2.18734 3.25277
2.23685 3.30059
2.28636 3.34841
2.33587 3.39622
2.38537 3.44404
2.43488 3.49186
2.48389 3.49186
2.5329 3.49186
2.58192 3.49186
2.63093 3.49186
2.67994 3.49186
2.72895 3.49186
2.77797 3.49186
2.82698 3.49186
2.87599 3.49186
2.92501 3.49186
2.97402 3.49186
3.02303 3.49186
3.07204 3.49186
3.12106 3.49186
3.17007 3.49186
3.21908 3.49186
5.57526 4.42043
7.93145 4.42043
10.2876 4.42043
12.6438 4.42043
15.0 4.42043
0.0 0.51792
0.0553471 0.51792
0.110694 0.520466
0.166041 0.523011
0.216333 0.523011
0.266625 0.636419
0.316917 0.749826
0.367209 0.863234
0.417501 0.976641
0.467793 1.09005
0.518085 1.20346
0.568376 1.31686
0.618668 1.43027
0.66896 1.54368
0.719252 1.65709
0.769544 1.77049
0.819836 1.8839
0.870128 1.99731
0.92042 2.11072
0.970712 2.22412
1.021 2.33753
1.0713 2.45094
1.12159 2.56435
1.17188 2.67775
1.22217 2.79116
1.27246 2.90457
1.32123 2.90457
1.37 2.91523
1.41877 2.9259
1.46754 2.93657
1.5163 2.94724
1.56507 2.9579
1.61384 2.96857
1.66261 2.97924
1.71138 2.98991
1.76015 3.00057
1.80891 3.01124
1.85768 3.02191
1.90645 3.03257
1.95522 3.04324
2.00399 3.05391
2.05276 3.06458
2.10066 3.06458
2.14856 3.1327
2.19647 3.20083
2.24437 3.26896
2.29227 3.33709
2.34018 3.40522
2.38808 3.47334
2.43599 3.54147
2.48794 3.54147
2.5399 3.54147
2.59185 3.54147
2.64381 3.54147
2.69576 3.54147
2.74772 3.54147
2.79967 3.54147
2.85163 3.54147
5.2813 4.46104
7.71098 4.46104
10.1407 4.46104
12.5703 4.46104
15.0 4.46104
0.0 0.505573
0.056054 0.505573
0.112108 0.507808
0.168162 0.510043
0.219368 0.510043
0.270575 0.649508
0.321781 0.788973
0.372987 0.928438
0.424194 1.0679
0.4754 1.20737
0.526606 1.34683
0.577812 1.4863
0.629019 1.62576
0.680225 1.76523
0.731431 1.90469
0.782638 2.04416
0.833844 2.18362
0.88505 2.32309
0.936257 2.46255
0.987463 2.60202
1.03867 2.74148
1.08988 2.88095
1.13876 2.88095
1.18765 2.88686
1.23654 2.89277
1.28543 2.89869
1.33431 2.9046
1.3832 2.91051
1.43209 2.91642
1.48098 2.92233
1.52986 2.92825
1.57875 2.93416
1.62764 2.94007
1.67653 2.94598
1.72542 2.95189
1.7743 2.95781
1.82329 2.95781
1.87227 3.04311
1.92125 3.12841
1.97024 3.2137
2.01922 3.299
2.06821 3.3843
2.11719 3.4696
2.16617 3.5549
2.2156 3.5549
2.26502 3.5549
2.31445 3.5549
2.36387 3.5549
2.41329 3.5549
2.46272 3.5549
2.51214 3.5549
2.56157 3.5549
2.61099 3.5549
2.66042 3.5549
2.70984 3.5549
2.75927 3.5549
2.80869 3.5549
2.85811 3.5549
2.90754 3.5549
2.95696 3.5549
3.00639 3.5549
3.05581 3.5549
3.10524 3.5549
5.48419 4.40031
7.86314 4.40031
10.2421 4.40031
12.621 4.40031
15.0 4.40031
0.0 0.499152
0.0545869 0.499152
0.109174 0.512754
0.163761 0.526356
0.214646 0.526356
0.265532 0.658309
0.316418 0.790261
0.367303 0.922214
0.418189 1.05417
0.469075 1.18612
0.51996 1.31807
0.570846 1.45002
0.621731 1.58198
0.672617 1.71393
0.723503 1.84588
0.774388 1.97783
0.825274 2.10979
0.876159 2.24174
0.927045 2.37369
0.977931 2.50564
1.02882 2.6376
1.0797 2.76955
1.13059 2.9015
1.18185 2.9015
1.23311 2.90229
1.28437 2.90308
1.33563 2.90387
1.38689 2.90466
1.43815 2.90545
1.48941 2.90623
1.54067 2.90702
1.59194 2.90781
1.6432 2.9086
1.69446 2.90939
1.74572 2.91018
1.79698 2.91097
1.84824 2.91176
1.8995 2.91255
1.95076 2.91334
1.99987 2.91334
2.04897 2.96523
2.09808 3.01712
2.14719 3.06902
2.19629 3.12091
2.2454 3.1728
2.2945 3.2247
2.34361 3.27659
2.39272 3.32848
2.44182 3.38038
2.49093 3.43227
2.54003 3.48416
2.58914 3.53606
2.63825 3.58795
2.68974 3.58795
2.74124 3.58795
2.79273 3.58795
2.84423 3.58795
2.89573 3.58795
2.94722 3.58795
2.99872 3.58795
3.05021 3.58795
3.10171 3.58795
3.1532 3.58795
3.2047 3.58795
3.2562 3.58795
3.30769 3.58795
3.35919 3.58795
5.68735 4.48146
8.01551 4.48146
10.3437 4.48146
12.6718 4.48146
15.0 4.48146
0.0 0.514413
0.0454771 0.514413
0.0909542 0.516126
0.136431 0.51784
0.181908 0.519553
0.230915 0.519553
0.279922 0.64332
0.328929 0.767086
0.377936 0.890853
0.426943 1.01462
0.47595 1.13839
0.524957 1.26215
0.573964 1.38592
0.622971 1.50969
0.671978 1.63345
0.720985 1.75722
0.769992 1.88099
0.818999 2.00475
0.868006 2.12852
0.917013 2.25228
0.96602 2.37605
1.01503 2.49982
1.06403 2.62358
1.11304 2.74735
1.16205 2.87112
1.21135 2.87112
1.26066 2.87555
1.30997 2.87998
1.35928 2.88441
1.40858 2.88884
1.45789 2.89327
1.5072 2.8977
1.55651 2.90213
1.60581 2.90657
1.65512 2.911
1.70443 2.91543
1.75373 2.91986
1.80304 2.92429
1.85235 2.92872
1.90388 2.92872
1.95542 2.98296
2.00695 3.03721
2.05848 3.09145
2.11002 3.14569
2.16155 3.19994
2.21308 3.25418
2.26462 3.30842
2.31615 3.36267
2.36768 3.41691
2.41922 3.47115
2.47075 3.52539
2.52228 3.57964
2.57214 3.57964
2.622 3.57964
2.67186 3.57964
2.72172 3.57964
2.77157 3.57964
2.82143 3.57964
2.87129 3.57964
2.92115 3.57964
2.971 3.57964
3.02086 3.57964
3.07072 3.57964
3.12058 3.57964
5.49646 4.52308
7.87235 4.52308
10.2482 4.52308
12.6241 4.52308
15.0 4.52308
0.0 0.491439
0.0490833 0.491439
0.0981665 0.516324
0.14725 0.541209
0.196333 0.566094
0.245416 0.590979
0.295546 0.590979
0.345676 0.779575
0.395807 0.968172
0.445937 1.15677
0.496067 1.34537
0.546197 1.53396
0.596327 1.72256
0.646457 1.91116
0.696587 2.09975
0.746717 2.28835
0.796847 2.47694
0.846977 2.66554
0.897107 2.85414
0.94568 2.85414
0.994253 2.85962
1.04283 2.86511
1.0914 2.87059
1.13997 2.87607
1.18854 2.88156
1.23712 2.88704
1.28569 2.89253
1.33426 2.89801
1.38283 2.9035
1.43141 2.90898
1.47998 2.91446
1.52855 2.91995
1.57756 2.91995
1.62657 2.95376
1.67558 2.98756
1.72459 3.02137
1.7736 3.05518
1.8226 3.08899
1.87161 3.1228
1.92062 3.1566
1.96963 3.19041
2.01864 3.22422
2.06765 3.25803
2.11666 3.29183
2.16567 3.32564
2.21467 3.35945
2.26368 3.39326
2.31269 3.42706
2.3617 3.46087
2.41071 3.49468
2.45972 3.52849
2.50873 3.5623
2.55885 3.5623
2.60897 3.5623
2.65909 3.5623
2.70921 3.5623
2.75933 3.5623
2.80946 3.5623
2.85958 3.5623
2.9097 3.5623
2.95982 3.5623
5.36786 4.56362
7.77589 4.56362
10.1839 4.56362
12.592 4.56362
15.0 4.56362
0.0 0.496483
0.0464523 0.496483
0.0929047 0.51533
0.139357 0.534177
0.185809 0.553024
0.232262 0.571871
0.283299 0.571871
0.334336 0.79886
0.385373 1.02585
0.43641 1.25284
0.487447 1.47983
0.538484 1.70682
0.589521 1.9338
0.640558 2.16079
0.691595 2.38778
0.742632 2.61477
0.793669 2.84176
0.843399 2.84176
0.893129 2.84363
0.942859 2.8455
0.992589 2.84737
1.04232 2.84924
1.09205 2.85111
1.14178 2.85298
1.19151 2.85485
1.24124 2.85672
1.29097 2.8586
1.34195 2.8586
1.39294 2.92129
1.44392 2.98399
1.4949 3.04669
1.54589 3.10938
1.59687 3.17208
1.64785 3.23478
1.69883 3.29748
1.74982 3.36017
1.8008 3.42287
1.85178 3.48557
1.90277 3.54826
1.95375 3.61096
2.00383 3.61096
2.05391 3.61096
2.10399 3.61096
2.15407 3.61096
2.20416 3.61096
2.25424 3.61096
2.30432 3.61096
4.84345 4.49095
7.38259 4.49095
9.92173 4.49095
12.4609 4.49095
15.0 4.49095
0.0 0.487148
0.054292 0.487148
0.108584 0.513059
0.162876 0.53897
0.217168 0.564881
0.27146 0.590792
0.319938 0.590792
0.368417 0.747364
0.416896 0.903937
0.465374 1.06051
0.513853 1.21708
0.562332 1.37365
0.61081 1.53023
0.659289 1.6868
0.707767 1.84337
0.756246 1.99995
0.804725 2.15652
0.853203 2.31309
0.901682 2.46966
0.950161 2.62624
0.998639 2.78281
1.04836 2.78281
1.09808 2.80156
1.1478 2.8203
1.19752 2.83905
1.24724 2.8578
1.29695 2.87654
1.34667 2.89529
1.39639 2.91404
1.44611 2.93279
1.49583 2.95153
1.54747 2.95153
1.5991 3.01229
1.65073 3.07304
1.70237 3.13379
1.754 3.19454
1.80564 3.2553
1.85727 3.31605
1.9089 3.3768
1.96054 3.43755
2.01217 3.49831
2.06381 3.55906
2.11372 3.55906
2.16363 3.55906
2.21354 3.55906
2.26345 3.55906
2.31337 3.55906
2.36328 3.55906
2.41319 3.55906
2.4631 3.55906
2.51302 3.55906
2.56293 3.55906
2.61284 3.55906
2.66275 3.55906
2.71267 3.55906
2.76258 3.55906
5.21006 4.49196
7.65755 4.49196
10.105 4.49196
12.5525 4.49196
15.0 4.49196
0.0 0.519518
0.0452551 0.519518
0.0905102 0.527047
0.135765 0.534576
0.18102 0.542106
0.226276 0.549635
0.277111 0.549635
0.327945 0.720213
0.37878 0.89079
0.429615 1.06137
0.48045 1.23194
0.531285 1.40252
0.58212 1.5731
0.632955 1.74368
0.68379 1.91425
0.734625 2.08483
0.78546 2.25541
0.836295 2.42599
0.88713 2.59656
0.937965 2.76714
0.98609 2.76714
1.03421 2.78754
1.08234 2.80794
1.13046 2.82834
1.17859 2.84874
1.22671 2.86914
1.27484 2.88954
1.32296 2.90994
1.37109 2.93034
1.41921 2.95074
1.46914 2.95074
1.51907 3.00687
1.569 3.06299
1.61893 3.11912
1.66886 3.17525
1.71878 3.23137
1.76871 3.2875
1.81864 3.34363
1.86857 3.39976
1.9185 3.45588
1.96843 3.51201
2.01721 3.51201
2.06598 3.51201
2.11476 3.51201
2.16354 3.51201
2.21232 3.51201
2.2611 3.51201
2.30988 3.51201
2.35866 3.51201
2.40744 3.51201
2.45622 3.51201
2.505 3.51201
2.55378 3.51201
2.60255 3.51201
2.65133 3.51201
5.12107 4.49449
7.5908 4.49449
10.0605 4.49449
12.5303 4.49449
15.0 4.49449
0.0 0.51262
0.0557361 0.51262
0.111472 0.520179
0.167208 0.527738
0.222944 0.535297
0.274526 0.535297
0.326107 1.09842
0.377688 1.66155
0.42927 2.22467
0.480851 2.78779
0.530861 2.78779
0.580872 2.7937
0.630882 2.7996
0.680892 2.80551
0.730902 2.81141
0.780912 2.81732
0.830923 2.82322
0.880933 2.82913
0.930943 2.83503
0.980953 2.84094
1.03096 2.84684
1.08097 2.85275
1.13098 2.85865
1.18099 2.86456
1.231 2.87046
1.28326 2.87046
1.33553 2.96092
1.38779 3.05138
1.44005 3.14185
1.49231 3.23231
1.54457 3.32277
1.59683 3.41323
1.64909 3.50369
1.69887 3.50369
1.74864 3.50369
1.79842 3.50369
1.8482 3.50369
1.89797 3.50369
1.94775 3.50369
1.99752 3.50369
2.0473 3.50369
2.09708 3.50369
2.14685 3.50369
2.19663 3.50369
2.24641 3.50369
4.79713 4.4724
7.34784 4.4724
9.89856 4.4724
12.4493 4.4724
15.0 4.4724
0.0 0.491662
0.0497279 0.491662
0.0994558 0.519083
0.149184 0.546505
0.198912 0.573926
0.24864 0.601348
0.294703 0.601348
0.340766 1.13225
0.386829 1.66316
0.432892 2.19407
0.478955 2.72497
0.532034 2.72497
0.585113 2.7513
0.638192 2.77764
0.691272 2.80397
0.744351 2.8303
0.79743 2.85663
0.850509 2.88296
0.903588 2.90929
0.952162 2.90929
1.00074 2.95933
1.04931 3.00936
1.09788 3.05939
1.14646 3.10942
1.19503 3.15946
1.2436 3.20949
1.29218 3.25952
1.34075 3.30955
1.38933 3.35958
1.4379 3.40962
1.48647 3.45965
1.53525 3.45965
1.58403 3.45965
1.63281 3.45965
1.68159 3.45965
1.73037 3.45965
1.77914 3.45965
1.82792 3.45965
1.8767 3.45965
1.92548 3.45965
1.97426 3.45965
2.02304 3.45965
4.61843 4.40488
7.21382 4.40488
9.80921 4.40488
12.4046 4.40488
15.0 4.40488
0.0 0.504122
0.0513285 0.504122
0.102657 0.528392
0.153986 0.552661
0.205314 0.576931
0.256643 0.6012
0.303306 0.6012
0.349969 0.953189
0.396632 1.30518
0.443295 1.65717
0.489958 2.00916
0.536621 2.36115
0.583284 2.71314
0.631829 2.71314
0.680375 2.72464
0.728921 2.73615
0.777467 2.74765
0.826013 2.75916
0.874559 2.77066
0.923105 2.78217
0.971651 2.79367
1.0202 2.80518
1.06874 2.81669
1.11729 2.82819
1.16583 2.8397
1.2157 2.8397
1.26557 2.94009
1.31544 3.04047
1.36531 3.14086
1.41518 3.24125
1.46505 3.34164
1.51492 3.44203
1.56351 3.44203
1.61211 3.44203
1.6607 3.44203
1.7093 3.44203
1.7579 3.44203
1.80649 3.44203
1.85509 3.44203
1.90368 3.44203
1.95228 3.44203
2.00087 3.44203
2.04947 3.44203
2.09806 3.44203
2.14666 3.44203
2.19525 3.44203
4.7562 4.548
7.31715 4.548
9.8781 4.548
12.4391 4.548
15.0 4.548
0.0 0.512152
0.0448572 0.512152
0.0897144 0.517901
0.134572 0.52365
0.179429 0.529398
0.228901 0.529398
0.278374 0.969506
0.327847 1.40961
0.377319 1.84972
0.426792 2.28983
0.476264 2.72994
0.525528 2.72994
0.574793 2.73287
0.624057 2.7358
0.673321 2.73874
0.722585 2.74167
0.771849 2.7446
0.821113 2.74754
0.870378 2.75047
0.919642 2.75341
0.968906 2.75634
1.01817 2.75927
1.06743 2.76221
1.1167 2.76514
1.16596 2.76807
1.21523 2.77101
1.26449 2.77394
1.31376 2.77687
1.36302 2.77981
1.41228 2.78274
1.46155 2.78567
1.51081 2.78861
1.56008 2.79154
1.59685 2.79154
1.63363 3.42277
1.68663 3.42277
1.73962 3.42277
1.79262 3.42277
1.84561 3.42277
1.89861 3.42277
1.95161 3.42277
2.0046 3.42277
4.60368 4.52292
7.20276 4.52292
9.80184 4.52292
12.4009 4.52292
15.0 4.52292
0.0 0.509991
0.0541179 0.509991
0.108236 0.521095
0.162354 0.5322
0.216472 0.543304
0.266584 0.543304
0.316696 0.807494
0.366809 1.07168
0.416921 1.33587
0.467034 1.60006
0.517146 1.86425
0.567259 2.12844
0.617371 2.39263
0.667483 2.65682
0.718318 2.65682
0.769152 2.6677
0.819986 2.67858
0.87082 2.68946
0.921654 2.70034
0.972488 2.71122
1.02332 2.7221
1.07416 2.73298
1.12499 2.74386
1.17582 2.75474
1.22666 2.76563
1.27749 2.77651
1.32833 2.78739
1.37916 2.79827
1.43 2.80915
1.48083 2.82003
1.53166 2.83091
1.5825 2.84179
1.63333 2.85267
1.68417 2.86355
1.735 2.87443
1.78583 2.88531
1.83667 2.89619
1.88141 2.89619
1.92614 3.36577
1.97785 3.36577
2.02956 3.36577
2.08127 3.36577
2.13298 3.36577
2.18469 3.36577
2.2364 3.36577
2.2881 3.36577
2.33981 3.36577
2.39152 3.36577
2.44323 3.36577
2.49494 3.36577
2.54665 3.36577
2.59836 3.36577
5.07868 4.55028
7.55901 4.55028
10.0393 4.55028
12.5197 4.55028
15.0 4.55028
0.0 0.502279
0.0451415 0.502279
0.090283 0.517229
0.135424 0.532179
0.180566 0.547129
0.225707 0.562079
0.274047 0.562079
0.322387 0.799008
0.370727 1.03594
0.419067 1.27287
0.467406 1.50979
0.515746 1.74672
0.564086 1.98365
0.612426 2.22058
0.660765 2.45751
0.709105 2.69444
0.758918 2.69444
0.808731 2.70783
0.858544 2.72123
0.908356 2.73462
0.958169 2.74802
1.00798 2.76141
1.05779 2.77481
1.10761 2.78821
1.15742 2.8016
1.20723 2.815
1.25705 2.82839
1.30686 2.84179
1.35667 2.85518
1.40648 2.86858
1.4563 2.88197
1.50611 2.89537
1.55592 2.90876
1.60574 2.92216
1.65555 2.93555
1.70536 2.94895
1.75441 2.94895
1.80347 2.98524
1.85252 3.02154
1.90158 3.05783
1.95063 3.09413
1.99968 3.13043
2.04874 3.16672
2.09779 3.20302
2.14684 3.23932
2.1959 3.27561
2.24495 3.31191
2.29401 3.3482
2.34306 3.3845
2.39159 3.3845
2.44012 3.3845
2.48866 3.3845
4.99092 4.5103
7.49319 4.5103
9.99546 4.5103
12.4977 4.5103
15.0 4.5103
0.0 0.493818
0.0535553 0.493818
0.107111 0.510253
0.160666 0.526688
0.214221 0.543123
0.26452 0.543123
0.314819 0.784952
0.365118 1.02678
0.415417 1.26861
0.465716 1.51044
0.516015 1.75227
0.566314 1.99409
0.616613 2.23592
0.666912 2.47775
0.717211 2.71958
0.765872 2.71958
0.814532 2.73649
0.863193 2.75339
0.911853 2.7703
0.960514 2.78721
1.00917 2.80412
1.05783 2.82102
1.1065 2.83793
1.15516 2.85484
1.20382 2.87175
1.25248 2.88865
1.30114 2.90556
1.3498 2.92247
1.39846 2.93938
1.44712 2.95628
1.49578 2.97319
1.54444 2.9901
1.5949 2.9901
1.64537 3.03177
1.69583 3.07344
1.74629 3.11512
1.79675 3.15679
1.84722 3.19846
1.89768 3.24014
1.94814 3.28181
1.99861 3.32348
2.04907 3.36516
2.09953 3.40683
2.14999 3.4485
2.20046 3.49017
2.2487 3.49017
2.29694 3.49017
2.34519 3.49017
2.39343 3.49017
2.44167 3.49017
2.48992 3.49017
2.53816 3.49017
2.58641 3.49017
2.63465 3.49017
2.68289 3.49017
2.73114 3.49017
5.18491 4.5007
7.63868 4.5007
10.0925 4.5007
12.5462 4.5007
15.0 4.5007
0.0 0.522048
0.0499281 0.522048
0.0998562 0.524701
0.149784 0.527354
0.199712 0.530007
0.248597 0.530007
0.297482 0.734961
0.346366 0.939916
0.395251 1.14487
0.444136 1.34983
0.49302 1.55478
0.541905 1.75974
0.59079 1.96469
0.639674 2.16965
0.688559 2.3746
0.737444 2.57955
0.786328 2.78451
0.837247 2.78451
0.888165 2.79208
0.939083 2.79964
0.990001 2.80721
1.04092 2.81477
1.09184 2.82234
1.14276 2.82991
1.19367 2.83747
1.24459 2.84504
1.29551 2.8526
1.34643 2.86017
1.39735 2.86773
1.44827 2.8753
1.49918 2.88287
1.5501 2.89043
1.60102 2.898
1.65194 2.90556
1.70286 2.91313
1.75378 2.9207
1.80469 2.92826
1.85561 2.93583
1.90674 2.93583
1.95786 2.9976
2.00899 3.05938
2.06011 3.12115
2.11124 3.18293
2.16236 3.24471
2.21349 3.30648
2.26461 3.36826
2.31574 3.43003
2.36686 3.49181
2.41765 3.49181
2.46844 3.49181
2.51923 3.49181
2.57002 3.49181
2.62081 3.49181
2.6716 3.49181
2.72239 3.49181
2.77317 3.49181
2.82396 3.49181
2.87475 3.49181
2.92554 3.49181
2.97633 3.49181
3.02712 3.49181
3.07791 3.49181
3.1287 3.49181
3.17948 3.49181
3.23027 3.49181
3.28106 3.49181
3.33185 3.49181
3.38264 3.49181
5.70611 4.55081
8.02958 4.55081
10.3531 4.55081
12.6765 4.55081
15.0 4.55081
0.0 0.49571
0.044134 0.49571
0.088268 0.50892
0.132402 0.522131
0.176536 0.535341
0.226542 0.535341
0.276548 0.639046
0.326555 0.74275
0.376561 0.846454
0.426567 0.950158
0.476573 1.05386
0.526579 1.15757
0.576586 1.26127
0.626592 1.36497
0.676598 1.46868
0.726604 1.57238
0.77661 1.67609
0.826617 1.77979
0.876623 1.88349
0.926629 1.9872
0.976635 2.0909
1.02664 2.19461
1.07665 2.29831
1.12665 2.40202
1.17666 2.50572
1.22667 2.60942
1.27667 2.71313
1.32668 2.81683
1.37597 2.81683
1.42526 2.82693
1.47455 2.83703
1.52384 2.84713
1.57312 2.85723
1.62241 2.86733
1.6717 2.87743
1.72099 2.88753
1.77028 2.89763
1.81957 2.90773
1.86886 2.91783
1.91815 2.92793
1.96744 2.93803
2.01673 2.94814
2.06602 2.95824
2.11688 2.95824
2.16775 3.04187
2.21862 3.1255
2.26948 3.20914
2.32035 3.29277
2.37122 3.37641
2.42208 3.46004
2.47153 3.46004
2.52097 3.46004
2.57042 3.46004
2.61986 3.46004
2.6693 3.46004
2.71875 3.46004
2.76819 3.46004
2.81764 3.46004
2.86708 3.46004
2.91652 3.46004
2.96597 3.46004
3.01541 3.46004
3.06485 3.46004
5.45188 4.55627
7.83891 4.55627
10.2259 4.55627
12.613 4.55627
15.0 4.55627
0.0 0.474951
0.0501767 0.474951
0.100353 0.499376
0.15053 0.5238
0.200707 0.548224
0.250883 0.572648
0.30106 0.597073
0.351237 0.621497
0.401414 0.645921
0.45159 0.670345
0.501767 0.69477
0.551944 0.719194
0.60212 0.743618
0.652297 0.768042
0.702474 0.792467
0.75265 0.816891
0.802827 0.841315
0.853004 0.865739
0.90318 0.890164
0.953357 0.914588
1.00353 0.939012
1.05371 0.963436
1.10389 0.987861
1.15406 1.01228
1.20424 1.03671
1.25442 1.06113
1.30459 1.08556
1.35477 1.10998
1.40495 1.13441
1.45512 1.15883
1.5053 1.18325
1.55548 1.20768
1.60565 1.2321
1.65665 1.2321
1.70764 1.31221
1.75863 1.39232
1.80962 1.47242
1.86062 1.55253
1.91161 1.63264
1.9626 1.71274
2.01359 1.79285
2.06459 1.87296
2.11558 1.95306
2.16657 2.03317
2.21756 2.11328
2.26856 2.19339
2.31955 2.27349
2.37054 2.3536
2.42153 2.43371
2.47253 2.51381
2.52352 2.59392
2.57451 2.67403
2.6255 2.75413
2.67486 2.75413
2.72421 2.77687
2.77356 2.79961
2.82292 2.82234
2.87227 2.84508
2.92162 2.86782
2.97097 2.89056
3.02033 2.91329
3.06968 2.93603
3.11903 2.95877
3.16839 2.9815
3.21774 3.00424
3.26709 3.02698
3.31645 3.04972
3.3658 3.07245
3.41515 3.09519
3.4645 3.11793
3.51386 3.14066
3.56321 3.1634
3.61256 3.18614
3.66192 3.20888
3.71127 3.23161
3.76062 3.25435
3.80997 3.27709
3.85933 3.29982
3.90868 3.32256
3.95803 3.3453
4.00739 3.36804
4.05674 3.39077
4.10609 3.41351
4.15545 3.43625
4.2048 3.45898
4.25415 3.48172
4.31044 3.48172
4.36672 4.00488
4.423 4.52804
4.47427 4.52804
4.52553 4.52804
4.5768 4.52804
4.62806 4.52804
4.67933 4.52804
4.73059 4.52804
4.78185 4.52804
4.83312 4.52804
4.88438 4.52804
4.93565 4.52804
4.98691 4.52804
5.03818 4.52804
5.08944 4.52804
5.14071 4.52804
5.19197 4.52804
5.24323 4.52804
5.2945 4.52804
7.72087 5.51833
10.1472 5.51833
12.5736 5.51833
15.0 5.51833
0.0 0.426107
0.0519495 0.426107
0.103899 0.433269
0.155849 0.440431
0.207798 0.447593
0.259748 0.454755
0.311697 0.461916
0.363647 0.469078
0.414124 0.469078
0.464602 0.487497
0.515079 0.505916
0.565557 0.524334
0.616034 0.542753
0.666512 0.561171
0.716989 0.57959
0.767467 0.598008
0.817945 0.616427
0.868422 0.634846
0.9189 0.653264
0.969377 0.671683
1.01985 0.690101
1.07033 0.70852
1.12081 0.726939
1.17129 0.745357
1.22176 0.763776
1.27224 0.782194
1.32272 0.800613
1.3732 0.819032
1.42368 0.83745
1.47415 0.855869
1.52463 0.874287
1.57511 0.892706
1.62515 0.892706
1.67519 0.934593
1.72522 0.97648
1.77526 1.01837
1.8253 1.06025
1.87534 1.10214
1.92538 1.14403
1.97542 1.18591
2.02546 1.2278
2.07549 1.26969
2.12553 1.31157
2.17557 1.35346
2.22561 1.39535
2.27565 1.43723
2.32569 1.47912
2.37573 1.52101
2.42576 1.5629
2.4758 1.60478
2.52584 1.64667
2.57588 1.68856
2.62592 1.73044
2.67596 1.77233
2.726 1.81422
2.77604 1.8561
2.82607 1.89799
2.87611 1.93988
2.92615 1.98176
2.97619 2.02365
3.02623 2.06554
3.07627 2.10742
3.12631 2.14931
3.17634 2.1912
3.22638 2.23308
3.27642 2.27497
3.32646 2.31686
3.3765 2.35874
3.42654 2.40063
3.47658 2.44252
3.52662 2.48441
3.57665 2.52629
3.62669 2.56818
3.67673 2.61007
3.72786 2.61007
3.77898 2.69254
3.8301 2.77501
3.88123 2.85749
3.93235 2.93996
3.98348 3.02244
4.0346 3.10491
4.08573 3.18738
4.13685 3.26986
4.18798 3.35233
4.2391 3.43481
4.29023 3.51728
4.34135 3.59975
4.39248 3.68223
4.4436 3.7647
4.49473 3.84718
4.54585 3.92965
4.59697 4.01212
4.6481 4.0946
4.69922 4.17707
4.75035 4.25955
4.80147 4.34202
4.85746 4.34202
4.91345 4.34202
7.43509 5.9795
9.95673 5.9795
12.4784 5.9795
15.0 5.9795
0.0 0.463611
0.0485461 0.463611
0.0970923 0.464229
0.145638 0.464847
0.194185 0.465465
0.242731 0.466083
0.291277 0.466701
0.339823 0.467319
0.388369 0.467937
0.436915 0.468555
0.485461 0.469173
0.535816 0.469173
0.58617 0.485878
0.636525 0.502583
0.686879 0.519288
0.737234 0.535993
0.787588 0.552699
0.837942 0.569404
0.888297 0.586109
0.938651 0.602814
0.989006 0.61952
1.03936 0.636225
1.08971 0.65293
1.14007 0.669635
1.19042 0.68634
1.24078 0.703046
1.29113 0.719751
1.34149 0.736456
1.39184 0.753161
1.4422 0.769866
1.49255 0.786572
1.5429 0.803277
1.59326 0.819982
1.64361 0.836687
1.69397 0.853392
1.74432 0.870098
1.79468 0.886803
1.84503 0.903508
1.89539 0.920213
1.94511 0.920213
1.99483 0.954503
2.04455 0.988792
2.09427 1.02308
2.144 1.05737
2.19372 1.09166
2.24344 1.12595
2.29316 1.16024
2.34288 1.19453
2.39261 1.22882
2.44233 1.26311
2.49205 1.2974
2.54177 1.33169
2.5915 1.36598
2.64122 1.40027
2.69094 1.43456
2.74066 1.46884
2.79038 1.50313
2.84011 1.53742
2.88983 1.57171
2.93955 1.606
2.98927 1.64029
3.03899 1.67458
3.08872 1.70887
3.13844 1.74316
3.18816 1.77745
3.23788 1.81174
3.2876 1.84603
3.33733 1.88032
3.38705 1.91461
3.43677 1.9489
3.48649 1.98319
3.53622 2.01748
3.58594 2.05177
3.63566 2.08606
3.68538 2.12035
3.7351 2.15463
3.78483 2.18892
3.83455 2.22321
3.88427 2.2575
3.93399 2.29179
3.98371 2.32608
4.03344 2.36037
4.08316 2.39466
4.13288 2.42895
4.1826 2.46324
4.23232 2.49753
4.28205 2.53182
4.33177 2.56611
4.38149 2.6004
4.43121 2.63469
4.48093 2.66898
4.53066 2.70327
4.58079 2.70327
4.63092 2.81171
4.68106 2.92015
4.73119 3.0286
4.78132 3.13704
4.83145 3.24548
4.88159 3.35392
4.93172 3.46237
4.98185 3.57081
5.03198 3.67925
5.08212 3.7877
5.13225 3.89614
5.18238 4.00458
5.23252 4.11302
5.28265 4.22147
5.3351 4.22147
5.38756 4.22147
5.44002 4.22147
5.49247 4.22147
5.54493 4.22147
7.9087 6.05674
10.2725 6.05674
12.6362 6.05674
15.0 6.05674
0.0 0.419194
0.0493011 0.419194
0.0986023 0.428572
0.147903 0.43795
0.197205 0.447329
0.246506 0.456707
0.295807 0.466086
0.345108 0.475464
0.394409 0.484842
0.44371 0.494221
0.493011 0.503599
0.542313 0.512978
0.591614 0.522356
0.642184 0.522356
0.692755 0.687698
0.743326 0.85304
0.793897 1.01838
0.843627 1.01838
0.893357 1.08296
0.943087 1.14753
0.992817 1.21211
1.04255 1.27669
1.09228 1.34126
1.14201 1.40584
1.19174 1.47042
1.24147 1.53499
1.2912 1.59957
1.34093 1.66415
1.39066 1.72872
1.44039 1.7933
1.49012 1.85788
1.53985 1.92245
1.58958 1.98703
1.63931 2.0516
1.68904 2.11618
1.73877 2.18076
1.7885 2.24533
1.83823 2.30991
1.88796 2.37449
1.93769 2.43906
1.98742 2.50364
2.03715 2.56822
2.08688 2.63279
2.13661 2.69737
2.18634 2.76194
2.23567 2.76194
2.28501 2.8577
2.33435 2.95345
2.38369 3.0492
2.43303 3.14495
2.48236 3.2407
2.5317 3.33645
2.58104 3.43221
2.63038 3.52796
2.67971 3.62371
2.72905 3.71946
2.77839 3.81521
2.82773 3.91096
2.87706 4.00672
2.9264 4.10247
2.97705 4.10247
3.0277 4.10247
3.07835 4.10247
3.129 4.10247
3.17965 4.10247
3.2303 4.10247
3.28095 4.10247
3.3316 4.10247
3.38225 4.10247
3.4329 4.10247
3.48355 4.10247
3.5342 4.10247
3.58485 4.10247
3.6355 4.10247
3.68615 4.10247
3.7368 4.10247
3.78745 4.10247
3.8381 4.10247
3.88874 4.10247
3.93939 4.10247
3.99004 4.10247
4.04069 4.10247
4.09134 4.10247
4.14199 4.10247
4.19264 4.10247
4.24329 4.10247
6.93247 5.91403
9.62165 5.91403
12.3108 5.91403
15.0 5.91403
0.0 0.436776
0.0483723 0.436776
0.0967446 0.441535
0.145117 0.446294
0.193489 0.451053
0.241862 0.455812
0.290234 0.460571
0.338606 0.46533
0.386978 0.470089
0.435351 0.474848
0.483723 0.479607
0.532095 0.484366
0.580468 0.489125
0.62884 0.493884
0.677048 0.493884
0.725256 0.59991
0.773464 0.705935
0.821672 0.811961
0.869881 0.917986
0.918089 1.02401
0.967632 1.02401
1.01717 1.09764
1.06672 1.17127
1.11626 1.24491
1.1658 1.31854
1.21535 1.39217
1.26489 1.4658
1.31443 1.53943
1.36398 1.61306
1.41352 1.68669
1.46306 1.76032
1.5126 1.83396
1.56215 1.90759
1.61169 1.98122
1.66123 2.05485
1.71078 2.12848
1.76032 2.20211
1.80986 2.27574
1.85941 2.34937
1.90895 2.42301
1.95849 2.49664
2.00803 2.57027
2.05758 2.6439
2.10712 2.71753
2.15666 2.79116
2.20598 2.79116
2.2553 2.88881
2.30462 2.98646
2.35393 3.08412
2.40325 3.18177
2.45257 3.27942
2.50188 3.37707
2.5512 3.47472
2.60052 3.57237
2.64984 3.67003
2.69915 3.76768
2.74847 3.86533
2.79779 3.96298
2.84711 4.06063
2.89783 4.06063
2.94856 4.06063
2.99928 4.06063
3.05001 4.06063
3.10074 4.06063
3.15146 4.06063
3.20219 4.06063
3.25291 4.06063
3.30364 4.06063
3.35436 4.06063
3.40509 4.06063
3.45582 4.06063
3.50654 4.06063
3.55727 4.06063
3.60799 4.06063
5.88639 5.91394
8.1648 5.91394
10.4432 5.91394
12.7216 5.91394
15.0 5.91394
0.0 0.424386
0.0480308 0.424386
0.0960615 0.432501
0.144092 0.440616
0.192123 0.448731
0.240154 0.456846
0.288185 0.46496
0.336215 0.473075
0.384246 0.48119
0.432277 0.489305
0.480308 0.49742
0.528338 0.505535
0.581473 0.505535
0.634608 0.593878
0.687743 0.682221
0.740878 0.770564
0.794013 0.858908
0.847148 0.947251
0.89707 0.947251
0.946992 0.977427
0.996913 1.0076
1.04684 1.03778
1.09676 1.06795
1.14668 1.09813
1.1966 1.12831
1.24652 1.15848
1.29644 1.18866
1.34636 1.21883
1.39629 1.24901
1.44621 1.27919
1.49613 1.30936
1.54605 1.33954
1.59597 1.36971
1.64589 1.39989
1.69582 1.43007
1.74574 1.46024
1.79566 1.49042
1.84558 1.52059
1.8955 1.55077
1.94542 1.58095
1.99535 1.61112
2.04527 1.6413
2.09519 1.67147
2.14511 1.70165
2.19503 1.73183
2.24495 1.762
2.29488 1.79218
2.3448 1.82235
2.39472 1.85253
2.44464 1.88271
2.49456 1.91288
2.54448 1.94306
2.59441 1.97323
2.64433 2.00341
2.69425 2.03359
2.74417 2.06376
2.79409 2.09394
2.84401 2.12411
2.89394 2.15429
2.94386 2.18446
2.99378 2.21464
3.0437 2.24482
3.09362 2.27499
3.14354 2.30517
3.19347 2.33534
3.24339 2.36552
3.29331 2.3957
3.34323 2.42587
3.39315 2.45605
3.44307 2.48622
3.493 2.5164
3.54292 2.54658
3.59284 2.57675
3.64276 2.60693
3.69268 2.6371
3.7426 2.66728
3.79253 2.69746
3.84245 2.72763
3.89237 2.75781
3.94229 2.78798
3.99221 2.81816
4.03994 2.81816
4.08768 2.93703
4.13541 3.0559
4.18314 3.17477
4.23088 3.29364
4.27861 3.41251
4.32634 3.53139
4.37407 3.65026
4.42181 3.76913
4.46954 3.888
4.52009 3.888
4.57065 3.888
4.6212 3.888
4.67176 3.888
4.72231 3.888
4.77287 3.888
4.82342 3.888
4.87397 3.888
4.92453 3.888
4.97508 3.888
5.02564 3.888
5.07619 3.888
7.55714 6.00056
10.0381 6.00056
12.519 6.00056
15.0 6.00056
0.0 0.464995
0.0491542 0.464995
0.0983083 0.496571
0.147462 0.528148
0.196617 0.559724
0.245174 0.559724
0.293732 0.720095
0.34229 0.880465
0.390847 1.04084
0.439405 1.20121
0.487963 1.36158
0.53652 1.52195
0.585078 1.68232
0.633636 1.84269
0.682193 2.00306
0.730751 2.16343
0.779309 2.3238
0.827867 2.48417
0.876424 2.64454
0.926157 2.64454
0.975891 2.66448
1.02562 2.68442
1.07536 2.70436
1.12509 2.7243
1.17482 2.74424
1.22456 2.76418
1.27429 2.78413
1.32402 2.80407
1.37376 2.82401
1.42349 2.84395
1.47322 2.86389
1.52296 2.88383
1.57269 2.90377
1.62242 2.92371
1.67216 2.94365
1.72189 2.96359
1.77162 2.98353
1.82136 3.00347
1.87109 3.02341
1.92082 3.04336
1.97055 3.0633
2.02029 3.08324
2.07002 3.10318
2.11975 3.12312
2.16949 3.14306
2.21922 3.163
2.26895 3.18294
2.31869 3.20288
2.36842 3.22282
2.41815 3.24276
2.46789 3.2627
2.51762 3.28264
2.56735 3.30259
2.61709 3.32253
2.66682 3.34247
2.71655 3.36241
2.76629 3.38235
2.81602 3.40229
2.86575 3.42223
2.91549 3.44217
2.96522 3.46211
3.01495 3.48205
3.06469 3.50199
3.11442 3.52193
3.16415 3.54188
3.21388 3.56182
3.26362 3.58176
3.31335 3.6017
3.36308 3.62164
3.41282 3.64158
3.46203 3.64158
3.51124 3.64384
3.56045 3.6461
3.60967 3.64836
3.65888 3.65062
3.70809 3.65288
3.7573 3.65514
3.80651 3.6574
3.85572 3.65967
3.90494 3.66193
3.95415 3.66419
4.00262 3.66419
4.05109 3.66419
4.09956 3.66419
4.14802 3.66419
4.19649 3.66419
4.24496 3.66419
4.29343 3.66419
4.3419 3.66419
4.39037 3.66419
4.43884 3.66419
4.48731 3.66419
4.53577 3.66419
7.15183 4.04035
9.76789 4.04035
12.3839 4.04035
15.0 4.04035
0.0 0.510892
0.0527822 0.510892
0.105564 0.511343
0.158346 0.511794
0.211129 0.512245
0.262387 0.512245
0.313644 0.65824
0.364902 0.804235
0.41616 0.950231
0.467418 1.09623
0.518676 1.24222
0.569934 1.38822
0.621192 1.53421
0.67245 1.68021
0.723708 1.8262
0.774965 1.9722
0.826223 2.11819
0.877481 2.26419
0.928739 2.41019
0.979997 2.55618
1.03125 2.70218
1.08078 2.70218
1.1303 2.72326
1.17983 2.74433
1.22935 2.76541
1.27888 2.78649
1.3284 2.80757
1.37793 2.82865
1.42745 2.84973
1.47698 2.87081
1.5265 2.89188
1.57603 2.91296
1.62555 2.93404
1.67508 2.95512
1.7246 2.9762
1.77413 2.99728
1.82365 3.01836
1.87318 3.03944
1.9227 3.06051
1.97223 3.08159
2.02175 3.10267
2.07128 3.12375
2.1208 3.14483
2.17033 3.16591
2.21985 3.18699
2.26937 3.20806
2.3189 3.22914
2.36842 3.25022
2.41795 3.2713
2.46747 3.29238
2.517 3.31346
2.56652 3.33454
2.61605 3.35562
2.66557 3.37669
2.7151 3.39777
2.76462 3.41885
2.81415 3.43993
2.86367 3.46101
2.9132 3.48209
2.96272 3.50317
3.01225 3.52424
3.06177 3.54532
3.1113 3.5664
3.16082 3.58748
3.21035 3.60856
3.25987 3.62964
3.3094 3.65072
3.35747 3.65072
3.40554 3.65772
3.45362 3.66473
3.50169 3.67174
3.54976 3.67874
3.59784 3.68575
3.64591 3.69275
3.69398 3.69976
3.7417 3.69976
3.78942 3.69976
3.83714 3.69976
3.88486 3.69976
3.93258 3.69976
3.9803 3.69976
4.02802 3.69976
4.07573 3.69976
6.8068 4.01365
9.53787 4.01365
12.2689 4.01365
15.0 4.01365
0.0 0.50102
0.0475371 0.50102
0.0950743 0.504757
0.142611 0.508494
0.190149 0.512232
0.237686 0.515969
0.285223 0.519706
0.3326 0.519706
0.379976 0.887449
0.427353 1.25519
0.47473 1.62294
0.522107 1.99068
0.569484 2.35842
0.616861 2.72617
0.667189 2.72617
0.717517 2.76357
0.767845 2.80097
0.818174 2.83837
0.868502 2.87577
0.91883 2.91317
0.969158 2.95057
1.01949 2.98797
1.06981 3.02537
1.12014 3.06277
1.17047 3.10017
1.2208 3.13757
1.27113 3.17497
1.32146 3.21237
1.37178 3.24977
1.42211 3.28717
1.47244 3.32457
1.52277 3.36197
1.5731 3.39937
1.62343 3.43677
1.67375 3.47417
1.72408 3.51157
1.77441 3.54897
1.82474 3.58637
1.87376 3.58637
1.92279 3.59088
1.97182 3.5954
2.02084 3.59992
2.06987 3.60444
2.1189 3.60896
2.16792 3.61347
2.21695 3.61799
2.26597 3.62251
2.315 3.62703
2.36403 3.63154
2.41419 3.63154
2.46436 3.63154
2.51452 3.63154
2.56469 3.63154
2.61485 3.63154
2.66501 3.63154
2.71518 3.63154
2.76534 3.63154
2.81551 3.63154
2.86567 3.63154
2.91584 3.63154
2.966 3.63154
3.01617 3.63154
3.06633 3.63154
3.11649 3.63154
3.16666 3.63154
3.21682 3.63154
3.26699 3.63154
3.31715 3.63154
3.36732 3.63154
3.41748 3.63154
3.46765 3.63154
3.51781 3.63154
3.56797 3.63154
3.61814 3.63154
3.6683 3.63154
3.71847 3.63154
3.76863 3.63154
3.8188 3.63154
3.86896 3.63154
3.91913 3.63154
3.96929 3.63154
4.01945 3.63154
6.76459 4.00956
9.50973 4.00956
12.2549 4.00956
15.0 4.00956
0.0 0.489441
0.0477117 0.489441
0.0954235 0.501662
0.143135 0.513883
0.190847 0.526104
0.238559 0.538325
0.28627 0.550547
0.333982 0.562768
0.382755 0.562768
0.431529 0.743561
0.480302 0.924354
0.529075 1.10515
0.577848 1.28594
0.626621 1.46673
0.675394 1.64753
0.724168 1.82832
0.772941 2.00911
0.821714 2.18991
0.870487 2.3707
0.91926 2.55149
0.968033 2.73229
1.01771 2.73229
1.06739 2.7529
1.11707 2.77352
1.16675 2.79414
1.21643 2.81475
1.2661 2.83537
1.31578 2.85599
1.36546 2.87661
1.41514 2.89722
1.46482 2.91784
1.5145 2.93846
1.56417 2.95907
1.61385 2.97969
1.66353 3.00031
1.71321 3.02092
1.76289 3.04154
1.81257 3.06216
1.86225 3.08277
1.91192 3.10339
1.9616 3.12401
2.01128 3.14462
2.06096 3.16524
2.11064 3.18586
2.16032 3.20647
2.20999 3.22709
2.25967 3.24771
2.30935 3.26832
2.35903 3.28894
2.40871 3.30956
2.45839 3.33017
2.50806 3.35079
2.55774 3.37141
2.60742 3.39202
2.6571 3.41264
2.70678 3.43326
2.75646 3.45387
2.80614 3.47449
2.85581 3.49511
2.90549 3.51572
2.95517 3.53634
3.00485 3.55696
3.05453 3.57757
3.10473 3.57757
3.15494 3.58004
3.20515 3.5825
3.25535 3.58496
3.30556 3.58743
3.35576 3.58989
3.40597 3.59235
3.45618 3.59482
3.50638 3.59728
3.55659 3.59974
3.6068 3.60221
3.657 3.60467
3.70721 3.60713
3.75741 3.6096
3.80762 3.61206
3.85783 3.61452
3.90803 3.61698
3.95824 3.61945
4.00844 3.62191
4.05865 3.62437
4.10886 3.62684
4.15906 3.6293
4.20927 3.63176
4.25947 3.63423
4.30968 3.63669
4.35989 3.63915
4.41009 3.64162
4.4603 3.64408
4.51051 3.64654
4.56071 3.64901
4.61092 3.65147
4.66112 3.65393
4.71133 3.6564
4.76154 3.65886
4.81174 3.66132
4.86195 3.66379
4.91215 3.66625
4.96236 3.66871
5.01257 3.67117
5.06433 3.67117
5.1161 3.67117
5.16786 3.67117
5.21962 3.67117
5.27139 3.67117
5.32315 3.67117
5.37492 3.67117
5.42668 3.67117
5.47845 3.67117
5.53021 3.67117
5.58197 3.67117
5.63374 3.67117
5.6855 3.67117
8.01413 4.05229
10.3428 4.05229
12.6714 4.05229
15.0 4.05229
0.0 0.473429
0.0548231 0.473429
0.109646 0.5067
0.164469 0.539971
0.215761 0.539971
0.267052 0.675379
0.318343 0.810788
0.369635 0.946197
0.420926 1.08161
0.472217 1.21701
0.523509 1.35242
0.5748 1.48783
0.626092 1.62324
0.677383 1.75865
0.728674 1.89406
0.779966 2.02947
0.831257 2.16488
0.882549 2.30028
0.93384 2.43569
0.985131 2.5711
1.03642 2.70651
1.08478 2.70651
1.13314 2.80068
1.18149 2.89486
1.22985 2.98903
1.27821 3.0832
1.32657 3.17738
1.37492 3.27155
1.42328 3.36572
1.47164 3.4599
1.51999 3.55407
1.56835 3.64824
1.6197 3.64824
1.67105 3.65218
1.72241 3.65612
1.77376 3.66006
1.82511 3.664
1.87646 3.66794
1.92781 3.67187
1.97916 3.67581
2.03051 3.67975
2.08187 3.68369
2.13322 3.68763
2.18457 3.69157
2.23592 3.6955
2.28727 3.69944
2.33862 3.70338
2.38998 3.70732
2.44133 3.71126
2.49108 3.71126
2.54083 3.71126
2.59058 3.71126
2.64033 3.71126
2.69008 3.71126
2.73984 3.71126
2.78959 3.71126
2.83934 3.71126
2.88909 3.71126
2.93884 3.71126
2.98859 3.71126
3.03834 3.71126
3.0881 3.71126
3.13785 3.71126
3.1876 3.71126
3.23735 3.71126
3.2871 3.71126
3.33685 3.71126
3.3866 3.71126
3.43636 3.71126
3.48611 3.71126
3.53586 3.71126
3.58561 3.71126
3.63536 3.71126
3.68511 3.71126
3.73486 3.71126
3.78462 3.71126
3.83437 3.71126
3.88412 3.71126
3.93387 3.71126
3.98362 3.71126
4.03337 3.71126
4.08313 3.71126
4.13288 3.71126
4.18263 3.71126
4.23238 3.71126
4.28213 3.71126
4.33188 3.71126
4.38163 3.71126
4.43139 3.71126
4.48114 3.71126
4.53089 3.71126
4.58064 3.71126
4.63039 3.71126
4.68014 3.71126
4.72989 3.71126
4.77965 3.71126
4.8294 3.71126
4.87915 3.71126
4.9289 3.71126
4.97865 3.71126
5.0284 3.71126
7.5213 4.04485
10.0142 4.04485
12.5071 4.04485
15.0 4.04485
0.0 0.481883
0.0453319 0.481883
0.0906638 0.49614
0.135996 0.510398
0.181328 0.524655
0.232489 0.524655
0.28365 0.65584
0.334811 0.787026
0.385973 0.918211
0.437134 1.0494
0.488295 1.18058
0.539456 1.31177
0.590617 1.44295
0.641779 1.57414
0.69294 1.70532
0.744101 1.83651
0.795262 1.96769
0.846424 2.09888
0.897585 2.23006
0.948746 2.36125
0.999907 2.49243
1.05107 2.62362
1.10223 2.7548
1.14999 2.7548
1.19775 2.91542
1.24551 3.07604
1.29327 3.23665
1.34103 3.39727
1.38879 3.55789
1.43784 3.55789
1.48689 3.56252
1.53594 3.56715
1.58499 3.57178
1.63405 3.57641
1.6831 3.58104
1.73215 3.58567
1.7812 3.5903
1.83025 3.59493
1.8793 3.59956
1.92835 3.60419
1.9774 3.60882
2.02645 3.61345
2.0755 3.61808
2.12455 3.62271
2.1736 3.62734
2.22265 3.63197
2.2717 3.63661
2.32075 3.64124
2.37038 3.64124
2.42001 3.64124
2.46965 3.64124
2.51928 3.64124
2.56892 3.64124
2.61855 3.64124
2.66818 3.64124
2.71782 3.64124
2.76745 3.64124
2.81708 3.64124
2.86672 3.64124
2.91635 3.64124
2.96598 3.64124
3.01562 3.64124
3.06525 3.64124
3.11488 3.64124
3.16452 3.64124
3.21415 3.64124
3.26379 3.64124
3.31342 3.64124
3.36305 3.64124
3.41269 3.64124
3.46232 3.64124
3.51195 3.64124
3.56159 3.64124
3.61122 3.64124
3.66085 3.64124
3.71049 3.64124
3.76012 3.64124
3.80975 3.64124
3.85939 3.64124
3.90902 3.64124
3.95866 3.64124
4.00829 3.64124
4.05792 3.64124
4.10756 3.64124
4.15719 3.64124
6.86789 4.09139
9.57859 4.09139
12.2893 4.09139
15.0 4.09139
0.0 0.477765
0.0506031 0.477765
0.101206 0.496199
0.151809 0.514632
0.202412 0.533066
0.251927 0.533066
0.301441 0.731392
0.350956 0.929719
0.40047 1.12805
0.449984 1.32637
0.499499 1.5247
0.549013 1.72303
0.598528 1.92135
0.648042 2.11968
0.697556 2.31801
0.747071 2.51633
0.796585 2.71466
0.84791 2.71466
0.899236 2.83756
0.950561 2.96046
1.00189 3.08337
1.05321 3.20627
1.10454 3.32917
1.15586 3.45208
1.20719 3.57498
1.2566 3.57498
1.30602 3.57687
1.35543 3.57876
1.40485 3.58065
1.45426 3.58254
1.50368 3.58443
1.55309 3.58632
1.60251 3.5882
1.65192 3.59009
1.70305 3.59009
1.75417 3.59009
1.8053 3.59009
1.85642 3.59009
1.90755 3.59009
1.95867 3.59009
2.0098 3.59009
2.06092 3.59009
2.11204 3.59009
2.16317 3.59009
2.21429 3.59009
2.26542 3.59009
2.31654 3.59009
2.36767 3.59009
2.41879 3.59009
4.93503 4.08348
7.45127 4.08348
9.96752 4.08348
12.4838 4.08348
15.0 4.08348
0.0 0.498082
0.0493777 0.498082
0.0987554 0.508293
0.148133 0.518505
0.197511 0.528716
0.246889 0.538928
0.299414 0.538928
0.351939 0.972543
0.404463 1.40616
0.456988 1.83977
0.509513 2.27339
0.562038 2.70701
0.612845 2.70701
0.663651 2.7685
0.714457 2.83
0.765264 2.89149
0.81607 2.95299
0.866877 3.01448
0.917683 3.07598
0.968489 3.13747
1.0193 3.19897
1.0701 3.26046
1.12091 3.32196
1.17171 3.38345
1.22252 3.44495
1.27333 3.50645
1.32168 3.50645
1.37004 3.51151
1.41839 3.51658
1.46675 3.52164
1.5151 3.52671
1.56345 3.53178
1.61181 3.53684
1.66016 3.54191
1.70852 3.54698
1.75687 3.55204
1.80573 3.55204
1.85459 3.55204
1.90345 3.55204
1.95231 3.55204
2.00117 3.55204
2.05003 3.55204
2.09889 3.55204
2.14775 3.55204
2.19661 3.55204
2.24547 3.55204
2.29432 3.55204
2.34318 3.55204
2.39204 3.55204
2.4409 3.55204
2.48976 3.55204
2.53862 3.55204
2.58748 3.55204
5.06998 4.07339
7.55249 4.07339
10.035 4.07339
12.5175 4.07339
15.0 4.07339
0.0 0.489883
0.0472821 0.489883
0.0945643 0.493427
0.141846 0.496971
0.189129 0.500514
0.23984 0.500514
0.290551 1.61805
0.341262 2.73558
0.39054 2.73558
0.439818 2.77716
0.489096 2.81874
0.538374 2.86032
0.587652 2.9019
0.63693 2.94347
0.686208 2.98505
0.735486 3.02663
0.784764 3.06821
0.834042 3.10978
0.88332 3.15136
0.932598 3.19294
0.981876 3.23452
1.03115 3.27609
1.08043 3.31767
1.12971 3.35925
1.17899 3.40083
1.22827 3.44241
1.27497 3.44241
1.32166 3.45525
1.36836 3.4681
1.41506 3.48095
1.46176 3.4938
1.50846 3.50665
1.55516 3.51949
1.60404 3.51949
1.65292 3.51949
1.7018 3.51949
1.75068 3.51949
1.79956 3.51949
1.84843 3.51949
1.89731 3.51949
1.94619 3.51949
1.99507 3.51949
2.04395 3.51949
2.09283 3.51949
2.14171 3.51949
4.71337 4.13516
7.28502 4.13516
9.85668 4.13516
12.4283 4.13516
15.0 4.13516
0.0 0.490007
0.0518394 0.490007
0.103679 0.506766
0.155518 0.523525
0.207358 0.540285
0.259197 0.557044
0.312451 0.557044
0.365706 1.10445
0.41896 1.65185
0.472215 2.19925
0.525469 2.74665
0.575747 2.74665
0.626025 2.77542
0.676302 2.80419
0.72658 2.83297
0.776858 2.86174
0.827136 2.89051
0.877414 2.91928
0.927692 2.94805
0.97797 2.97682
1.02825 3.0056
1.07853 3.03437
1.1288 3.06314
1.17908 3.09191
1.22936 3.12068
1.27964 3.14945
1.32991 3.17823
1.38019 3.207
1.43047 3.23577
1.48075 3.26454
1.53103 3.29331
1.5813 3.32208
1.63158 3.35086
1.68359 3.35086
1.73559 3.38736
1.7876 3.42387
1.8396 3.46038
1.89161 3.49689
1.94361 3.5334
1.99562 3.56991
2.04649 3.56991
2.09736 3.56991
2.14823 3.56991
2.1991 3.56991
2.24997 3.56991
2.30084 3.56991
2.35171 3.56991
2.40258 3.56991
2.45345 3.56991
2.50432 3.56991
2.55519 3.56991
2.60606 3.56991
2.65693 3.56991
2.7078 3.56991
2.75867 3.56991
2.80954 3.56991
5.24763 4.11904
7.68572 4.11904
10.1238 4.11904
12.5619 4.11904
15.0 4.11904
0.0 0.471858
0.0466128 0.471858
0.0932256 0.497675
0.139838 0.523491
0.186451 0.549307
0.233064 0.575124
0.279677 0.60094
0.334826 0.60094
0.389975 1.2904
0.445124 1.97986
0.500273 2.66932
0.549102 2.66932
0.597931 2.74776
0.64676 2.82619
0.69559 2.90463
0.744419 2.98306
0.793248 3.06149
0.842078 3.13993
0.890907 3.21836
0.939736 3.29679
0.988565 3.37523
1.03739 3.45366
1.0883 3.45366
1.13921 3.48465
1.19011 3.51565
1.24102 3.54664
1.29192 3.57763
1.34283 3.60862
1.39182 3.60862
1.44082 3.60862
1.48982 3.60862
1.53882 3.60862
1.58782 3.60862
1.63681 3.60862
1.68581 3.60862
1.73481 3.60862
1.78381 3.60862
1.8328 3.60862
1.8818 3.60862
1.9308 3.60862
1.9798 3.60862
2.02879 3.60862
2.07779 3.60862
4.66223 4.03932
7.24668 4.03932
9.83112 4.03932
12.4156 4.03932
15.0 4.03932
0.0 0.48085
0.0532799 0.48085
0.10656 0.504798
0.15984 0.528747
0.21312 0.552695
0.266399 0.576644
0.315131 0.576644
0.363863 0.728481
0.412594 0.880317
0.461326 1.03215
0.510057 1.18399
0.558789 1.33583
0.60752 1.48766
0.656252 1.6395
0.704983 1.79134
0.753715 1.94317
0.802446 2.09501
0.851178 2.24684
0.899909 2.39868
0.948641 2.55052
0.997373 2.70235
1.04635 2.70235
1.09532 2.75754
1.14429 2.81272
1.19327 2.8679
1.24224 2.92308
1.29122 2.97826
1.34019 3.03345
1.38917 3.08863
1.43814 3.14381
1.48711 3.19899
1.53609 3.25417
1.58506 3.30936
1.63404 3.36454
1.68301 3.41972
1.73336 3.41972
1.78371 3.45376
1.83405 3.4878
1.8844 3.52185
1.93475 3.55589
1.9851 3.58993
2.0358 3.58993
2.0865 3.58993
2.1372 3.58993
2.1879 3.58993
2.2386 3.58993
2.28931 3.58993
2.34001 3.58993
2.39071 3.58993
2.44141 3.58993
2.49211 3.58993
2.54281 3.58993
5.03425 3.99395
7.52569 3.99395
10.0171 3.99395
12.5086 3.99395
15.0 3.99395
0.0 0.45876
0.0528284 0.45876
0.105657 0.493565
0.158485 0.528371
0.211314 0.563177
0.264142 0.597982
0.313205 0.597982
0.362269 0.819958
0.411332 1.04193
0.460395 1.26391
0.509458 1.48589
0.558521 1.70786
0.607585 1.92984
0.656648 2.15182
0.705711 2.37379
0.754774 2.59577
0.803837 2.81774
0.854295 2.81774
0.904752 2.85389
0.95521 2.89003
1.00567 2.92617
1.05612 2.96231
1.10658 2.99845
1.15704 3.03459
1.2075 3.07073
1.25795 3.10687
1.30841 3.14302
1.35887 3.17916
1.40933 3.2153
1.45978 3.25144
1.51024 3.28758
1.5607 3.32372
1.61116 3.35986
1.66161 3.396
1.71207 3.43214
1.7603 3.43214
1.80853 3.44521
1.85676 3.45827
1.90499 3.47133
1.95322 3.48439
2.00145 3.49746
2.04968 3.51052
2.09791 3.52358
2.14614 3.53665
2.19437 3.54971
2.2426 3.56277
2.29083 3.57583
2.34519 3.57583
2.39955 3.57583
2.45391 3.57583
2.50827 3.57583
5.00661 4.05769
7.50496 4.05769
10.0033 4.05769
12.5017 4.05769
15.0 4.05769
0.0 0.47273
0.0516875 0.47273
0.103375 0.501761
0.155062 0.530792
0.20675 0.559824
0.257015 0.559824
0.30728 1.00366
0.357544 1.4475
0.407809 1.89134
0.458074 2.33518
0.508339 2.77902
0.559979 2.77902
0.611618 2.83066
0.663258 2.88231
0.714897 2.93396
0.766537 2.9856
0.818177 3.03725
0.869816 3.0889
0.921456 3.14054
0.973095 3.19219
1.02474 3.24384
1.07637 3.29548
1.12801 3.34713
1.17965 3.39878
1.23129 3.45042
1.28306 3.45042
1.33482 3.46471
1.38659 3.479
1.43835 3.49329
1.49012 3.50759
1.54188 3.52188
1.59364 3.53617
1.64541 3.55046
1.69717 3.56475
1.74894 3.57904
1.8007 3.59333
1.84723 3.59333
1.89376 3.59333
1.94029 3.59333
1.98682 3.59333
2.03336 3.59333
2.07989 3.59333
2.12642 3.59333
4.70113 4.02909
7.27585 4.02909
9.85057 4.02909
12.4253 4.02909
15.0 4.02909
0.0 0.490719
0.05112 0.490719
0.10224 0.507275
0.15336 0.523831
0.20448 0.540386
0.2556 0.556942
0.30672 0.573498
0.355336 0.573498
0.403951 0.747624
0.452567 0.92175
0.501182 1.09588
0.549797 1.27
0.598413 1.44413
0.647028 1.61825
0.695644 1.79238
0.744259 1.9665
0.792875 2.14063
0.84149 2.31476
0.890106 2.48888
0.938721 2.66301
0.987336 2.83713
1.03523 2.83713
1.08311 3.01154
1.131 3.18594
1.17889 3.36034
1.22678 3.53474
1.27639 3.53474
1.32599 3.54791
1.3756 3.56108
1.42521 3.57425
1.47481 3.58742
1.52442 3.60059
1.57403 3.61375
1.62363 3.62692
1.67324 3.64009
1.72285 3.65326
1.77245 3.66643
1.82206 3.6796
1.87167 3.69277
1.92127 3.70594
1.97088 3.71911
2.02245 3.71911
2.07402 3.71911
2.12559 3.71911
2.17716 3.71911
2.22873 3.71911
2.2803 3.71911
2.33187 3.71911
2.38344 3.71911
2.43501 3.71911
2.48658 3.71911
2.53815 3.71911
2.58972 3.71911
2.64129 3.71911
5.11303 4.06176
7.58477 4.06176
10.0565 4.06176
12.5283 4.06176
15.0 4.06176
0.0 0.457213
0.0473931 0.457213
0.0947862 0.491925
0.142179 0.526637
0.189572 0.561348
0.240246 0.561348
0.290919 0.689869
0.341592 0.81839
0.392266 0.946911
0.442939 1.07543
0.493612 1.20395
0.544286 1.33247
0.594959 1.461
0.645632 1.58952
0.696306 1.71804
0.746979 1.84656
0.797652 1.97508
0.848326 2.1036
0.898999 2.23212
0.949672 2.36064
1.00035 2.48916
1.05102 2.61768
1.10169 2.74621
1.15237 2.87473
1.2028 2.87473
1.25324 3.22844
1.30368 3.58215
1.35208 3.58215
1.40048 3.60407
1.44888 3.62598
1.49728 3.64789
1.54568 3.66981
1.59409 3.69172
1.64249 3.71363
1.69089 3.73555
1.73929 3.75746
1.78775 3.75746
1.83621 3.75746
1.88467 3.75746
1.93314 3.75746
1.9816 3.75746
2.03006 3.75746
4.62405 4.06697
7.21804 4.06697
9.81202 4.06697
12.406 4.06697
15.0 4.06697
0.0 0.491871
0.05717 0.491871
0.11434 0.510593
0.17151 0.529315
0.221015 0.529315
0.270519 0.688522
0.320023 0.84773
0.369528 1.00694
0.419032 1.16615
0.468537 1.32535
0.518041 1.48456
0.567546 1.64377
0.61705 1.80298
0.666555 1.96218
0.716059 2.12139
0.765564 2.2806
0.815068 2.43981
0.864573 2.59901
0.914077 2.75822
0.963582 2.91743
1.00721 2.91743
1.05084 3.24935
1.09447 3.58127
1.14508 3.58127
1.19568 3.58736
1.24629 3.59345
1.29689 3.59954
1.3475 3.60563
1.3981 3.61172
1.44871 3.61781
1.49931 3.6239
1.54992 3.62999
1.60052 3.63608
1.65113 3.64217
1.70173 3.64826
1.75234 3.65435
1.80294 3.66044
1.85354 3.66653
1.90415 3.67262
1.95475 3.67871
2.00536 3.6848
2.05596 3.69089
2.10657 3.69698
2.15717 3.70307
2.20778 3.70916
2.25838 3.71525
2.29988 3.71525
2.34137 3.71525
4.87309 4.05292
7.40482 4.05292
9.93655 4.05292
12.4683 4.05292
15.0 4.05292
0.0 0.480956
0.053389 0.480956
0.106778 0.502743
0.160167 0.52453
0.213556 0.546317
0.262224 0.546317
0.310891 0.752375
0.359559 0.958433
0.408226 1.16449
0.456894 1.37055
0.505562 1.57661
0.554229 1.78267
0.602897 1.98872
0.651564 2.19478
0.700232 2.40084
0.748899 2.6069
0.797567 2.81296
0.846235 3.01901
0.896702 3.01901
0.94717 3.32383
0.997637 3.62865
1.0472 3.62865
1.09677 3.63477
1.14634 3.64089
1.1959 3.64702
1.24547 3.65314
1.29504 3.65926
1.34461 3.66539
1.39417 3.67151
1.44374 3.67763
1.49331 3.68376
1.54287 3.68988
1.59244 3.696
1.64201 3.70213
1.69157 3.70825
1.74114 3.71437
1.79071 3.7205
1.84027 3.72662
1.88984 3.73274
1.93941 3.73887
1.98897 3.74499
2.03854 3.75111
2.08811 3.75724
2.13767 3.76336
2.18554 3.76336
2.2334 3.76336
2.28126 3.76336
2.32912 3.76336
2.37699 3.76336
2.42485 3.76336
2.47271 3.76336
2.52057 3.76336
2.56843 3.76336
2.6163 3.76336
2.66416 3.76336
5.13133 3.9748
7.5985 3.9748
10.0657 3.9748
12.5328 3.9748
15.0 3.9748
0.0 0.494448
0.0442107 0.494448
0.0884215 0.501551
0.132632 0.508653
0.176843 0.515756
0.22887 0.515756
0.280896 0.838201
0.332923 1.16065
0.38495 1.48309
0.436977 1.80554
0.489003 2.12798
0.54103 2.45043
0.593057 2.77287
0.645083 3.09532
0.694551 3.09532
0.744019 3.12011
0.793487 3.1449
0.842954 3.16969
0.892422 3.19447
0.94189 3.21926
0.991358 3.24405
1.04083 3.26884
1.09029 3.29363
1.13976 3.31842
1.18923 3.34321
1.2387 3.368
1.28816 3.39279
1.33763 3.41758
1.3871 3.44236
1.43657 3.46715
1.48603 3.49194
1.5355 3.51673
1.58497 3.54152
1.63444 3.56631
1.68391 3.5911
1.7392 3.5911
1.7945 3.65468
1.8498 3.71827
1.9051 3.78185
1.95489 3.78185
2.00468 3.78185
2.05447 3.78185
2.10426 3.78185
2.15405 3.78185
2.20384 3.78185
2.25363 3.78185
2.30342 3.78185
4.84274 4.0373
7.38205 4.0373
9.92137 4.0373
12.4607 4.0373
15.0 4.0373
0.0 0.496604
0.0565069 0.496604
0.113014 0.508046
0.169521 0.519488
0.220911 0.519488
0.272302 0.718424
0.323693 0.917359
0.375084 1.1163
0.426474 1.31523
0.477865 1.51417
0.529256 1.7131
0.580646 1.91204
0.632037 2.11097
0.683428 2.30991
0.734818 2.50884
0.786209 2.70778
0.8376 2.90672
0.888991 3.10565
0.939622 3.10565
0.990254 3.11739
1.04089 3.12913
1.09152 3.14087
1.14215 3.1526
1.19278 3.16434
1.24341 3.17608
1.29404 3.18782
1.34468 3.19956
1.39531 3.2113
1.44594 3.22303
1.49657 3.23477
1.5472 3.24651
1.59783 3.25825
1.64847 3.26999
1.6991 3.28172
1.74973 3.29346
1.80036 3.3052
1.85099 3.31694
1.90162 3.32868
1.95225 3.34042
2.00289 3.35215
2.05352 3.36389
2.10415 3.37563
2.15478 3.38737
2.20541 3.39911
2.25604 3.41084
2.30668 3.42258
2.35731 3.43432
2.40794 3.44606
2.45857 3.4578
2.5092 3.46954
2.55983 3.48127
2.61047 3.49301
2.6611 3.50475
2.70874 3.50475
2.75639 3.52668
2.80403 3.5486
2.85168 3.57053
2.89933 3.59245
2.94697 3.61438
2.99462 3.6363
3.04226 3.65823
3.09171 3.65823
3.14116 3.65823
3.19061 3.65823
3.24005 3.65823
3.2895 3.65823
3.33895 3.65823
3.3884 3.65823
3.43785 3.65823
3.48729 3.65823
5.78983 4.1226
8.09238 4.1226
10.3949 4.1226
12.6975 4.1226
15.0 4.1226
0.0 0.516079
0.0550794 0.516079
0.110159 0.516682
0.165238 0.517285
0.220317 0.517888
0.271272 0.517888
0.322227 0.949158
0.373182 1.38043
0.424136 1.8117
0.475091 2.24297
0.526046 2.67424
0.577001 3.10551
0.627288 3.10551
0.677576 3.1168
0.727863 3.12809
0.778151 3.13938
0.828439 3.15067
0.878726 3.16196
0.929014 3.17325
0.979301 3.18454
1.02959 3.19583
1.07988 3.20712
1.13016 3.21841
1.18045 3.2297
1.23074 3.24099
1.28103 3.25228
1.33131 3.26357
1.3816 3.27486
1.43189 3.28615
1.48218 3.29744
1.53246 3.30873
1.58275 3.32002
1.63304 3.33131
1.68333 3.3426
1.73361 3.35389
1.7839 3.36518
1.83419 3.37647
1.88448 3.38776
1.93476 3.39905
1.98505 3.41034
2.03534 3.42163
2.08563 3.43292
2.13592 3.44421
2.1862 3.4555
2.23649 3.46679
2.28678 3.47808
2.33707 3.48937
2.38735 3.50066
2.43764 3.51195
2.48793 3.52324
2.53822 3.53453
2.5885 3.54582
2.63879 3.55711
2.68908 3.5684
2.73677 3.5684
2.78446 3.56866
2.83215 3.56891
2.87985 3.56916
2.92754 3.56941
2.97523 3.56967
3.02292 3.56992
3.07061 3.57017
3.11997 3.57017
3.16932 3.57017
3.21867 3.57017
3.26803 3.57017
3.31738 3.57017
3.36673 3.57017
3.41609 3.57017
3.46544 3.57017
3.5148 3.57017
5.81184 4.08212
8.10888 4.08212
10.4059 4.08212
12.703 4.08212
15.0 4.08212
0.0 0.488032
0.0537589 0.488032
0.107518 0.511647
0.161277 0.535262
0.215035 0.558878
0.268794 0.582493
0.322553 0.606109
0.371311 0.606109
0.420068 0.857836
0.468826 1.10956
0.517583 1.36129
0.566341 1.61302
0.615098 1.86475
0.663856 2.11648
0.712614 2.3682
0.761371 2.61993
0.810129 2.87166
0.858886 3.12339
0.908476 3.12339
0.958066 3.13157
1.00766 3.13975
1.05725 3.14793
1.10684 3.15611
1.15643 3.16429
1.20602 3.17246
1.25561 3.18064
1.3052 3.18882
1.35479 3.197
1.40438 3.20518
1.45397 3.21336
1.50356 3.22154
1.55315 3.22972
1.60274 3.2379
1.65233 3.24608
1.70192 3.25426
1.75151 3.26244
1.8011 3.27062
1.85069 3.2788
1.90028 3.28698
1.94987 3.29516
1.99946 3.30334
2.04905 3.31152
2.09864 3.3197
2.14823 3.32788
2.19782 3.33606
2.24741 3.34424
2.297 3.35242
2.34659 3.3606
2.39618 3.36878
2.44577 3.37696
2.49536 3.38514
2.54495 3.39332
2.59454 3.4015
2.64413 3.40968
2.69372 3.41786
2.74331 3.42604
2.7929 3.43422
2.84249 3.4424
2.89208 3.45058
2.94167 3.45876
2.99126 3.46694
3.04085 3.47512
3.09044 3.4833
3.14003 3.49148
3.18962 3.49966
3.23921 3.50783
3.28814 3.50783
3.33706 3.51185
3.38599 3.51586
3.43492 3.51987
3.48385 3.52388
3.53277 3.52789
3.5817 3.5319
3.63063 3.53591
3.67955 3.53992
3.72848 3.54393
3.77829 3.54393
3.82809 3.54393
3.8779 3.54393
3.92771 3.54393
3.97751 3.54393
4.02732 3.54393
4.07712 3.54393
4.12693 3.54393
4.17674 3.54393
4.22654 3.54393
4.27635 3.54393
6.95726 4.02705
9.63817 4.02705
12.3191 4.02705
15.0 4.02705
0.0 0.467907
0.0466849 0.467907
0.0933698 0.499795
0.140055 0.531684
0.18674 0.563573
0.233425 0.595461
0.28011 0.62735
0.33122 0.62735
0.382331 1.10999
0.433442 1.59264
0.484552 2.07528
0.535663 2.55792
0.586774 3.04056
0.636719 3.04056
0.686664 3.05417
0.73661 3.06777
0.786555 3.08137
0.836501 3.09498
0.886446 3.10858
0.936392 3.12218
0.986337 3.13579
1.03628 3.14939
1.08623 3.16299
1.13617 3.1766
1.18612 3.1902
1.23606 3.2038
1.28601 3.2174
1.33596 3.23101
1.3859 3.24461
1.43585 3.25821
1.48579 3.27182
1.53574 3.28542
1.58568 3.29902
1.63563 3.31263
1.68557 3.32623
1.73552 3.33983
1.78546 3.35344
1.83541 3.36704
1.88535 3.38064
1.9353 3.39425
1.98525 3.40785
2.03519 3.42145
2.08514 3.43506
2.13508 3.44866
2.18503 3.46226
2.23497 3.47587
2.28492 3.48947
2.33486 3.50307
2.38481 3.51668
2.43475 3.53028
2.4847 3.54388
2.53465 3.55748
2.58459 3.57109
2.63454 3.58469
2.68448 3.59829
2.73488 3.59829
2.78527 3.60004
2.83566 3.60178
2.88606 3.60352
2.93645 3.60527
2.98684 3.60701
3.03724 3.60875
3.08763 3.61049
3.13802 3.61224
3.18842 3.61398
3.23881 3.61572
3.28921 3.61746
3.3396 3.61921
3.38999 3.62095
3.44156 3.62095
3.49314 3.62095
3.54471 3.62095
3.59628 3.62095
3.64785 3.62095
3.69943 3.62095
3.751 3.62095
3.80257 3.62095
3.85414 3.62095
3.90572 3.62095
3.95729 3.62095
4.00886 3.62095
4.06043 3.62095
4.112 3.62095
4.16358 3.62095
6.87268 4.09546
9.58179 4.09546
12.2909 4.09546
15.0 4.09546
0.0 0.486405
0.0484748 0.486405
0.0969497 0.508874
0.145425 0.531342
0.193899 0.553811
0.242374 0.57628
0.290849 0.598749
0.339324 0.621218
0.392829 0.621218
0.446335 1.11175
0.49984 1.60229
0.553346 2.09282
0.606851 2.58335
0.660357 3.07389
0.710164 3.07389
0.75997 3.09051
0.809777 3.10714
0.859584 3.12377
0.90939 3.14039
0.959197 3.15702
1.009 3.17365
1.05881 3.19028
1.10862 3.2069
1.15842 3.22353
1.20823 3.24016
1.25804 3.25678
1.30784 3.27341
1.35765 3.29004
1.40746 3.30667
1.45726 3.32329
1.50707 3.33992
1.55688 3.35655
1.60668 3.37317
1.65649 3.3898
1.7063 3.40643
1.7561 3.42305
1.80591 3.43968
1.85572 3.45631
1.90552 3.47294
1.95533 3.48956
2.00514 3.50619
2.05495 3.52282
2.10475 3.53944
2.15568 3.53944
2.2066 3.54201
2.25752 3.54459
2.30845 3.54716
2.35937 3.54973
2.41029 3.5523
2.46122 3.55487
2.51214 3.55744
2.56306 3.56001
2.61399 3.56258
2.66491 3.56515
2.71583 3.56772
2.76676 3.57029
2.81619 3.57029
2.86562 3.57029
2.91505 3.57029
2.96449 3.57029
3.01392 3.57029
3.06335 3.57029
3.11278 3.57029
3.16221 3.57029
3.21165 3.57029
3.26108 3.57029
3.31051 3.57029
3.35994 3.57029
3.40938 3.57029
3.45881 3.57029
3.50824 3.57029
3.55767 3.57029
3.6071 3.57029
3.65654 3.57029
3.70597 3.57029
3.7554 3.57029
3.80483 3.57029
3.85426 3.57029
6.6407 4.0733
9.42713 4.0733
12.2136 4.0733
15.0 4.0733
0.0 0.491618
0.0515218 0.491618
0.103044 0.513963
0.154565 0.536307
0.206087 0.558652
0.257609 0.580997
0.309131 0.603341
0.360653 0.625686
0.409359 0.625686
0.458064 0.763658
0.50677 0.90163
0.555476 1.0396
0.604182 1.17757
0.652888 1.31555
0.701594 1.45352
0.7503 1.59149
0.799006 1.72946
0.847712 1.86744
0.896418 2.00541
0.945123 2.14338
0.993829 2.28135
1.04254 2.41932
1.09124 2.5573
1.13995 2.69527
1.18865 2.83324
1.23736 2.97121
1.28784 2.97121
1.33831 3.07358
1.38879 3.17596
1.43927 3.27833
1.48975 3.3807
1.54023 3.48307
1.59028 3.48307
1.64033 3.49235
1.69038 3.50163
1.74043 3.51092
1.79047 3.5202
1.84052 3.52948
1.89057 3.53876
1.94062 3.54804
1.99067 3.55732
2.04072 3.5666
2.09077 3.57589
2.14082 3.58517
2.19087 3.59445
2.24092 3.60373
2.29097 3.61301
2.34102 3.62229
2.39098 3.62229
2.44094 3.62229
2.4909 3.62229
2.54085 3.62229
2.59081 3.62229
2.64077 3.62229
2.69073 3.62229
2.74069 3.62229
2.79065 3.62229
5.23252 4.10204
7.67439 4.10204
10.1163 4.10204
12.5581 4.10204
15.0 4.10204
0.0 0.492378
0.0523091 0.492378
0.104618 0.513013
0.156927 0.533649
0.209237 0.554285
0.261546 0.57492
0.313855 0.595556
0.366164 0.616192
0.41126 0.616192
0.456357 2.87417
0.504935 2.87417
0.553514 2.93999
0.602092 3.00582
0.65067 3.07165
0.699249 3.13747
0.747827 3.2033
0.796405 3.26913
0.844984 3.33495
0.893562 3.40078
0.94214 3.46661
0.990719 3.53244
1.03966 3.53244
1.0886 3.5434
1.13753 3.55436
1.18647 3.56532
1.23541 3.57628
1.28435 3.58724
1.33329 3.5982
1.38223 3.60916
1.43117 3.62012
1.4801 3.63108
1.52904 3.64204
1.57798 3.653
1.62692 3.66396
1.67586 3.67492
1.7248 3.68588
1.77374 3.69684
1.82268 3.7078
1.87161 3.71876
1.92055 3.72972
1.96949 3.74068
2.01843 3.75164
2.06737 3.7626
2.11631 3.77356
2.16722 3.77356
2.21814 3.77356
2.26905 3.77356
2.31997 3.77356
2.37088 3.77356
2.4218 3.77356
2.47271 3.77356
2.52363 3.77356
2.57455 3.77356
2.62546 3.77356
2.67638 3.77356
2.72729 3.77356
2.77821 3.77356
2.82912 3.77356
5.2633 4.17661
7.69747 4.17661
10.1316 4.17661
12.5658 4.17661
15.0 4.17661
0.0 0.479268
0.0539242 0.479268
0.107848 0.509262
0.161773 0.539257
0.215697 0.569251
0.269621 0.599246
0.322638 0.599246
0.375655 2.91542
0.424976 2.91542
0.474296 2.96485
0.523617 3.01428
0.572938 3.06371
0.622258 3.11314
0.671579 3.16257
0.7209 3.212
0.77022 3.26143
0.819541 3.31086
0.868861 3.36029
0.918182 3.40972
0.967503 3.45915
1.01682 3.50858
1.0688 3.50858
1.12077 3.55671
1.17275 3.60485
1.22472 3.65299
1.2767 3.70112
1.32867 3.74926
1.38065 3.7974
1.43262 3.84553
1.48281 3.84553
1.533 3.84553
1.58319 3.84553
1.63338 3.84553
1.68357 3.84553
1.73375 3.84553
1.78394 3.84553
1.83413 3.84553
1.88432 3.84553
1.93451 3.84553
1.9847 3.84553
2.03489 3.84553
2.08508 3.84553
2.13527 3.84553
2.18546 3.84553
2.23565 3.84553
2.28583 3.84553
2.33602 3.84553
2.38621 3.84553
4.90897 4.15514
7.43173 4.15514
9.95448 4.15514
12.4772 4.15514
15.0 4.15514
0.0 0.467632
0.0554637 0.467632
0.110927 0.49982
0.166391 0.532007
0.221855 0.564195
0.272011 0.564195
0.322166 0.764397
0.372322 0.964599
0.422478 1.1648
0.472634 1.365
0.52279 1.5652
0.572946 1.76541
0.623102 1.96561
0.673257 2.16581
0.723413 2.36601
0.773569 2.56621
0.823725 2.76642
0.873881 2.96662
0.923099 2.96662
0.972317 3.00157
1.02154 3.03652
1.07075 3.07147
1.11997 3.10642
1.16919 3.14137
1.21841 3.17632
1.26763 3.21127
1.31684 3.24622
1.36606 3.28117
1.41528 3.31612
1.4645 3.35107
1.51372 3.38602
1.56293 3.42097
1.6106 3.42097
1.65827 3.4932
1.70594 3.56543
1.7536 3.63766
1.80127 3.70989
1.84894 3.78211
1.8966 3.85434
1.9464 3.85434
1.99619 3.85434
2.04599 3.85434
2.09578 3.85434
2.14558 3.85434
2.19538 3.85434
2.24517 3.85434
2.29497 3.85434
2.34476 3.85434
2.39456 3.85434
2.44435 3.85434
2.49415 3.85434
2.54395 3.85434
2.59374 3.85434
2.64354 3.85434
5.11483 4.15691
7.58612 4.15691
10.0574 4.15691
12.5287 4.15691
15.0 4.15691
0.0 0.493247
0.0523421 0.493247
0.104684 0.51534
0.157026 0.537434
0.209368 0.559527
0.26171 0.581621
0.311329 0.581621
0.360947 0.765726
0.410565 0.949832
0.460183 1.13394
0.509801 1.31804
0.55942 1.50215
0.609038 1.68625
0.658656 1.87036
0.708274 2.05446
0.757893 2.23857
0.807511 2.42268
0.857129 2.60678
0.906747 2.79089
0.956365 2.97499
1.00744 2.97499
1.05851 3.0228
1.10958 3.07062
1.16065 3.11843
1.21172 3.16624
1.26279 3.21405
1.31386 3.26187
1.36493 3.30968
1.416 3.35749
1.46707 3.4053
1.51814 3.45312
1.56921 3.50093
1.61671 3.50093
1.66421 3.56231
1.7117 3.6237
1.7592 3.68508
1.8067 3.74646
1.8542 3.80785
1.9017 3.86923
1.95025 3.86923
1.99881 3.86923
2.04736 3.86923
2.09591 3.86923
2.14447 3.86923
2.19302 3.86923
2.24157 3.86923
2.29013 3.86923
2.33868 3.86923
2.38723 3.86923
2.43579 3.86923
2.48434 3.86923
2.53289 3.86923
5.02631 4.17189
7.51974 4.17189
10.0132 4.17189
12.5066 4.17189
15.0 4.17189
0.0 0.500009
0.0463843 0.500009
0.0927687 0.511807
0.139153 0.523606
0.185537 0.535404
0.231922 0.547203
0.281133 0.547203
0.330344 0.701991
0.379555 0.85678
0.428766 1.01157
0.477977 1.16636
0.527188 1.32115
0.576399 1.47593
0.62561 1.63072
0.674822 1.78551
0.724033 1.9403
0.773244 2.09509
0.822455 2.24988
0.871666 2.40467
0.920877 2.55946
0.970088 2.71424
1.0193 2.86903
1.06851 3.02382
1.11731 3.02382
1.16611 3.28156
1.21491 3.5393
1.26397 3.5393
1.31303 3.59747
1.36209 3.65563
1.41115 3.71379
1.46021 3.77195
1.50927 3.83012
1.55833 3.88828
1.60739 3.94644
1.65773 3.94644
1.70808 3.94644
1.75842 3.94644
1.80876 3.94644
1.85911 3.94644
1.90945 3.94644
1.95979 3.94644
2.01014 3.94644
2.06048 3.94644
2.11082 3.94644
2.16117 3.94644
2.21151 3.94644
2.26185 3.94644
4.80948 4.14798
7.35711 4.14798
9.90474 4.14798
12.4524 4.14798
15.0 4.14798
0.0 0.466577
0.0459216 0.466577
0.0918431 0.495091
0.137765 0.523604
0.183686 0.552118
0.229608 0.580632
0.278831 0.580632
0.328054 0.762825
0.377277 0.945018
0.4265 1.12721
0.475723 1.30941
0.524946 1.4916
0.574169 1.67379
0.623392 1.85599
0.672615 2.03818
0.721838 2.22037
0.771061 2.40257
0.820284 2.58476
0.869508 2.76695
0.918731 2.94915
0.971158 2.94915
1.02359 3.01119
1.07601 3.07324
1.12844 3.13528
1.18087 3.19733
1.2333 3.25937
1.28572 3.32142
1.33815 3.38346
1.39058 3.44551
1.44301 3.50755
1.49199 3.50755
1.54097 3.54562
1.58996 3.58368
1.63894 3.62175
1.68792 3.65981
1.7369 3.69788
1.78589 3.73595
1.83487 3.77401
1.88385 3.81208
1.93284 3.85015
1.98182 3.88821
2.0308 3.92628
2.07979 3.96434
2.12983 3.96434
2.17988 3.96434
2.22992 3.96434
2.27997 3.96434
2.33002 3.96434
2.38006 3.96434
2.43011 3.96434
2.48015 3.96434
2.5302 3.96434
5.02416 4.18175
7.51812 4.18175
10.0121 4.18175
12.506 4.18175
15.0 4.18175
0.0 0.471664
0.0525846 0.471664
0.105169 0.496944
0.157754 0.522224
0.210338 0.547504
0.261502 0.547504
0.312666 0.79507
0.363831 1.04264
0.414995 1.2902
0.466159 1.53777
0.517323 1.78533
0.568487 2.0329
0.619651 2.28046
0.670815 2.52803
0.721979 2.77559
0.773143 3.02316
0.818402 3.02316
0.86366 3.14273
0.908919 3.2623
0.954178 3.38187
0.999437 3.50144
1.0518 3.50144
1.10416 3.55307
1.15653 3.60469
1.20889 3.65631
1.26125 3.70793
1.31362 3.75956
1.36598 3.81118
1.41834 3.8628
1.47071 3.91443
1.52307 3.96605
1.57327 3.96605
1.62348 3.96605
1.67368 3.96605
1.72389 3.96605
1.77409 3.96605
1.8243 3.96605
1.8745 3.96605
1.9247 3.96605
1.97491 3.96605
2.02511 3.96605
2.07532 3.96605
4.66025 4.26695
7.24519 4.26695
9.83013 4.26695
12.4151 4.26695
15.0 4.26695
0.0 0.48692
0.0503652 0.48692
0.10073 0.504635
0.151096 0.522349
0.201461 0.540064
0.251826 0.557778
0.302451 0.557778
0.353076 0.748901
0.403701 0.940024
0.454326 1.13115
0.504951 1.32227
0.555576 1.51339
0.606201 1.70452
0.656826 1.89564
0.707451 2.08676
0.758076 2.27789
0.808701 2.46901
0.859326 2.66013
0.909951 2.85125
0.960576 3.04238
1.01164 3.04238
1.0627 3.08216
1.11376 3.12194
1.16482 3.16172
1.21588 3.20151
1.26694 3.24129
1.318 3.28107
1.36906 3.32086
1.42012 3.36064
1.47118 3.40042
1.52224 3.4402
1.57149 3.4402
1.62073 3.4758
1.66997 3.51141
1.71921 3.54701
1.76845 3.58261
1.81769 3.61821
1.86693 3.65381
1.91617 3.68941
1.96541 3.72502
2.01465 3.76062
2.06389 3.79622
2.11314 3.83182
2.16238 3.86742
2.21162 3.90302
2.26119 3.90302
2.31076 3.90302
2.36033 3.90302
2.4099 3.90302
2.45947 3.90302
2.50904 3.90302
2.55861 3.90302
2.60818 3.90302
2.65775 3.90302
2.70732 3.90302
2.75689 3.90302
2.80646 3.90302
2.85603 3.90302
2.90561 3.90302
2.95518 3.90302
5.36414 4.26007
7.77311 4.26007
10.1821 4.26007
12.591 4.26007
15.0 4.26007
0.0 0.503546
0.0462526 0.503546
0.0925052 0.509177
0.138758 0.514808
0.18501 0.520438
0.231263 0.526069
0.280364 0.526069
0.329465 0.834945
0.378566 1.14382
0.427667 1.4527
0.476768 1.76157
0.525869 2.07045
0.57497 2.37932
0.624071 2.6882
0.673172 2.99707
0.725269 2.99707
0.777366 3.03791
0.829464 3.07875
0.881561 3.11958
0.933659 3.16042
0.985756 3.20125
1.03785 3.24209
1.08995 3.28293
1.14205 3.32376
1.19415 3.3646
1.24624 3.40543
1.29836 3.40543
1.35048 3.45145
1.40259 3.49746
1.45471 3.54348
1.50683 3.58949
1.55895 3.63551
1.61106 3.68152
1.66318 3.72754
1.7153 3.77355
1.76741 3.81956
1.81695 3.81956
1.86649 3.81956
1.91603 3.81956
1.96557 3.81956
2.01511 3.81956
2.06465 3.81956
2.11419 3.81956
2.16373 3.81956
4.73099 4.19173
7.29824 4.19173
9.86549 4.19173
12.4327 4.19173
15.0 4.19173
0.0 0.485186
0.0484309 0.485186
0.0968619 0.506664
0.145293 0.528142
0.193724 0.54962
0.242155 0.571097
0.290161 0.571097
0.338166 0.787424
0.386172 1.00375
0.434178 1.22008
0.482184 1.4364
0.53019 1.65273
0.578196 1.86906
0.626202 2.08539
0.674208 2.30171
0.722214 2.51804
0.770219 2.73437
0.818225 2.95069
0.869431 2.95069
0.920636 3.00705
0.971841 3.0634
1.02305 3.11976
1.07425 3.17611
1.12546 3.23246
1.17666 3.28882
1.22787 3.34517
1.27907 3.40153
1.33071 3.40153
1.38235 3.45201
1.43398 3.50249
1.48562 3.55297
1.53726 3.60345
1.5889 3.65393
1.64053 3.70441
1.69217 3.75489
1.74381 3.80537
1.79544 3.85586
1.84564 3.85586
1.89584 3.85586
1.94604 3.85586
1.99624 3.85586
2.04644 3.85586
2.09664 3.85586
4.67732 4.25296
7.25799 4.25296
9.83866 4.25296
12.4193 4.25296
15.0 4.25296
0.0 0.490138
0.046751 0.490138
0.093502 0.502199
0.140253 0.51426
0.187004 0.526321
0.237373 0.526321
0.287742 0.645772
0.338111 0.765223
0.38848 0.884674
0.438849 1.00412
0.489218 1.12358
0.539587 1.24303
0.589957 1.36248
0.640326 1.48193
0.690695 1.60138
0.741064 1.72083
0.791433 1.84028
0.841802 1.95973
0.892171 2.07918
0.94254 2.19863
0.992909 2.31809
1.04328 2.43754
1.09365 2.55699
1.14402 2.67644
1.19439 2.79589
1.24475 2.91534
1.29512 3.03479
1.34413 3.03479
1.39313 3.05955
1.44214 3.0843
1.49114 3.10906
1.54015 3.13381
1.58915 3.15857
1.63816 3.18332
1.68717 3.20808
1.73617 3.23283
1.78518 3.25758
1.83418 3.28234
1.88319 3.30709
1.93219 3.33185
1.9812 3.3566
2.0302 3.38136
2.07921 3.40611
2.12821 3.43087
2.17722 3.45562
2.22622 3.48038
2.27687 3.48038
2.32752 3.49482
2.37817 3.50927
2.42882 3.52371
2.47947 3.53816
2.53012 3.5526
2.58077 3.56705
2.63142 3.58149
2.68207 3.59594
2.73272 3.61038
2.78337 3.62483
2.83402 3.63928
2.88467 3.65372
2.93532 3.66817
2.98597 3.68261
3.03662 3.69706
3.08727 3.7115
3.13792 3.72595
3.18857 3.74039
3.23922 3.75484
3.28987 3.76928
3.34052 3.78373
3.39117 3.79817
3.44181 3.81262
3.49246 3.82706
3.54311 3.84151
3.59376 3.85595
3.64441 3.8704
3.69506 3.88485
3.74571 3.89929
3.79926 3.89929
3.8528 3.89929
3.90635 3.89929
3.95989 3.89929
4.01344 3.89929
4.06698 3.89929
4.12053 3.89929
6.84039 4.22967
9.56026 4.22967
12.2801 4.22967
15.0 4.22967
0.0 0.474812
0.0459186 0.474812
0.0918373 0.500794
0.137756 0.526775
0.183675 0.552757
0.234194 0.552757
0.284714 0.664845
0.335234 0.776934
0.385754 0.889023
0.436274 1.00111
0.486794 1.1132
0.537314 1.22529
0.587834 1.33738
0.638354 1.44947
0.688873 1.56156
0.739393 1.67365
0.789913 1.78573
0.840433 1.89782
0.890953 2.00991
0.941473 2.122
0.991993 2.23409
1.04251 2.34618
1.09303 2.45827
1.14355 2.57036
1.19407 2.68245
1.24459 2.79453
1.29511 2.90662
1.34563 3.01871
1.39711 3.01871
1.44858 3.0654
1.50006 3.11208
1.55154 3.15877
1.60301 3.20545
1.65449 3.25214
1.70597 3.29883
1.75744 3.34551
1.80892 3.3922
1.8604 3.43888
1.91187 3.48557
1.96335 3.53226
2.01482 3.57894
2.0649 3.57894
2.11498 3.58966
2.16505 3.60038
2.21513 3.6111
2.2652 3.62182
2.31528 3.63254
2.36536 3.64326
2.41543 3.65398
2.46551 3.6647
2.51558 3.67542
2.56566 3.68614
2.61574 3.69686
2.66581 3.70759
2.71589 3.71831
2.76596 3.72903
2.81604 3.73975
2.86612 3.75047
2.91619 3.76119
2.96627 3.77191
3.01634 3.78263
3.06642 3.79335
3.1165 3.80407
3.16657 3.81479
3.21665 3.82551
3.26672 3.83623
3.3168 3.84695
3.36688 3.85767
3.41695 3.86839
3.46703 3.87911
3.5171 3.88983
3.56718 3.90055
3.61807 3.90055
3.66896 3.90055
3.71985 3.90055
3.77074 3.90055
3.82164 3.90055
3.87253 3.90055
3.92342 3.90055
3.97431 3.90055
4.0252 3.90055
4.07609 3.90055
4.12698 3.90055
6.84524 4.15154
9.56349 4.15154
12.2817 4.15154
15.0 4.15154
0.0 0.479902
0.0496868 0.479902
0.0993735 0.505486
0.14906 0.53107
0.198747 0.556654
0.247048 0.556654
0.29535 0.760346
0.343651 0.964037
0.391952 1.16773
0.440254 1.37142
0.488555 1.57511
0.536856 1.7788
0.585158 1.98249
0.633459 2.18619
0.68176 2.38988
0.730061 2.59357
0.778363 2.79726
0.826664 3.00095
0.877214 3.00095
0.927764 3.04423
0.978314 3.08751
1.02886 3.13078
1.07941 3.17406
1.12996 3.21734
1.18051 3.26062
1.23106 3.3039
1.28162 3.34717
1.33217 3.39045
1.38272 3.43373
1.43327 3.47701
1.48382 3.52028
1.53437 3.56356
1.58493 3.56356
1.63549 3.579
1.68606 3.59443
1.73662 3.60986
1.78719 3.62529
1.83775 3.64073
1.88831 3.65616
1.93888 3.67159
1.98944 3.68703
2.04001 3.70246
2.09057 3.71789
2.14114 3.73333
2.1917 3.74876
2.24226 3.76419
2.29283 3.77963
2.34339 3.79506
2.39396 3.81049
2.44452 3.82593
2.49509 3.84136
2.54565 3.85679
2.59621 3.87223
2.64678 3.88766
2.69734 3.90309
2.74791 3.91853
2.79847 3.93396
2.84834 3.93396
2.89821 3.93396
2.94808 3.93396
2.99795 3.93396
3.04782 3.93396
3.09769 3.93396
3.14756 3.93396
3.19742 3.93396
3.24729 3.93396
3.29716 3.93396
3.34703 3.93396
5.67763 4.16533
8.00822 4.16533
10.3388 4.16533
12.6694 4.16533
15.0 4.16533
0.0 0.48629
0.0473938 0.48629
0.0947875 0.502164
0.142181 0.518037
0.189575 0.533911
0.236969 0.549784
0.286277 0.549784
0.335585 0.710318
0.384894 0.870852
0.434202 1.03139
0.48351 1.19192
0.532818 1.35245
0.582127 1.51299
0.631435 1.67352
0.680743 1.83406
0.730051 1.99459
0.77936 2.15512
0.828668 2.31566
0.877976 2.47619
0.927284 2.63673
0.976593 2.79726
1.0259 2.9578
1.07495 2.9578
1.124 2.99724
1.17306 3.03669
1.22211 3.07614
1.27116 3.11559
1.32021 3.15504
1.36926 3.19449
1.41831 3.23394
1.46737 3.27338
1.51642 3.31283
1.56547 3.35228
1.61452 3.39173
1.66357 3.43118
1.71262 3.47063
1.76168 3.51008
1.81066 3.51008
1.85964 3.52619
1.90862 3.54229
1.9576 3.5584
2.00658 3.57451
2.05556 3.59062
2.10454 3.60673
2.15352 3.62284
2.2025 3.63895
2.25148 3.65506
2.30046 3.67117
2.34944 3.68728
2.39843 3.70339
2.44741 3.7195
2.49639 3.73561
2.54537 3.75172
2.59435 3.76782
2.64333 3.78393
2.69231 3.80004
2.74129 3.81615
2.79027 3.83226
2.83925 3.84837
2.88823 3.86448
2.93721 3.88059
2.98629 3.88059
3.03536 3.88059
3.08443 3.88059
3.1335 3.88059
3.18257 3.88059
5.54605 4.16992
7.90954 4.16992
10.273 4.16992
12.6365 4.16992
15.0 4.16992
0.0 0.514069
0.0568884 0.514069
0.113777 0.516998
0.170665 0.519928
0.219995 0.519928
0.269325 0.593815
0.318655 0.667703
0.367984 0.741591
0.417314 0.815478
0.466644 0.889366
0.515974 0.963254
0.565303 1.03714
0.614633 1.11103
0.663963 1.18492
0.713293 1.2588
0.762623 1.33269
0.811952 1.40658
0.861282 1.48047
0.910612 1.55435
0.959942 1.62824
1.00927 1.70213
1.0586 1.77602
1.10793 1.84991
1.15726 1.92379
1.20659 1.99768
1.25592 2.07157
1.30525 2.14546
1.35458 2.21934
1.40391 2.29323
1.45324 2.36712
1.50257 2.44101
1.5519 2.51489
1.60123 2.58878
1.65056 2.66267
1.69989 2.73656
1.74922 2.81045
1.79855 2.88433
1.84788 2.95822
1.89683 2.95822
1.94579 3.02783
1.99474 3.09743
2.0437 3.16704
2.09265 3.23665
2.1416 3.30625
2.19056 3.37586
2.23951 3.44547
2.28847 3.51507
2.33742 3.58468
2.38698 3.58468
2.43654 3.60224
2.4861 3.6198
2.53565 3.63736
2.58521 3.65492
2.63477 3.67247
2.68433 3.69003
2.73388 3.70759
2.78344 3.72515
2.833 3.74271
2.88256 3.76027
2.93211 3.77783
2.98167 3.79539
3.03123 3.81295
3.08079 3.83051
3.13035 3.84807
3.1799 3.86563
3.22946 3.88319
3.27902 3.90075
3.32858 3.9183
3.37813 3.93586
3.42769 3.95342
3.47737 3.95342
3.52705 3.95342
3.57673 3.95342
3.62641 3.95342
3.67609 3.95342
3.72577 3.95342
3.77545 3.95342
3.82512 3.95342
3.8748 3.95342
6.6561 4.21428
9.4374 4.21428
12.2187 4.21428
15.0 4.21428
0.0 0.492253
0.0465872 0.492253
0.0931744 0.508007
0.139762 0.523762
0.186349 0.539516
0.23591 0.539516
0.285472 0.645895
0.335033 0.752274
0.384594 0.858653
0.434155 0.965032
0.483717 1.07141
0.533278 1.17779
0.582839 1.28417
0.632401 1.39055
0.681962 1.49693
0.731523 1.60331
0.781085 1.70969
0.830646 1.81607
0.880207 1.92244
0.929769 2.02882
0.97933 2.1352
1.02889 2.24158
1.07845 2.34796
1.12801 2.45434
1.17758 2.56072
1.22714 2.6671
1.2767 2.77348
1.32626 2.87986
1.37582 2.98624
1.42559 2.98624
1.47537 3.02883
1.52514 3.07143
1.57491 3.11403
1.62468 3.15663
1.67445 3.19923
1.72423 3.24182
1.774 3.28442
1.82377 3.32702
1.87354 3.36962
1.92332 3.41222
1.97309 3.45482
2.02286 3.49741
2.07263 3.54001
2.12241 3.58261
2.17218 3.62521
2.22193 3.62521
2.27169 3.63695
2.32144 3.6487
2.37119 3.66045
2.42095 3.67219
2.4707 3.68394
2.52045 3.69568
2.57021 3.70743
2.61996 3.71917
2.66971 3.73092
2.71947 3.74266
2.76922 3.75441
2.81898 3.76615
2.86873 3.7779
2.91848 3.78964
2.96824 3.80139
3.01799 3.81313
3.06774 3.82488
3.1175 3.83662
3.16725 3.84837
3.217 3.86012
3.26676 3.87186
3.31651 3.88361
3.36626 3.89535
3.41602 3.9071
3.46605 3.9071
3.51607 3.9071
3.5661 3.9071
3.61613 3.9071
3.66615 3.9071
3.71618 3.9071
3.76621 3.9071
3.81623 3.9071
3.86626 3.9071
3.91629 3.9071
3.96631 3.9071
4.01634 3.9071
4.06637 3.9071
4.11639 3.9071
4.16642 3.9071
4.21645 3.9071
6.91233 4.26697
9.60822 4.26697
12.3041 4.26697
15.0 4.26697
0.0 0.490352
0.0480748 0.490352
0.0961497 0.49557
0.144224 0.500787
0.195328 0.500787
0.246432 0.644671
0.297536 0.788555
0.34864 0.932439
0.399743 1.07632
0.450847 1.22021
0.501951 1.36409
0.553055 1.50797
0.604159 1.65186
0.655262 1.79574
0.706366 1.93962
0.75747 2.08351
0.808574 2.22739
0.859678 2.37128
0.910781 2.51516
0.961885 2.65904
1.01299 2.80293
1.06409 2.94681
1.11395 2.94681
1.1638 2.97141
1.21365 2.99601
1.2635 3.02061
1.31336 3.0452
1.36321 3.0698
1.41306 3.0944
1.46292 3.119
1.51277 3.1436
1.56262 3.16819
1.61247 3.19279
1.66233 3.21739
1.71218 3.24199
1.76203 3.26659
1.81189 3.29118
1.86174 3.31578
1.91159 3.34038
1.96144 3.36498
2.0113 3.38958
2.06115 3.41417
2.111 3.43877
2.16085 3.46337
2.21071 3.48797
2.26056 3.51257
2.31041 3.53716
2.36027 3.56176
2.41078 3.56176
2.46129 3.5773
2.51181 3.59284
2.56232 3.60838
2.61283 3.62392
2.66335 3.63945
2.71386 3.65499
2.76437 3.67053
2.81488 3.68607
2.8654 3.70161
2.91591 3.71714
2.96642 3.73268
3.01694 3.74822
3.06745 3.76376
3.11796 3.7793
3.16848 3.79483
3.21899 3.81037
3.2695 3.82591
3.32002 3.84145
3.37053 3.85699
3.42104 3.87252
3.47156 3.88806
3.52207 3.9036
3.57258 3.91914
3.62252 3.91914
3.67246 3.91914
3.7224 3.91914
3.77234 3.91914
3.82228 3.91914
3.87222 3.91914
3.92216 3.91914
3.9721 3.91914
4.02204 3.91914
4.07198 3.91914
4.12192 3.91914
4.17186 3.91914
4.2218 3.91914
4.27174 3.91914
4.32167 3.91914
4.37161 3.91914
7.02871 4.29148
9.68581 4.29148
12.3429 4.29148
15.0 4.29148
0.0 0.476537
0.0505846 0.476537
0.101169 0.500206
0.151754 0.523876
0.200774 0.523876
0.249794 0.646905
0.298814 0.769934
0.347834 0.892963
0.396854 1.01599
0.445874 1.13902
0.494894 1.26205
0.543914 1.38508
0.592934 1.50811
0.641954 1.63114
0.690974 1.75417
0.739994 1.8772
0.789014 2.00023
0.838034 2.12325
0.887054 2.24628
0.936074 2.36931
0.985094 2.49234
1.03411 2.61537
1.08313 2.7384
1.13215 2.86143
1.18171 2.86143
1.23127 2.88419
1.28083 2.90696
1.33038 2.92972
1.37994 2.95249
1.4295 2.97525
1.47906 2.99801
1.52861 3.02078
1.57817 3.04354
1.62773 3.06631
1.67729 3.08907
1.72684 3.11183
1.7764 3.1346
1.82596 3.15736
1.87551 3.18013
1.92507 3.20289
1.97463 3.22565
2.02419 3.24842
2.07374 3.27118
2.1233 3.29395
2.17286 3.31671
2.22242 3.33947
2.27197 3.36224
2.32153 3.385
2.37109 3.40777
2.42143 3.40777
2.47177 3.43779
2.5221 3.46781
2.57244 3.49783
2.62278 3.52785
2.67312 3.55788
2.72346 3.5879
2.77379 3.61792
2.82413 3.64794
2.87447 3.67797
2.92481 3.70799
2.97515 3.73801
3.02548 3.76803
3.07582 3.79805
3.12616 3.82808
3.1765 3.8581
3.22684 3.88812
3.27718 3.91814
3.32653 3.91814
3.37588 3.91814
3.42523 3.91814
3.47458 3.91814
3.52393 3.91814
3.57329 3.91814
3.62264 3.91814
3.67199 3.91814
3.72134 3.91814
3.77069 3.91814
3.82005 3.91814
3.8694 3.91814
3.91875 3.91814
3.9681 3.91814
4.01745 3.91814
4.0668 3.91814
4.11616 3.91814
4.16551 3.91814
4.21486 3.91814
4.26421 3.91814
4.31356 3.91814
4.36292 3.91814
4.41227 3.91814
4.46162 3.91814
4.51097 3.91814
4.56032 3.91814
4.60967 3.91814
4.65903 3.91814
4.70838 3.91814
4.75773 3.91814
4.80708 3.91814
4.85643 3.91814
4.90579 3.91814
4.95514 3.91814
5.00449 3.91814
5.05384 3.91814
5.10319 3.91814
5.15254 3.91814
7.61441 4.26975
10.0763 4.26975
12.5381 4.26975
15.0 4.26975
0.0 0.497783
0.0457972 0.497783
0.0915944 0.50748
0.137392 0.517177
0.183189 0.526874
0.228986 0.536571
0.280163 0.536571
0.33134 0.754724
0.382518 0.972877
0.433695 1.19103
0.484872 1.40918
0.53605 1.62734
0.587227 1.84549
0.638404 2.06364
0.689581 2.2818
0.740759 2.49995
0.791936 2.7181
0.843113 2.93626
0.893107 2.93626
0.9431 2.97306
0.993094 3.00986
1.04309 3.04666
1.09308 3.08347
1.14307 3.12027
1.19307 3.15707
1.24306 3.19388
1.29306 3.23068
1.34305 3.26748
1.39304 3.30429
1.44304 3.34109
1.49303 3.37789
1.54302 3.41469
1.59302 3.4515
1.64301 3.4883
1.69358 3.4883
1.74414 3.49909
1.79471 3.50988
1.84527 3.52066
1.89584 3.53145
1.94641 3.54224
1.99697 3.55303
2.04754 3.56382
2.0981 3.57461
2.14867 3.58539
2.19923 3.59618
2.2498 3.60697
2.30037 3.61776
2.35093 3.62855
2.4015 3.63933
2.45206 3.65012
2.50263 3.66091
2.5532 3.6717
2.60376 3.68249
2.65433 3.69328
2.70489 3.70406
2.75546 3.71485
2.80602 3.72564
2.85659 3.73643
2.90716 3.74722
2.95772 3.758
3.00829 3.76879
3.05885 3.77958
3.10942 3.79037
3.15999 3.80116
3.21055 3.81195
3.26112 3.82273
3.31168 3.83352
3.36225 3.84431
3.41281 3.8551
3.46338 3.86589
3.51395 3.87667
3.56451 3.88746
3.61508 3.89825
3.66564 3.90904
3.71621 3.91983
3.76678 3.93062
3.81734 3.9414
3.86791 3.95219
3.91849 3.95219
3.96907 3.95219
4.01966 3.95219
4.07024 3.95219
4.12082 3.95219
4.1714 3.95219
4.22199 3.95219
4.27257 3.95219
4.32315 3.95219
4.37373 3.95219
4.42432 3.95219
4.4749 3.95219
4.52548 3.95219
4.57606 3.95219
4.62665 3.95219
4.67723 3.95219
4.72781 3.95219
4.77839 3.95219
4.82898 3.95219
4.87956 3.95219
4.93014 3.95219
7.44761 4.21004
9.96507 4.21004
12.4825 4.21004
15.0 4.21004
0.0 0.492806
0.0478365 0.492806
0.095673 0.504114
0.14351 0.515422
0.191346 0.52673
0.241942 0.52673
0.292538 0.724714
0.343133 0.922697
0.393729 1.12068
0.444325 1.31866
0.494921 1.51665
0.545517 1.71463
0.596112 1.91261
0.646708 2.1106
0.697304 2.30858
0.7479 2.50656
0.798496 2.70455
0.849091 2.90253
0.898792 2.90253
0.948494 2.93167
0.998195 2.9608
1.0479 2.98994
1.0976 3.01907
1.1473 3.04821
1.197 3.07734
1.2467 3.10648
1.2964 3.13561
1.3461 3.16475
1.3958 3.19388
1.44551 3.22302
1.49521 3.25215
1.54491 3.28129
1.59461 3.31042
1.64431 3.33956
1.69401 3.36869
1.74371 3.39783
1.79341 3.42696
1.84311 3.45609
1.89282 3.48523
1.94318 3.48523
1.99355 3.49446
2.04392 3.50368
2.09429 3.51291
2.14465 3.52214
2.19502 3.53136
2.24539 3.54059
2.29576 3.54982
2.34612 3.55904
2.39649 3.56827
2.44686 3.5775
2.49723 3.58672
2.5476 3.59595
2.59796 3.60518
2.64833 3.6144
2.6987 3.62363
2.74907 3.63286
2.79943 3.64208
2.8498 3.65131
2.90017 3.66054
2.95054 3.66976
3.0009 3.67899
3.05127 3.68822
3.10164 3.69744
3.15201 3.70667
3.20238 3.7159
3.25274 3.72512
3.30311 3.73435
3.35348 3.74358
3.40385 3.7528
3.45421 3.76203
3.50458 3.77126
3.55495 3.78048
3.60532 3.78971
3.65568 3.79894
3.70605 3.80816
3.75642 3.81739
3.80679 3.82662
3.85716 3.83584
3.90752 3.84507
3.95789 3.85429
4.00826 3.86352
4.05863 3.87275
4.10899 3.88197
4.15936 3.8912
4.20973 3.90043
4.2601 3.90965
4.31047 3.91888
4.36083 3.92811
4.4112 3.93733
4.46157 3.94656
4.51194 3.95579
4.5623 3.96501
4.61267 3.97424
4.66304 3.98347
4.71341 3.99269
4.76377 4.00192
4.81487 4.00192
4.86598 4.00192
4.91708 4.00192
4.96818 4.00192
5.01928 4.00192
5.07038 4.00192
5.12148 4.00192
5.17258 4.00192
5.22368 4.00192
5.27478 4.00192
5.32588 4.00192
5.37698 4.00192
5.42808 4.00192
5.47918 4.00192
5.53028 4.00192
5.58138 4.00192
5.63248 4.00192
5.68358 4.00192
8.01269 4.22465
10.3418 4.22465
12.6709 4.22465
15.0 4.22465
0.0 0.507528
0.0495596 0.507528
0.0991191 0.516124
0.148679 0.52472
0.198238 0.533316
0.247543 0.533316
0.296847 0.730343
0.346152 0.92737
0.395456 1.1244
0.444761 1.32142
0.494066 1.51845
0.54337 1.71548
0.592675 1.9125
0.641979 2.10953
0.691284 2.30656
0.740588 2.50359
0.789893 2.70061
0.839197 2.89764
0.888428 2.89764
0.937658 2.95449
0.986889 3.01134
1.03612 3.06819
1.08535 3.12504
1.13458 3.18189
1.18381 3.23874
1.23304 3.29559
1.28227 3.35243
1.3315 3.40928
1.38073 3.46613
1.42996 3.52298
1.47919 3.57983
1.52945 3.57983
1.5797 3.5899
1.62995 3.59996
1.6802 3.61003
1.73045 3.6201
1.7807 3.63016
1.83096 3.64023
1.88121 3.65029
1.93146 3.66036
1.98171 3.67043
2.03196 3.68049
2.08221 3.69056
2.13246 3.70062
2.18272 3.71069
2.23297 3.72076
2.28322 3.73082
2.33347 3.74089
2.38372 3.75095
2.43397 3.76102
2.48423 3.77109
2.53448 3.78115
2.58473 3.79122
2.63498 3.80128
2.68523 3.81135
2.73548 3.82142
2.78573 3.83148
2.83599 3.84155
2.88624 3.85161
2.93649 3.86168
2.98674 3.87175
3.03699 3.88181
3.08724 3.89188
3.1375 3.90194
3.18775 3.91201
3.238 3.92208
3.28825 3.93214
3.3385 3.94221
3.38875 3.95227
3.439 3.96234
3.48926 3.97241
3.53951 3.98247
3.58976 3.99254
3.64001 4.0026
3.69026 4.01267
3.74051 4.02274
3.79077 4.0328
3.84102 4.04287
3.89127 4.05293
3.94152 4.063
3.99196 4.063
4.04239 4.063
4.09283 4.063
4.14326 4.063
4.1937 4.063
4.24413 4.063
4.29457 4.063
4.345 4.063
4.39544 4.063
4.44588 4.063
4.49631 4.063
4.54675 4.063
4.59718 4.063
4.64762 4.063
4.69805 4.063
4.74849 4.063
4.79892 4.063
4.84936 4.063
4.8998 4.063
4.95023 4.063
5.00067 4.063
5.0511 4.063
5.10154 4.063
5.15197 4.063
5.20241 4.063
5.25284 4.063
5.30328 4.063
5.35372 4.063
5.40415 4.063
5.45459 4.063
5.50502 4.063
5.55546 4.063
5.60589 4.063
5.65633 4.063
5.70676 4.063
5.7572 4.063
5.80763 4.063
5.85807 4.063
5.90851 4.063
5.95894 4.063
6.00938 4.063
6.05981 4.063
6.11025 4.063
6.16068 4.063
6.21112 4.063
6.26155 4.063
6.31199 4.063
6.36243 4.063
6.41286 4.063
6.4633 4.063
9.30886 4.17567
12.1544 4.17567
15.0 4.17567
0.0 0.487878
0.0556083 0.487878
0.111217 0.509587
0.166825 0.531296
0.222433 0.553004
0.274161 0.553004
0.325889 0.877209
0.377617 1.20141
0.429345 1.52562
0.481072 1.84982
0.5328 2.17403
0.584528 2.49823
0.636256 2.82244
0.685726 2.82244
0.735196 2.87233
0.784666 2.92222
0.834136 2.97212
0.883606 3.02201
0.933076 3.0719
0.982546 3.12179
1.03202 3.17169
1.08149 3.22158
1.13096 3.27147
1.18043 3.32136
1.2299 3.37126
1.27937 3.42115
1.32884 3.47104
1.37831 3.52094
1.42778 3.57083
1.47833 3.57083
1.52889 3.58298
1.57945 3.59514
1.63001 3.60729
1.68057 3.61944
1.73112 3.6316
1.78168 3.64375
1.83224 3.6559
1.8828 3.66806
1.93335 3.68021
1.98391 3.69236
2.03447 3.70452
2.08503 3.71667
2.13559 3.72882
2.18614 3.74098
2.2367 3.75313
2.28726 3.76528
2.33782 3.77744
2.38838 3.78959
2.43893 3.80174
2.48949 3.8139
2.54005 3.82605
2.59061 3.8382
2.64117 3.85036
2.69172 3.86251
2.74228 3.87466
2.79284 3.88682
2.8434 3.89897
2.89396 3.91112
2.94451 3.92328
2.99507 3.93543
3.04563 3.94758
3.09619 3.95974
3.14674 3.97189
3.1973 3.98404
3.24786 3.9962
3.29842 4.00835
3.34898 4.0205
3.39953 4.03265
3.45009 4.04481
3.50065 4.05696
3.55121 4.06911
3.60177 4.08127
3.65134 4.08127
3.7009 4.08127
3.75047 4.08127
3.80004 4.08127
3.84961 4.08127
3.89918 4.08127
3.94875 4.08127
3.99832 4.08127
4.04789 4.08127
4.09746 4.08127
4.14703 4.08127
4.1966 4.08127
4.24616 4.08127
4.29573 4.08127
4.3453 4.08127
4.39487 4.08127
4.44444 4.08127
4.49401 4.08127
4.54358 4.08127
4.59315 4.08127
4.64272 4.08127
4.69229 4.08127
4.74186 4.08127
4.79142 4.08127
4.84099 4.08127
4.89056 4.08127
4.94013 4.08127
4.9897 4.08127
5.03927 4.08127
5.08884 4.08127
5.13841 4.08127
5.18798 4.08127
5.23755 4.08127
5.28712 4.08127
5.33668 4.08127
5.38625 4.08127
5.43582 4.08127
5.48539 4.08127
5.53496 4.08127
5.58453 4.08127
5.6341 4.08127
5.68367 4.08127
5.73324 4.08127
5.78281 4.08127
5.83238 4.08127
5.88195 4.08127
8.16146 4.19611
10.441 4.19611
12.7205 4.19611
15.0 4.19611
0.0 0.488599
0.0509681 0.488599
0.101936 0.506361
0.152904 0.524124
0.203872 0.541886
0.251457 0.541886
0.299042 0.990817
0.346627 1.43975
0.394212 1.88868
0.441797 2.33761
0.489382 2.78654
0.539575 2.78654
0.589768 2.81009
0.639961 2.83364
0.690155 2.85718
0.740348 2.88073
0.790541 2.90428
0.840735 2.92782
0.890928 2.95137
0.941121 2.97492
0.991314 2.99846
1.04151 3.02201
1.0917 3.04556
1.14189 3.0691
1.19209 3.09265
1.24228 3.1162
1.29247 3.13974
1.34267 3.16329
1.39286 3.18684
1.44305 3.21039
1.49325 3.23393
1.54344 3.25748
1.59363 3.28103
1.64383 3.30457
1.69402 3.32812
1.74421 3.35167
1.79441 3.37521
1.8446 3.39876
1.89479 3.42231
1.94499 3.44585
1.99518 3.4694
2.04537 3.49295
2.09557 3.51649
2.14587 3.51649
2.19618 3.54944
2.24649 3.58239
2.2968 3.61535
2.34711 3.6483
2.39741 3.68125
2.44772 3.7142
2.49803 3.74715
2.54834 3.7801
2.59865 3.81305
2.64895 3.846
2.69926 3.87895
2.74957 3.9119
2.79988 3.94485
2.85019 3.9778
2.90049 4.01075
2.95015 4.01075
2.9998 4.01075
3.04945 4.01075
3.0991 4.01075
3.14875 4.01075
3.19841 4.01075
3.24806 4.01075
3.29771 4.01075
3.34736 4.01075
3.39702 4.01075
3.44667 4.01075
3.49632 4.01075
3.54597 4.01075
3.59563 4.01075
3.64528 4.01075
3.69493 4.01075
3.74458 4.01075
3.79424 4.01075
3.84389 4.01075
3.89354 4.01075
3.94319 4.01075
3.99284 4.01075
4.0425 4.01075
4.09215 4.01075
4.1418 4.01075
4.19145 4.01075
4.24111 4.01075
4.29076 4.01075
4.34041 4.01075
4.39006 4.01075
4.43972 4.01075
4.48937 4.01075
4.53902 4.01075
4.58867 4.01075
4.63833 4.01075
4.68798 4.01075
4.73763 4.01075
4.78728 4.01075
4.83693 4.01075
4.88659 4.01075
4.93624 4.01075
4.98589 4.01075
5.03554 4.01075
5.0852 4.01075
5.13485 4.01075
7.60114 4.2266
10.0674 4.2266
12.5337 4.2266
15.0 4.2266
0.0 0.485413
0.0512693 0.485413
0.102539 0.506349
0.153808 0.527284
0.205077 0.548219
0.254542 0.548219
0.304006 0.930976
0.353471 1.31373
0.402935 1.69649
0.4524 2.07925
0.501864 2.462
0.551328 2.84476
0.601446 2.84476
0.651564 2.86126
0.701681 2.87776
0.751799 2.89427
0.801916 2.91077
0.852034 2.92727
0.902152 2.94377
0.952269 2.96027
1.00239 2.97677
1.0525 2.99327
1.10262 3.00978
1.15274 3.02628
1.20286 3.04278
1.25297 3.05928
1.30309 3.07578
1.35321 3.09228
1.40333 3.10879
1.45345 3.12529
1.50356 3.14179
1.55368 3.15829
1.6038 3.17479
1.65392 3.19129
1.70403 3.20779
1.75415 3.2243
1.80427 3.2408
1.85439 3.2573
1.9045 3.2738
1.95462 3.2903
2.00474 3.3068
2.05486 3.32331
2.10497 3.33981
2.15509 3.35631
2.20521 3.37281
2.25533 3.38931
2.30544 3.40581
2.35556 3.42231
2.40568 3.43882
2.4558 3.45532
2.50592 3.47182
2.55603 3.48832
2.60617 3.48832
2.6563 3.51532
2.70643 3.54231
2.75656 3.56931
2.8067 3.5963
2.85683 3.6233
2.90696 3.65029
2.95709 3.67729
3.00723 3.70429
3.05736 3.73128
3.10749 3.75828
3.15762 3.78527
3.20776 3.81227
3.25789 3.83926
3.30802 3.86626
3.35816 3.89326
3.40829 3.92025
3.45842 3.94725
3.50855 3.97424
3.55869 4.00124
3.60916 4.00124
3.65964 4.00124
3.71011 4.00124
3.76059 4.00124
3.81106 4.00124
3.86154 4.00124
3.91201 4.00124
3.96248 4.00124
4.01296 4.00124
4.06343 4.00124
4.11391 4.00124
4.16438 4.00124
4.21486 4.00124
4.26533 4.00124
4.31581 4.00124
4.36628 4.00124
4.41676 4.00124
4.46723 4.00124
4.51771 4.00124
4.56818 4.00124
4.61866 4.00124
4.66913 4.00124
4.71961 4.00124
4.77008 4.00124
4.82056 4.00124
4.87103 4.00124
4.92151 4.00124
4.97198 4.00124
5.02246 4.00124
5.07293 4.00124
5.12341 4.00124
5.17388 4.00124
5.22436 4.00124
5.27483 4.00124
5.32531 4.00124
5.37578 4.00124
5.42626 4.00124
5.47673 4.00124
5.52721 4.00124
5.57768 4.00124
5.62816 4.00124
5.67863 4.00124
5.72911 4.00124
5.77958 4.00124
5.83006 4.00124
5.88053 4.00124
5.93101 4.00124
5.98148 4.00124
6.03196 4.00124
6.08243 4.00124
6.1329 4.00124
8.34968 4.17065
10.5665 4.17065
12.7832 4.17065
15.0 4.17065
0.0 0.505317
0.0515221 0.505317
0.103044 0.506354
0.154566 0.507392
0.206088 0.50843
0.258487 0.50843
0.310886 1.09022
0.363285 1.67202
0.415684 2.25381
0.468083 2.83561
0.518737 2.83561
0.56939 2.8556
0.620044 2.87559
0.670698 2.89558
0.721351 2.91557
0.772005 2.93555
0.822659 2.95554
0.873313 2.97553
0.923966 2.99552
0.97462 3.01551
1.02527 3.0355
1.07593 3.05549
1.12658 3.07548
1.17723 3.09547
1.22789 3.11546
1.27854 3.13545
1.3292 3.15544
1.37985 3.17543
1.4305 3.19542
1.48116 3.2154
1.53181 3.23539
1.58246 3.25538
1.63312 3.27537
1.68377 3.29536
1.73443 3.31535
1.78508 3.33534
1.83573 3.35533
1.88639 3.37532
1.93704 3.39531
1.98769 3.4153
2.03835 3.43529
2.089 3.45528
2.13965 3.47526
2.19031 3.49525
2.24096 3.51524
2.29162 3.53523
2.34165 3.53523
2.39169 3.54314
2.44173 3.55106
2.49177 3.55897
2.5418 3.56688
2.59184 3.57479
2.64188 3.58271
2.69192 3.59062
2.74195 3.59853
2.79199 3.60644
2.84203 3.61435
2.89207 3.62227
2.94211 3.63018
2.99214 3.63809
3.04218 3.646
3.09222 3.65391
3.14226 3.66183
3.19229 3.66974
3.24233 3.67765
3.29237 3.68556
3.34241 3.69347
3.39244 3.70139
3.44248 3.7093
3.49252 3.71721
3.54256 3.72512
3.5926 3.73303
3.64263 3.74095
3.69267 3.74886
3.74271 3.75677
3.79275 3.76468
3.84278 3.7726
3.89282 3.78051
3.94286 3.78842
3.9929 3.79633
4.04293 3.80424
4.09297 3.81216
4.14301 3.82007
4.19305 3.82798
4.24308 3.83589
4.29312 3.8438
4.34316 3.85172
4.3932 3.85963
4.44324 3.86754
4.49327 3.87545
4.54331 3.88336
4.59335 3.89128
4.64339 3.89919
4.69342 3.9071
4.74346 3.91501
4.7935 3.92292
4.84354 3.93084
4.89357 3.93875
4.94361 3.94666
4.99365 3.95457
5.04369 3.96249
5.09373 3.9704
5.14376 3.97831
5.19267 3.97831
5.24158 3.97831
5.29048 3.97831
5.33939 3.97831
5.3883 3.97831
5.4372 3.97831
5.48611 3.97831
5.53501 3.97831
5.58392 3.97831
5.63283 3.97831
5.68173 3.97831
5.73064 3.97831
5.77955 3.97831
5.82845 3.97831
5.87736 3.97831
5.92627 3.97831
5.97517 3.97831
6.02408 3.97831
6.07299 3.97831
6.12189 3.97831
8.34142 4.20809
10.5609 4.20809
12.7805 4.20809
15.0 4.20809
0.0 0.497572
0.0526818 0.497572
0.105364 0.506186
0.158045 0.5148
0.210727 0.523414
0.258427 0.523414
0.306126 0.932494
0.353826 1.34157
0.401526 1.75065
0.449225 2.15973
0.496925 2.56881
0.544625 2.9779
0.595081 2.9779
0.645538 2.99595
0.695995 3.014
0.746452 3.03204
0.796909 3.05009
0.847366 3.06814
0.897823 3.08619
0.94828 3.10424
0.998737 3.12229
1.04919 3.14034
1.09965 3.15839
1.15011 3.17644
1.20056 3.19449
1.25102 3.21254
1.30148 3.23059
1.35193 3.24864
1.40239 3.26669
1.45285 3.28474
1.50331 3.30279
1.55376 3.32084
1.60422 3.33889
1.65468 3.35694
1.70513 3.37499
1.75559 3.39304
1.80605 3.41109
1.8565 3.42914
1.90696 3.44719
1.95742 3.46524
2.00787 3.48329
2.05833 3.50134
2.10879 3.51939
2.15925 3.53744
2.2097 3.55549
2.25993 3.55549
2.31016 3.56489
2.36039 3.57428
2.41063 3.58367
2.46086 3.59306
2.51109 3.60245
2.56132 3.61184
2.61155 3.62124
2.66178 3.63063
2.71201 3.64002
2.76224 3.64941
2.81247 3.6588
2.8627 3.6682
2.91293 3.67759
2.96316 3.68698
3.01339 3.69637
3.06362 3.70576
3.11385 3.71515
3.16408 3.72455
3.21432 3.73394
3.26455 3.74333
3.31478 3.75272
3.36501 3.76211
3.41524 3.77151
3.46547 3.7809
3.5157 3.79029
3.56593 3.79968
3.61616 3.80907
3.66639 3.81846
3.71662 3.82786
3.76685 3.83725
3.81708 3.84664
3.86731 3.85603
3.91754 3.86542
3.96778 3.87482
4.01801 3.88421
4.06824 3.8936
4.11847 3.90299
4.1687 3.91238
4.21893 3.92177
4.26916 3.93117
4.31939 3.94056
4.36962 3.94995
4.41985 3.95934
4.47008 3.96873
4.52031 3.97813
4.57054 3.98752
4.62077 3.99691
4.67195 3.99691
4.72313 3.99691
4.77431 3.99691
4.82549 3.99691
4.87667 3.99691
4.92785 3.99691
4.97903 3.99691
5.03021 3.99691
5.08139 3.99691
5.13257 3.99691
5.18375 3.99691
5.23493 3.99691
5.28611 3.99691
5.33729 3.99691
5.38847 3.99691
5.43965 3.99691
5.49083 3.99691
5.54201 3.99691
5.59319 3.99691
5.64437 3.99691
7.98328 4.26019
10.3222 4.26019
12.6611 4.26019
15.0 4.26019
0.0 0.494683
0.0486421 0.494683
0.0972841 0.506721
0.145926 0.518759
0.194568 0.530798
0.245673 0.530798
0.296778 0.802239
0.347884 1.07368
0.398989 1.34512
0.450094 1.61656
0.501199 1.888
0.552304 2.15945
0.603409 2.43089
0.654514 2.70233
0.705619 2.97377
0.756086 2.97377
0.806553 2.98342
0.85702 2.99308
0.907487 3.00274
0.957954 3.01239
1.00842 3.02205
1.05889 3.0317
1.10935 3.04136
1.15982 3.05101
1.21029 3.06067
1.26075 3.07032
1.31122 3.07998
1.36169 3.08963
1.41216 3.09929
1.46262 3.10895
1.51309 3.1186
1.56356 3.12826
1.61402 3.13791
1.66449 3.14757
1.71496 3.15722
1.76542 3.16688
1.81589 3.17653
1.86636 3.18619
1.91682 3.19584
1.96729 3.2055
2.01776 3.21516
2.06823 3.22481
2.11869 3.23447
2.16916 3.24412
2.21963 3.25378
2.27009 3.26343
2.32056 3.27309
2.37103 3.28274
2.42149 3.2924
2.47196 3.30206
2.52243 3.31171
2.57289 3.32137
2.62336 3.33102
2.67383 3.34068
2.72429 3.35033
2.77476 3.35999
2.82523 3.36964
2.8757 3.3793
2.92616 3.38895
2.97663 3.39861
3.0271 3.40827
3.07756 3.41792
3.12803 3.42758
3.1785 3.43723
3.22896 3.44689
3.27886 3.44689
3.32876 3.47151
3.37866 3.49612
3.42856 3.52074
3.47846 3.54536
3.52836 3.56998
3.57826 3.5946
3.62816 3.61922
3.67806 3.64383
3.72796 3.66845
3.77786 3.69307
3.82776 3.71769
3.87766 3.74231
3.92757 3.76693
3.97747 3.79154
4.02737 3.81616
4.07727 3.84078
4.12717 3.8654
4.17707 3.89002
4.22697 3.91464
4.27687 3.93925
4.32677 3.96387
4.37842 3.96387
4.43008 3.96387
4.48174 3.96387
4.53339 3.96387
4.58505 3.96387
4.63671 3.96387
4.68837 3.96387
4.74002 3.96387
4.79168 3.96387
4.84334 3.96387
4.895 3.96387
4.94665 3.96387
4.99831 3.96387
5.04997 3.96387
7.53748 4.17041
10.025 4.17041
12.5125 4.17041
15.0 4.17041
0.0 0.504082
0.0457862 0.504082
0.0915725 0.508725
0.137359 0.513368
0.183145 0.518011
0.228931 0.522654
0.276258 0.522654
0.323585 0.829548
0.370912 1.13644
0.418239 1.44334
0.465566 1.75023
0.512893 2.05712
0.56022 2.36402
0.607547 2.67091
0.654874 2.97781
0.705021 2.97781
0.755167 2.985
0.805314 2.99219
0.85546 2.99939
0.905607 3.00658
0.955753 3.01377
1.0059 3.02097
1.05605 3.02816
1.10619 3.03535
1.15634 3.04255
1.20649 3.04974
1.25663 3.05693
1.30678 3.06412
1.35693 3.07132
1.40707 3.07851
1.45722 3.0857
1.50736 3.0929
1.55751 3.10009
1.60766 3.10728
1.6578 3.11448
1.70795 3.12167
1.7581 3.12886
1.80824 3.13606
1.85839 3.14325
1.90854 3.15044
1.95868 3.15764
2.00883 3.16483
2.05898 3.17202
2.10912 3.17922
2.15927 3.18641
2.20942 3.1936
2.25956 3.2008
2.30971 3.20799
2.35986 3.21518
2.41 3.22238
2.46015 3.22957
2.51029 3.23676
2.56044 3.24396
2.61059 3.25115
2.66073 3.25834
2.71088 3.26553
2.76103 3.27273
2.81117 3.27992
2.86132 3.28711
2.91147 3.29431
2.96161 3.3015
3.01176 3.30869
3.06191 3.31589
3.11205 3.32308
3.1622 3.33027
3.21235 3.33747
3.26249 3.34466
3.31264 3.35185
3.36279 3.35905
3.41293 3.36624
3.46308 3.37343
3.51322 3.38063
3.56337 3.38782
3.61352 3.39501
3.66366 3.40221
3.71381 3.4094
3.76396 3.41659
3.8141 3.42379
3.86425 3.43098
3.9144 3.43817
3.96454 3.44537
4.01469 3.45256
4.06484 3.45975
4.11498 3.46694
4.16513 3.47414
4.21594 3.47414
4.26675 3.49109
4.31756 3.50804
4.36837 3.52499
4.41918 3.54194
4.46999 3.55889
4.5208 3.57585
4.57161 3.5928
4.62242 3.60975
4.67323 3.6267
4.72404 3.64365
4.77486 3.6606
4.82567 3.67755
4.87648 3.6945
4.92729 3.71146
4.9781 3.72841
5.02891 3.74536
5.07972 3.76231
5.13053 3.77926
5.18134 3.79621
5.23215 3.81316
5.28296 3.83011
5.33377 3.84707
5.38458 3.86402
5.43539 3.88097
5.48545 3.88097
5.53552 3.88097
5.58558 3.88097
5.63564 3.88097
5.6857 3.88097
5.73576 3.88097
5.78583 3.88097
5.83589 3.88097
5.88595 3.88097
5.93601 3.88097
5.98607 3.88097
6.03613 3.88097
6.0862 3.88097
6.13626 3.88097
6.18632 3.88097
6.23638 3.88097
6.28644 3.88097
6.33651 3.88097
6.38657 3.88097
6.43663 3.88097
6.48669 3.88097
6.53675 3.88097
9.35784 4.16361
12.1789 4.16361
15.0 4.16361
0.0 0.507593
0.0559958 0.507593
0.111992 0.519439
0.167988 0.531286
0.223983 0.543132
0.271873 0.543132
0.319762 0.783088
0.367652 1.02304
0.415542 1.263
0.463431 1.50296
0.511321 1.74291
0.55921 1.98287
0.6071 2.22283
0.654989 2.46278
0.702879 2.70274
0.750768 2.9427
0.800705 2.9427
0.850641 2.95039
0.900578 2.95809
0.950514 2.96579
1.00045 2.97348
1.05039 2.98118
1.10032 2.98887
1.15026 2.99657
1.2002 3.00427
1.25013 3.01196
1.30007 3.01966
1.35001 3.02735
1.39994 3.03505
1.44988 3.04275
1.49981 3.05044
1.54975 3.05814
1.59969 3.06583
1.64962 3.07353
1.69956 3.08123
1.7495 3.08892
1.79943 3.09662
1.84937 3.10431
1.89931 3.11201
1.94924 3.11971
1.99918 3.1274
2.04912 3.1351
2.09905 3.14279
2.14899 3.15049
2.19892 3.15819
2.24886 3.16588
2.2988 3.17358
2.34873 3.18127
2.39867 3.18897
2.44861 3.19667
2.49854 3.20436
2.54848 3.21206
2.59842 3.21975
2.64835 3.22745
2.69829 3.23515
2.74822 3.24284
2.79816 3.25054
2.8481 3.25823
2.89803 3.26593
2.94797 3.27363
2.99791 3.28132
3.04784 3.28902
3.09778 3.29671
3.14772 3.30441
3.19765 3.31211
3.24759 3.3198
3.29753 3.3275
3.34746 3.33519
3.3974 3.34289
3.44733 3.35059
3.49727 3.35828
3.54721 3.36598
3.59714 3.37367
3.64708 3.38137
3.69702 3.38907
3.74695 3.39676
3.79689 3.40446
3.84683 3.41215
3.89676 3.41985
3.9467 3.42755
3.99664 3.43524
4.04657 3.44294
4.09651 3.45063
4.14644 3.45833
4.19638 3.46603
4.24624 3.46603
4.29611 3.48071
4.34597 3.49539
4.39584 3.51007
4.4457 3.52475
4.49556 3.53943
4.54543 3.55411
4.59529 3.5688
4.64515 3.58348
4.69502 3.59816
4.74488 3.61284
4.79474 3.62752
4.84461 3.6422
4.89447 3.65688
4.94433 3.67156
4.9942 3.68624
5.04406 3.70093
5.09392 3.71561
5.14379 3.73029
5.19365 3.74497
5.24352 3.75965
5.29338 3.77433
5.34324 3.78901
5.39311 3.80369
5.44297 3.81838
5.49283 3.83306
5.54256 3.83306
5.59228 3.83306
5.64201 3.83306
5.69173 3.83306
5.74146 3.83306
5.79118 3.83306
5.84091 3.83306
5.89063 3.83306
5.94036 3.83306
5.99008 3.83306
6.03981 3.83306
6.08953 3.83306
6.13925 3.83306
6.18898 3.83306
6.2387 3.83306
6.28843 3.83306
6.33815 3.83306
9.22544 4.20246
12.1127 4.20246
15.0 4.20246
0.0 0.509675
0.0562434 0.509675
0.112487 0.517175
0.16873 0.524674
0.224973 0.532174
0.274481 0.532174
0.323988 0.885725
0.373495 1.23928
0.423002 1.59283
0.472509 1.94638
0.522017 2.29993
0.571524 2.65348
0.621031 3.00703
0.671201 3.00703
0.721371 3.02057
0.771541 3.0341
0.821711 3.04764
0.871881 3.06117
0.922051 3.07471
0.972221 3.08824
1.02239 3.10178
1.07256 3.11531
1.12273 3.12885
1.1729 3.14238
1.22307 3.15592
1.27324 3.16945
1.32341 3.18299
1.37358 3.19652
1.42375 3.21006
1.47392 3.22359
1.52409 3.23713
1.57426 3.25067
1.62443 3.2642
1.6746 3.27774
1.72477 3.29127
1.77494 3.30481
1.82511 3.31834
1.87528 3.33188
1.92545 3.34541
1.97562 3.35895
2.02579 3.37248
2.07596 3.38602
2.12613 3.39955
2.1763 3.41309
2.22647 3.42662
2.27664 3.44016
2.32681 3.45369
2.37698 3.46723
2.42715 3.48076
2.47732 3.4943
2.52749 3.50783
2.57766 3.52137
2.62708 3.52137
2.6765 3.53016
2.72592 3.53894
2.77535 3.54773
2.82477 3.55651
2.87419 3.5653
2.92361 3.57408
2.97303 3.58287
3.02245 3.59165
3.07187 3.60044
3.12129 3.60923
3.17071 3.61801
3.22013 3.6268
3.26956 3.63558
3.31898 3.64437
3.3684 3.65315
3.41782 3.66194
3.46724 3.67073
3.51666 3.67951
3.56608 3.6883
3.6155 3.69708
3.66492 3.70587
3.71435 3.71465
3.76377 3.72344
3.81319 3.73223
3.86261 3.74101
3.91203 3.7498
3.96145 3.75858
4.01087 3.76737
4.06029 3.77615
4.11165 3.77615
4.16301 3.77615
4.21437 3.77615
4.26573 3.77615
4.31709 3.77615
4.36844 3.77615
4.4198 3.77615
4.47116 3.77615
4.52252 3.77615
4.57388 3.77615
4.62524 3.77615
4.67659 3.77615
7.25745 4.14959
9.8383 4.14959
12.4191 4.14959
15.0 4.14959
0.0 0.507183
0.0454786 0.507183
0.0909572 0.510337
0.136436 0.513491
0.181914 0.516644
0.22951 0.516644
0.277107 0.859016
0.324703 1.20139
0.372299 1.54376
0.419895 1.88613
0.467491 2.2285
0.515087 2.57088
0.562684 2.91325
0.620422 2.91325
0.67816 3.55165
0.727642 3.55165
0.777125 3.5653
0.826607 3.57894
0.876089 3.59259
0.925572 3.60624
0.975054 3.61988
1.02454 3.63353
1.07402 3.64718
1.12376 3.64718
1.17349 3.64718
1.22323 3.64718
1.27297 3.64718
1.3227 3.64718
1.37244 3.64718
1.42218 3.64718
1.47191 3.64718
1.52165 3.64718
1.57139 3.64718
1.62112 3.64718
1.67086 3.64718
1.7206 3.64718
1.77033 3.64718
1.82007 3.64718
1.86981 3.64718
1.91955 3.64718
1.96928 3.64718
2.01902 3.64718
2.06876 3.64718
2.11849 3.64718
2.16823 3.64718
2.21797 3.64718
2.2677 3.64718
2.31744 3.64718
2.36718 3.64718
2.41691 3.64718
2.46665 3.64718
2.51639 3.64718
2.56612 3.64718
2.61586 3.64718
2.6656 3.64718
2.71534 3.64718
2.76507 3.64718
2.81481 3.64718
2.86455 3.64718
2.91428 3.64718
2.96402 3.64718
3.01376 3.64718
3.06349 3.64718
3.11323 3.64718
3.16297 3.64718
3.2127 3.64718
3.26244 3.64718
3.31218 3.64718
3.36191 3.64718
3.41165 3.64718
3.46139 3.64718
3.51112 3.64718
3.56086 3.64718
3.6106 3.64718
3.66034 3.64718
3.71007 3.64718
3.75981 3.64718
3.80955 3.64718
3.85928 3.64718
3.90902 3.64718
3.95876 3.64718
6.71907 4.22443
9.47938 4.22443
12.2397 4.22443
15.0 4.22443
0.0 0.494691
0.0461569 0.494691
0.0923137 0.500947
0.138471 0.507203
0.184627 0.513459
0.231828 0.513459
0.279029 0.860526
0.326231 1.20759
0.373432 1.55466
0.420633 1.90173
0.467834 2.24879
0.515035 2.59586
0.562236 2.94293
0.611754 2.94293
0.661272 2.96485
0.71079 2.98676
0.760309 3.00868
0.809827 3.0306
0.859345 3.05252
0.908863 3.07443
0.958381 3.09635
1.0079 3.11827
1.05742 3.14019
1.10694 3.1621
1.15645 3.18402
1.20597 3.20594
1.25549 3.22786
1.30501 3.24977
1.35453 3.27169
1.40405 3.29361
1.45356 3.31553
1.50308 3.33744
1.5526 3.35936
1.60212 3.38128
1.65164 3.4032
1.70115 3.42511
1.75067 3.44703
1.80019 3.46895
1.84971 3.49087
1.89923 3.51279
1.94875 3.5347
1.99755 3.5347
2.04635 3.54517
2.09515 3.55564
2.14395 3.56611
2.19275 3.57658
2.24155 3.58704
2.29035 3.59751
2.33915 3.60798
2.38796 3.61845
2.43676 3.62892
2.48556 3.63938
2.53436 3.64985
2.58316 3.66032
2.63282 3.66032
2.68248 3.66032
2.73214 3.66032
2.7818 3.66032
2.83146 3.66032
2.88112 3.66032
2.93079 3.66032
2.98045 3.66032
3.03011 3.66032
3.07977 3.66032
3.12943 3.66032
3.17909 3.66032
3.22875 3.66032
3.27841 3.66032
3.32807 3.66032
3.37773 3.66032
3.42739 3.66032
3.47705 3.66032
3.52672 3.66032
3.57638 3.66032
3.62604 3.66032
3.6757 3.66032
3.72536 3.66032
3.77502 3.66032
3.82468 3.66032
3.87434 3.66032
3.924 3.66032
3.97366 3.66032
4.02332 3.66032
4.07298 3.66032
4.12265 3.66032
4.17231 3.66032
4.22197 3.66032
4.27163 3.66032
4.32129 3.66032
4.37095 3.66032
4.42061 3.66032
4.47027 3.66032
7.1027 4.20966
9.73514 4.20966
12.3676 4.20966
15.0 4.20966
0.0 0.494568
0.0499395 0.494568
0.0998791 0.509709
0.149819 0.52485
0.199758 0.539991
0.249698 0.555132
0.297906 0.555132
0.346115 0.861697
0.394324 1.16826
0.442532 1.47483
0.490741 1.78139
0.53895 2.08796
0.587158 2.39452
0.635367 2.70109
0.683576 3.00765
0.740422 3.00765
0.797269 3.56558
0.847083 3.56558
0.896896 3.56679
0.946709 3.568
0.996523 3.5692
1.04634 3.57041
1.09615 3.57162
1.14596 3.57283
1.19578 3.57403
1.24559 3.57524
1.2954 3.57645
1.34522 3.57766
1.39503 3.57886
1.44484 3.58007
1.49466 3.58128
1.54447 3.58249
1.59428 3.58369
1.6441 3.5849
1.69391 3.58611
1.74372 3.58732
1.79354 3.58852
1.84335 3.58973
1.89316 3.59094
1.94298 3.59215
1.99279 3.59335
2.0426 3.59456
2.09242 3.59577
2.14223 3.59698
2.19204 3.59818
2.24186 3.59939
2.29167 3.6006
2.34148 3.60181
2.3913 3.60301
2.44111 3.60422
2.49092 3.60543
2.54104 3.60543
2.59116 3.60543
2.64128 3.60543
2.6914 3.60543
2.74152 3.60543
2.79164 3.60543
2.84176 3.60543
2.89188 3.60543
2.942 3.60543
2.99212 3.60543
3.04224 3.60543
3.09236 3.60543
3.14248 3.60543
3.1926 3.60543
3.24272 3.60543
3.29284 3.60543
3.34296 3.60543
3.39308 3.60543
3.4432 3.60543
3.49332 3.60543
3.54344 3.60543
3.59356 3.60543
3.64368 3.60543
3.6938 3.60543
3.74392 3.60543
3.79404 3.60543
3.84416 3.60543
3.89428 3.60543
3.9444 3.60543
3.99452 3.60543
4.04464 3.60543
4.09476 3.60543
4.14488 3.60543
4.195 3.60543
4.24512 3.60543
4.29524 3.60543
6.97143 4.11217
9.64762 4.11217
12.3238 4.11217
15.0 4.11217
0.0 0.494451
0.0462264 0.494451
0.0924528 0.5025
0.138679 0.510549
0.184906 0.518597
0.231411 0.518597
0.277917 0.930287
0.324423 1.34198
0.370928 1.75366
0.417434 2.16535
0.46394 2.57704
0.510445 2.98873
0.561417 2.98873
0.612389 3.10201
0.663361 3.21528
0.714333 3.32856
0.765305 3.44183
0.816277 3.5551
0.864351 3.5551
0.912424 3.56246
0.960497 3.56982
1.00857 3.57717
1.05664 3.58453
1.10472 3.59189
1.15279 3.59924
1.20086 3.6066
1.24894 3.61396
1.29701 3.62131
1.34508 3.62867
1.39316 3.63602
1.44362 3.63602
1.49408 3.63602
1.54454 3.63602
1.595 3.63602
1.64546 3.63602
1.69592 3.63602
1.74638 3.63602
1.79684 3.63602
1.8473 3.63602
1.89776 3.63602
1.94822 3.63602
1.99868 3.63602
2.04914 3.63602
2.0996 3.63602
2.15006 3.63602
2.20052 3.63602
2.25098 3.63602
2.30144 3.63602
2.3519 3.63602
2.40236 3.63602
2.45282 3.63602
2.50328 3.63602
2.55374 3.63602
2.6042 3.63602
2.65466 3.63602
5.12373 4.0844
7.5928 4.0844
10.0619 4.0844
12.5309 4.0844
15.0 4.0844
0.0 0.494847
0.0492535 0.494847
0.0985069 0.509092
0.14776 0.523338
0.197014 0.537584
0.248839 0.537584
0.300664 0.889099
0.352489 1.24061
0.404313 1.59213
0.456138 1.94365
0.507963 2.29516
0.559788 2.64668
0.611613 2.99819
0.658271 2.99819
0.704928 3.06541
0.751586 3.13263
0.798244 3.19986
0.844901 3.26708
0.891559 3.3343
0.938216 3.40152
0.9874 3.40152
1.03658 3.40778
1.08577 3.41403
1.13495 3.42029
1.18413 3.42655
1.23332 3.4328
1.2825 3.43906
1.33168 3.44532
1.38087 3.45158
1.43005 3.45783
1.47924 3.46409
1.52842 3.47035
1.5776 3.4766
1.62677 3.4766
1.67594 3.4766
1.72511 3.4766
1.77428 3.4766
1.82346 3.4766
1.87263 3.4766
1.9218 3.4766
1.97097 3.4766
2.02014 3.4766
2.06931 3.4766
2.11848 3.4766
2.16765 3.4766
2.21682 3.4766
2.26599 3.4766
2.31516 3.4766
2.36433 3.4766
2.4135 3.4766
2.46267 3.4766
2.51184 3.4766
2.56101 3.4766
2.61018 3.4766
2.65935 3.4766
5.12748 4.07825
7.59561 4.07825
10.0637 4.07825
12.5319 4.07825
15.0 4.07825
0.0 0.506485
0.0508254 0.506485
0.101651 0.512645
0.152476 0.518806
0.203301 0.524966
0.253433 0.524966
0.303564 0.874549
0.353695 1.22413
0.403827 1.57372
0.453958 1.9233
0.50409 2.27288
0.554221 2.62247
0.604352 2.97205
0.651908 2.97205
0.699464 3.03953
0.74702 3.10701
0.794577 3.17449
0.842133 3.24196
0.889689 3.30944
0.937245 3.37692
0.986963 3.37692
1.03668 3.38429
1.0864 3.39166
1.13612 3.39903
1.18584 3.4064
1.23556 3.41377
1.28528 3.42115
1.33499 3.42852
1.38471 3.43589
1.43443 3.44326
1.48415 3.45063
1.53387 3.458
1.58359 3.46537
1.63331 3.47274
1.68426 3.47274
1.7352 3.47274
1.78615 3.47274
1.8371 3.47274
1.88805 3.47274
1.939 3.47274
1.98994 3.47274
2.04089 3.47274
2.09184 3.47274
2.14279 3.47274
2.19374 3.47274
2.24468 3.47274
2.29563 3.47274
2.34658 3.47274
2.39753 3.47274
2.44848 3.47274
2.49942 3.47274
2.55037 3.47274
2.60132 3.47274
2.65227 3.47274
5.12181 4.00424
7.59136 4.00424
10.0609 4.00424
12.5305 4.00424
15.0 4.00424
0.0 0.50196
0.0556324 0.50196
0.111265 0.505328
0.166897 0.508697
0.218167 0.508697
0.269437 0.760152
0.320707 1.01161
0.371977 1.26306
0.423247 1.51452
0.474517 1.76597
0.525787 2.01743
0.577057 2.26889
0.628327 2.52034
0.679597 2.7718
0.730867 3.02325
0.78206 3.02325
0.833253 3.07628
0.884445 3.12931
0.935638 3.18234
0.986831 3.23537
1.03802 3.2884
1.08922 3.34143
1.14041 3.39445
1.1916 3.44748
1.24227 3.44748
1.29294 3.44961
1.34361 3.45173
1.39428 3.45385
1.44495 3.45598
1.49562 3.4581
1.54629 3.46022
1.59695 3.46234
1.64762 3.46447
1.69829 3.46659
1.74896 3.46871
1.79963 3.47083
1.8503 3.47296
1.90097 3.47508
1.95164 3.4772
2.00231 3.47933
2.05298 3.48145
2.10364 3.48357
2.15431 3.48569
2.20498 3.48782
2.25617 3.48782
2.30735 3.48782
2.35853 3.48782
2.40971 3.48782
2.4609 3.48782
2.51208 3.48782
2.56326 3.48782
2.61445 3.48782
2.66563 3.48782
2.71681 3.48782
2.768 3.48782
2.81918 3.48782
2.87036 3.48782
2.92155 3.48782
2.97273 3.48782
3.02391 3.48782
3.0751 3.48782
3.12628 3.48782
3.17746 3.48782
3.22864 3.48782
5.58292 4.00583
7.93719 4.00583
10.2915 4.00583
12.6457 4.00583
15.0 4.00583
0.0 0.502343
0.0458726 0.502343
0.0917452 0.50579
0.137618 0.509237
0.18349 0.512684
0.233218 0.512684
0.282946 0.691113
0.332674 0.869542
0.382402 1.04797
0.43213 1.2264
0.481858 1.40483
0.531586 1.58326
0.581314 1.76169
0.631042 1.94012
0.68077 2.11855
0.730498 2.29697
0.780226 2.4754
0.829954 2.65383
0.879682 2.83226
0.92941 3.01069
0.97986 3.01069
1.03031 3.04542
1.08076 3.08015
1.13121 3.11488
1.18166 3.14962
1.23211 3.18435
1.28256 3.21908
1.33301 3.25381
1.38346 3.28854
1.43391 3.32327
1.48436 3.358
1.53481 3.39273
1.58526 3.42747
1.63571 3.4622
1.685 3.4622
1.73429 3.46388
1.78358 3.46557
1.83287 3.46726
1.88216 3.46895
1.93145 3.47063
1.98074 3.47232
2.03003 3.47401
2.07932 3.4757
2.12861 3.47738
2.1779 3.47907
2.22719 3.48076
2.27648 3.48244
2.32577 3.48413
2.37506 3.48582
2.42435 3.48751
2.47364 3.48919
2.52293 3.49088
2.57222 3.49257
2.62151 3.49426
2.6708 3.49594
2.72009 3.49763
2.76938 3.49932
2.81867 3.50101
2.86795 3.50269
2.91724 3.50438
2.96653 3.50607
3.01548 3.50607
3.06442 3.50607
3.11336 3.50607
3.1623 3.50607
3.21124 3.50607
3.26019 3.50607
3.30913 3.50607
3.35807 3.50607
3.40701 3.50607
3.45595 3.50607
3.50489 3.50607
3.55384 3.50607
3.60278 3.50607
3.65172 3.50607
3.70066 3.50607
3.7496 3.50607
3.79855 3.50607
6.59891 4.05387
9.39927 4.05387
12.1996 4.05387
15.0 4.05387
0.0 0.476685
0.0472183 0.476685
0.0944365 0.499346
0.141655 0.522007
0.188873 0.544667
0.236091 0.567328
0.289026 0.567328
0.341961 0.917392
0.394896 1.26746
0.44783 1.61752
0.500765 1.96758
0.5537 2.31765
0.606634 2.66771
0.659569 3.01777
0.710266 3.01777
0.760962 3.08029
0.811659 3.1428
0.862355 3.20532
0.913051 3.26783
0.963748 3.33034
1.01444 3.39286
1.06514 3.45537
1.11584 3.51789
1.16464 3.51789
1.21345 3.51819
1.26226 3.51849
1.31106 3.51879
1.35987 3.51909
1.40867 3.51939
1.45748 3.51969
1.50629 3.51999
1.55509 3.52029
1.6039 3.52059
1.6527 3.52089
1.70151 3.52119
1.75032 3.52149
1.79912 3.52179
1.84793 3.52209
1.89674 3.52239
1.94554 3.52269
1.99435 3.52299
2.04315 3.5233
2.09395 3.5233
2.14475 3.5233
2.19556 3.5233
2.24636 3.5233
2.29716 3.5233
2.34796 3.5233
2.39876 3.5233
2.44956 3.5233
2.50036 3.5233
5.00029 4.02438
7.50022 4.02438
10.0001 4.02438
12.5001 4.02438
15.0 4.02438
0.0 0.476005
0.0479638 0.476005
0.0959275 0.499678
0.143891 0.523352
0.191855 0.547025
0.239819 0.570699
0.287783 0.594373
0.338604 0.594373
0.389425 0.99112
0.440246 1.38787
0.491067 1.78461
0.541888 2.18136
0.592709 2.57811
0.64353 2.97486
0.693344 2.97486
0.743159 3.00229
0.792973 3.02973
0.842787 3.05716
0.892602 3.0846
0.942416 3.11204
0.99223 3.13947
1.04204 3.16691
1.09186 3.19434
1.14167 3.22178
1.19149 3.24921
1.2413 3.27665
1.29112 3.30408
1.34093 3.33152
1.39074 3.35896
1.44056 3.38639
1.49037 3.41383
1.54019 3.44126
1.59 3.4687
1.63982 3.49613
1.68963 3.52357
1.74205 3.52357
1.79447 3.52754
1.84689 3.53151
1.89931 3.53548
1.95173 3.53944
2.00415 3.54341
2.05656 3.54738
2.10898 3.55135
2.1614 3.55532
2.21382 3.55929
2.26623 3.55929
2.31863 3.55929
2.37103 3.55929
2.42344 3.55929
2.47584 3.55929
2.52824 3.55929
2.58065 3.55929
5.06452 4.05037
7.54839 4.05037
10.0323 4.05037
12.5161 4.05037
15.0 4.05037
0.0 0.486113
0.046791 0.486113
0.0935821 0.506474
0.140373 0.526836
0.187164 0.547197
0.233955 0.567558
0.282176 0.567558
0.330397 0.981506
0.378618 1.39545
0.426838 1.8094
0.475059 2.22335
0.52328 2.6373
0.571501 3.05125
0.619205 3.05125
0.666909 3.13575
0.714613 3.22025
0.762317 3.30475
0.810021 3.38925
0.857725 3.47375
0.905429 3.55825
0.954863 3.55825
1.0043 3.55941
1.05373 3.56058
1.10317 3.56175
1.1526 3.56292
1.20203 3.56409
1.25147 3.56525
1.3009 3.56642
1.35034 3.56759
1.39977 3.56876
1.44999 3.56876
1.5002 3.56876
1.55042 3.56876
1.60063 3.56876
1.65085 3.56876
1.70106 3.56876
1.75128 3.56876
1.80149 3.56876
1.85171 3.56876
1.90192 3.56876
1.95214 3.56876
2.00235 3.56876
2.05257 3.56876
2.10278 3.56876
2.153 3.56876
2.20321 3.56876
2.25343 3.56876
2.30364 3.56876
2.35386 3.56876
2.40408 3.56876
2.45429 3.56876
2.50451 3.56876
2.55472 3.56876
2.60494 3.56876
2.65515 3.56876
2.70537 3.56876
2.75558 3.56876
2.8058 3.56876
2.85601 3.56876
2.90623 3.56876
2.95644 3.56876
3.00666 3.56876
3.05687 3.56876
3.10709 3.56876
3.1573 3.56876
3.20752 3.56876
3.25773 3.56876
3.30795 3.56876
3.35816 3.56876
3.40838 3.56876
3.45859 3.56876
3.50881 3.56876
5.80705 4.05935
8.10529 4.05935
10.4035 4.05935
12.7018 4.05935
15.0 4.05935
0.0 0.482167
0.0465261 0.482167
0.0930521 0.499097
0.139578 0.516027
0.186104 0.532957
0.23263 0.549887
0.282933 0.549887
0.333236 0.706542
0.383538 0.863197
0.433841 1.01985
0.484143 1.17651
0.534446 1.33316
0.584748 1.48982
0.635051 1.64647
0.685354 1.80313
0.735656 1.95978
0.785959 2.11644
0.836261 2.27309
0.886564 2.42975
0.936867 2.5864
0.987169 2.74306
1.03747 2.89971
1.08777 3.05637
1.13514 3.05637
1.18251 3.12933
1.22988 3.2023
1.27724 3.27526
1.32461 3.34823
1.37198 3.42119
1.41934 3.49416
1.46671 3.56712
1.51465 3.56712
1.56259 3.56984
1.61053 3.57256
1.65847 3.57528
1.70641 3.578
1.75434 3.58072
1.80228 3.58344
1.85022 3.58615
1.89816 3.58887
1.94796 3.58887
1.99777 3.58887
2.04757 3.58887
2.09737 3.58887
2.14717 3.58887
2.19698 3.58887
2.24678 3.58887
2.29658 3.58887
2.34638 3.58887
2.39619 3.58887
2.44599 3.58887
2.49579 3.58887
2.5456 3.58887
2.5954 3.58887
2.6452 3.58887
2.695 3.58887
2.74481 3.58887
2.79461 3.58887
2.84441 3.58887
2.89421 3.58887
2.94402 3.58887
2.99382 3.58887
3.04362 3.58887
3.09343 3.58887
3.14323 3.58887
3.19303 3.58887
3.24283 3.58887
3.29264 3.58887
3.34244 3.58887
3.39224 3.58887
3.44204 3.58887
3.49185 3.58887
3.54165 3.58887
3.59145 3.58887
3.64126 3.58887
3.69106 3.58887
3.74086 3.58887
3.79066 3.58887
3.84047 3.58887
3.89027 3.58887
3.94007 3.58887
3.98987 3.58887
4.03968 3.58887
4.08948 3.58887
4.13928 3.58887
6.85446 3.98002
9.56964 3.98002
12.2848 3.98002
15.0 3.98002
0.0 0.48446
0.0481948 0.48446
0.0963897 0.509478
0.144585 0.534496
0.192779 0.559514
0.243435 0.559514
0.29409 0.70109
0.344745 0.842665
0.3954 0.984241
0.446055 1.12582
0.49671 1.26739
0.547365 1.40897
0.598021 1.55054
0.648676 1.69212
0.699331 1.8337
0.749986 1.97527
0.800641 2.11685
0.851296 2.25842
0.901952 2.4
0.952607 2.54158
1.00326 2.68315
1.05392 2.82473
1.10457 2.9663
1.15523 3.10788
1.20577 3.10788
1.25632 3.1298
1.30687 3.15172
1.35741 3.17364
1.40796 3.19556
1.45851 3.21749
1.50905 3.23941
1.5596 3.26133
1.61015 3.28325
1.66069 3.30517
1.71124 3.32709
1.76178 3.34901
1.81233 3.37093
1.86288 3.39286
1.91342 3.41478
1.96397 3.4367
2.01452 3.45862
2.06506 3.48054
2.11561 3.50246
2.16616 3.52438
2.2167 3.5463
2.26725 3.56823
2.31779 3.59015
2.36834 3.61207
2.421 3.61207
2.47367 3.61239
2.52633 3.61271
2.579 3.61303
2.63166 3.61335
2.68432 3.61366
2.73699 3.61398
2.78965 3.6143
2.84231 3.61462
2.89219 3.61462
2.94206 3.61462
2.99194 3.61462
3.04181 3.61462
3.09169 3.61462
3.14156 3.61462
3.19144 3.61462
3.24131 3.61462
3.29119 3.61462
3.34106 3.61462
3.39094 3.61462
3.44081 3.61462
3.49069 3.61462
3.54056 3.61462
3.59044 3.61462
3.64031 3.61462
3.69019 3.61462
3.74006 3.61462
3.78994 3.61462
3.83981 3.61462
3.88969 3.61462
3.93956 3.61462
3.98944 3.61462
4.03931 3.61462
4.08919 3.61462
4.13906 3.61462
4.18894 3.61462
4.23881 3.61462
4.28869 3.61462
4.33856 3.61462
4.38844 3.61462
4.43831 3.61462
4.48819 3.61462
4.53806 3.61462
4.58793 3.61462
4.63781 3.61462
4.68768 3.61462
4.73756 3.61462
4.78743 3.61462
4.83731 3.61462
4.88718 3.61462
4.93706 3.61462
4.98693 3.61462
5.03681 3.61462
5.08668 3.61462
5.13656 3.61462
5.18643 3.61462
5.23631 3.61462
5.28618 3.61462
5.33606 3.61462
5.38593 3.61462
5.43581 3.61462
5.48568 3.61462
5.53556 3.61462
5.58543 3.61462
5.63531 3.61462
5.68518 3.61462
5.73506 3.61462
8.05129 3.96747
10.3675 3.96747
12.6838 3.96747
15.0 3.96747
0.0 0.467491
0.0538022 0.467491
0.107604 0.500698
0.161407 0.533904
0.215209 0.56711
0.265003 0.56711
0.314798 0.67285
0.364592 0.778589
0.414387 0.884328
0.464181 0.990067
0.513975 1.09581
0.56377 1.20155
0.613564 1.30729
0.663359 1.41302
0.713153 1.51876
0.762947 1.6245
0.812742 1.73024
0.862536 1.83598
0.912331 1.94172
0.962125 2.04746
1.01192 2.1532
1.06171 2.25894
1.11151 2.36468
1.1613 2.47042
1.2111 2.57616
1.26089 2.6819
1.31069 2.78763
1.36048 2.89337
1.41027 2.99911
1.46007 3.10485
1.51157 3.10485
1.56306 3.14069
1.61456 3.17652
1.66605 3.21236
1.71755 3.2482
1.76905 3.28403
1.82054 3.31987
1.87204 3.3557
1.92353 3.39154
1.97503 3.42738
2.02653 3.46321
2.07802 3.49905
2.12952 3.53488
2.18102 3.57072
2.23251 3.60655
2.28246 3.60655
2.33242 3.60733
2.38237 3.6081
2.43232 3.60888
2.48227 3.60965
2.53223 3.61043
2.58218 3.6112
2.63213 3.61198
2.68208 3.61275
2.73204 3.61353
2.78199 3.6143
2.83177 3.6143
2.88155 3.6143
2.93133 3.6143
2.98111 3.6143
3.03089 3.6143
3.08066 3.6143
3.13044 3.6143
3.18022 3.6143
3.23 3.6143
3.27978 3.6143
3.32956 3.6143
3.37934 3.6143
3.42912 3.6143
3.4789 3.6143
3.52868 3.6143
3.57846 3.6143
3.62824 3.6143
3.67802 3.6143
3.7278 3.6143
3.77758 3.6143
3.82736 3.6143
3.87713 3.6143
3.92691 3.6143
3.97669 3.6143
4.02647 3.6143
4.07625 3.6143
4.12603 3.6143
4.17581 3.6143
4.22559 3.6143
4.27537 3.6143
4.32515 3.6143
4.37493 3.6143
4.42471 3.6143
4.47449 3.6143
4.52427 3.6143
4.57405 3.6143
4.62383 3.6143
4.6736 3.6143
4.72338 3.6143
4.77316 3.6143
4.82294 3.6143
4.87272 3.6143
4.9225 3.6143
4.97228 3.6143
5.02206 3.6143
5.07184 3.6143
5.12162 3.6143
5.1714 3.6143
5.22118 3.6143
5.27096 3.6143
5.32074 3.6143
5.37052 3.6143
5.4203 3.6143
5.47007 3.6143
5.51985 3.6143
5.56963 3.6143
5.61941 3.6143
5.66919 3.6143
5.71897 3.6143
5.76875 3.6143
5.81853 3.6143
5.86831 3.6143
5.91809 3.6143
5.96787 3.6143
6.01765 3.6143
6.06743 3.6143
6.11721 3.6143
6.16699 3.6143
6.21677 3.6143
6.26654 3.6143
6.31632 3.6143
6.3661 3.6143
6.41588 3.6143
6.46566 3.6143
6.51544 3.6143
6.56522 3.6143
9.37681 3.94289
12.1884 3.94289
15.0 3.94289
0.0 0.462306
0.0493734 0.462306
0.0987468 0.497618
0.14812 0.532929
0.197494 0.568241
0.248061 0.568241
0.298629 0.685761
0.349197 0.803281
0.399765 0.9208
0.450332 1.03832
0.5009 1.15584
0.551468 1.27336
0.602036 1.39088
0.652603 1.5084
0.703171 1.62592
0.753739 1.74344
0.804307 1.86096
0.854874 1.97848
0.905442 2.096
0.95601 2.21352
1.00658 2.33104
1.05715 2.44855
1.10771 2.56607
1.15828 2.68359
1.20885 2.80111
1.25942 2.91863
1.30998 3.03615
1.36055 3.15367
1.41025 3.15367
1.45995 3.16912
1.50965 3.18457
1.55934 3.20002
1.60904 3.21547
1.65874 3.23092
1.70844 3.24636
1.75814 3.26181
1.80783 3.27726
1.85753 3.29271
1.90723 3.30816
1.95693 3.32361
2.00662 3.33906
2.05632 3.3545
2.10602 3.36995
2.15572 3.3854
2.20542 3.40085
2.25511 3.4163
2.30481 3.43175
2.35451 3.4472
2.40421 3.46264
2.45391 3.47809
2.5036 3.49354
2.5533 3.50899
2.603 3.52444
2.6527 3.53989
2.70239 3.55534
2.75209 3.57079
2.80179 3.58623
2.85091 3.58623
2.90004 3.58694
2.94916 3.58765
2.99828 3.58835
3.04741 3.58906
3.09653 3.58977
3.14565 3.59047
3.19478 3.59118
3.2439 3.59189
3.29303 3.59259
3.34215 3.5933
3.39127 3.59401
3.4404 3.59471
3.48952 3.59542
3.53864 3.59613
3.58777 3.59683
3.63689 3.59754
3.68601 3.59825
3.73514 3.59895
3.78574 3.59895
3.83634 3.59895
3.88694 3.59895
3.93754 3.59895
3.98814 3.59895
4.03874 3.59895
4.08935 3.59895
4.13995 3.59895
4.19055 3.59895
4.24115 3.59895
4.29175 3.59895
4.34235 3.59895
4.39295 3.59895
4.44355 3.59895
4.49415 3.59895
4.54476 3.59895
4.59536 3.59895
4.64596 3.59895
4.69656 3.59895
4.74716 3.59895
4.79776 3.59895
4.84836 3.59895
4.89896 3.59895
4.94956 3.59895
5.00017 3.59895
5.05077 3.59895
5.10137 3.59895
5.15197 3.59895
5.20257 3.59895
5.25317 3.59895
5.30377 3.59895
5.35437 3.59895
5.40498 3.59895
5.45558 3.59895
5.50618 3.59895
5.55678 3.59895
5.60738 3.59895
5.65798 3.59895
5.70858 3.59895
5.75918 3.59895
8.06939 3.95723
10.3796 3.95723
12.6898 3.95723
15.0 3.95723
0.0 0.478051
0.04682 0.478051
0.09364 0.500944
0.14046 0.523837
0.18728 0.54673
0.2341 0.569624
0.284366 0.569624
0.334632 0.660781
0.384898 0.751939
0.435164 0.843097
0.485431 0.934254
0.535697 1.02541
0.585963 1.11657
0.636229 1.20773
0.686495 1.29889
0.736761 1.39004
0.787027 1.4812
0.837293 1.57236
0.88756 1.66352
0.937826 1.75467
0.988092 1.84583
1.03836 1.93699
1.08862 2.02815
1.13889 2.1193
1.18916 2.21046
1.23942 2.30162
1.28969 2.39278
1.33995 2.48394
1.39022 2.57509
1.44049 2.66625
1.49075 2.75741
1.54102 2.84857
1.59129 2.93972
1.64155 3.03088
1.69182 3.12204
1.74237 3.12204
1.79293 3.1501
1.84349 3.17817
1.89405 3.20623
1.9446 3.2343
1.99516 3.26236
2.04572 3.29043
2.09627 3.31849
2.14683 3.34656
2.19739 3.37462
2.24795 3.40269
2.2985 3.43075
2.34906 3.45882
2.39962 3.48688
2.45017 3.51495
2.50073 3.54301
2.55224 3.54301
2.60375 3.54822
2.65525 3.55343
2.70676 3.55865
2.75827 3.56386
2.80978 3.56907
2.86129 3.57428
2.9128 3.57949
2.9643 3.5847
3.01581 3.58992
3.06732 3.59513
3.11883 3.60034
3.17034 3.60555
3.22184 3.61076
3.27335 3.61597
3.32285 3.61597
3.37234 3.61597
3.42183 3.61597
3.47133 3.61597
3.52082 3.61597
3.57031 3.61597
3.61981 3.61597
3.6693 3.61597
3.7188 3.61597
3.76829 3.61597
3.81778 3.61597
3.86728 3.61597
3.91677 3.61597
3.96626 3.61597
4.01576 3.61597
4.06525 3.61597
4.11475 3.61597
4.16424 3.61597
4.21373 3.61597
4.26323 3.61597
4.31272 3.61597
4.36221 3.61597
4.41171 3.61597
4.4612 3.61597
4.5107 3.61597
4.56019 3.61597
7.17014 3.94179
9.78009 3.94179
12.39 3.94179
15.0 3.94179
0.0 0.493072
0.0440701 0.493072
0.0881403 0.509822
0.13221 0.526572
0.176281 0.543322
0.225874 0.543322
0.275467 0.630002
0.325061 0.716682
0.374654 0.803362
0.424247 0.890042
0.473841 0.976722
0.523434 1.0634
0.573027 1.15008
0.622621 1.23676
0.672214 1.32344
0.721807 1.41012
0.771401 1.4968
0.820994 1.58348
0.870587 1.67016
0.920181 1.75684
0.969774 1.84352
1.01937 1.9302
1.06896 2.01688
1.11855 2.10356
1.16815 2.19024
1.21774 2.27692
1.26733 2.3636
1.31693 2.45028
1.36652 2.53696
1.41611 2.62364
1.46571 2.71032
1.5153 2.797
1.56489 2.88368
1.61449 2.97036
1.66408 3.05704
1.71367 3.14372
1.76327 3.2304
1.81395 3.2304
1.86463 3.24583
1.91532 3.26127
1.966 3.2767
2.01668 3.29214
2.06737 3.30757
2.11805 3.323
2.16873 3.33844
2.21942 3.35387
2.2701 3.36931
2.32078 3.38474
2.37147 3.40017
2.42215 3.41561
2.47283 3.43104
2.52352 3.44648
2.5742 3.46191
2.62488 3.47734
2.67557 3.49278
2.72625 3.50821
2.77646 3.50821
2.82668 3.51566
2.87689 3.52312
2.92711 3.53057
2.97732 3.53802
3.02754 3.54547
3.07775 3.55292
3.12797 3.56037
3.17818 3.56783
3.22839 3.57528
3.27861 3.58273
3.32882 3.59018
3.37869 3.59018
3.42856 3.59018
3.47843 3.59018
3.52829 3.59018
3.57816 3.59018
3.62803 3.59018
3.67789 3.59018
3.72776 3.59018
3.77763 3.59018
3.82749 3.59018
6.62062 3.88863
9.41375 3.88863
12.2069 3.88863
15.0 3.88863
0.0 0.463477
0.0477965 0.463477
0.095593 0.496001
0.14339 0.528526
0.191186 0.56105
0.238983 0.593574
0.290663 0.593574
0.342343 0.830802
0.394023 1.06803
0.445704 1.30526
0.497384 1.54249
0.549064 1.77971
0.600745 2.01694
0.652425 2.25417
0.704105 2.4914
0.755786 2.72863
0.807466 2.96586
0.859146 3.20308
0.910112 3.20308
0.961078 3.22227
1.01204 3.24146
1.06301 3.26064
1.11398 3.27983
1.16494 3.29901
1.21591 3.3182
1.26687 3.33739
1.31784 3.35657
1.3688 3.37576
1.41977 3.39494
1.47074 3.41413
1.5217 3.43332
1.57267 3.4525
1.62363 3.47169
1.6746 3.49088
1.72556 3.51006
1.77653 3.52925
1.82535 3.52925
1.87418 3.53214
1.923 3.53503
1.97182 3.53792
2.02064 3.54081
2.06947 3.5437
2.11829 3.54659
2.16711 3.54948
2.21594 3.55237
2.26476 3.55526
2.31358 3.55815
2.3624 3.56105
2.41123 3.56394
2.46005 3.56683
2.50887 3.56972
2.5577 3.57261
2.60652 3.5755
2.65534 3.57839
2.70416 3.58128
2.75299 3.58417
2.80181 3.58706
2.8544 3.58706
2.90698 3.58706
2.95957 3.58706
3.01215 3.58706
3.06474 3.58706
3.11733 3.58706
3.16991 3.58706
3.2225 3.58706
3.27508 3.58706
5.62007 3.99088
7.96505 3.99088
10.31 3.99088
12.655 3.99088
15.0 3.99088
0.0 0.485808
0.048369 0.485808
0.096738 0.503853
0.145107 0.521898
0.193476 0.539943
0.241845 0.557987
0.2923 0.557987
0.342755 0.799823
0.393209 1.04166
0.443664 1.28349
0.494119 1.52533
0.544574 1.76716
0.595029 2.009
0.645484 2.25084
0.695938 2.49267
0.746393 2.73451
0.796848 2.97634
0.847303 3.21818
0.896404 3.21818
0.945505 3.23571
0.994606 3.25325
1.04371 3.27079
1.09281 3.28832
1.14191 3.30586
1.19101 3.3234
1.24011 3.34093
1.28921 3.35847
1.33831 3.37601
1.38742 3.39354
1.43652 3.41108
1.48562 3.42862
1.53472 3.44615
1.58382 3.46369
1.63292 3.48123
1.68202 3.49876
1.73112 3.5163
1.78171 3.5163
1.83229 3.51854
1.88287 3.52078
1.93346 3.52302
1.98404 3.52526
2.03462 3.5275
2.08521 3.52974
2.13579 3.53198
2.18637 3.53422
2.23696 3.53646
2.28754 3.5387
2.33813 3.54094
2.38871 3.54318
2.43929 3.54542
2.48988 3.54766
2.54046 3.5499
2.59105 3.5499
2.64165 3.5499
2.69224 3.5499
2.74284 3.5499
2.79343 3.5499
2.84402 3.5499
2.89462 3.5499
2.94521 3.5499
2.99581 3.5499
3.0464 3.5499
3.097 3.5499
3.14759 3.5499
3.19818 3.5499
3.24878 3.5499
5.59902 3.92364
7.94927 3.92364
10.2995 3.92364
12.6498 3.92364
15.0 3.92364
0.0 0.493699
0.0540659 0.493699
0.108132 0.496824
0.162198 0.499949
0.211775 0.499949
0.261353 0.695031
0.31093 0.890113
0.360508 1.0852
0.410086 1.28028
0.459663 1.47536
0.509241 1.67044
0.558819 1.86553
0.608396 2.06061
0.657974 2.25569
0.707551 2.45077
0.757129 2.64586
0.806707 2.84094
0.856284 3.03602
0.905862 3.2311
0.957272 3.2311
1.00868 3.25259
1.06009 3.27407
1.1115 3.29555
1.16291 3.31703
1.21432 3.33851
1.26573 3.36
1.31714 3.38148
1.36855 3.40296
1.41996 3.42444
1.47137 3.44593
1.52278 3.46741
1.57419 3.48889
1.6256 3.51037
1.67701 3.53185
1.72781 3.53185
1.77862 3.5323
1.82942 3.53275
1.88022 3.5332
1.93103 3.53365
1.98183 3.5341
2.03263 3.53455
2.08344 3.53499
2.13424 3.53544
2.18505 3.53589
2.23585 3.53634
2.28665 3.53679
2.33746 3.53724
2.38826 3.53769
2.43907 3.53813
2.48987 3.53858
2.54067 3.53903
2.59148 3.53948
2.64228 3.53993
2.69308 3.54038
2.74389 3.54083
2.79469 3.54127
2.8455 3.54172
2.8963 3.54217
2.9471 3.54262
2.99791 3.54307
3.04871 3.54352
3.09951 3.54397
3.15032 3.54441
3.20099 3.54441
3.25166 3.54441
3.30233 3.54441
3.353 3.54441
3.40367 3.54441
3.45434 3.54441
3.50501 3.54441
3.55568 3.54441
3.60635 3.54441
3.65702 3.54441
3.70769 3.54441
3.75836 3.54441
3.80903 3.54441
3.8597 3.54441
3.91037 3.54441
3.96104 3.54441
4.01171 3.54441
6.75878 3.96143
9.50585 3.96143
12.2529 3.96143
15.0 3.96143
0.0 0.473443
0.0502081 0.473443
0.100416 0.500095
0.150624 0.526748
0.200832 0.553401
0.251041 0.580054
0.301249 0.606706
0.351457 0.633359
0.401665 0.660012
0.451873 0.686665
0.502081 0.713318
0.552289 0.73997
0.602497 0.766623
0.652705 0.793276
0.702913 0.819929
0.753122 0.846581
0.80333 0.873234
0.853538 0.899887
0.903746 0.92654
0.953954 0.953192
1.00416 0.979845
1.05437 1.0065
1.10458 1.03315
1.15479 1.0598
1.20499 1.08646
1.2552 1.11311
1.30541 1.13976
1.35562 1.16641
1.40583 1.19307
1.45603 1.21972
1.50624 1.24637
1.55645 1.27303
1.60666 1.29968
1.65687 1.32633
1.70708 1.35298
1.75728 1.37964
1.80749 1.40629
1.8577 1.43294
1.90791 1.4596
1.95812 1.48625
2.00832 1.5129
2.05853 1.53955
2.10874 1.56621
2.15895 1.59286
2.20793 1.59286
2.25691 1.60778
2.30589 1.62269
2.35488 1.63761
2.40386 1.65252
2.45284 1.66744
2.50182 1.68236
2.5508 1.69727
2.59979 1.71219
2.64877 1.72711
2.69775 1.74202
2.74673 1.75694
2.79571 1.77185
2.8447 1.78677
2.89368 1.80169
2.94266 1.8166
2.99164 1.83152
3.04062 1.84644
3.08961 1.86135
3.13859 1.87627
3.18818 1.87627
3.23777 1.91097
3.28736 1.94568
3.33695 1.98039
3.38654 2.01509
3.43613 2.0498
3.48572 2.0845
3.53531 2.11921
3.5849 2.15391
3.63449 2.18862
3.68408 2.22333
3.73367 2.25803
3.78326 2.29274
3.83285 2.32744
3.88244 2.36215
3.93203 2.39685
3.98162 2.43156
4.03121 2.46627
4.0808 2.50097
4.13039 2.53568
4.17998 2.57038
4.22957 2.60509
4.27916 2.63979
4.32875 2.6745
4.37834 2.70921
4.42793 2.74391
4.47752 2.77862
4.52711 2.81332
4.5767 2.84803
4.62629 2.88273
4.67588 2.91744
4.72547 2.95215
4.77506 2.98685
4.82526 2.98685
4.87545 3.02785
4.92564 3.06886
4.97584 3.10986
5.02603 3.15086
5.07622 3.19186
5.12642 3.23287
5.17661 3.27387
5.22801 3.27387
5.27941 3.27387
5.33081 3.27387
5.38221 3.27387
5.43362 3.27387
5.48502 3.27387
5.53642 3.27387
5.58782 3.27387
5.63922 3.27387
5.69062 3.27387
5.74202 3.27387
5.79342 3.27387
5.84483 3.27387
5.89623 3.27387
5.94763 3.27387
5.99903 3.27387
6.05043 3.27387
8.28782 5.2485
10.5252 5.2485
12.7626 5.2485
15.0 5.2485
0.0 0.481059
0.0498055 0.481059
0.0996111 0.498155
0.149417 0.51525
0.199222 0.532346
0.249028 0.549442
0.298833 0.566537
0.35092 0.566537
0.403007 0.700856
0.455093 0.835175
0.50718 0.969494
0.559267 1.10381
0.611354 1.23813
0.66344 1.37245
0.715527 1.50677
0.767614 1.64109
0.819701 1.77541
0.869578 1.77541
0.919456 1.78324
0.969333 1.79107
1.01921 1.7989
1.06909 1.80673
1.11897 1.81456
1.16884 1.82239
1.21872 1.83022
1.2686 1.83805
1.31848 1.84588
1.36835 1.85371
1.41823 1.86154
1.46811 1.86937
1.51799 1.8772
1.56786 1.88503
1.61774 1.89286
1.66762 1.90069
1.7175 1.90852
1.76737 1.91635
1.81725 1.92418
1.86713 1.93201
1.91701 1.93984
1.96688 1.94767
2.01676 1.9555
2.06664 1.96333
2.11652 1.97116
2.16639 1.97899
2.21627 1.98682
2.26615 1.99465
2.31631 1.99465
2.36647 2.11208
2.41663 2.22951
2.46679 2.34695
2.51695 2.46438
2.56711 2.58181
2.61727 2.69924
2.66743 2.81667
2.71758 2.93411
2.76774 3.05154
2.8179 3.16897
2.86806 3.2864
2.91822 3.40383
2.96838 3.52127
3.01854 3.6387
3.0687 3.75613
3.11886 3.87356
3.16799 3.87356
3.21711 3.87356
3.26624 3.87356
3.31537 3.87356
3.36449 3.87356
3.41362 3.87356
3.46275 3.87356
3.51187 3.87356
3.561 3.87356
3.61012 3.87356
3.65925 3.87356
3.70838 3.87356
3.7575 3.87356
3.80663 3.87356
3.85576 3.87356
3.90488 3.87356
3.95401 3.87356
4.00313 3.87356
4.05226 3.87356
4.10139 3.87356
4.15051 3.87356
4.19964 3.87356
4.24877 3.87356
4.29789 3.87356
4.34702 3.87356
4.39614 3.87356
4.44527 3.87356
4.4944 3.87356
7.1208 5.43213
9.7472 5.43213
12.3736 5.43213
15.0 5.43213
0.0 0.478662
0.0530479 0.478662
0.106096 0.49892
0.159144 0.519179
0.212192 0.539438
0.26524 0.559696
0.314242 0.559696
0.363243 0.667693
0.412245 0.775689
0.461247 0.883686
0.510249 0.991682
0.559251 1.09968
0.608253 1.20768
0.657255 1.31567
0.706257 1.42367
0.755259 1.53166
0.80426 1.63966
0.853262 1.74766
0.900686 1.74766
0.94811 1.77613
0.995534 1.80461
1.04296 1.83308
1.09038 1.86156
1.1378 1.89003
1.18523 1.91851
1.23265 1.94698
1.28316 1.94698
1.33366 2.59218
1.38417 3.23739
1.43467 3.88259
1.48584 3.88259
1.537 3.88259
1.58816 3.88259
1.63932 3.88259
1.69048 3.88259
1.74164 3.88259
1.7928 3.88259
1.84396 3.88259
1.89512 3.88259
1.94628 3.88259
1.99744 3.88259
2.04861 3.88259
2.09977 3.88259
2.15093 3.88259
2.20209 3.88259
2.25325 3.88259
2.30441 3.88259
2.35557 3.88259
4.88446 5.39552
7.41334 5.39552
9.94223 5.39552
12.4711 5.39552
15.0 5.39552
0.0 0.499469
0.0547602 0.499469
0.10952 0.509757
0.164281 0.520045
0.219041 0.530333
0.269951 0.530333
0.32086 0.658986
0.37177 0.787638
0.42268 0.916291
0.473589 1.04494
0.524499 1.1736
0.575408 1.30225
0.626318 1.4309
0.677228 1.55955
0.728137 1.68821
0.778551 1.68821
0.828964 1.7255
0.879377 1.76279
0.929791 1.80008
0.980204 1.83737
1.03062 1.87466
1.08103 1.91195
1.13144 1.94923
1.18186 1.98652
1.23426 1.98652
1.28667 2.37746
1.33908 2.7684
1.39148 3.15934
1.44389 3.55028
1.4963 3.94121
1.5459 3.94121
1.59551 3.94121
1.64511 3.94121
1.69472 3.94121
1.74432 3.94121
1.79393 3.94121
1.84353 3.94121
1.89313 3.94121
1.94274 3.94121
1.99234 3.94121
2.04195 3.94121
2.09155 3.94121
2.14116 3.94121
4.71293 5.48498
7.28469 5.48498
9.85646 5.48498
12.4282 5.48498
15.0 5.48498
0.0 0.469155
0.0571191 0.469155
0.114238 0.499147
0.171357 0.529139
0.221378 0.529139
0.271398 0.584864
0.321419 0.640588
0.371439 0.696313
0.42146 0.752038
0.47148 0.807763
0.521501 0.863488
0.571521 0.919213
0.621542 0.974938
0.671562 1.03066
0.721583 1.08639
0.771603 1.14211
0.821624 1.19784
0.871644 1.25356
0.921665 1.30929
0.971685 1.36501
1.02171 1.42074
1.07173 1.47646
1.12175 1.53219
1.17177 1.58791
1.22179 1.64364
1.27229 1.64364
1.3228 1.69225
1.3733 1.74086
1.42381 1.78948
1.47431 1.83809
1.52482 1.8867
1.57532 1.93531
1.62583 1.98393
1.67633 2.03254
1.72557 2.03254
1.77481 2.28
1.82404 2.52746
1.87328 2.77492
1.92252 3.02238
1.97176 3.26984
2.02099 3.51731
2.07023 3.76477
2.11947 4.01223
2.16956 4.01223
2.21965 4.01223
2.26975 4.01223
2.31984 4.01223
2.36993 4.01223
2.42002 4.01223
2.47011 4.01223
2.52021 4.01223
2.5703 4.01223
2.62039 4.01223
2.67048 4.01223
2.72057 4.01223
2.77067 4.01223
2.82076 4.01223
2.87085 4.01223
5.29668 5.42771
7.72251 5.42771
10.1483 5.42771
12.5742 5.42771
15.0 5.42771
0.0 0.481133
0.0461846 0.481133
0.0923692 0.497103
0.138554 0.513073
0.184738 0.529043
0.230923 0.545013
0.277107 0.560983
0.325651 0.560983
0.374195 0.641776
0.422739 0.722568
0.471283 0.80336
0.519827 0.884152
0.568371 0.964944
0.616914 1.04574
0.665458 1.12653
0.714002 1.20732
0.762546 1.28811
0.81109 1.36891
0.859634 1.4497
0.908177 1.53049
0.956721 1.61128
1.00527 1.69207
1.05328 1.69207
1.10129 1.72271
1.1493 1.75334
1.19731 1.78398
1.24532 1.81461
1.29333 1.84524
1.34134 1.87588
1.38935 1.90651
1.43736 1.93714
1.48537 1.96778
1.53338 1.99841
1.58139 2.02905
1.63242 2.02905
1.68345 2.18503
1.73449 2.34101
1.78552 2.49699
1.83656 2.65297
1.88759 2.80895
1.93862 2.96493
1.98966 3.12091
2.04069 3.27689
2.09172 3.43287
2.14276 3.58885
2.19379 3.74483
2.24483 3.90081
2.29586 4.05679
2.3478 4.05679
2.39973 4.05679
2.45167 4.05679
2.5036 4.05679
2.55554 4.05679
2.60748 4.05679
2.65941 4.05679
2.71135 4.05679
2.76329 4.05679
5.21063 5.36154
7.65797 5.36154
10.1053 5.36154
12.5527 5.36154
15.0 5.36154
0.0 0.462278
0.0460144 0.462278
0.0920287 0.486753
0.138043 0.511227
0.184057 0.535702
0.230072 0.560176
0.276086 0.584651
0.326192 0.584651
0.376298 0.716542
0.426404 0.848434
0.476509 0.980325
0.526615 1.11222
0.576721 1.24411
0.626827 1.376
0.676932 1.50789
0.727038 1.63978
0.776695 1.63978
0.826351 1.67185
0.876008 1.70391
0.925664 1.73597
0.975321 1.76804
1.02498 1.8001
1.07463 1.83216
1.12429 1.86423
1.17395 1.89629
1.2236 1.92835
1.27326 1.96042
1.32292 1.99248
1.37784 1.99248
1.43277 2.5119
1.4877 3.03131
1.54263 3.55073
1.59756 4.07015
1.64885 4.07015
1.70014 4.07015
1.75143 4.07015
1.80272 4.07015
1.85401 4.07015
1.9053 4.07015
1.95659 4.07015
2.00788 4.07015
2.05917 4.07015
2.11046 4.07015
2.16175 4.07015
2.21304 4.07015
2.26433 4.07015
2.31562 4.07015
4.85249 5.32459
7.38937 5.32459
9.92625 5.32459
12.4631 5.32459
15.0 5.32459
0.0 0.499239
0.0467362 0.499239
0.0934724 0.50723
0.140209 0.51522
0.186945 0.523211
0.233681 0.531201
0.284342 0.531201
0.335002 0.722207
0.385663 0.913212
0.436324 1.10422
0.486984 1.29522
0.537645 1.48623
0.588306 1.67723
0.637644 1.67723
0.686983 1.70428
0.736321 1.73133
0.78566 1.75838
0.834999 1.78543
0.884337 1.81248
0.933676 1.83954
0.983014 1.86659
1.03235 1.89364
1.08169 1.92069
1.13103 1.94774
1.18037 1.97479
1.22954 1.97479
1.27871 2.23645
1.32788 2.49812
1.37705 2.75979
1.42623 3.02146
1.4754 3.28313
1.52457 3.5448
1.57374 3.80647
1.62291 4.06814
1.67338 4.06814
1.72385 4.06814
1.77432 4.06814
1.82479 4.06814
1.87525 4.06814
1.92572 4.06814
1.97619 4.06814
2.02666 4.06814
2.07713 4.06814
2.1276 4.06814
2.17806 4.06814
4.74245 5.32219
7.30684 5.32219
9.87123 5.32219
12.4356 5.32219
15.0 5.32219
0.0 0.508259
0.0507148 0.508259
0.10143 0.510801
0.152144 0.513343
0.202859 0.515885
0.253574 0.518427
0.300342 0.518427
0.34711 0.811903
0.393878 1.10538
0.440646 1.39885
0.487414 1.69233
0.537464 1.69233
0.587514 1.70686
0.637564 1.7214
0.687613 1.73593
0.737663 1.75046
0.787713 1.765
0.837763 1.77953
0.887813 1.79406
0.937863 1.8086
0.987913 1.82313
1.03796 1.83766
1.08801 1.8522
1.13806 1.86673
1.18811 1.88126
1.23816 1.8958
1.28821 1.91033
1.33826 1.92486
1.38831 1.9394
1.43836 1.95393
1.48841 1.96847
1.53846 1.983
1.58968 1.983
1.6409 2.51166
1.69212 3.04032
1.74334 3.56897
1.79456 4.09763
1.8433 4.09763
1.89204 4.09763
1.94077 4.09763
1.98951 4.09763
2.03825 4.09763
2.08699 4.09763
2.13573 4.09763
2.18447 4.09763
4.74757 5.27185
7.31068 5.27185
9.87379 5.27185
12.4369 5.27185
15.0 5.27185
0.0 0.484747
0.0461112 0.484747
0.0922223 0.493922
0.138334 0.503098
0.184445 0.512274
0.230556 0.521449
0.276667 0.530625
0.326565 0.530625
0.376463 0.764218
0.426361 0.997811
0.476259 1.2314
0.526157 1.465
0.576055 1.69859
0.625074 1.69859
0.674094 1.71418
0.723113 1.72976
0.772133 1.74535
0.821152 1.76094
0.870172 1.77653
0.919191 1.79211
0.968211 1.8077
1.01723 1.82329
1.06625 1.83888
1.11527 1.85446
1.16429 1.87005
1.21331 1.88564
1.26233 1.90123
1.31135 1.91681
1.36037 1.9324
1.40939 1.94799
1.45841 1.96358
1.50737 1.96358
1.55634 2.22521
1.60531 2.48685
1.65428 2.74849
1.70324 3.01012
1.75221 3.27176
1.80118 3.5334
1.85015 3.79504
1.89911 4.05667
1.94736 4.05667
1.99561 4.05667
2.04386 4.05667
2.09212 4.05667
2.14037 4.05667
2.18862 4.05667
2.23687 4.05667
4.78949 5.2531
7.34212 5.2531
9.89475 5.2531
12.4474 5.2531
15.0 5.2531
0.0 0.464414
0.04749 0.464414
0.09498 0.488877
0.14247 0.51334
0.18996 0.537803
0.23745 0.562266
0.28494 0.58673
0.33243 0.611193
0.37992 0.635656
0.427384 0.635656
0.474849 0.89721
0.522314 1.15876
0.569778 1.42032
0.617243 1.68187
0.669039 1.68187
0.720836 1.73894
0.772632 1.79602
0.824429 1.85309
0.876225 1.91016
0.928021 1.96724
0.978606 1.96724
1.02919 2.06609
1.07978 2.16494
1.13036 2.26379
1.18095 2.36264
1.23153 2.4615
1.28211 2.56035
1.3327 2.6592
1.38328 2.75805
1.43387 2.8569
1.48445 2.95576
1.53504 3.05461
1.58562 3.15346
1.63621 3.25231
1.68679 3.35117
1.73738 3.45002
1.78796 3.54887
1.83855 3.64772
1.88913 3.74657
1.93972 3.84543
1.9903 3.94428
2.04089 4.04313
2.0965 4.04313
2.15212 4.04313
2.20773 4.04313
2.26335 4.04313
4.81068 5.38355
7.35801 5.38355
9.90534 5.38355
12.4527 5.38355
15.0 5.38355
0.0 0.480149
0.050531 0.480149
0.101062 0.499566
0.151593 0.518984
0.202124 0.538402
0.252655 0.557819
0.303186 0.577237
0.353717 0.596654
0.401107 0.596654
0.448498 0.878167
0.495889 1.15968
0.54328 1.44119
0.59067 1.72271
0.639173 1.72271
0.687676 1.75827
0.736178 1.79383
0.784681 1.82938
0.833184 1.86494
0.881686 1.9005
0.930189 1.93606
0.978692 1.97162
1.02871 1.97162
1.07873 2.1178
1.12874 2.26399
1.17876 2.41017
1.22878 2.55636
1.27879 2.70254
1.32881 2.84872
1.37883 2.99491
1.42885 3.14109
1.47886 3.28727
1.52888 3.43346
1.5789 3.57964
1.62891 3.72582
1.67893 3.87201
1.72895 4.01819
1.77913 4.01819
1.8293 4.01819
1.87948 4.01819
1.92966 4.01819
1.97984 4.01819
2.03001 4.01819
2.08019 4.01819
2.13037 4.01819
2.18055 4.01819
2.23072 4.01819
2.2809 4.01819
2.33108 4.01819
4.86486 5.30388
7.39865 5.30388
9.93243 5.30388
12.4662 5.30388
15.0 5.30388
0.0 0.466932
0.0514387 0.466932
0.102877 0.495691
0.154316 0.524449
0.205755 0.553208
0.257194 0.581966
0.313139 0.581966
0.369084 0.966361
0.42503 1.35076
0.480975 1.73515
0.529994 1.73515
0.579013 1.76204
0.628032 1.78892
0.677051 1.81581
0.72607 1.84269
0.775089 1.86958
0.824108 1.89646
0.873127 1.92334
0.922146 1.95023
0.971165 1.97711
1.02018 2.004
1.0692 2.03088
1.11822 2.05777
1.16724 2.08465
1.21917 2.08465
1.2711 2.29122
1.32303 2.49778
1.37496 2.70434
1.42689 2.91091
1.47882 3.11747
1.53075 3.32404
1.58268 3.5306
1.63461 3.73716
1.68654 3.94373
1.73609 3.94373
1.78563 3.94373
1.83517 3.94373
1.88471 3.94373
1.93425 3.94373
1.9838 3.94373
2.03334 3.94373
2.08288 3.94373
2.13242 3.94373
2.18196 3.94373
2.23151 3.94373
2.28105 3.94373
2.33059 3.94373
2.38013 3.94373
2.42967 3.94373
2.47922 3.94373
2.52876 3.94373
2.5783 3.94373
2.62784 3.94373
2.67738 3.94373
2.72693 3.94373
5.18154 5.28635
7.63616 5.28635
10.0908 5.28635
12.5454 5.28635
15.0 5.28635
0.0 0.47413
0.0501741 0.47413
0.100348 0.497514
0.150522 0.520897
0.200696 0.54428
0.25087 0.567663
0.301044 0.591047
0.350244 0.591047
0.399443 0.865233
0.448643 1.13942
0.497842 1.41361
0.547041 1.68779
0.597918 1.68779
0.648795 1.71127
0.699672 1.73475
0.750549 1.75824
0.801426 1.78172
0.852302 1.8052
0.903179 1.82868
0.954056 1.85216
1.00493 1.87564
1.05581 1.89912
1.10669 1.9226
1.15756 1.94608
1.20844 1.96957
1.25932 1.99305
1.31019 2.01653
1.36107 2.04001
1.41195 2.06349
1.45958 2.06349
1.50721 2.33
1.55484 2.59651
1.60247 2.86301
1.6501 3.12952
1.69773 3.39603
1.74537 3.66254
1.793 3.92905
1.84298 3.92905
1.89297 3.92905
1.94295 3.92905
1.99294 3.92905
2.04292 3.92905
2.09291 3.92905
2.14289 3.92905
2.19288 3.92905
2.24286 3.92905
2.29285 3.92905
2.34283 3.92905
2.39282 3.92905
2.4428 3.92905
2.49279 3.92905
2.54277 3.92905
2.59276 3.92905
5.07421 5.22116
7.55566 5.22116
10.0371 5.22116
12.5186 5.22116
15.0 5.22116
0.0 0.46551
0.0461186 0.46551
0.0922372 0.489723
0.138356 0.513936
0.184474 0.538149
0.230593 0.562361
0.280906 0.562361
0.331219 0.677887
0.381531 0.793413
0.431844 0.908939
0.482157 1.02447
0.53247 1.13999
0.582782 1.25552
0.633095 1.37104
0.683408 1.48657
0.733721 1.60209
0.784033 1.71762
0.833574 1.71762
0.883114 1.74213
0.932654 1.76664
0.982195 1.79115
1.03173 1.81566
1.08128 1.84017
1.13082 1.86468
1.18036 1.88919
1.2299 1.91369
1.27944 1.9382
1.32898 1.96271
1.37852 1.98722
1.42806 2.01173
1.4776 2.03624
1.52714 2.06075
1.57319 2.06075
1.61924 2.44291
1.66529 2.82506
1.71134 3.20722
1.75739 3.58938
1.80344 3.97154
1.85407 3.97154
1.90471 3.97154
1.95534 3.97154
2.00597 3.97154
2.0566 3.97154
2.10724 3.97154
2.15787 3.97154
2.2085 3.97154
2.25913 3.97154
2.30977 3.97154
2.3604 3.97154
2.41103 3.97154
2.46166 3.97154
2.5123 3.97154
5.00984 5.19245
7.50738 5.19245
10.0049 5.19245
12.5025 5.19245
15.0 5.19245
0.0 0.46326
0.0522644 0.46326
0.104529 0.492029
0.156793 0.520797
0.209058 0.549565
0.258717 0.549565
0.308377 0.653559
0.358036 0.757553
0.407696 0.861547
0.457356 0.965541
0.507015 1.06953
0.556675 1.17353
0.606335 1.27752
0.655994 1.38152
0.705654 1.48551
0.755313 1.5895
0.804973 1.6935
0.855757 1.6935
0.906542 1.73296
0.957326 1.77242
1.00811 1.81188
1.05889 1.85135
1.10968 1.89081
1.16046 1.93027
1.21125 1.96973
1.26203 2.00919
1.31282 2.04866
1.3636 2.08812
1.41439 2.12758
1.4667 2.12758
1.51902 3.03817
1.57133 3.94875
1.62087 3.94875
1.67042 3.94875
1.71996 3.94875
1.7695 3.94875
1.81905 3.94875
1.86859 3.94875
1.91813 3.94875
1.96767 3.94875
2.01722 3.94875
2.06676 3.94875
2.1163 3.94875
2.16585 3.94875
2.21539 3.94875
4.77231 5.24795
7.32923 5.24795
9.88616 5.24795
12.4431 5.24795
15.0 5.24795
0.0 0.459313
0.0454921 0.459313
0.0909842 0.489237
0.136476 0.519162
0.181968 0.549086
0.23125 0.549086
0.280531 0.625923
0.329812 0.702761
0.379094 0.779599
0.428375 0.856436
0.477657 0.933274
0.526938 1.01011
0.576219 1.08695
0.625501 1.16379
0.674782 1.24062
0.724064 1.31746
0.773345 1.3943
0.822626 1.47114
0.871908 1.54798
0.921189 1.62481
0.970471 1.70165
1.01975 1.77849
1.07155 1.77849
1.12334 1.80957
1.17514 1.84065
1.22693 1.87174
1.27873 1.90282
1.33052 1.9339
1.38232 1.96498
1.43411 1.99607
1.48591 2.02715
1.5377 2.05823
1.58295 2.05823
1.62819 2.98798
1.67344 3.91772
1.72543 3.91772
1.77743 3.91772
1.82943 3.91772
1.88142 3.91772
1.93342 3.91772
1.98541 3.91772
2.03741 3.91772
2.0894 3.91772
2.1414 3.91772
2.19339 3.91772
2.24539 3.91772
4.79631 5.21936
7.34723 5.21936
9.89816 5.21936
12.4491 5.21936
15.0 5.21936
0.0 0.491113
0.0490025 0.491113
0.0980051 0.503783
0.147008 0.516452
0.19601 0.529122
0.24791 0.529122
0.299809 0.646386
0.351709 0.76365
0.403609 0.880914
0.455508 0.998179
0.507408 1.11544
0.559307 1.23271
0.611207 1.34997
0.663107 1.46723
0.715006 1.5845
0.766906 1.70176
0.818805 1.81903
0.871077 1.81903
0.923349 1.83689
0.975621 1.85474
1.02789 1.8726
1.08016 1.89046
1.13244 1.90832
1.18471 1.92618
1.23698 1.94403
1.28925 1.96189
1.34152 1.97975
1.39256 1.97975
1.4436 2.29678
1.49464 2.6138
1.54568 2.93082
1.59673 3.24785
1.64777 3.56487
1.69881 3.8819
1.74948 3.8819
1.80014 3.8819
1.85081 3.8819
1.90148 3.8819
1.95215 3.8819
2.00282 3.8819
2.05349 3.8819
2.10416 3.8819
2.15483 3.8819
2.2055 3.8819
2.25617 3.8819
4.80494 5.18042
7.3537 5.18042
9.90247 5.18042
12.4512 5.18042
15.0 5.18042
0.0 0.472847
0.0460609 0.472847
0.0921218 0.490362
0.138183 0.507878
0.184244 0.525394
0.230304 0.542909
0.280422 0.542909
0.33054 0.670999
0.380657 0.799088
0.430775 0.927178
0.480892 1.05527
0.53101 1.18336
0.581127 1.31145
0.631245 1.43954
0.681362 1.56763
0.73148 1.69572
0.781597 1.8238
0.834387 1.8238
0.887177 1.85286
0.939967 1.88192
0.992757 1.91097
1.04555 1.94003
1.09834 1.96909
1.15113 1.99814
1.20392 2.0272
1.25264 2.0272
1.30135 2.1483
1.35007 2.26941
1.39879 2.39052
1.44751 2.51163
1.49623 2.63274
1.54494 2.75384
1.59366 2.87495
1.64238 2.99606
1.6911 3.11717
1.73982 3.23827
1.78853 3.35938
1.83725 3.48049
1.88597 3.6016
1.93469 3.7227
1.9834 3.84381
2.03486 3.84381
2.08632 3.84381
2.13777 3.84381
2.18923 3.84381
2.24068 3.84381
2.29214 3.84381
2.34359 3.84381
2.39505 3.84381
2.44651 3.84381
2.49796 3.84381
2.54942 3.84381
2.60087 3.84381
2.65233 3.84381
5.12186 5.24721
7.5914 5.24721
10.0609 5.24721
12.5305 5.24721
15.0 5.24721
0.0 0.485009
0.0474997 0.485009
0.0949993 0.494399
0.142499 0.503788
0.189999 0.513177
0.241635 0.513177
0.293272 0.635523
0.344908 0.757868
0.396545 0.880214
0.448181 1.00256
0.499818 1.1249
0.551455 1.24725
0.603091 1.3696
0.654728 1.49194
0.706364 1.61429
0.758001 1.73663
0.809637 1.85898
0.86185 1.85898
0.914062 1.87991
0.966275 1.90085
1.01849 1.92178
1.0707 1.94272
1.12291 1.96366
1.17512 1.98459
1.22734 2.00553
1.27697 2.00553
1.3266 2.1859
1.37622 2.36628
1.42585 2.54665
1.47548 2.72702
1.52511 2.9074
1.57474 3.08777
1.62437 3.26815
1.674 3.44852
1.72363 3.6289
1.77326 3.80927
1.82108 3.80927
1.8689 3.80927
1.91672 3.80927
1.96454 3.80927
2.01236 3.80927
2.06018 3.80927
2.108 3.80927
2.15582 3.80927
2.20364 3.80927
2.25146 3.80927
4.80116 5.15318
7.35087 5.15318
9.90058 5.15318
12.4503 5.15318
15.0 5.15318
0.0 0.476512
0.0516391 0.476512
0.103278 0.494401
0.154917 0.512291
0.205631 0.512291
0.256345 0.631634
0.307059 0.750977
0.357773 0.87032
0.408487 0.989664
0.459201 1.10901
0.509915 1.22835
0.560629 1.34769
0.611343 1.46704
0.662057 1.58638
0.712771 1.70572
0.763485 1.82507
0.814199 1.94441
0.863404 1.94441
0.912608 1.94675
0.961813 1.94908
1.01102 1.95142
1.06022 1.95376
1.10943 1.9561
1.15863 1.95843
1.20784 1.96077
1.25704 1.96311
1.30624 1.96545
1.35545 1.96779
1.40465 1.97012
1.45386 1.97246
1.50306 1.9748
1.55143 1.9748
1.59979 2.11262
1.64816 2.25044
1.69652 2.38826
1.74489 2.52607
1.79325 2.66389
1.84162 2.80171
1.88998 2.93953
1.93835 3.07735
1.98671 3.21517
2.03507 3.35299
2.08344 3.49081
2.1318 3.62863
2.18017 3.76645
2.22845 3.76645
2.27672 3.76645
2.325 3.76645
2.37328 3.76645
2.42155 3.76645
2.46983 3.76645
2.51811 3.76645
5.01449 5.15861
7.51086 5.15861
10.0072 5.15861
12.5036 5.15861
15.0 5.15861
0.0 0.492035
0.0489896 0.492035
0.0979791 0.499407
0.146969 0.506779
0.195958 0.514151
0.24803 0.514151
0.300102 0.687563
0.352174 0.860975
0.404245 1.03439
0.456317 1.2078
0.508389 1.38121
0.560461 1.55462
0.612533 1.72803
0.664604 1.90145
0.714202 1.90145
0.763799 1.91093
0.813396 1.92041
0.862993 1.92989
0.91259 1.93937
0.962187 1.94884
1.01178 1.95832
1.06138 1.9678
1.11098 1.97728
1.16058 1.98676
1.20979 1.98676
1.25901 2.14411
1.30823 2.30145
1.35745 2.4588
1.40666 2.61614
1.45588 2.77348
1.5051 2.93083
1.55432 3.08817
1.60353 3.24552
1.65275 3.40286
1.70197 3.5602
1.75119 3.71755
1.80474 3.71755
1.85829 3.71755
1.91185 3.71755
1.9654 3.71755
2.01895 3.71755
4.61516 5.1235
7.21137 5.1235
9.80758 5.1235
12.4038 5.1235
15.0 5.1235
0.0 0.482286
0.0450425 0.482286
0.090085 0.495047
0.135127 0.507808
0.18017 0.520569
0.225212 0.53333
0.273415 0.53333
0.321618 0.67583
0.369821 0.818331
0.418024 0.960831
0.466227 1.10333
0.514429 1.24583
0.562632 1.38833
0.610835 1.53083
0.659038 1.67333
0.707241 1.81583
0.757236 1.81583
0.807231 1.8709
0.857227 1.92596
0.907222 1.98102
0.959286 1.98102
1.01135 2.16997
1.06341 2.35891
1.11548 2.54786
1.16754 2.7368
1.21961 2.92575
1.27167 3.11469
1.32373 3.30364
1.3758 3.49258
1.42786 3.68153
1.47749 3.68153
1.52711 3.68153
1.57674 3.68153
1.62637 3.68153
1.67599 3.68153
1.72562 3.68153
1.77525 3.68153
1.82487 3.68153
1.8745 3.68153
1.92412 3.68153
1.97375 3.68153
2.02338 3.68153
2.073 3.68153
2.12263 3.68153
4.6981 5.20347
7.27358 5.20347
9.84905 5.20347
12.4245 5.20347
15.0 5.20347
0.0 0.500526
0.0554493 0.500526
0.110899 0.504651
0.166348 0.508777
0.221797 0.512902
0.275926 0.512902
0.330055 0.869421
0.384184 1.22594
0.438313 1.58246
0.492443 1.93898
0.545005 1.93898
0.597568 1.94547
0.65013 1.95196
0.702693 1.95846
0.755255 1.96495
0.807818 1.97144
0.86038 1.97794
0.909589 1.97794
0.958797 2.08605
1.00801 2.19415
1.05721 2.30226
1.10642 2.41037
1.15563 2.51848
1.20484 2.62659
1.25405 2.7347
1.30326 2.8428
1.35246 2.95091
1.40167 3.05902
1.45088 3.16713
1.50009 3.27524
1.5493 3.38335
1.5985 3.49145
1.64771 3.59956
1.69692 3.70767
1.74613 3.81578
1.79657 3.81578
1.84701 3.81578
1.89744 3.81578
1.94788 3.81578
1.99832 3.81578
2.04876 3.81578
2.0992 3.81578
2.14963 3.81578
2.20007 3.81578
2.25051 3.81578
2.30095 3.81578
2.35139 3.81578
2.40183 3.81578
2.45226 3.81578
2.5027 3.81578
2.55314 3.81578
2.60358 3.81578
5.08286 5.20425
7.56215 5.20425
10.0414 5.20425
12.5207 5.20425
15.0 5.20425
0.0 0.501554
0.0493217 0.501554
0.0986435 0.505881
0.147965 0.510208
0.197287 0.514535
0.246609 0.518862
0.282417 0.518862
0.318225 1.87629
0.368143 1.87629
0.41806 1.8793
0.467978 1.8823
0.517895 1.88531
0.567813 1.88831
0.61773 1.89132
0.667648 1.89433
0.717565 1.89733
0.767483 1.90034
0.8174 1.90335
0.867318 1.90635
0.917235 1.90936
0.967153 1.91237
1.01707 1.91537
1.06699 1.91838
1.1169 1.92138
1.16682 1.92439
1.21795 1.92439
1.26907 2.09279
1.32019 2.26118
1.37131 2.42958
1.42244 2.59797
1.47356 2.76637
1.52468 2.93476
1.5758 3.10316
1.62693 3.27155
1.67805 3.43995
1.72917 3.60834
1.78029 3.77674
1.82867 3.77674
1.87705 3.77674
1.92542 3.77674
1.9738 3.77674
2.02217 3.77674
2.07055 3.77674
2.11892 3.77674
2.1673 3.77674
2.21568 3.77674
2.26405 3.77674
2.31243 3.77674
2.3608 3.77674
2.40918 3.77674
2.45755 3.77674
4.96604 5.2261
7.47453 5.2261
9.98302 5.2261
12.4915 5.2261
15.0 5.2261
0.0 0.495245
0.0555053 0.495245
0.111011 0.504415
0.166516 0.513585
0.222021 0.522756
0.284215 0.522756
0.346408 1.85016
0.395445 1.85016
0.444482 1.85269
0.493518 1.85522
0.542555 1.85774
0.591592 1.86027
0.640628 1.8628
0.689665 1.86532
0.738702 1.86785
0.787738 1.87038
0.836775 1.87291
0.885812 1.87543
0.934849 1.87796
0.984995 1.87796
1.03514 1.97216
1.08529 2.06637
1.13543 2.16057
1.18558 2.25477
1.23573 2.34897
1.28587 2.44317
1.33602 2.53737
1.38617 2.63158
1.43631 2.72578
1.48646 2.81998
1.53661 2.91418
1.58675 3.00838
1.6369 3.10258
1.68705 3.19679
1.73719 3.29099
1.78734 3.38519
1.83749 3.47939
1.88763 3.57359
1.93778 3.6678
1.98793 3.762
2.04052 3.762
2.09312 3.762
2.14571 3.762
2.19831 3.762
2.2509 3.762
2.3035 3.762
2.3561 3.762
2.40869 3.762
2.46129 3.762
4.96903 5.18657
7.47677 5.18657
9.98452 5.18657
12.4923 5.18657
15.0 5.18657
0.0 0.496992
0.0538715 0.496992
0.107743 0.502801
0.161615 0.50861
0.215486 0.514419
0.265121 0.514419
0.314756 1.15301
0.364392 1.7916
0.41374 1.7916
0.463087 1.79996
0.512435 1.80833
0.561783 1.81669
0.611131 1.82506
0.660479 1.83342
0.709827 1.84179
0.759174 1.85016
0.808522 1.85852
0.85787 1.86689
0.907218 1.87525
0.958524 1.87525
1.00983 2.01109
1.06114 2.14694
1.11244 2.28278
1.16375 2.41862
1.21505 2.55446
1.26636 2.6903
1.31766 2.82614
1.36897 2.96199
1.42028 3.09783
1.47158 3.23367
1.52289 3.36951
1.57419 3.50535
1.6255 3.64119
1.67681 3.77704
1.727 3.77704
1.77719 3.77704
1.82738 3.77704
1.87758 3.77704
1.92777 3.77704
1.97796 3.77704
2.02816 3.77704
2.07835 3.77704
2.12854 3.77704
2.17873 3.77704
2.22893 3.77704
2.27912 3.77704
2.32931 3.77704
2.3795 3.77704
2.4297 3.77704
2.47989 3.77704
2.53008 3.77704
2.58028 3.77704
2.63047 3.77704
5.10437 5.11816
7.57828 5.11816
10.0522 5.11816
12.5261 5.11816
15.0 5.11816
0.0 0.490387
0.0560341 0.490387
0.112068 0.499421
0.168102 0.508455
0.224136 0.517489
0.271863 0.517489
0.31959 1.15195
0.367317 1.7864
0.417759 1.7864
0.4682 1.79313
0.518642 1.79985
0.569083 1.80657
0.619525 1.8133
0.669966 1.82002
0.720408 1.82674
0.770849 1.83347
0.821291 1.84019
0.871732 1.84691
0.919595 1.84691
0.967457 2.06394
1.01532 2.28096
1.06318 2.49798
1.11104 2.715
1.1589 2.93202
1.20677 3.14904
1.25463 3.36606
1.30249 3.58308
1.35035 3.8001
1.40147 3.8001
1.45259 3.8001
1.50371 3.8001
1.55483 3.8001
1.60595 3.8001
1.65707 3.8001
1.70819 3.8001
1.75931 3.8001
1.81043 3.8001
1.86155 3.8001
1.91267 3.8001
1.96379 3.8001
2.01491 3.8001
2.06603 3.8001
4.65283 5.10312
7.23962 5.10312
9.82641 5.10312
12.4132 5.10312
15.0 5.10312
0.0 0.484415
0.0538513 0.484415
0.107703 0.496427
0.161554 0.508438
0.212167 0.508438
0.262779 0.636967
0.313392 0.765496
0.364005 0.894025
0.414618 1.02255
0.465231 1.15108
0.515843 1.27961
0.566456 1.40814
0.617069 1.53667
0.667682 1.6652
0.718294 1.79373
0.769 1.79373
0.819706 1.80321
0.870412 1.81268
0.921118 1.82216
0.971823 1.83164
1.02253 1.84112
1.07323 1.85059
1.12394 1.86007
1.17465 1.86955
1.22467 1.86955
1.27468 2.05729
1.3247 2.24503
1.37472 2.43277
1.42474 2.62051
1.47476 2.80826
1.52478 2.996
1.5748 3.18374
1.62482 3.37148
1.67484 3.55922
1.72486 3.74696
1.77391 3.74696
1.82296 3.74696
1.87202 3.74696
1.92107 3.74696
1.97013 3.74696
2.01918 3.74696
2.06823 3.74696
2.11729 3.74696
2.16634 3.74696
2.21539 3.74696
2.26445 3.74696
2.3135 3.74696
2.36256 3.74696
2.41161 3.74696
2.46066 3.74696
2.50972 3.74696
2.55877 3.74696
2.60783 3.74696
2.65688 3.74696
2.70593 3.74696
2.75499 3.74696
2.80404 3.74696
5.24323 5.16807
7.68242 5.16807
10.1216 5.16807
12.5608 5.16807
15.0 5.16807
0.0 0.497184
0.0489218 0.497184
0.0978436 0.501772
0.146765 0.50636
0.195687 0.510947
0.246607 0.510947
0.297527 0.688436
0.348446 0.865924
0.399366 1.04341
0.450286 1.2209
0.501206 1.39839
0.552126 1.57588
0.603045 1.75336
0.652635 1.75336
0.702224 1.76343
0.751814 1.77349
0.801404 1.78355
0.850993 1.79361
0.900583 1.80367
0.950172 1.81373
0.999762 1.82379
1.04935 1.83385
1.09894 1.84392
1.14853 1.85398
1.19812 1.86404
1.24771 1.8741
1.2973 1.88416
1.34689 1.89422
1.3963 1.89422
1.44572 2.00021
1.49513 2.1062
1.54455 2.21219
1.59396 2.31818
1.64338 2.42417
1.69279 2.53016
1.74221 2.63615
1.79162 2.74214
1.84104 2.84813
1.89045 2.95412
1.93987 3.06011
1.98928 3.1661
2.0387 3.27209
2.08811 3.37807
2.13753 3.48406
2.18694 3.59005
2.23635 3.69604
2.28608 3.69604
2.3358 3.69604
2.38552 3.69604
2.43524 3.69604
2.48497 3.69604
2.53469 3.69604
2.58441 3.69604
2.63413 3.69604
2.68386 3.69604
2.73358 3.69604
2.7833 3.69604
2.83302 3.69604
2.88274 3.69604
2.93247 3.69604
2.98219 3.69604
3.03191 3.69604
5.42553 5.1429
7.81915 5.1429
10.2128 5.1429
12.6064 5.1429
15.0 5.1429
0.0 0.494508
0.0476954 0.494508
0.0953907 0.496271
0.143086 0.498034
0.190781 0.499797
0.24089 0.499797
0.290998 1.12057
0.341107 1.74135
0.391261 1.74135
0.441415 1.7508
0.49157 1.76025
0.541724 1.76969
0.591878 1.77914
0.642033 1.78859
0.692187 1.79804
0.742341 1.80748
0.792496 1.81693
0.84265 1.82638
0.892805 1.83583
0.942959 1.84528
0.993113 1.85472
1.04327 1.86417
1.09444 1.86417
1.14562 1.99351
1.19679 2.12285
1.24797 2.2522
1.29914 2.38154
1.35032 2.51088
1.40149 2.64022
1.45267 2.76956
1.50385 2.8989
1.55502 3.02825
1.6062 3.15759
1.65737 3.28693
1.70855 3.41627
1.75972 3.54561
1.81025 3.54561
1.86078 3.54561
1.91131 3.54561
1.96184 3.54561
2.01236 3.54561
2.06289 3.54561
2.11342 3.54561
2.16395 3.54561
2.21448 3.54561
2.26501 3.54561
2.31554 3.54561
2.36606 3.54561
2.41659 3.54561
2.46712 3.54561
2.51765 3.54561
5.01412 5.03508
7.51059 5.03508
10.0071 5.03508
12.5035 5.03508
15.0 5.03508
0.0 0.476707
0.0487097 0.476707
0.0974194 0.49222
0.146129 0.507732
0.194839 0.523244
0.245132 0.523244
0.295425 0.708753
0.345718 0.894261
0.39601 1.07977
0.446303 1.26528
0.496596 1.45079
0.546889 1.63629
0.597182 1.8218
0.647128 1.8218
0.697075 1.826
0.747021 1.8302
0.796967 1.83439
0.846913 1.83859
0.89686 1.84279
0.946806 1.84698
0.996752 1.85118
1.0467 1.85538
1.09664 1.85957
1.14659 1.86377
1.19654 1.86797
1.24648 1.87216
1.29643 1.87636
1.34638 1.88056
1.39508 1.88056
1.44377 2.02394
1.49247 2.16733
1.54117 2.31071
1.58987 2.45409
1.63857 2.59748
1.68727 2.74086
1.73597 2.88424
1.78467 3.02763
1.83337 3.17101
1.88206 3.31439
1.93076 3.45778
1.97946 3.60116
2.02833 3.60116
2.07721 3.60116
2.12608 3.60116
2.17495 3.60116
2.22382 3.60116
2.27269 3.60116
2.32157 3.60116
2.37044 3.60116
2.41931 3.60116
2.46818 3.60116
4.97455 5.00986
7.48091 5.00986
9.98727 5.00986
12.4936 5.00986
15.0 5.00986
0.0 0.498505
0.0474232 0.498505
0.0948464 0.506052
0.14227 0.513599
0.189693 0.521146
0.235766 0.521146
0.281839 0.797319
0.327912 1.07349
0.373985 1.34967
0.42539 1.34967
0.476794 1.39058
0.528198 1.4315
0.579602 1.47242
0.631007 1.51333
0.682411 1.55425
0.733815 1.59516
0.78522 1.63608
0.836624 1.67699
0.888028 1.71791
0.939432 1.75883
0.990837 1.79974
1.04224 1.84066
1.09365 1.88157
1.14505 1.92249
1.19645 1.96341
1.24786 2.00432
1.29618 2.00432
1.3445 2.03543
1.39281 2.06654
1.44113 2.09765
1.48945 2.12876
1.53777 2.15987
1.58609 2.19098
1.63441 2.22209
1.68273 2.2532
1.73104 2.28431
1.77936 2.31542
1.82768 2.34653
1.876 2.37764
1.92432 2.40875
1.9746 2.40875
2.02488 2.40875
2.07516 2.40875
2.12545 2.40875
2.17573 2.40875
2.22601 2.40875
2.27629 2.40875
2.32658 2.40875
2.37686 2.40875
2.42714 2.40875
2.47742 2.40875
2.52771 2.40875
2.57799 2.40875
5.06239 3.84774
7.54679 3.84774
10.0312 3.84774
12.5156 3.84774
15.0 3.84774
0.0 0.471466
0.0512872 0.471466
0.102574 0.494277
0.153862 0.517088
0.205149 0.539899
0.261201 0.539899
0.317253 0.805562
0.373305 1.07123
0.429357 1.33689
0.478521 1.33689
0.527686 1.37878
0.576851 1.42067
0.626016 1.46255
0.675181 1.50444
0.724346 1.54633
0.773511 1.58822
0.822675 1.63011
0.87184 1.672
0.921005 1.71389
0.97017 1.75578
1.01933 1.79766
1.0685 1.83955
1.11766 1.88144
1.16683 1.92333
1.21599 1.96522
1.26435 1.96522
1.3127 2.0072
1.36106 2.04918
1.40941 2.09116
1.45777 2.13314
1.50612 2.17512
1.55448 2.2171
1.60283 2.25908
1.65118 2.30106
1.69954 2.34304
1.74789 2.38502
1.79625 2.427
1.8446 2.46898
1.89469 2.46898
1.94478 2.46898
1.99487 2.46898
2.04496 2.46898
2.09506 2.46898
2.14515 2.46898
2.19524 2.46898
2.24533 2.46898
2.29542 2.46898
2.34551 2.46898
2.3956 2.46898
2.44569 2.46898
2.49578 2.46898
2.54587 2.46898
2.59596 2.46898
2.64605 2.46898
2.69614 2.46898
2.74623 2.46898
2.79632 2.46898
2.84641 2.46898
2.8965 2.46898
2.94659 2.46898
2.99668 2.46898
3.04677 2.46898
5.43742 3.95258
7.82806 3.95258
10.2187 3.95258
12.6094 3.95258
15.0 3.95258
0.0 0.477705
0.0555381 0.477705
0.111076 0.49885
0.166614 0.519995
0.222153 0.541139
0.273027 0.541139
0.323902 0.69454
0.374776 0.847941
0.425651 1.00134
0.476525 1.15474
0.5274 1.30814
0.577348 1.30814
0.627297 1.33497
0.677245 1.3618
0.727193 1.38863
0.777142 1.41545
0.82709 1.44228
0.877039 1.46911
0.926987 1.49593
0.976935 1.52276
1.02688 1.54959
1.07683 1.57642
1.12678 1.60324
1.17673 1.63007
1.22668 1.6569
1.27663 1.68373
1.32657 1.71055
1.37652 1.73738
1.42647 1.76421
1.47642 1.79103
1.52637 1.81786
1.57632 1.84469
1.62626 1.87152
1.67621 1.89834
1.72616 1.92517
1.77623 1.92517
1.82631 1.95027
1.87638 1.97536
1.92645 2.00046
1.97652 2.02555
2.0266 2.05065
2.07667 2.07574
2.12674 2.10084
2.17681 2.12594
2.22689 2.15103
2.27696 2.17613
2.32703 2.20122
2.3771 2.22632
2.42718 2.25141
2.47725 2.27651
2.52732 2.30161
2.57739 2.3267
2.62747 2.3518
2.67778 2.3518
2.72809 2.3518
2.7784 2.3518
2.82871 2.3518
2.87902 2.3518
2.92934 2.3518
2.97965 2.3518
3.02996 2.3518
3.08027 2.3518
3.13058 2.3518
3.18089 2.3518
3.2312 2.3518
3.28152 2.3518
3.33183 2.3518
3.38214 2.3518
3.43245 2.3518
3.48276 2.3518
3.53307 2.3518
3.58339 2.3518
3.6337 2.3518
3.68401 2.3518
3.73432 2.3518
3.78463 2.3518
3.83494 2.3518
6.62621 4.05579
9.41747 4.05579
12.2087 4.05579
15.0 4.05579
0.0 0.472211
0.048219 0.472211
0.096438 0.494823
0.144657 0.517434
0.192876 0.540045
0.245045 0.540045
0.297214 0.669681
0.349383 0.799316
0.401552 0.928952
0.453721 1.05859
0.50589 1.18822
0.558059 1.31786
0.607137 1.31786
0.656215 1.34414
0.705293 1.37042
0.754371 1.39671
0.803449 1.42299
0.852527 1.44927
0.901605 1.47555
0.950684 1.50183
0.999762 1.52812
1.04884 1.5544
1.09792 1.58068
1.147 1.60696
1.19607 1.63324
1.24515 1.65953
1.29423 1.68581
1.34331 1.71209
1.39239 1.73837
1.44147 1.76466
1.49054 1.79094
1.53962 1.81722
1.5887 1.8435
1.63778 1.86978
1.68686 1.89607
1.73593 1.92235
1.78501 1.94863
1.83499 1.94863
1.88497 1.96635
1.93495 1.98407
1.98493 2.00179
2.03491 2.01951
2.08489 2.03723
2.13487 2.05495
2.18486 2.07267
2.23484 2.09039
2.28482 2.10811
2.3348 2.12583
2.38478 2.14355
2.43476 2.16127
2.48474 2.17899
2.53472 2.19671
2.5847 2.21443
2.63468 2.23215
2.68466 2.24987
2.73464 2.26759
2.78462 2.28531
2.8346 2.30303
2.88458 2.32075
2.93464 2.32075
2.98469 2.32075
3.03475 2.32075
3.0848 2.32075
3.13486 2.32075
3.18491 2.32075
3.23497 2.32075
3.28502 2.32075
3.33508 2.32075
3.38514 2.32075
3.43519 2.32075
3.48525 2.32075
3.5353 2.32075
3.58536 2.32075
3.63541 2.32075
3.68547 2.32075
3.73552 2.32075
3.78558 2.32075
3.83564 2.32075
3.88569 2.32075
3.93575 2.32075
3.9858 2.32075
4.03586 2.32075
4.08591 2.32075
4.13597 2.32075
4.18602 2.32075
4.23608 2.32075
6.92706 4.05576
9.61804 4.05576
12.309 4.05576
15.0 4.05576
0.0 0.468858
0.0500337 0.468858
0.100067 0.498125
0.150101 0.527392
0.200135 0.556659
0.250168 0.585925
0.300202 0.615192
0.357922 0.615192
0.415641 1.30068
0.465044 1.30068
0.514448 1.31606
0.563851 1.33144
0.613254 1.34681
0.662657 1.36219
0.71206 1.37757
0.761463 1.39295
0.810867 1.40832
0.86027 1.4237
0.909673 1.43908
0.959076 1.45446
1.00848 1.46983
1.05788 1.48521
1.10729 1.50059
1.15669 1.51597
1.20609 1.53134
1.25549 1.54672
1.3049 1.5621
1.3543 1.57748
1.4037 1.59285
1.45311 1.60823
1.50251 1.62361
1.55191 1.63898
1.60132 1.65436
1.65072 1.66974
1.70012 1.68512
1.74953 1.70049
1.79893 1.71587
1.84833 1.73125
1.89774 1.74663
1.94714 1.762
1.99654 1.77738
2.04595 1.79276
2.09535 1.80814
2.14475 1.82351
2.19415 1.83889
2.24356 1.85427
2.29296 1.86965
2.34236 1.88502
2.39177 1.9004
2.44117 1.91578
2.49046 1.91578
2.53976 1.93015
2.58905 1.94452
2.63834 1.95889
2.68763 1.97326
2.73692 1.98763
2.78622 2.002
2.83551 2.01637
2.8848 2.03074
2.93409 2.04511
2.98339 2.05948
3.03268 2.07385
3.08197 2.08822
3.13126 2.10259
3.18056 2.11696
3.22985 2.13133
3.27914 2.1457
3.32843 2.16007
3.37773 2.17445
3.42702 2.18882
3.47631 2.20319
3.5256 2.21756
3.57489 2.23193
3.62419 2.2463
3.67348 2.26067
3.72277 2.27504
3.77206 2.28941
3.82136 2.30378
3.87065 2.31815
3.91994 2.33252
3.96923 2.34689
4.01853 2.36126
4.06769 2.36126
4.11685 2.36126
4.166 2.36126
4.21516 2.36126
4.26432 2.36126
4.31348 2.36126
4.36264 2.36126
4.4118 2.36126
4.46096 2.36126
4.51012 2.36126
4.55928 2.36126
4.60844 2.36126
4.6576 2.36126
4.70676 2.36126
4.75592 2.36126
4.80508 2.36126
4.85424 2.36126
4.9034 2.36126
4.95256 2.36126
7.46442 4.10283
9.97628 4.10283
12.4881 4.10283
15.0 4.10283
0.0 0.490041
0.0454578 0.490041
0.0909155 0.502688
0.136373 0.515334
0.181831 0.527981
0.227289 0.540627
0.276502 0.540627
0.325714 0.619862
0.374927 0.699096
0.42414 0.77833
0.473353 0.857564
0.522565 0.936798
0.571778 1.01603
0.620991 1.09527
0.670204 1.1745
0.719416 1.25374
0.768629 1.33297
0.818735 1.33297
0.868841 1.343
0.918947 1.35304
0.969053 1.36307
1.01916 1.37311
1.06927 1.38314
1.11937 1.39318
1.16948 1.40321
1.21958 1.41325
1.26969 1.42328
1.3198 1.43332
1.3699 1.44335
1.42001 1.45339
1.47011 1.46342
1.52022 1.47346
1.57033 1.48349
1.62043 1.49353
1.67054 1.50356
1.72064 1.51359
1.77075 1.52363
1.82086 1.53366
1.87096 1.5437
1.92107 1.55373
1.97117 1.56377
2.02128 1.5738
2.07139 1.58384
2.12149 1.59387
2.1716 1.60391
2.2217 1.61394
2.27181 1.62398
2.32192 1.63401
2.37202 1.64405
2.42213 1.65408
2.47223 1.66412
2.52234 1.67415
2.57245 1.68418
2.62255 1.69422
2.67266 1.70425
2.72276 1.71429
2.77287 1.72432
2.82298 1.73436
2.87308 1.74439
2.92319 1.75443
2.97329 1.76446
3.0234 1.7745
3.07351 1.78453
3.12361 1.79457
3.17372 1.8046
3.22382 1.81464
3.27393 1.82467
3.32404 1.83471
3.37414 1.84474
3.42425 1.85478
3.47435 1.86481
3.52532 1.86481
3.57629 1.90364
3.62726 1.94246
3.67823 1.98129
3.7292 2.02012
3.78017 2.05894
3.83114 2.09777
3.88211 2.1366
3.93308 2.17542
3.98405 2.21425
4.03502 2.25308
4.08599 2.2919
4.13696 2.33073
4.18793 2.36956
4.24253 2.36956
4.29713 2.36956
4.35172 2.36956
4.40632 2.36956
7.05474 4.1193
9.70316 4.1193
12.3516 4.1193
15.0 4.1193
0.0 0.467087
0.0432329 0.467087
0.0864658 0.492407
0.129699 0.517726
0.18137 0.517726
0.23304 0.582982
0.284711 0.648238
0.336382 0.713493
0.388053 0.778749
0.439724 0.844005
0.491395 0.909261
0.543066 0.974517
0.594737 1.03977
0.646407 1.10503
0.698078 1.17028
0.749749 1.23554
0.80142 1.3008
0.851868 1.3008
0.902316 1.31192
0.952764 1.32305
1.00321 1.33418
1.05366 1.34531
1.10411 1.35644
1.15455 1.36756
1.205 1.37869
1.25545 1.38982
1.3059 1.40095
1.35635 1.41208
1.40679 1.42321
1.45724 1.43433
1.50769 1.44546
1.55814 1.45659
1.60859 1.46772
1.65903 1.47885
1.70948 1.48997
1.75993 1.5011
1.81038 1.51223
1.86082 1.52336
1.91127 1.53449
1.96172 1.54561
2.01217 1.55674
2.06262 1.56787
2.11306 1.579
2.16351 1.59013
2.21396 1.60126
2.26441 1.61238
2.31485 1.62351
2.3653 1.63464
2.41575 1.64577
2.4662 1.6569
2.51665 1.66802
2.56709 1.67915
2.61754 1.69028
2.66799 1.70141
2.71844 1.71254
2.76888 1.72366
2.81933 1.73479
2.86978 1.74592
2.92023 1.75705
2.97068 1.76818
3.02112 1.77931
3.07157 1.79043
3.12202 1.80156
3.17254 1.80156
3.22307 1.8171
3.27359 1.83263
3.32411 1.84817
3.37464 1.8637
3.42516 1.87924
3.47568 1.89477
3.5262 1.91031
3.57673 1.92584
3.62725 1.94138
3.67777 1.95691
3.7283 1.97245
3.77882 1.98798
3.82934 2.00352
3.87987 2.01905
3.93039 2.03459
3.98091 2.05012
4.03144 2.06566
4.08196 2.08119
4.13248 2.09673
4.183 2.11226
4.23353 2.1278
4.28405 2.14333
4.33457 2.15887
4.3851 2.1744
4.43562 2.18994
4.48614 2.20547
4.53667 2.22101
4.58719 2.23654
4.63771 2.25208
4.68723 2.25208
4.73675 2.25208
4.78626 2.25208
4.83578 2.25208
4.88529 2.25208
4.93481 2.25208
7.45111 4.08964
9.9674 4.08964
12.4837 4.08964
15.0 4.08964
0.0 0.48777
0.0553717 0.48777
0.110743 0.498664
0.162545 0.498664
0.214347 0.578577
0.266148 0.658491
0.31795 0.738404
0.369752 0.818318
0.421553 0.898232
0.473355 0.978145
0.525157 1.05806
0.576958 1.13797
0.62876 1.21789
0.680562 1.2978
0.729797 1.2978
0.779032 1.31634
0.828267 1.33488
0.877502 1.35343
0.926738 1.37197
0.975973 1.39051
1.02521 1.40906
1.07444 1.4276
1.12368 1.44614
1.17291 1.46468
1.22215 1.48323
1.27138 1.50177
1.32062 1.52031
1.36985 1.53885
1.41909 1.5574
1.46832 1.57594
1.51756 1.59448
1.5668 1.61302
1.61603 1.63157
1.66527 1.65011
1.7145 1.66865
1.76374 1.68719
1.81297 1.70574
1.86221 1.72428
1.91144 1.74282
1.96203 1.74282
2.01262 1.75837
2.0632 1.77393
2.11379 1.78948
2.16438 1.80503
2.21496 1.82058
2.26555 1.83614
2.31614 1.85169
2.36672 1.86724
2.41731 1.88279
2.4679 1.89834
2.51848 1.9139
2.56907 1.92945
2.61966 1.945
2.67024 1.96055
2.72083 1.97611
2.77142 1.99166
2.822 2.00721
2.87259 2.02276
2.92318 2.03831
2.97376 2.05387
3.02435 2.06942
3.07494 2.08497
3.12553 2.10052
3.17611 2.11608
3.2267 2.13163
3.27729 2.14718
3.32787 2.16273
3.37846 2.17828
3.42905 2.19384
3.47963 2.20939
3.53022 2.22494
3.58081 2.24049
3.63139 2.25605
3.68198 2.2716
3.73257 2.28715
3.78315 2.3027
3.83374 2.31825
3.88596 2.31825
3.93818 2.31825
3.99041 2.31825
4.04263 2.31825
4.09485 2.31825
4.14707 2.31825
4.19929 2.31825
4.25151 2.31825
4.30373 2.31825
4.35595 2.31825
4.40818 2.31825
7.05613 4.05964
9.70409 4.05964
12.352 4.05964
15.0 4.05964
0.0 0.495727
0.0428592 0.495727
0.0857183 0.500753
0.128578 0.50578
0.180901 0.50578
0.233225 0.595773
0.285549 0.685766
0.337873 0.77576
0.390197 0.865753
0.442521 0.955746
0.494845 1.04574
0.547169 1.13573
0.599493 1.22573
0.651817 1.31572
0.702196 1.31572
0.752576 1.3337
0.802955 1.35169
0.853335 1.36967
0.903715 1.38766
0.954094 1.40564
1.00447 1.42363
1.05485 1.44161
1.10523 1.45959
1.15561 1.47758
1.20599 1.49556
1.25637 1.51355
1.30675 1.53153
1.35713 1.54952
1.40751 1.5675
1.45789 1.58548
1.50827 1.60347
1.55865 1.62145
1.60903 1.63944
1.65941 1.65742
1.70979 1.67541
1.76017 1.69339
1.81055 1.71137
1.86093 1.72936
1.91131 1.74734
1.96169 1.76533
2.01148 1.76533
2.06128 1.78715
2.11108 1.80898
2.16088 1.8308
2.21068 1.85262
2.26047 1.87445
2.31027 1.89627
2.36007 1.91809
2.40987 1.93992
2.45967 1.96174
2.50946 1.98357
2.55926 2.00539
2.60906 2.02721
2.65886 2.04904
2.70866 2.07086
2.75845 2.09269
2.80825 2.11451
2.85805 2.13633
2.90785 2.15816
2.95765 2.17998
3.00744 2.20181
3.05724 2.22363
3.10704 2.24545
3.15684 2.26728
3.20664 2.2891
3.25709 2.2891
3.30754 2.2891
3.35799 2.2891
3.40844 2.2891
3.45889 2.2891
3.50934 2.2891
3.55979 2.2891
3.61024 2.2891
3.66069 2.2891
3.71114 2.2891
3.76159 2.2891
3.81204 2.2891
3.86249 2.2891
3.91294 2.2891
3.9634 2.2891
4.01385 2.2891
4.0643 2.2891
4.11475 2.2891
4.1652 2.2891
4.21565 2.2891
4.2661 2.2891
6.94957 4.09699
9.63305 4.09699
12.3165 4.09699
15.0 4.09699
0.0 0.485783
0.0532138 0.485783
0.106428 0.497942
0.159641 0.510101
0.209139 0.510101
0.258636 0.615754
0.308133 0.721407
0.35763 0.82706
0.407127 0.932714
0.456624 1.03837
0.506122 1.14402
0.555619 1.24967
0.605644 1.24967
0.655669 1.27392
0.705694 1.29817
0.755719 1.32241
0.805744 1.34666
0.855769 1.3709
0.905794 1.39515
0.95582 1.4194
1.00584 1.44364
1.05587 1.46789
1.10589 1.49213
1.15592 1.51638
1.20595 1.54063
1.25597 1.56487
1.306 1.58912
1.35602 1.61336
1.40605 1.63761
1.45607 1.66186
1.5061 1.6861
1.55612 1.71035
1.60596 1.71035
1.6558 1.82479
1.70563 1.93924
1.75547 2.05369
1.80531 2.16813
1.85514 2.28258
1.9042 2.28258
1.95326 2.28258
2.00232 2.28258
2.05138 2.28258
2.10044 2.28258
2.14949 2.28258
2.19855 2.28258
2.24761 2.28258
2.29667 2.28258
2.34573 2.28258
2.39479 2.28258
2.44384 2.28258
2.4929 2.28258
2.54196 2.28258
2.59102 2.28258
2.64008 2.28258
2.68914 2.28258
5.15131 4.08024
7.61348 4.08024
10.0757 4.08024
12.5378 4.08024
15.0 4.08024
0.0 0.474274
0.0431887 0.474274
0.0863773 0.488413
0.129566 0.502552
0.17699 0.502552
0.224415 0.596164
0.271839 0.689776
0.319263 0.783388
0.366688 0.876999
0.414112 0.970611
0.461536 1.06422
0.508961 1.15783
0.556385 1.25145
0.607523 1.25145
0.65866 1.29247
0.709798 1.3335
0.760935 1.37453
0.812073 1.41555
0.863211 1.45658
0.914348 1.4976
0.965486 1.53863
1.01662 1.57966
1.06776 1.62068
1.1189 1.66171
1.17004 1.70274
1.2173 1.70274
1.26457 1.79244
1.31183 1.88215
1.3591 1.97185
1.40636 2.06156
1.45363 2.15126
1.50089 2.24096
1.55128 2.24096
1.60166 2.24096
1.65204 2.24096
1.70243 2.24096
1.75281 2.24096
1.80319 2.24096
1.85358 2.24096
1.90396 2.24096
1.95435 2.24096
2.00473 2.24096
2.05511 2.24096
2.1055 2.24096
2.15588 2.24096
2.20626 2.24096
2.25665 2.24096
4.80532 4.08733
7.35399 4.08733
9.90266 4.08733
12.4513 4.08733
15.0 4.08733
0.0 0.495748
0.0469633 0.495748
0.0939265 0.497239
0.14089 0.498729
0.187853 0.50022
0.244727 0.50022
0.301601 0.874002
0.358475 1.24778
0.408769 1.24778
0.459063 1.27993
0.509357 1.31207
0.55965 1.34422
0.609944 1.37636
0.660238 1.4085
0.710532 1.44065
0.760826 1.47279
0.811119 1.50494
0.861413 1.53708
0.911707 1.56922
0.962001 1.60137
1.01229 1.63351
1.06259 1.66566
1.11288 1.6978
1.16318 1.72994
1.21592 1.72994
1.26867 1.80144
1.32142 1.87293
1.37417 1.94442
1.42692 2.01592
1.47966 2.08741
1.53241 2.1589
1.58516 2.2304
1.63564 2.2304
1.68612 2.2304
1.73659 2.2304
1.78707 2.2304
1.83755 2.2304
1.88802 2.2304
1.9385 2.2304
1.98898 2.2304
2.03946 2.2304
2.08993 2.2304
2.14041 2.2304
2.19089 2.2304
2.24137 2.2304
2.29184 2.2304
2.34232 2.2304
2.3928 2.2304
2.44328 2.2304
2.49375 2.2304
2.54423 2.2304
5.03538 4.12881
7.52654 4.12881
10.0177 4.12881
12.5088 4.12881
15.0 4.12881
0.0 0.484541
0.0478736 0.484541
0.0957472 0.496403
0.143621 0.508264
0.191494 0.520126
0.246305 0.520126
0.301115 0.767119
0.355925 1.01411
0.410736 1.2611
0.461058 1.2611
0.51138 1.29287
0.561702 1.32464
0.612024 1.35641
0.662346 1.38818
0.712668 1.41995
0.76299 1.45171
0.813312 1.48348
0.863634 1.51525
0.913956 1.54702
0.964278 1.57879
1.0146 1.61056
1.06492 1.64232
1.11524 1.67409
1.16557 1.70586
1.21628 1.70586
1.267 1.7201
1.31771 1.73434
1.36843 1.74859
1.41914 1.76283
1.46986 1.77707
1.52057 1.79131
1.57129 1.80555
1.622 1.81979
1.67271 1.83404
1.72343 1.84828
1.77414 1.86252
1.82486 1.87676
1.87557 1.891
1.92629 1.90524
1.977 1.91949
2.02772 1.93373
2.07843 1.94797
2.12915 1.96221
2.17986 1.97645
2.23058 1.99069
2.28129 2.00494
2.33201 2.01918
2.38272 2.03342
2.43344 2.04766
2.48415 2.0619
2.53487 2.07614
2.58558 2.09039
2.6363 2.10463
2.68701 2.11887
2.73773 2.13311
2.78844 2.14735
2.83982 2.14735
2.8912 2.14735
2.94257 2.14735
2.99395 2.14735
3.04533 2.14735
3.09671 2.14735
3.14808 2.14735
3.19946 2.14735
3.25084 2.14735
3.30221 2.14735
5.64177 4.12798
7.98133 4.12798
10.3209 4.12798
12.6604 4.12798
15.0 4.12798
0.0 0.506848
0.0575544 0.506848
0.115109 0.508783
0.172663 0.510717
0.220074 0.510717
0.267486 0.704265
0.314897 0.897813
0.362308 1.09136
0.409719 1.28491
0.460077 1.28491
0.510434 1.31669
0.560791 1.34847
0.611148 1.38025
0.661506 1.41203
0.711863 1.44381
0.76222 1.47559
0.812577 1.50737
0.862934 1.53915
0.913292 1.57092
0.963649 1.6027
1.01401 1.63448
1.06436 1.66626
1.11472 1.69804
1.16463 1.69804
1.21455 1.71881
1.26446 1.73958
1.31438 1.76035
1.36429 1.78112
1.4142 1.80189
1.46412 1.82266
1.51403 1.84343
1.56395 1.86419
1.61386 1.88496
1.66377 1.90573
1.71369 1.9265
1.7636 1.94727
1.81351 1.96804
1.86343 1.98881
1.91334 2.00958
1.96326 2.03035
2.01317 2.05111
2.06308 2.07188
2.113 2.09265
2.16291 2.11342
2.21283 2.13419
2.26274 2.15496
2.31308 2.15496
2.36341 2.15496
2.41375 2.15496
2.46409 2.15496
2.51443 2.15496
2.56476 2.15496
2.6151 2.15496
2.66544 2.15496
5.13235 4.03584
7.59926 4.03584
10.0662 4.03584
12.5331 4.03584
15.0 4.03584
0.0 0.502384
0.0508246 0.502384
0.101649 0.50761
0.152474 0.512835
0.203298 0.51806
0.254039 0.51806
0.30478 0.652726
0.355521 0.787392
0.406262 0.922057
0.457003 1.05672
0.507744 1.19139
0.564225 1.19139
0.620705 1.7792
0.670521 1.7792
0.720337 1.7952
0.770153 1.81121
0.819969 1.82722
0.869785 1.84323
0.9196 1.85924
0.969416 1.87525
1.01923 1.89126
1.06905 1.90727
1.11886 1.92328
1.16868 1.93929
1.2185 1.9553
1.26831 1.97131
1.31813 1.98732
1.36794 2.00333
1.41776 2.01934
1.46757 2.03535
1.51739 2.05136
1.56721 2.06737
1.61702 2.08338
1.66684 2.09939
1.71665 2.11539
1.76647 2.1314
1.81629 2.14741
1.8661 2.16342
1.91592 2.17943
1.96573 2.19544
2.01555 2.21145
2.06621 2.21145
2.11688 2.21145
2.16754 2.21145
2.2182 2.21145
2.26887 2.21145
2.31953 2.21145
2.37019 2.21145
2.42086 2.21145
2.47152 2.21145
2.52218 2.21145
2.57285 2.21145
5.05828 3.98182
7.54371 3.98182
10.0291 3.98182
12.5146 3.98182
15.0 3.98182
0.0 0.4768
0.0550647 0.4768
0.110129 0.500839
0.165194 0.524877
0.220259 0.548916
0.271415 0.548916
0.322572 0.771255
0.373728 0.993593
0.424885 1.21593
0.473827 1.21593
0.52277 1.26924
0.571712 1.32255
0.620655 1.37587
0.669597 1.42918
0.71854 1.48249
0.767483 1.5358
0.816425 1.58911
0.865368 1.64242
0.91431 1.69573
0.963253 1.74904
1.0122 1.80235
1.06232 1.80235
1.11244 1.81972
1.16256 1.8371
1.21268 1.85447
1.26281 1.87184
1.31293 1.88921
1.36305 1.90658
1.41317 1.92395
1.46329 1.94132
1.51341 1.95869
1.56354 1.97606
1.61366 1.99344
1.66378 2.01081
1.7139 2.02818
1.76402 2.04555
1.81415 2.06292
1.86427 2.08029
1.91439 2.09766
1.96451 2.11503
2.01463 2.1324
2.06476 2.14978
2.11488 2.16715
2.165 2.18452
2.21512 2.20189
2.26384 2.20189
2.31257 2.20189
2.36129 2.20189
2.41001 2.20189
2.45873 2.20189
2.50745 2.20189
2.55617 2.20189
2.6049 2.20189
2.65362 2.20189
2.70234 2.20189
2.75106 2.20189
2.79978 2.20189
2.8485 2.20189
2.89723 2.20189
2.94595 2.20189
2.99467 2.20189
5.39573 3.9906
7.7968 3.9906
10.1979 3.9906
12.5989 3.9906
15.0 3.9906
0.0 0.496657
0.0474008 0.496657
0.0948017 0.497175
0.142203 0.497693
0.189603 0.498211
0.238428 0.498211
0.287252 0.842609
0.336076 1.18701
0.38561 1.18701
0.435144 1.21475
0.484678 1.24248
0.534212 1.27022
0.583746 1.29796
0.63328 1.3257
0.682814 1.35343
0.732348 1.38117
0.781882 1.40891
0.831416 1.43664
0.88095 1.46438
0.930484 1.49212
0.980018 1.51986
1.02955 1.54759
1.07909 1.57533
1.12862 1.60307
1.17815 1.63081
1.22769 1.65854
1.27722 1.68628
1.32676 1.71402
1.37629 1.74176
1.42636 1.74176
1.47644 1.76529
1.52651 1.78883
1.57659 1.81237
1.62666 1.83591
1.67674 1.85945
1.72681 1.88299
1.77689 1.90652
1.82696 1.93006
1.87704 1.9536
1.92711 1.97714
1.97719 2.00068
2.02726 2.02422
2.07733 2.04775
2.12741 2.07129
2.17748 2.09483
2.22756 2.11837
2.27763 2.14191
2.32771 2.16545
2.37778 2.18898
2.42786 2.21252
2.47599 2.21252
2.52412 2.21252
2.57226 2.21252
2.62039 2.21252
2.66853 2.21252
2.71666 2.21252
2.76479 2.21252
2.81293 2.21252
2.86106 2.21252
2.90919 2.21252
2.95733 2.21252
3.00546 2.21252
5.40437 3.8669
7.80328 3.8669
10.2022 3.8669
12.6011 3.8669
15.0 3.8669
0.0 0.492698
0.0456605 0.492698
0.091321 0.499945
0.136981 0.507192
0.182642 0.514439
0.228302 0.521686
0.279927 0.521686
0.331552 0.794476
0.383176 1.06727
0.434801 1.34006
0.48536 1.34006
0.535918 1.36301
0.586477 1.38596
0.637036 1.40891
0.687595 1.43187
0.738153 1.45482
0.788712 1.47777
0.839271 1.50073
0.88983 1.52368
0.940389 1.54663
0.990947 1.56959
1.04151 1.59254
1.09206 1.61549
1.14262 1.63844
1.19318 1.6614
1.24374 1.68435
1.2943 1.7073
1.34486 1.73026
1.39542 1.75321
1.44598 1.77616
1.49558 1.77616
1.54519 1.79506
1.5948 1.81395
1.64441 1.83285
1.69402 1.85175
1.74362 1.87064
1.79323 1.88954
1.84284 1.90844
1.89245 1.92733
1.94205 1.94623
1.99166 1.96512
2.04127 1.98402
2.09088 2.00292
2.14049 2.02181
2.19009 2.04071
2.2397 2.0596
2.28931 2.0785
2.33892 2.0974
2.38852 2.11629
2.43813 2.13519
2.48774 2.15409
2.53735 2.17298
2.58696 2.19188
2.63656 2.21077
2.68617 2.22967
2.73742 2.22967
2.78868 2.22967
2.83993 2.22967
2.89118 2.22967
2.94244 2.22967
2.99369 2.22967
3.04494 2.22967
3.09619 2.22967
3.14745 2.22967
3.1987 2.22967
3.24995 2.22967
3.30121 2.22967
3.35246 2.22967
3.40371 2.22967
3.45497 2.22967
3.50622 2.22967
3.55747 2.22967
5.84598 3.85829
8.13448 3.85829
10.423 3.85829
12.7115 3.85829
15.0 3.85829
0.0 0.511637
0.048309 0.511637
0.0966181 0.514069
0.144927 0.516502
0.193236 0.518935
0.241545 0.521367
0.293543 0.521367
0.34554 1.30996
0.39461 1.30996
0.44368 1.32937
0.492751 1.34879
0.541821 1.3682
0.590891 1.38762
0.639961 1.40703
0.689031 1.42645
0.738102 1.44586
0.787172 1.46528
0.836242 1.48469
0.885312 1.50411
0.934383 1.52352
0.983453 1.54294
1.03252 1.56235
1.08159 1.58177
1.13066 1.60118
1.17973 1.6206
1.2288 1.64001
1.27787 1.65943
1.32694 1.67884
1.37601 1.69826
1.42508 1.71767
1.47415 1.73709
1.52323 1.7565
1.57334 1.7565
1.62345 1.76888
1.67356 1.78126
1.72367 1.79364
1.77378 1.80602
1.82389 1.8184
1.874 1.83078
1.92411 1.84316
1.97423 1.85554
2.02434 1.86792
2.07445 1.8803
2.12456 1.89268
2.17467 1.90506
2.22478 1.91744
2.27489 1.92982
2.325 1.9422
2.37512 1.95458
2.42523 1.96696
2.47534 1.97934
2.52545 1.99172
2.57556 2.0041
2.62567 2.01648
2.67578 2.02886
2.72589 2.04124
2.776 2.05362
2.82612 2.066
2.87623 2.07838
2.92634 2.09076
2.97645 2.10314
3.02656 2.11552
3.07667 2.1279
3.12678 2.14028
3.17689 2.15266
3.22701 2.16504
3.27712 2.17742
3.32723 2.1898
3.37734 2.20218
3.42745 2.21456
3.47756 2.22694
3.52767 2.23932
3.57783 2.23932
3.62798 2.23932
3.67813 2.23932
3.72828 2.23932
3.77844 2.23932
3.82859 2.23932
3.87874 2.23932
3.9289 2.23932
3.97905 2.23932
4.0292 2.23932
4.07935 2.23932
4.12951 2.23932
4.17966 2.23932
4.22981 2.23932
4.27997 2.23932
4.33012 2.23932
4.38027 2.23932
4.43043 2.23932
4.48058 2.23932
4.53073 2.23932
4.58088 2.23932
4.63104 2.23932
4.68119 2.23932
4.73134 2.23932
4.7815 2.23932
4.83165 2.23932
7.37374 3.84343
9.91582 3.84343
12.4579 3.84343
15.0 3.84343
0.0 0.469151
0.0514457 0.469151
0.102891 0.49445
0.154337 0.51975
0.205783 0.545049
0.257228 0.570349
0.310456 0.570349
0.363683 1.21573
0.413698 1.21573
0.463713 1.24994
0.513729 1.28416
0.563744 1.31838
0.613759 1.35259
0.663774 1.38681
0.71379 1.42102
0.763805 1.45524
0.81382 1.48945
0.863835 1.52367
0.91385 1.55789
0.963866 1.5921
1.01388 1.62632
1.0639 1.66053
1.11391 1.69475
1.16393 1.72897
1.21394 1.76318
1.26396 1.7974
1.31529 1.7974
1.36661 1.82109
1.41794 1.84479
1.46927 1.86848
1.5206 1.89218
1.57193 1.91588
1.62326 1.93957
1.67459 1.96327
1.72591 1.98696
1.77724 2.01066
1.82857 2.03436
1.8799 2.05805
1.93123 2.08175
1.98256 2.10544
2.03389 2.12914
2.08522 2.15283
2.13654 2.17653
2.18787 2.20023
2.2379 2.20023
2.28793 2.20023
2.33796 2.20023
2.38799 2.20023
2.43802 2.20023
2.48804 2.20023
2.53807 2.20023
2.5881 2.20023
2.63813 2.20023
2.68816 2.20023
2.73819 2.20023
2.78822 2.20023
2.83824 2.20023
2.88827 2.20023
2.9383 2.20023
2.98833 2.20023
3.03836 2.20023
3.08839 2.20023
3.13842 2.20023
3.18844 2.20023
3.23847 2.20023
3.2885 2.20023
3.33853 2.20023
3.38856 2.20023
3.43859 2.20023
3.48862 2.20023
3.53864 2.20023
3.58867 2.20023
3.6387 2.20023
3.68873 2.20023
3.73876 2.20023
3.78879 2.20023
3.83882 2.20023
3.88884 2.20023
3.93887 2.20023
3.9889 2.20023
4.03893 2.20023
4.08896 2.20023
4.13899 2.20023
4.18902 2.20023
4.23904 2.20023
4.28907 2.20023
4.3391 2.20023
4.38913 2.20023
4.43916 2.20023
4.48919 2.20023
4.53922 2.20023
4.58924 2.20023
4.63927 2.20023
4.6893 2.20023
4.73933 2.20023
4.78936 2.20023
4.83939 2.20023
4.88942 2.20023
4.93944 2.20023
4.98947 2.20023
5.0395 2.20023
5.08953 2.20023
7.56715 3.77433
10.0448 3.77433
12.5224 3.77433
15.0 3.77433
0.0 0.471835
0.046098 0.471835
0.0921959 0.493516
0.138294 0.515197
0.184392 0.536878
0.237612 0.536878
0.290832 0.640934
0.344053 0.74499
0.397273 0.849047
0.450493 0.953103
0.503714 1.05716
0.556934 1.16122
0.607429 1.16122
0.657923 1.17785
0.708418 1.19448
0.758913 1.21112
0.809407 1.22775
0.859902 1.24439
0.910397 1.26102
0.960892 1.27765
1.01139 1.29429
1.06188 1.31092
1.11238 1.32756
1.16287 1.34419
1.21337 1.36083
1.26386 1.37746
1.31435 1.39409
1.36485 1.41073
1.41534 1.42736
1.46584 1.444
1.51633 1.46063
1.56683 1.47726
1.61732 1.4939
1.66782 1.51053
1.71831 1.52717
1.76881 1.5438
1.8193 1.56043
1.8698 1.57707
1.92029 1.5937
1.97079 1.61034
2.02128 1.62697
2.07178 1.64361
2.12227 1.66024
2.17276 1.67687
2.22326 1.69351
2.27375 1.71014
2.32425 1.72678
2.37474 1.74341
2.42524 1.76004
2.47573 1.77668
2.52623 1.79331
2.57539 1.79331
2.62454 1.80985
2.6737 1.82638
2.72286 1.84292
2.77202 1.85945
2.82118 1.87598
2.87034 1.89252
2.9195 1.90905
2.96865 1.92559
3.01781 1.94212
3.06697 1.95866
3.11613 1.97519
3.16529 1.99173
3.21445 2.00826
3.2636 2.02479
3.31276 2.04133
3.36192 2.05786
3.41108 2.0744
3.46024 2.09093
3.5094 2.10747
3.55856 2.124
3.60771 2.14054
3.65687 2.15707
3.70603 2.1736
3.75519 2.19014
3.80538 2.19014
3.85558 2.19014
3.90577 2.19014
3.95596 2.19014
4.00616 2.19014
4.05635 2.19014
4.10654 2.19014
4.15674 2.19014
4.20693 2.19014
4.25712 2.19014
4.30732 2.19014
4.35751 2.19014
4.4077 2.19014
4.4579 2.19014
4.50809 2.19014
4.55828 2.19014
4.60848 2.19014
4.65867 2.19014
4.70886 2.19014
4.75906 2.19014
4.80925 2.19014
4.85944 2.19014
4.90964 2.19014
4.95983 2.19014
5.01002 2.19014
5.06022 2.19014
5.11041 2.19014
5.1606 2.19014
5.2108 2.19014
5.26099 2.19014
5.31118 2.19014
7.73339 3.79491
10.1556 3.79491
12.5778 3.79491
15.0 3.79491
0.0 0.506927
0.0504734 0.506927
0.100947 0.509903
0.15142 0.51288
0.201894 0.515856
0.252314 0.515856
0.302734 0.746153
0.353154 0.976451
0.403575 1.20675
0.453445 1.20675
0.503316 1.23456
0.553187 1.26237
0.603057 1.29018
0.652928 1.31799
0.702799 1.3458
0.752669 1.37361
0.80254 1.40143
0.852411 1.42924
0.902281 1.45705
0.952152 1.48486
1.00202 1.51267
1.05189 1.54048
1.10176 1.56829
1.15163 1.5961
1.20151 1.62392
1.25138 1.65173
1.30125 1.67954
1.35112 1.70735
1.40099 1.73516
1.45086 1.76297
1.5014 1.76297
1.55193 1.7849
1.60247 1.80682
1.653 1.82874
1.70354 1.85067
1.75408 1.87259
1.80461 1.89452
1.85515 1.91644
1.90569 1.93837
1.95622 1.96029
2.00676 1.98221
2.0573 2.00414
2.10783 2.02606
2.15837 2.04799
2.2089 2.06991
2.25944 2.09183
2.30998 2.11376
2.36051 2.13568
2.41105 2.15761
2.46159 2.17953
2.51212 2.20146
2.56266 2.22338
2.60935 2.22338
2.65605 2.22338
2.70274 2.22338
5.16219 3.80886
7.62164 3.80886
10.0811 3.80886
12.5405 3.80886
15.0 3.80886
0.0 0.495889
0.0455399 0.495889
0.0910799 0.501559
0.13662 0.50723
0.18216 0.512901
0.2277 0.518571
0.274262 0.518571
0.324695 1.2294
0.375127 1.26804
0.42556 1.30668
0.475992 1.34532
0.526425 1.38395
0.576857 1.42259
0.62729 1.46123
0.677722 1.49987
0.728155 1.53851
0.778587 1.57714
0.82902 1.61578
0.879452 1.65442
0.929884 1.69306
0.980317 1.7317
1.03117 1.7317
1.08202 1.77519
1.13287 1.81869
1.18372 1.86219
1.23457 1.90569
1.28542 1.94919
1.33627 1.99268
1.38712 2.03618
1.43797 2.07968
1.48882 2.12318
1.53967 2.16668
1.58952 2.16668
1.63937 2.16668
1.68923 2.16668
1.73908 2.16668
1.78893 2.16668
1.83879 2.16668
1.88864 2.16668
1.93849 2.16668
1.98835 2.16668
2.0382 2.16668
2.08805 2.16668
2.13791 2.16668
2.18776 2.16668
2.23761 2.16668
2.28747 2.16668
2.33732 2.16668
2.38717 2.16668
2.43703 2.16668
2.48688 2.16668
2.53673 2.16668
2.58659 2.16668
2.63644 2.16668
2.68629 2.16668
2.73615 2.16668
2.786 2.16668
2.83585 2.16668
2.88571 2.16668
2.93556 2.16668
2.98541 2.16668
5.38833 3.82358
7.79125 3.82358
10.1942 3.82358
12.5971 3.82358
15.0 3.82358
0.0 0.492879
0.0441112 0.492879
0.0882223 0.494071
0.132333 0.495264
0.182125 0.495264
0.231917 0.613321
0.281709 0.731378
0.331501 0.849435
0.381293 0.967493
0.431085 1.08555
0.480877 1.20361
0.530056 1.20361
0.579234 1.25998
0.628413 1.31636
0.677592 1.37273
0.726771 1.42911
0.775949 1.48549
0.825128 1.54186
0.874307 1.59824
0.923485 1.65461
0.972664 1.71099
1.02184 1.76736
1.07285 1.76736
1.12387 1.78857
1.17488 1.80977
1.22589 1.83097
1.2769 1.85218
1.32791 1.87338
1.37892 1.89458
1.42993 1.91579
1.48094 1.93699
1.53195 1.95819
1.58297 1.9794
1.63398 2.0006
1.68499 2.0218
1.736 2.04301
1.78701 2.06421
1.83802 2.08541
1.88903 2.10662
1.94004 2.12782
1.99082 2.12782
2.0416 2.12782
2.09238 2.12782
2.14316 2.12782
2.19394 2.12782
2.24471 2.12782
2.29549 2.12782
2.34627 2.12782
2.39705 2.12782
2.44783 2.12782
2.4986 2.12782
2.54938 2.12782
2.60016 2.12782
2.65094 2.12782
2.70172 2.12782
2.75249 2.12782
2.80327 2.12782
2.85405 2.12782
2.90483 2.12782
2.95561 2.12782
3.00639 2.12782
3.05716 2.12782
3.10794 2.12782
3.15872 2.12782
3.2095 2.12782
3.26028 2.12782
3.31105 2.12782
5.64884 3.73549
7.98663 3.73549
10.3244 3.73549
12.6622 3.73549
15.0 3.73549
0.0 0.491739
0.0618904 0.491739
0.123781 0.498954
0.17601 0.498954
0.228239 0.594933
0.280468 0.690912
0.332697 0.78689
0.384926 0.882869
0.437155 0.978848
0.489384 1.07483
0.541613 1.17081
0.593842 1.26678
0.642738 1.26678
0.691633 1.30511
0.740529 1.34344
0.789425 1.38177
0.83832 1.4201
0.887216 1.45843
0.936111 1.49676
0.985007 1.53509
1.0339 1.57342
1.0828 1.61174
1.13169 1.65007
1.18059 1.6884
1.22948 1.72673
1.27838 1.76506
1.32728 1.80339
1.37687 1.80339
1.42647 1.84357
1.47607 1.88376
1.52567 1.92394
1.57527 1.96412
1.62487 2.00431
1.67447 2.04449
1.72406 2.08468
1.77366 2.12486
1.82326 2.16504
1.87434 2.16504
1.92542 2.16504
1.97649 2.16504
2.02757 2.16504
2.07865 2.16504
2.12973 2.16504
2.1808 2.16504
2.23188 2.16504
2.28296 2.16504
2.33404 2.16504
2.38511 2.16504
2.43619 2.16504
4.94895 3.79658
7.46171 3.79658
9.97448 3.79658
12.4872 3.79658
15.0 3.79658
0.0 0.479986
0.0449657 0.479986
0.0899313 0.493749
0.134897 0.507511
0.18347 0.507511
0.232043 0.567032
0.280617 0.626553
0.32919 0.686074
0.377763 0.745595
0.426336 0.805116
0.47491 0.864637
0.523483 0.924159
0.572056 0.98368
0.620629 1.0432
0.669203 1.10272
0.717776 1.16224
0.766349 1.22176
0.817009 1.22176
0.86767 1.26308
0.91833 1.30439
0.96899 1.34571
1.01965 1.38703
1.07031 1.42834
1.12097 1.46966
1.17163 1.51097
1.22229 1.55229
1.27295 1.5936
1.32361 1.63492
1.37427 1.67623
1.42493 1.71755
1.47559 1.75886
1.52673 1.75886
1.57787 1.79665
1.62901 1.83443
1.68015 1.87222
1.73129 1.91
1.78243 1.94779
1.83357 1.98557
1.88471 2.02336
1.93585 2.06114
1.987 2.09893
2.03814 2.13671
2.08928 2.1745
2.14223 2.1745
2.19518 2.1745
2.24813 2.1745
2.30108 2.1745
2.35403 2.1745
2.40698 2.1745
2.45993 2.1745
4.96794 3.80766
7.47596 3.80766
9.98397 3.80766
12.492 3.80766
15.0 3.80766
0.0 0.490581
0.0437498 0.490581
0.0874996 0.498302
0.131249 0.506024
0.182529 0.506024
0.233808 0.55816
0.285088 0.610296
0.336367 0.662432
0.387647 0.714569
0.438926 0.766705
0.490206 0.818841
0.541485 0.870978
0.592765 0.923114
0.644044 0.97525
0.695324 1.02739
0.746603 1.07952
0.797882 1.13166
0.849162 1.1838
0.900441 1.23593
0.959124 1.23593
1.01781 1.82496
1.06771 1.82496
1.11762 1.84003
1.16753 1.8551
1.21744 1.87017
1.26735 1.88524
1.31725 1.90031
1.36716 1.91538
1.41707 1.93045
1.46698 1.94552
1.51689 1.96059
1.56679 1.97566
1.6167 1.99073
1.66661 2.0058
1.71652 2.02088
1.76643 2.03595
1.81633 2.05102
1.86624 2.06609
1.91615 2.08116
1.96606 2.09623
2.01597 2.1113
2.06587 2.12637
2.11578 2.14144
2.16569 2.15651
2.2156 2.17158
2.26551 2.18665
2.31319 2.18665
2.36088 2.18665
2.40857 2.18665
2.45626 2.18665
2.50395 2.18665
2.55164 2.18665
2.59933 2.18665
2.64701 2.18665
5.11761 3.77393
7.58821 3.77393
10.0588 3.77393
12.5294 3.77393
15.0 3.77393
0.0 0.488147
0.0435492 0.488147
0.0870984 0.49514
0.130648 0.502133
0.182449 0.502133
0.234251 0.579148
0.286053 0.656162
0.337855 0.733177
0.389657 0.810192
0.441458 0.887206
0.49326 0.964221
0.545062 1.04124
0.596864 1.11825
0.648666 1.19526
0.698997 1.19526
0.749328 1.23061
0.799659 1.26596
0.84999 1.30131
0.900321 1.33665
0.950652 1.372
1.00098 1.40735
1.05131 1.44269
1.10165 1.47804
1.15198 1.51339
1.20231 1.54873
1.25264 1.58408
1.30297 1.61943
1.3533 1.65477
1.40363 1.69012
1.45396 1.72547
1.5043 1.76082
1.55463 1.79616
1.60496 1.83151
1.65529 1.86686
1.7046 1.86686
1.75391 1.8922
1.80323 1.91755
1.85254 1.94289
1.90185 1.96824
1.95117 1.99358
2.00048 2.01893
2.04979 2.04427
2.09911 2.06962
2.14842 2.09497
2.19773 2.12031
2.24705 2.14566
2.29636 2.171
2.34567 2.19635
2.39499 2.22169
2.4443 2.24704
2.4959 2.24704
2.54749 2.24704
2.59909 2.24704
2.65068 2.24704
2.70228 2.24704
5.16182 3.73709
7.62137 3.73709
10.0809 3.73709
12.5405 3.73709
15.0 3.73709
0.0 0.484767
0.0449633 0.484767
0.0899267 0.49168
0.13489 0.498592
0.184063 0.498592
0.233236 0.589264
0.28241 0.679937
0.331583 0.77061
0.380756 0.861282
0.429929 0.951955
0.479102 1.04263
0.528276 1.1333
0.577449 1.22397
0.628157 1.22397
0.678866 1.25597
0.729574 1.28798
0.780282 1.31998
0.83099 1.35198
0.881699 1.38398
0.932407 1.41599
0.983115 1.44799
1.03382 1.47999
1.08453 1.51199
1.13524 1.54399
1.18595 1.576
1.23666 1.608
1.28737 1.64
1.33807 1.672
1.38878 1.704
1.43949 1.73601
1.4902 1.76801
1.54091 1.80001
1.59009 1.80001
1.63927 1.82795
1.68845 1.85589
1.73763 1.88383
1.78681 1.91177
1.83599 1.93971
1.88517 1.96765
1.93435 1.9956
1.98353 2.02354
2.03271 2.05148
2.08189 2.07942
2.13107 2.10736
2.18025 2.1353
2.22943 2.16324
2.27861 2.19118
2.32779 2.21912
2.37697 2.24706
2.42338 2.24706
2.46979 2.24706
2.51619 2.24706
2.5626 2.24706
2.60901 2.24706
5.08721 3.74372
7.5654 3.74372
10.0436 3.74372
12.5218 3.74372
15.0 3.74372
0.0 0.482213
0.0439035 0.482213
0.087807 0.496411
0.131711 0.51061
0.175614 0.524809
0.22398 0.524809
0.272345 0.636195
0.320711 0.747581
0.369077 0.858967
0.417443 0.970353
0.465808 1.08174
0.514174 1.19313
0.563181 1.19313
0.612188 1.21921
0.661195 1.2453
0.710202 1.27138
0.759209 1.29747
0.808216 1.32356
0.857223 1.34964
0.90623 1.37573
0.955237 1.40182
1.00424 1.4279
1.05325 1.45399
1.10226 1.48007
1.15126 1.50616
1.20027 1.53225
1.24928 1.55833
1.29829 1.58442
1.34729 1.61051
1.3963 1.63659
1.44531 1.66268
1.49431 1.68876
1.54332 1.71485
1.59233 1.74094
1.64133 1.76702
1.69034 1.79311
1.74047 1.79311
1.79059 1.81187
1.84072 1.83064
1.89085 1.8494
1.94097 1.86816
1.9911 1.88693
2.04122 1.90569
2.09135 1.92446
2.14148 1.94322
2.1916 1.96198
2.24173 1.98075
2.29185 1.99951
2.34198 2.01827
2.39211 2.03704
2.44223 2.0558
2.49236 2.07457
2.54249 2.09333
2.59261 2.11209
2.64274 2.13086
2.69286 2.14962
2.74299 2.16839
2.79312 2.18715
2.84142 2.18715
2.88972 2.18715
2.93803 2.18715
2.98633 2.18715
3.03463 2.18715
5.42771 3.80822
7.82078 3.80822
10.2139 3.80822
12.6069 3.80822
15.0 3.80822
0.0 0.48072
0.0548283 0.48072
0.109657 0.504469
0.164485 0.528218
0.219313 0.551968
0.273403 0.551968
0.327492 0.771393
0.381582 0.990818
0.435672 1.21024
0.485983 1.21024
0.536294 1.23641
0.586605 1.26257
0.636916 1.28873
0.687228 1.3149
0.737539 1.34106
0.78785 1.36723
0.838161 1.39339
0.888472 1.41955
0.938783 1.44572
0.989095 1.47188
1.03941 1.49804
1.08972 1.52421
1.14003 1.55037
1.19034 1.57653
1.24065 1.6027
1.29096 1.62886
1.34127 1.65502
1.39158 1.68119
1.4419 1.70735
1.49221 1.73351
1.54252 1.75968
1.59283 1.78584
1.64314 1.81201
1.69345 1.83817
1.74387 1.83817
1.79429 1.85441
1.84471 1.87065
1.89513 1.88689
1.94555 1.90313
1.99597 1.91937
2.04639 1.93561
2.09681 1.95185
2.14723 1.96809
2.19765 1.98433
2.24807 2.00057
2.29849 2.01681
2.34891 2.03305
2.39933 2.04929
2.44975 2.06553
2.50017 2.08177
2.55059 2.09801
2.60101 2.11425
2.65143 2.13048
2.70185 2.14672
2.75227 2.16296
2.80269 2.1792
2.85311 2.19544
2.90353 2.21168
2.95228 2.21168
3.00103 2.21168
3.04978 2.21168
3.09853 2.21168
3.14728 2.21168
3.19603 2.21168
3.24478 2.21168
3.29354 2.21168
3.34229 2.21168
3.39104 2.21168
3.43979 2.21168
3.48854 2.21168
3.53729 2.21168
3.58604 2.21168
5.86883 3.77719
8.15163 3.77719
10.4344 3.77719
12.7172 3.77719
15.0 3.77719
0.0 0.500374
0.0453137 0.500374
0.0906274 0.503962
0.135941 0.507551
0.181255 0.511139
0.231081 0.511139
0.280907 0.619884
0.330733 0.72863
0.380559 0.837375
0.430385 0.94612
0.480212 1.05487
0.530038 1.16361
0.580098 1.16361
0.630158 1.19449
0.680218 1.22538
0.730278 1.25626
0.780338 1.28714
0.830398 1.31802
0.880458 1.3489
0.930519 1.37979
0.980579 1.41067
1.03064 1.44155
1.0807 1.47243
1.13076 1.50331
1.18082 1.5342
1.23088 1.56508
1.28094 1.59596
1.331 1.62684
1.38106 1.65772
1.43112 1.68861
1.48118 1.71949
1.53124 1.75037
1.5813 1.78125
1.63236 1.78125
1.68342 1.80992
1.73448 1.83858
1.78555 1.86724
1.83661 1.89591
1.88767 1.92457
1.93873 1.95324
1.98979 1.9819
2.04085 2.01056
2.09192 2.03923
2.14298 2.06789
2.19404 2.09655
2.2451 2.12522
2.29616 2.15388
2.34722 2.18254
2.39829 2.21121
2.4484 2.21121
2.49852 2.21121
2.54864 2.21121
2.59876 2.21121
2.64887 2.21121
2.69899 2.21121
2.74911 2.21121
2.79923 2.21121
2.84934 2.21121
2.89946 2.21121
2.94958 2.21121
2.99969 2.21121
3.04981 2.21121
3.09993 2.21121
3.15005 2.21121
3.20016 2.21121
3.25028 2.21121
3.3004 2.21121
3.35052 2.21121
3.40063 2.21121
5.72051 3.82054
8.04038 3.82054
10.3603 3.82054
12.6801 3.82054
15.0 3.82054
0.0 0.479143
0.0536815 0.479143
0.107363 0.505283
0.161044 0.531422
0.214726 0.557561
0.26309 0.557561
0.311454 0.659187
0.359818 0.760812
0.408182 0.862437
0.456546 0.964062
0.504911 1.06569
0.553275 1.16731
0.602499 1.16731
0.651722 1.19209
0.700946 1.21688
0.75017 1.24166
0.799394 1.26644
0.848618 1.29122
0.897842 1.31601
0.947065 1.34079
0.996289 1.36557
1.04551 1.39035
1.09474 1.41514
1.14396 1.43992
1.19318 1.4647
1.24241 1.48948
1.29163 1.51426
1.34086 1.53905
1.39008 1.56383
1.4393 1.58861
1.48853 1.61339
1.53775 1.63818
1.58698 1.66296
1.6362 1.68774
1.68542 1.71252
1.73465 1.73731
1.78488 1.73731
1.83512 1.76494
1.88535 1.79257
1.93559 1.8202
1.98582 1.84784
2.03606 1.87547
2.08629 1.9031
2.13653 1.93073
2.18676 1.95837
2.237 1.986
2.28723 2.01363
2.33747 2.04126
2.3877 2.0689
2.43794 2.09653
2.48817 2.12416
2.5384 2.15179
2.59123 2.15179
2.64406 2.15179
2.69689 2.15179
2.74972 2.15179
2.80255 2.15179
2.85538 2.15179
2.90821 2.15179
5.32657 3.81043
7.74492 3.81043
10.1633 3.81043
12.5816 3.81043
15.0 3.81043
0.0 0.492447
0.0558968 0.492447
0.111794 0.50104
0.16769 0.509633
0.223587 0.518226
0.272633 0.518226
0.321679 0.741995
0.370725 0.965764
0.419771 1.18953
0.469476 1.18953
0.51918 1.2396
0.568885 1.28967
0.618589 1.33973
0.668294 1.3898
0.717998 1.43987
0.767702 1.48993
0.817407 1.54
0.867111 1.59007
0.916816 1.64014
0.96652 1.6902
1.01622 1.74027
1.0676 1.74027
1.11897 1.76619
1.17034 1.79212
1.22171 1.81804
1.27308 1.84397
1.32445 1.86989
1.37582 1.89581
1.42719 1.92174
1.47857 1.94766
1.52994 1.97359
1.58131 1.99951
1.63268 2.02543
1.68405 2.05136
1.73542 2.07728
1.78679 2.10321
1.8327 2.10321
1.8786 2.10321
1.92451 2.10321
1.97041 2.10321
2.01632 2.10321
4.61305 3.84366
7.20979 3.84366
9.80653 3.84366
12.4033 3.84366
15.0 3.84366
0.0 0.498979
0.0524036 0.498979
0.104807 0.507703
0.157211 0.516427
0.209614 0.525151
0.262018 0.533875
0.313916 0.533875
0.365815 0.84736
0.417713 1.16084
0.467545 1.16084
0.517377 1.21562
0.567209 1.2704
0.617041 1.32518
0.666873 1.37996
0.716706 1.43474
0.766538 1.48952
0.81637 1.5443
0.866202 1.59908
0.916034 1.65385
0.965866 1.70863
1.0157 1.76341
1.06659 1.76341
1.11749 1.78795
1.16838 1.81249
1.21927 1.83702
1.27017 1.86156
1.32106 1.8861
1.37196 1.91064
1.42285 1.93517
1.47375 1.95971
1.52464 1.98425
1.57553 2.00878
1.62643 2.03332
1.67732 2.05786
1.72822 2.0824
1.77911 2.10693
1.82926 2.10693
1.87941 2.10693
1.92956 2.10693
1.9797 2.10693
2.02985 2.10693
2.08 2.10693
2.13015 2.10693
2.1803 2.10693
2.23045 2.10693
2.28059 2.10693
2.33074 2.10693
2.38089 2.10693
2.43104 2.10693
2.48119 2.10693
2.53134 2.10693
2.58149 2.10693
2.63163 2.10693
5.10531 3.83488
7.57898 3.83488
10.0527 3.83488
12.5263 3.83488
15.0 3.83488
0.0 0.478541
0.0471161 0.478541
0.0942322 0.490277
0.141348 0.502013
0.188464 0.513748
0.246048 0.513748
0.303631 1.17776
0.353665 1.17776
0.403698 1.23563
0.453731 1.2935
0.503764 1.35137
0.553797 1.40924
0.603831 1.46711
0.653864 1.52498
0.703897 1.58285
0.75393 1.64072
0.803963 1.69859
0.853997 1.75646
0.905254 1.75646
0.95651 1.78957
1.00777 1.82269
1.05902 1.8558
1.11028 1.88891
1.16154 1.92202
1.21279 1.95514
1.26405 1.98825
1.31531 2.02136
1.36657 2.05448
1.41782 2.08759
1.46908 2.1207
1.52034 2.15381
1.57159 2.18693
1.62285 2.22004
1.6722 2.22004
1.72155 2.22004
1.77091 2.22004
1.82026 2.22004
1.86961 2.22004
1.91896 2.22004
1.96831 2.22004
2.01767 2.22004
2.06702 2.22004
2.11637 2.22004
2.16572 2.22004
2.21508 2.22004
2.26443 2.22004
2.31378 2.22004
2.36313 2.22004
2.41248 2.22004
2.46184 2.22004
2.51119 2.22004
5.00895 3.83557
7.50671 3.83557
10.0045 3.83557
12.5022 3.83557
15.0 3.83557
0.0 0.477663
0.0561913 0.477663
0.112383 0.49838
0.168574 0.519097
0.224765 0.539814
0.273441 0.539814
0.322117 1.14736
0.372655 1.14736
0.423194 1.22706
0.473733 1.30676
0.524271 1.38645
0.57481 1.46615
0.625348 1.54585
0.675887 1.62554
0.726426 1.70524
0.776964 1.78494
0.825258 1.78494
0.873552 1.82572
0.921846 1.8665
0.970141 1.90729
1.01843 1.94807
1.06673 1.98886
1.11502 2.02964
1.16332 2.07043
1.21161 2.11121
1.25991 2.15199
1.3082 2.19278
1.35725 2.19278
1.40629 2.19278
1.45534 2.19278
1.50438 2.19278
1.55343 2.19278
1.60248 2.19278
1.65152 2.19278
1.70057 2.19278
1.74961 2.19278
1.79866 2.19278
1.84771 2.19278
1.89675 2.19278
1.9458 2.19278
1.99485 2.19278
2.04389 2.19278
2.09294 2.19278
2.14198 2.19278
4.71359 3.75339
7.28519 3.75339
9.85679 3.75339
12.4284 3.75339
15.0 3.75339
0.0 0.503799
0.0542096 0.503799
0.108419 0.509772
0.162629 0.515745
0.216838 0.521718
0.277234 0.521718
0.33763 1.11452
0.386349 1.11452
0.435069 1.22156
0.483789 1.32861
0.532509 1.43566
0.581228 1.5427
0.629948 1.64975
0.678668 1.75679
0.727388 1.86384
0.773426 1.86384
0.819465 1.93496
0.865503 2.00608
0.911542 2.0772
0.957581 2.14832
1.00362 2.21944
1.05295 2.21944
1.10229 2.21944
1.15162 2.21944
1.20096 2.21944
1.25029 2.21944
1.29963 2.21944
1.34896 2.21944
1.3983 2.21944
1.44763 2.21944
1.49697 2.21944
1.5463 2.21944
1.59563 2.21944
1.64497 2.21944
1.6943 2.21944
1.74364 2.21944
1.79297 2.21944
1.84231 2.21944
1.89164 2.21944
1.94098 2.21944
1.99031 2.21944
2.03965 2.21944
4.63172 3.75218
7.22379 3.75218
9.81586 3.75218
12.4079 3.75218
15.0 3.75218
0.0 0.497872
0.0512998 0.497872
0.1026 0.509123
0.153899 0.520373
0.205199 0.531624
0.256499 0.542874
0.313557 0.542874
0.370614 1.08159
0.422327 1.08159
0.474039 1.1735
0.525752 1.26542
0.577464 1.35733
0.629177 1.44924
0.680889 1.54115
0.732602 1.63306
0.784314 1.72498
0.836027 1.81689
0.883191 1.81689
0.930355 1.89944
0.97752 1.982
1.02468 2.06456
1.07185 2.14711
1.11901 2.22967
1.16816 2.22967
1.21731 2.22967
1.26646 2.22967
1.3156 2.22967
1.36475 2.22967
1.4139 2.22967
1.46305 2.22967
1.5122 2.22967
1.56134 2.22967
1.61049 2.22967
1.65964 2.22967
1.70879 2.22967
1.75793 2.22967
1.80708 2.22967
1.85623 2.22967
1.90538 2.22967
1.95452 2.22967
2.00367 2.22967
2.05282 2.22967
2.10197 2.22967
2.15112 2.22967
2.20026 2.22967
2.24941 2.22967
2.29856 2.22967
2.34771 2.22967
4.87817 3.67466
7.40862 3.67466
9.93908 3.67466
12.4695 3.67466
15.0 3.67466
0.0 0.469977
0.0465697 0.469977
0.0931394 0.492577
0.139709 0.515177
0.186279 0.537777
0.232848 0.560376
0.279418 0.582976
0.309399 0.582976
0.339379 1.09605
0.387434 1.09605
0.435488 1.17144
0.483543 1.24684
0.531597 1.32223
0.579651 1.39762
0.627706 1.47302
0.67576 1.54841
0.723815 1.6238
0.771869 1.69919
0.819838 1.69919
0.867807 1.76705
0.915776 1.8349
0.963745 1.90275
1.01171 1.97061
1.05968 2.03846
1.10765 2.10631
1.15562 2.17416
1.20359 2.24202
1.25435 2.24202
1.30512 2.24202
1.35588 2.24202
1.40665 2.24202
1.45741 2.24202
1.50817 2.24202
1.55894 2.24202
1.6097 2.24202
1.66047 2.24202
1.71123 2.24202
1.762 2.24202
1.81276 2.24202
1.86352 2.24202
1.91429 2.24202
1.96505 2.24202
2.01582 2.24202
2.06658 2.24202
2.11735 2.24202
2.16811 2.24202
2.21887 2.24202
2.26964 2.24202
4.81571 3.65785
7.36178 3.65785
9.90786 3.65785
12.4539 3.65785
15.0 3.65785
0.0 0.48673
0.0494244 0.48673
0.0988487 0.504188
0.148273 0.521645
0.197697 0.539102
0.247122 0.55656
0.296546 0.574017
0.340421 0.574017
0.384296 0.767116
0.428171 0.960214
0.472047 1.15331
0.526927 1.15331
0.581808 1.28757
0.636689 1.42182
0.691569 1.55608
0.74645 1.69034
0.794278 1.69034
0.842107 1.76214
0.889936 1.83394
0.937764 1.90575
0.985593 1.97755
1.03342 2.04935
1.08125 2.12116
1.12908 2.19296
1.17691 2.26476
1.22775 2.26476
1.27859 2.26476
1.32943 2.26476
1.38027 2.26476
1.43111 2.26476
1.48195 2.26476
1.53279 2.26476
1.58364 2.26476
1.63448 2.26476
1.68532 2.26476
1.73616 2.26476
1.787 2.26476
1.83784 2.26476
1.88868 2.26476
1.93952 2.26476
1.99036 2.26476
2.04121 2.26476
2.09205 2.26476
2.14289 2.26476
2.19373 2.26476
2.24457 2.26476
2.29541 2.26476
2.34625 2.26476
2.39709 2.26476
2.44793 2.26476
2.49877 2.26476
2.54962 2.26476
2.60046 2.26476
2.6513 2.26476
5.12104 3.68203
7.59078 3.68203
10.0605 3.68203
12.5303 3.68203
15.0 3.68203
0.0 0.489005
0.0498957 0.489005
0.0997914 0.511808
0.149687 0.534611
0.199583 0.557413
0.249479 0.580216
0.297661 0.580216
0.345843 0.693858
0.394026 0.8075
0.442208 0.921142
0.490391 1.03478
0.539159 1.03478
0.587927 1.12299
0.636696 1.21119
0.685464 1.2994
0.734232 1.3876
0.783001 1.47581
0.831769 1.56401
0.880537 1.65221
0.93037 1.65221
0.980203 1.65974
1.03004 1.66726
1.07987 1.67479
1.1297 1.68231
1.17953 1.68984
1.22937 1.69736
1.2792 1.70488
1.32903 1.71241
1.37886 1.71993
1.4287 1.72746
1.47853 1.73498
1.52836 1.74251
1.57819 1.75003
1.62803 1.75755
1.67786 1.76508
1.72769 1.7726
1.77753 1.78013
1.82736 1.78765
1.87719 1.79518
1.92702 1.8027
1.97686 1.81022
2.02669 1.81775
2.07652 1.82527
2.12635 1.8328
2.17619 1.84032
2.22602 1.84785
2.27585 1.85537
2.32569 1.86289
2.37552 1.87042
2.42535 1.87794
2.47518 1.88547
2.52502 1.89299
2.57485 1.90052
2.62468 1.90804
2.67451 1.91556
2.72435 1.92309
2.77418 1.93061
2.82401 1.93814
2.87385 1.94566
2.92368 1.95319
2.97351 1.96071
3.02334 1.96824
3.07318 1.97576
3.12301 1.98328
3.17284 1.99081
3.22267 1.99833
3.27271 1.99833
3.32274 1.99833
3.37277 1.99833
3.4228 1.99833
3.47284 1.99833
3.52287 1.99833
3.5729 1.99833
3.62293 1.99833
3.67297 1.99833
3.723 1.99833
3.77303 1.99833
3.82306 1.99833
3.8731 1.99833
3.92313 1.99833
3.97316 1.99833
4.02319 1.99833
4.07323 1.99833
4.12326 1.99833
4.17329 1.99833
6.87997 3.53359
9.58665 3.53359
12.2933 3.53359
15.0 3.53359
0.0 0.495041
0.0512962 0.495041
0.102592 0.510952
0.153889 0.526863
0.205185 0.542774
0.25592 0.542774
0.306655 0.584206
0.357389 0.625639
0.408124 0.667072
0.458859 0.708504
0.509594 0.749937
0.560329 0.791369
0.611064 0.832802
0.661798 0.874235
0.712533 0.915667
0.763268 0.9571
0.814003 0.998532
0.864738 1.03996
0.915473 1.0814
0.966207 1.12283
1.01439 1.12283
1.06257 1.18906
1.11074 1.25529
1.15892 1.32152
1.2071 1.38776
1.25528 1.45399
1.30346 1.52022
1.35164 1.58645
1.39982 1.65268
1.448 1.71891
1.49618 1.78515
1.54436 1.85138
1.59485 1.85138
1.64534 1.8527
1.69583 1.85401
1.74632 1.85533
1.79681 1.85665
1.8473 1.85797
1.89779 1.85929
1.94829 1.86061
1.99878 1.86193
2.04927 1.86325
2.09976 1.86457
2.15025 1.86588
2.20074 1.8672
2.25123 1.86852
2.30172 1.86984
2.35222 1.87116
2.40271 1.87248
2.4532 1.8738
2.50369 1.87512
2.55418 1.87643
2.60467 1.87775
2.65516 1.87907
2.70565 1.88039
2.75614 1.88171
2.80664 1.88303
2.85713 1.88435
2.90762 1.88567
2.95786 1.88567
3.0081 1.88567
3.05834 1.88567
3.10858 1.88567
3.15881 1.88567
3.20905 1.88567
3.25929 1.88567
3.30953 1.88567
3.35977 1.88567
3.41001 1.88567
3.46025 1.88567
3.51049 1.88567
3.56073 1.88567
3.61097 1.88567
3.66121 1.88567
3.71145 1.88567
3.76169 1.88567
6.57126 3.58286
9.38084 3.58286
12.1904 3.58286
15.0 3.58286
0.0 0.505847
0.0564875 0.505847
0.112975 0.506061
0.169462 0.506275
0.217992 0.506275
0.266522 0.610833
0.315052 0.715391
0.363582 0.819949
0.412111 0.924507
0.460641 1.02907
0.509171 1.13362
0.557996 1.13362
0.606822 1.17094
0.655647 1.20825
0.704473 1.24557
0.753298 1.28289
0.802123 1.3202
0.850949 1.35752
0.899774 1.39483
0.9486 1.43215
0.997425 1.46946
1.04625 1.50678
1.09508 1.54409
1.1439 1.58141
1.19273 1.61873
1.24155 1.65604
1.29038 1.69336
1.3392 1.73067
1.38803 1.76799
1.43685 1.8053
1.48568 1.84262
1.53572 1.84262
1.58576 1.84874
1.6358 1.85487
1.68584 1.86099
1.73588 1.86712
1.78592 1.87324
1.83596 1.87936
1.886 1.88549
1.93604 1.89161
1.98608 1.89774
2.03612 1.90386
2.08616 1.90998
2.1362 1.91611
2.18665 1.91611
2.2371 1.91611
2.28756 1.91611
2.33801 1.91611
2.38846 1.91611
2.43891 1.91611
2.48936 1.91611
2.53981 1.91611
2.59026 1.91611
2.64071 1.91611
2.69117 1.91611
2.74162 1.91611
2.79207 1.91611
2.84252 1.91611
5.27401 3.57022
7.70551 3.57022
10.137 3.57022
12.5685 3.57022
15.0 3.57022
0.0 0.500202
0.0515708 0.500202
0.103142 0.501001
0.154713 0.501801
0.211707 0.501801
0.268702 0.802132
0.325697 1.10246
0.377473 1.10246
0.429249 1.16422
0.481025 1.22598
0.532801 1.28774
0.584577 1.3495
0.636353 1.41125
0.688128 1.47301
0.739904 1.53477
0.79168 1.59653
0.843456 1.65829
0.895232 1.72004
0.947008 1.7818
0.998784 1.84356
1.05056 1.90532
1.10064 1.90532
1.15073 1.91136
1.20081 1.91739
1.2509 1.92343
1.30098 1.92947
1.35107 1.93551
1.40115 1.94155
1.45124 1.94758
1.50132 1.95362
1.55185 1.95362
1.60238 1.95362
1.65291 1.95362
1.70344 1.95362
1.75397 1.95362
1.80449 1.95362
1.85502 1.95362
1.90555 1.95362
1.95608 1.95362
2.00661 1.95362
2.05714 1.95362
2.10767 1.95362
2.1582 1.95362
2.20873 1.95362
2.25926 1.95362
2.30979 1.95362
2.36032 1.95362
2.41085 1.95362
2.46137 1.95362
2.5119 1.95362
5.00952 3.56054
7.50714 3.56054
10.0048 3.56054
12.5024 3.56054
15.0 3.56054
0.0 0.489665
0.0449654 0.489665
0.0899307 0.503114
0.134896 0.516563
0.179861 0.530012
0.230003 0.530012
0.280145 0.674966
0.330287 0.81992
0.380428 0.964874
0.43057 1.10983
0.480712 1.25478
0.533424 1.25478
0.586137 1.34165
0.638849 1.42852
0.691561 1.51539
0.744274 1.60226
0.796986 1.68913
0.849698 1.776
0.902411 1.86287
0.955123 1.94974
1.00509 1.94974
1.05507 1.95436
1.10504 1.95898
1.15501 1.9636
1.20498 1.96822
1.25495 1.97284
1.30492 1.97746
1.35489 1.98208
1.40486 1.9867
1.45483 1.99132
1.5048 1.99594
1.55478 2.00056
1.60475 2.00517
1.65564 2.00517
1.70653 2.00517
1.75741 2.00517
1.8083 2.00517
1.85919 2.00517
1.91008 2.00517
1.96097 2.00517
2.01186 2.00517
2.06275 2.00517
2.11364 2.00517
2.16453 2.00517
2.21542 2.00517
2.26631 2.00517
2.3172 2.00517
2.36809 2.00517
2.41898 2.00517
2.46987 2.00517
2.52076 2.00517
5.01661 3.64012
7.51245 3.64012
10.0083 3.64012
12.5042 3.64012
15.0 3.64012
0.0 0.506489
0.049559 0.506489
0.0991179 0.508835
0.148677 0.511181
0.200476 0.511181
0.252275 0.647597
0.304073 0.784012
0.355872 0.920428
0.407671 1.05684
0.45947 1.19326
0.506873 1.19326
0.554277 1.34298
0.60168 1.49271
0.649083 1.64243
0.696487 1.79216
0.74389 1.94189
0.794489 1.94189
0.845088 1.9467
0.895687 1.95151
0.946285 1.95632
0.996884 1.96114
1.04748 1.96595
1.09808 1.97076
1.14868 1.97558
1.19928 1.98039
1.24988 1.9852
1.30048 1.99002
1.35108 1.99483
1.40168 1.99964
1.45227 2.00446
1.50287 2.00927
1.55347 2.01408
1.60407 2.0189
1.65467 2.02371
1.70527 2.02852
1.75587 2.03334
1.80647 2.03815
1.85568 2.03815
1.90489 2.03815
1.9541 2.03815
2.0033 2.03815
2.05251 2.03815
2.10172 2.03815
2.15093 2.03815
2.20014 2.03815
2.24935 2.03815
2.29856 2.03815
2.34777 2.03815
2.39698 2.03815
2.44619 2.03815
2.4954 2.03815
2.54461 2.03815
2.59382 2.03815
2.64303 2.03815
5.11442 3.61918
7.58582 3.61918
10.0572 3.61918
12.5286 3.61918
15.0 3.61918
0.0 0.489586
0.0476693 0.489586
0.0953386 0.496281
0.143008 0.502977
0.190677 0.509673
0.23812 0.509673
0.285564 0.861302
0.333007 1.21293
0.38073 1.21293
0.428453 1.38438
0.476176 1.55583
0.5239 1.72728
0.571623 1.89873
0.6219 1.89873
0.672178 1.90593
0.722456 1.91314
0.772734 1.92034
0.823011 1.92754
0.873289 1.93474
0.923567 1.94195
0.973845 1.94915
1.02412 1.95635
1.0744 1.96356
1.12468 1.97076
1.17496 1.97796
1.22523 1.98516
1.27551 1.99237
1.32579 1.99957
1.37607 2.00677
1.42634 2.01398
1.47666 2.01398
1.52697 2.01398
1.57728 2.01398
1.62759 2.01398
1.6779 2.01398
1.72821 2.01398
1.77852 2.01398
1.82883 2.01398
1.87915 2.01398
1.92946 2.01398
1.97977 2.01398
2.03008 2.01398
2.08039 2.01398
2.1307 2.01398
2.18101 2.01398
2.23132 2.01398
2.28164 2.01398
2.33195 2.01398
2.38226 2.01398
2.43257 2.01398
2.48288 2.01398
4.9863 3.60242
7.48973 3.60242
9.99315 3.60242
12.4966 3.60242
15.0 3.60242
0.0 0.483216
0.0516575 0.483216
0.103315 0.4994
0.154972 0.515583
0.20663 0.531766
0.258094 0.531766
0.309559 0.765776
0.361023 0.999785
0.412487 1.23379
0.464605 1.23379
0.516722 1.33621
0.56884 1.43863
0.620958 1.54104
0.673075 1.64346
0.725193 1.74587
0.777311 1.84829
0.828262 1.84829
0.879212 1.85439
0.930163 1.86049
0.981114 1.86658
1.03206 1.87268
1.08302 1.87878
1.13397 1.88488
1.18492 1.89097
1.23587 1.89707
1.28682 1.90317
1.33777 1.90927
1.38872 1.91536
1.43967 1.92146
1.49062 1.92756
1.54157 1.93366
1.59252 1.93976
1.64347 1.94585
1.69443 1.95195
1.74538 1.95805
1.79633 1.96415
1.84728 1.97024
1.89823 1.97634
1.94918 1.98244
2.00013 1.98854
2.05077 1.98854
2.10141 1.98854
2.15205 1.98854
2.20269 1.98854
2.25333 1.98854
2.30396 1.98854
2.3546 1.98854
2.40524 1.98854
2.45588 1.98854
2.50652 1.98854
2.55716 1.98854
2.6078 1.98854
2.65844 1.98854
2.70908 1.98854
2.75971 1.98854
2.81035 1.98854
2.86099 1.98854
2.91163 1.98854
2.96227 1.98854
3.01291 1.98854
3.06355 1.98854
3.11419 1.98854
3.16483 1.98854
3.21547 1.98854
3.2661 1.98854
3.31674 1.98854
3.36738 1.98854
3.41802 1.98854
5.73442 3.74809
8.05081 3.74809
10.3672 3.74809
12.6836 3.74809
15.0 3.74809
0.0 0.4896
0.0536665 0.4896
0.107333 0.506302
0.157261 0.506302
0.207188 0.569138
0.257116 0.631973
0.307043 0.694809
0.356971 0.757644
0.406899 0.820479
0.456826 0.883315
0.506754 0.94615
0.556681 1.00899
0.606609 1.07182
0.656537 1.13466
0.706464 1.19749
0.757369 1.19749
0.808273 1.29329
0.859178 1.3891
0.910082 1.4849
0.960987 1.5807
1.01189 1.6765
1.0628 1.7723
1.1137 1.86811
1.16423 1.86811
1.21477 1.87027
1.2653 1.87244
1.31583 1.8746
1.36637 1.87676
1.4169 1.87893
1.46743 1.88109
1.51796 1.88326
1.5685 1.88542
1.61903 1.88759
1.66956 1.88975
1.7201 1.89192
1.77063 1.89408
1.82116 1.89624
1.8717 1.89841
1.92223 1.90057
1.97276 1.90274
2.02329 1.9049
2.07383 1.90707
2.12436 1.90923
2.17489 1.9114
2.22543 1.91356
2.27596 1.91573
2.32649 1.91789
2.37703 1.92005
2.42756 1.92222
2.47809 1.92438
2.52863 1.92655
2.57916 1.92871
2.62969 1.93088
2.68022 1.93304
2.73076 1.93521
2.77989 1.93521
2.82902 1.93521
2.87815 1.93521
2.92728 1.93521
2.97641 1.93521
3.02554 1.93521
3.07467 1.93521
3.1238 1.93521
3.17293 1.93521
3.22206 1.93521
3.27119 1.93521
3.32032 1.93521
3.36945 1.93521
3.41858 1.93521
3.46771 1.93521
3.51684 1.93521
3.56597 1.93521
3.6151 1.93521
3.66423 1.93521
3.71336 1.93521
3.76249 1.93521
6.57187 3.75782
9.38124 3.75782
12.1906 3.75782
15.0 3.75782
0.0 0.49377
0.0587903 0.49377
0.117581 0.500824
0.16527 0.500824
0.212959 0.574774
0.260649 0.648725
0.308338 0.722675
0.356028 0.796625
0.403717 0.870575
0.451406 0.944526
0.499096 1.01848
0.546785 1.09243
0.594475 1.16638
0.646495 1.16638
0.698514 1.23369
0.750534 1.30101
0.802554 1.36833
0.854574 1.43565
0.906594 1.50296
0.958614 1.57028
1.01063 1.6376
1.06265 1.70492
1.11467 1.77223
1.16669 1.83955
1.21871 1.90687
1.26782 1.90687
1.31694 1.90793
1.36605 1.909
1.41516 1.91007
1.46427 1.91114
1.51338 1.91221
1.56249 1.91327
1.6116 1.91434
1.66072 1.91541
1.70983 1.91648
1.75894 1.91754
1.80805 1.91861
1.85716 1.91968
1.90627 1.92075
1.95538 1.92181
2.0045 1.92288
2.05361 1.92395
2.10272 1.92502
2.15183 1.92608
2.20094 1.92715
2.25005 1.92822
2.29916 1.92929
2.34828 1.93035
2.39739 1.93142
2.4465 1.93249
2.49738 1.93249
2.54826 1.93249
2.59914 1.93249
2.65003 1.93249
2.70091 1.93249
2.75179 1.93249
2.80267 1.93249
2.85355 1.93249
2.90443 1.93249
2.95531 1.93249
5.36425 3.70917
7.77319 3.70917
10.1821 3.70917
12.5911 3.70917
15.0 3.70917
0.0 0.49166
0.0546471 0.49166
0.109294 0.504299
0.163941 0.516937
0.218588 0.529575
0.265451 0.529575
0.312313 0.836412
0.359175 1.14325
0.409912 1.14325
0.460649 1.20773
0.511386 1.2722
0.562124 1.33668
0.612861 1.40116
0.663598 1.46564
0.714335 1.53011
0.765072 1.59459
0.815809 1.65907
0.866546 1.72355
0.917283 1.78803
0.96802 1.8525
1.01876 1.91698
1.06719 1.91698
1.11563 1.92108
1.16406 1.92518
1.21249 1.92928
1.26093 1.93338
1.30936 1.93748
1.3578 1.94159
1.40623 1.94569
1.45466 1.94979
1.5031 1.95389
1.55153 1.95799
1.59997 1.96209
1.6484 1.96619
1.69684 1.97029
1.74592 1.97029
1.79501 1.97029
1.8441 1.97029
1.89318 1.97029
1.94227 1.97029
1.99136 1.97029
2.04045 1.97029
2.08953 1.97029
4.67163 3.65709
7.25372 3.65709
9.83581 3.65709
12.4179 3.65709
15.0 3.65709
0.0 0.490105
0.047731 0.490105
0.095462 0.497131
0.143193 0.504156
0.190924 0.511182
0.23904 0.511182
0.287156 1.11607
0.335914 1.11607
0.384671 1.20768
0.433429 1.29929
0.482186 1.3909
0.530944 1.48251
0.579701 1.57413
0.628459 1.66574
0.677216 1.75735
0.725974 1.84896
0.774731 1.94057
0.832352 1.94057
0.889974 1.97032
0.947595 2.00007
0.996745 2.00007
1.0459 2.00007
1.09505 2.00007
1.1442 2.00007
1.19335 2.00007
1.2425 2.00007
1.29165 2.00007
1.3408 2.00007
1.38995 2.00007
1.4391 2.00007
1.48825 2.00007
1.5374 2.00007
1.58655 2.00007
1.6357 2.00007
1.68485 2.00007
1.734 2.00007
1.78315 2.00007
1.8323 2.00007
1.88145 2.00007
1.9306 2.00007
1.97975 2.00007
2.0289 2.00007
4.62312 3.58185
7.21734 3.58185
9.81156 3.58185
12.4058 3.58185
15.0 3.58185
0.0 0.48133
0.0457231 0.48133
0.0914462 0.495099
0.137169 0.508867
0.182892 0.522636
0.229955 0.522636
0.277018 0.6767
0.32408 0.830764
0.371143 0.984828
0.418206 1.13889
0.468628 1.13889
0.51905 1.30369
0.569473 1.46848
0.619895 1.63327
0.670318 1.79807
0.72074 1.96286
0.766921 1.96286
0.813101 1.98178
0.859282 2.00071
0.905463 2.01963
0.951643 2.03855
0.997824 2.05747
1.04767 2.05747
1.09751 2.05747
1.14735 2.05747
1.19719 2.05747
1.24703 2.05747
1.29687 2.05747
1.34672 2.05747
1.39656 2.05747
1.4464 2.05747
1.49624 2.05747
1.54608 2.05747
1.59593 2.05747
1.64577 2.05747
1.69561 2.05747
1.74545 2.05747
1.79529 2.05747
1.84513 2.05747
1.89498 2.05747
1.94482 2.05747
1.99466 2.05747
2.0445 2.05747
2.09434 2.05747
2.14418 2.05747
2.19403 2.05747
2.24387 2.05747
2.29371 2.05747
2.34355 2.05747
4.87484 3.60325
7.40613 3.60325
9.93742 3.60325
12.4687 3.60325
15.0 3.60325
0.0 0.47888
0.0446558 0.47888
0.0893116 0.494471
0.133967 0.510061
0.178623 0.525652
0.227323 0.525652
0.276024 0.656793
0.324724 0.787934
0.373424 0.919074
0.422124 1.05022
0.470824 1.18136
0.519594 1.18136
0.568364 1.35838
0.617134 1.53541
0.665904 1.71243
0.714674 1.88945
0.764831 1.88945
0.814988 1.89386
0.865144 1.89827
0.915301 1.90267
0.965458 1.90708
1.01561 1.91149
1.06577 1.91589
1.11593 1.9203
1.16609 1.9247
1.21624 1.92911
1.2664 1.93352
1.31656 1.93792
1.36671 1.94233
1.41687 1.94674
1.46703 1.95114
1.51718 1.95555
1.56734 1.95995
1.6175 1.96436
1.66765 1.96877
1.71781 1.97317
1.76797 1.97758
1.81812 1.98199
1.86828 1.98639
1.91844 1.9908
1.96859 1.9952
2.01875 1.99961
2.06986 1.99961
2.12098 1.99961
2.17209 1.99961
2.22321 1.99961
2.27432 1.99961
2.32543 1.99961
2.37655 1.99961
2.42766 1.99961
2.47877 1.99961
2.52989 1.99961
2.581 1.99961
2.63211 1.99961
2.68323 1.99961
2.73434 1.99961
2.78545 1.99961
2.83657 1.99961
2.88768 1.99961
2.93879 1.99961
5.35104 3.54941
7.76328 3.54941
10.1755 3.54941
12.5878 3.54941
15.0 3.54941
0.0 0.483216
0.0555752 0.483216
0.11115 0.500105
0.166726 0.516995
0.219568 0.516995
0.27241 0.643448
0.325252 0.769901
0.378094 0.896354
0.430936 1.02281
0.483778 1.14926
0.53532 1.14926
0.586862 1.23481
0.638403 1.32036
0.689945 1.40591
0.741487 1.49146
0.793029 1.57702
0.84457 1.66257
0.896112 1.74812
0.947654 1.83367
0.997644 1.83367
1.04763 1.84135
1.09762 1.84903
1.14761 1.85672
1.1976 1.8644
1.24759 1.87208
1.29759 1.87977
1.34758 1.88745
1.39757 1.89513
1.44756 1.90281
1.49755 1.9105
1.54754 1.91818
1.59753 1.92586
1.64752 1.93355
1.69751 1.94123
1.7475 1.94891
1.79749 1.95659
1.84748 1.96428
1.89747 1.97196
1.94746 1.97964
1.99745 1.98732
2.0467 1.98732
2.09595 1.98732
2.14519 1.98732
2.19444 1.98732
2.24369 1.98732
2.29294 1.98732
2.34219 1.98732
2.39144 1.98732
2.44069 1.98732
2.48994 1.98732
2.53919 1.98732
2.58844 1.98732
2.63769 1.98732
2.68694 1.98732
2.73619 1.98732
2.78543 1.98732
2.83468 1.98732
2.88393 1.98732
2.93318 1.98732
2.98243 1.98732
3.03168 1.98732
5.42534 3.62238
7.81901 3.62238
10.2127 3.62238
12.6063 3.62238
15.0 3.62238
0.0 0.505039
0.0512608 0.505039
0.102522 0.507892
0.153782 0.510744
0.207566 0.510744
0.261349 0.630526
0.315132 0.750308
0.368915 0.87009
0.422699 0.989872
0.476482 1.10965
0.526605 1.10965
0.576728 1.20494
0.626852 1.30022
0.676975 1.39551
0.727098 1.49079
0.777221 1.58608
0.827345 1.68136
0.877468 1.77664
0.928766 1.77664
0.980065 1.80431
1.03136 1.83198
1.08266 1.85965
1.13396 1.88732
1.18526 1.91499
1.23656 1.94265
1.28647 1.94265
1.33638 1.94265
1.38629 1.94265
1.4362 1.94265
1.48611 1.94265
1.53602 1.94265
1.58593 1.94265
1.63584 1.94265
1.68575 1.94265
1.73566 1.94265
1.78557 1.94265
1.83548 1.94265
1.88539 1.94265
1.93529 1.94265
1.9852 1.94265
2.03511 1.94265
2.08502 1.94265
2.13493 1.94265
2.18484 1.94265
2.23475 1.94265
2.28466 1.94265
2.33457 1.94265
4.86766 3.62204
7.40074 3.62204
9.93383 3.62204
12.4669 3.62204
15.0 3.62204
