0.0 0.432072
0.0509707 0.432072
0.101941 0.432939
0.152912 0.433806
0.203883 0.434673
0.254854 0.43554
0.305824 0.436407
0.356795 0.437275
0.407766 0.438142
0.458737 0.439009
0.509707 0.439876
0.560678 0.440743
0.611649 0.441611
0.661758 0.441611
0.711867 0.46429
0.761976 0.48697
0.812084 0.50965
0.862193 0.532329
0.912302 0.555009
0.962411 0.577689
1.01252 0.600368
1.06263 0.623048
1.11274 0.645728
1.16285 0.668407
1.21296 0.691087
1.26306 0.713767
1.31317 0.736446
1.36328 0.759126
1.41339 0.781806
1.4635 0.804485
1.51361 0.827165
1.56372 0.849845
1.61383 0.872524
1.66394 0.895204
1.71404 0.917884
1.76235 0.917884
1.81067 1.01392
1.85898 1.10995
1.90729 1.20598
1.9556 1.30201
2.00391 1.39804
2.05222 1.49407
2.10053 1.5901
2.14884 1.68614
2.19715 1.78217
2.24546 1.8782
2.29661 1.8782
2.34776 1.93013
2.39891 1.98207
2.45006 2.034
2.50122 2.08594
2.55237 2.13788
2.60352 2.18981
2.65467 2.24175
2.70582 2.29368
2.75697 2.34562
2.80812 2.39755
2.85927 2.44949
2.91042 2.50142
2.96157 2.55336
3.01085 2.55336
3.06013 2.55336
3.10941 2.55336
3.15869 2.55336
3.20797 2.55336
3.25725 2.55336
3.30653 2.55336
3.35581 2.55336
3.40509 2.55336
3.45437 2.55336
3.50365 2.55336
3.55293 2.55336
3.60221 2.55336
5.88177 3.52469
8.16133 3.52469
10.4409 3.52469
12.7204 3.52469
15.0 3.52469
0.0 0.430386
0.0495618 0.430386
0.0991236 0.431385
0.148685 0.432385
0.198247 0.433384
0.247809 0.434383
0.297371 0.435382
0.346933 0.436381
0.396494 0.437381
0.446056 0.43838
0.495618 0.439379
0.54518 0.440378
0.594742 0.441377
0.644303 0.442377
0.693865 0.443376
0.743941 0.443376
0.794017 0.46397
0.844092 0.484563
0.894168 0.505157
0.944244 0.525751
0.994319 0.546345
1.0444 0.566939
1.09447 0.587532
1.14455 0.608126
1.19462 0.62872
1.2447 0.649314
1.29477 0.669908
1.34485 0.690501
1.39493 0.711095
1.445 0.731689
1.49508 0.752283
1.54515 0.772877
1.59523 0.79347
1.6453 0.814064
1.69538 0.834658
1.74545 0.855252
1.79553 0.875846
1.84561 0.896439
1.89568 0.917033
1.94481 0.917033
1.99393 0.971028
2.04305 1.02502
2.09218 1.07902
2.1413 1.13301
2.19042 1.18701
2.23955 1.241
2.28867 1.295
2.33779 1.34899
2.38692 1.40299
2.43604 1.45698
2.48516 1.51097
2.53429 1.56497
2.58341 1.61896
2.63253 1.67296
2.68166 1.72695
2.73078 1.78095
2.7799 1.83494
2.82903 1.88894
2.87887 1.88894
2.92871 1.94992
2.97856 2.0109
3.0284 2.07188
3.07825 2.13287
3.12809 2.19385
3.17794 2.25483
3.22778 2.31581
3.27763 2.37679
3.32747 2.43778
3.37731 2.49876
3.42716 2.55974
3.47703 2.55974
3.52691 2.55974
3.57678 2.55974
3.62666 2.55974
3.67653 2.55974
3.72641 2.55974
3.77628 2.55974
3.82615 2.55974
3.87603 2.55974
3.9259 2.55974
3.97578 2.55974
4.02565 2.55974
4.07553 2.55974
4.1254 2.55974
4.17528 2.55974
4.22515 2.55974
4.27502 2.55974
4.3249 2.55974
4.37477 2.55974
4.42465 2.55974
4.47452 2.55974
7.10589 3.59144
9.73726 3.59144
12.3686 3.59144
15.0 3.59144
0.0 0.48498
0.0311243 0.48498
0.0622485 0.511125
0.111586 0.511125
0.160923 0.530991
0.21026 0.550858
0.259597 0.570724
0.308935 0.590591
0.358272 0.610457
0.407609 0.630323
0.456946 0.65019
0.506283 0.670056
0.555621 0.689923
0.604958 0.709789
0.654295 0.729655
0.703632 0.749522
0.752969 0.769388
0.802307 0.789254
0.851644 0.809121
0.900981 0.828987
0.950318 0.848854
0.999655 0.86872
1.04899 0.888586
1.09833 0.908453
1.14767 0.928319
1.19982 0.928319
1.25197 1.07208
1.30413 1.21584
1.35628 1.3596
1.40843 1.50336
1.46058 1.64711
1.51274 1.79087
1.56489 1.93463
1.61209 1.93463
1.65929 2.5707
1.7086 2.5707
1.7579 2.5707
1.8072 2.5707
1.8565 2.5707
1.9058 2.5707
1.9551 2.5707
2.0044 2.5707
2.05371 2.5707
2.10301 2.5707
2.15231 2.5707
2.20161 2.5707
4.76129 3.63762
7.32097 3.63762
9.88064 3.63762
12.4403 3.63762
15.0 3.63762
0.0 0.471448
0.0288964 0.471448
0.0577929 0.513676
0.107237 0.513676
0.156681 0.532869
0.206125 0.552063
0.255569 0.571256
0.305013 0.590449
0.354457 0.609642
0.403902 0.628836
0.453346 0.648029
0.50279 0.667222
0.552234 0.686415
0.601678 0.705608
0.651122 0.724802
0.700566 0.743995
0.75001 0.763188
0.799454 0.782381
0.848898 0.801575
0.898342 0.820768
0.947787 0.839961
0.997231 0.859154
1.04667 0.878348
1.09612 0.897541
1.14556 0.916734
1.19501 0.935927
1.24445 0.95512
1.29106 0.95512
1.33766 1.13373
1.38427 1.31235
1.43088 1.49096
1.47749 1.66957
1.52409 1.84819
1.5707 2.0268
1.61658 2.0268
1.66247 2.28455
1.70835 2.54231
1.75823 2.54231
1.80812 2.54231
1.858 2.54231
1.90788 2.54231
1.95777 2.54231
2.00765 2.54231
2.05753 2.54231
2.10742 2.54231
2.1573 2.54231
2.20718 2.54231
4.76574 3.60563
7.32431 3.60563
9.88287 3.60563
12.4414 3.60563
15.0 3.60563
0.0 0.497505
0.0514344 0.497505
0.102869 0.500615
0.154303 0.503724
0.205737 0.506834
0.257172 0.509944
0.303832 0.509944
0.350493 0.603394
0.397153 0.696845
0.443813 0.790296
0.490474 0.883746
0.537134 0.977197
0.588135 0.977197
0.639136 1.02254
0.690136 1.06789
0.741137 1.11324
0.792137 1.15859
0.843138 1.20394
0.894139 1.24928
0.945139 1.29463
0.99614 1.33998
1.04714 1.38533
1.09814 1.43067
1.14914 1.47602
1.20014 1.52137
1.25114 1.56672
1.30214 1.61206
1.35314 1.65741
1.40415 1.70276
1.45515 1.74811
1.50615 1.79345
1.55715 1.8388
1.60815 1.88415
1.65915 1.9295
1.71015 1.97485
1.76115 2.02019
1.8134 2.02019
1.86565 2.11091
1.9179 2.20162
1.97016 2.29234
2.02241 2.38306
2.0717 2.38306
2.12099 2.38306
2.17028 2.38306
2.21957 2.38306
2.26886 2.38306
2.31816 2.38306
2.36745 2.38306
2.41674 2.38306
2.46603 2.38306
2.51532 2.38306
2.56461 2.38306
2.61391 2.38306
2.6632 2.38306
2.71249 2.38306
2.76178 2.38306
2.81107 2.38306
5.24886 3.42204
7.68664 3.42204
10.1244 3.42204
12.5622 3.42204
15.0 3.42204
0.0 0.471069
0.0491916 0.471069
0.0983832 0.492812
0.147575 0.514554
0.196766 0.536297
0.245958 0.558039
0.29515 0.579782
0.344341 0.601524
0.393533 0.623266
0.442724 0.645009
0.491916 0.666751
0.541107 0.688494
0.590299 0.710236
0.639836 0.710236
0.689373 0.719314
0.73891 0.728393
0.788448 0.737471
0.837985 0.746549
0.887522 0.755627
0.937059 0.764705
0.986596 0.773783
1.03613 0.782862
1.08567 0.79194
1.13521 0.801018
1.18474 0.810096
1.23428 0.819174
1.28382 0.828252
1.33336 0.83733
1.38289 0.846409
1.43243 0.855487
1.48197 0.864565
1.5315 0.873643
1.58104 0.882721
1.63058 0.891799
1.68012 0.900878
1.72965 0.909956
1.77919 0.919034
1.82873 0.928112
1.87826 0.93719
1.9278 0.946268
1.97187 0.946268
2.01594 1.33646
2.06001 1.72664
2.10408 2.11683
2.15518 2.11683
2.20629 2.17033
2.25739 2.22382
2.30849 2.27731
2.3596 2.33081
2.4107 2.3843
2.4618 2.4378
2.51291 2.49129
2.56401 2.54478
2.61511 2.59828
2.66622 2.65177
2.71732 2.70527
2.76842 2.75876
2.81953 2.81225
2.87063 2.86575
2.92173 2.91924
2.97284 2.97274
3.02394 3.02623
3.07504 3.07972
3.12661 3.07972
3.17817 3.07972
3.22974 3.07972
3.2813 3.07972
3.33287 3.07972
3.38444 3.07972
3.436 3.07972
3.48757 3.07972
3.53913 3.07972
3.5907 3.07972
3.64227 3.07972
3.69383 3.07972
3.7454 3.07972
3.79696 3.07972
3.84853 3.07972
6.6364 3.46579
9.42426 3.46579
12.2121 3.46579
15.0 3.46579
0.0 0.485269
0.0498361 0.485269
0.0996722 0.50966
0.149508 0.53405
0.199344 0.558441
0.249181 0.582831
0.299017 0.607221
0.348853 0.631612
0.397275 0.631612
0.445697 0.661096
0.494119 0.690581
0.542541 0.720066
0.590963 0.749551
0.639385 0.779035
0.687807 0.80852
0.736229 0.838005
0.784651 0.86749
0.833073 0.896974
0.881495 0.926459
0.929917 0.955944
0.978339 0.985429
1.02676 1.01491
1.07518 1.0444
1.13153 1.0444
1.18789 2.22223
1.2398 2.22223
1.29172 2.33631
1.34364 2.45039
1.39556 2.56448
1.44747 2.67856
1.49939 2.79264
1.55131 2.90672
1.60322 3.02081
1.65514 3.13489
1.70449 3.13489
1.75383 3.13489
1.80318 3.13489
1.85252 3.13489
1.90187 3.13489
1.95122 3.13489
2.00056 3.13489
2.04991 3.13489
4.63993 3.40331
7.22994 3.40331
9.81996 3.40331
12.41 3.40331
15.0 3.40331
0.0 0.481862
0.0477315 0.481862
0.0954629 0.502661
0.143194 0.52346
0.190926 0.544258
0.238657 0.565057
0.286389 0.585856
0.33412 0.606655
0.381852 0.627453
0.430728 0.627453
0.479605 0.65956
0.528482 0.691667
0.577358 0.723774
0.626235 0.755881
0.675112 0.787988
0.723988 0.820095
0.772865 0.852202
0.821742 0.884309
0.870619 0.916416
0.919495 0.948523
0.968372 0.98063
1.01725 1.01274
1.06613 1.04484
1.115 1.07695
1.16388 1.10906
1.21781 1.10906
1.27173 2.19597
1.31927 2.19597
1.3668 2.36076
1.41434 2.52555
1.46187 2.69035
1.50941 2.85514
1.55694 3.01993
1.60448 3.18473
1.65479 3.18473
1.70509 3.18473
1.7554 3.18473
1.80571 3.18473
1.85601 3.18473
1.90632 3.18473
1.95663 3.18473
2.00693 3.18473
2.05724 3.18473
2.10754 3.18473
4.68604 3.44437
7.26453 3.44437
9.84302 3.44437
12.4215 3.44437
15.0 3.44437
0.0 0.48978
0.0487442 0.48978
0.0974885 0.507025
0.146233 0.524271
0.194977 0.541517
0.243721 0.558762
0.292465 0.576008
0.34121 0.593254
0.389954 0.6105
0.438698 0.627745
0.487442 0.644991
0.536187 0.662237
0.587108 0.662237
0.63803 0.70195
0.688952 0.741663
0.739874 0.781376
0.790795 0.82109
0.841717 0.860803
0.892639 0.900516
0.943561 0.940229
0.994482 0.979943
1.0454 1.01966
1.09633 1.05937
1.14725 1.09908
1.19817 1.1388
1.24909 1.17851
1.30045 1.17851
1.35181 1.3758
1.40316 1.57308
1.45452 1.77037
1.50588 1.96765
1.55724 2.16494
1.60611 2.16494
1.65499 2.22966
1.70387 2.29439
1.75274 2.35911
1.80162 2.42383
1.85049 2.48855
1.89937 2.55328
1.94825 2.618
1.99712 2.68272
2.046 2.74745
2.09488 2.81217
2.14375 2.87689
2.19263 2.94162
2.24151 3.00634
2.29038 3.07106
2.33926 3.13578
2.38803 3.13578
2.43681 3.13578
2.48559 3.13578
2.53436 3.13578
2.58314 3.13578
2.63191 3.13578
2.68069 3.13578
2.72947 3.13578
2.77824 3.13578
2.82702 3.13578
2.87579 3.13578
2.92457 3.13578
2.97335 3.13578
3.02212 3.13578
3.0709 3.13578
3.11967 3.13578
3.16845 3.13578
5.53476 3.42823
7.90107 3.42823
10.2674 3.42823
12.6337 3.42823
15.0 3.42823
0.0 0.487855
0.0520001 0.487855
0.104 0.506256
0.156 0.524656
0.208 0.543057
0.26 0.561457
0.312 0.579858
0.364 0.598258
0.416 0.616659
0.468001 0.635059
0.520001 0.65346
0.574572 0.65346
0.629143 0.783439
0.683715 0.913419
0.738286 1.0434
0.792857 1.17338
0.843046 1.17338
0.893234 1.25794
0.943422 1.34251
0.993611 1.42708
1.0438 1.51164
1.09399 1.59621
1.14418 1.68078
1.19436 1.76534
1.24455 1.84991
1.29474 1.93448
1.34493 2.01904
1.39512 2.10361
1.44531 2.18818
1.49627 2.18818
1.54723 2.2755
1.5982 2.36283
1.64916 2.45016
1.70012 2.53749
1.75109 2.62481
1.80205 2.71214
1.85302 2.79947
1.90398 2.8868
1.95494 2.97412
2.00591 3.06145
2.05687 3.14878
2.1069 3.14878
2.15692 3.14878
2.20694 3.14878
2.25697 3.14878
2.30699 3.14878
2.35702 3.14878
2.40704 3.14878
2.45707 3.14878
2.50709 3.14878
2.55711 3.14878
2.60714 3.14878
2.65716 3.14878
2.70719 3.14878
2.75721 3.14878
2.80724 3.14878
2.85726 3.14878
2.90728 3.14878
2.95731 3.14878
3.00733 3.14878
3.05736 3.14878
3.10738 3.14878
5.48591 3.4846
7.86443 3.4846
10.243 3.4846
12.6215 3.4846
15.0 3.4846
0.0 0.476387
0.0508673 0.476387
0.101735 0.506444
0.152602 0.536501
0.203469 0.566558
0.254337 0.596615
0.305204 0.626672
0.356071 0.656729
0.406939 0.686786
0.457806 0.716842
0.50773 0.716842
0.557654 0.726738
0.607578 0.736634
0.657503 0.74653
0.707427 0.756425
0.757351 0.766321
0.807275 0.776217
0.857199 0.786113
0.907123 0.796009
0.957048 0.805904
1.00697 0.8158
1.0569 0.825696
1.10682 0.835592
1.15674 0.845487
1.20667 0.855383
1.25659 0.865279
1.30652 0.875175
1.35644 0.88507
1.40637 0.894966
1.45629 0.904862
1.50621 0.914758
1.55614 0.924653
1.60606 0.934549
1.65599 0.944445
1.70591 0.954341
1.75583 0.964236
1.80576 0.974132
1.85568 0.984028
1.90561 0.993924
1.95553 1.00382
2.00546 1.01372
2.05538 1.02361
2.1053 1.03351
2.15523 1.0434
2.20515 1.0533
2.25508 1.06319
2.305 1.07309
2.35492 1.08299
2.40485 1.09288
2.45477 1.10278
2.5047 1.11267
2.55462 1.12257
2.60344 1.12257
2.65227 1.17838
2.70109 1.23419
2.74991 1.29001
2.79873 1.34582
2.84755 1.40163
2.89638 1.45745
2.9452 1.51326
2.99402 1.56907
3.04284 1.62489
3.09167 1.6807
3.14049 1.73651
3.18931 1.79232
3.23813 1.84814
3.28696 1.90395
3.33578 1.95976
3.3846 2.01558
3.43342 2.07139
3.48224 2.1272
3.53107 2.18302
3.57935 2.18302
3.62764 2.26956
3.67593 2.3561
3.72421 2.44265
3.7725 2.52919
3.82078 2.61574
3.86907 2.70228
3.91736 2.78883
3.96564 2.87537
4.01393 2.96191
4.06222 3.04846
4.1105 3.135
4.16066 3.135
4.21083 3.135
4.26099 3.135
4.31115 3.135
4.36131 3.135
4.41147 3.135
4.46163 3.135
4.5118 3.135
4.56196 3.135
4.61212 3.135
4.66228 3.135
4.71244 3.135
4.7626 3.135
4.81276 3.135
4.86293 3.135
4.91309 3.135
4.96325 3.135
5.01341 3.135
5.06357 3.135
5.11373 3.135
5.1639 3.135
5.21406 3.135
5.26422 3.135
5.31438 3.135
7.73579 3.50592
10.1572 3.50592
12.5786 3.50592
15.0 3.50592
0.0 0.47667
0.0511058 0.47667
0.102212 0.505092
0.153317 0.533514
0.204423 0.561936
0.255529 0.590358
0.306635 0.61878
0.35774 0.647202
0.408846 0.675624
0.459952 0.704045
0.50908 0.704045
0.558208 0.718684
0.607337 0.733322
0.656465 0.74796
0.705593 0.762598
0.754722 0.777236
0.80385 0.791874
0.852978 0.806512
0.902107 0.82115
0.951235 0.835788
1.00036 0.850426
1.04949 0.865064
1.09862 0.879702
1.14775 0.89434
1.19688 0.908978
1.246 0.923616
1.29513 0.938254
1.34426 0.952892
1.39339 0.96753
1.44252 0.982168
1.49165 0.996806
1.54077 1.01144
1.5899 1.02608
1.63903 1.04072
1.68816 1.05536
1.73831 1.05536
1.78847 1.08306
1.83862 1.11077
1.88878 1.13847
1.93893 1.16618
1.98909 1.19388
2.03924 1.22159
2.0894 1.24929
2.13955 1.277
2.18971 1.3047
2.23986 1.33241
2.29002 1.36011
2.34017 1.38782
2.39033 1.41552
2.44048 1.44323
2.49064 1.47093
2.5408 1.49864
2.59095 1.52634
2.64111 1.55404
2.69126 1.58175
2.74142 1.60945
2.79157 1.63716
2.84173 1.66486
2.89188 1.69257
2.94204 1.72027
2.99219 1.74798
3.04235 1.77568
3.0925 1.80339
3.14266 1.83109
3.19281 1.8588
3.24297 1.8865
3.29312 1.91421
3.34328 1.94191
3.39343 1.96962
3.44359 1.99732
3.49374 2.02503
3.5439 2.05273
3.59405 2.08044
3.64421 2.10814
3.69436 2.13584
3.74452 2.16355
3.79467 2.19125
3.84657 2.19125
3.89848 2.32138
3.95038 2.45151
4.00228 2.58163
4.05418 2.71176
4.10609 2.84189
4.15799 2.97201
4.20989 3.10214
4.25991 3.10214
4.30992 3.10214
4.35994 3.10214
4.40995 3.10214
4.45997 3.10214
4.50998 3.10214
4.56 3.10214
4.61001 3.10214
4.66003 3.10214
4.71004 3.10214
4.76006 3.10214
4.81007 3.10214
4.86009 3.10214
4.9101 3.10214
4.96011 3.10214
5.01013 3.10214
5.06014 3.10214
5.11016 3.10214
5.16017 3.10214
5.21019 3.10214
5.2602 3.10214
5.31022 3.10214
7.73266 3.57344
10.1551 3.57344
12.5776 3.57344
15.0 3.57344
0.0 0.452107
0.0503112 0.452107
0.100622 0.489985
0.150934 0.527863
0.201245 0.565742
0.251556 0.60362
0.301867 0.641498
0.352052 0.641498
0.402236 0.650621
0.452421 0.659744
0.502606 0.668867
0.55279 0.67799
0.602975 0.687113
0.653159 0.696235
0.703344 0.705358
0.753529 0.714481
0.803713 0.723604
0.853898 0.732727
0.904082 0.74185
0.954267 0.750972
1.00445 0.760095
1.05464 0.769218
1.10482 0.778341
1.15501 0.787464
1.20519 0.796587
1.25537 0.80571
1.30556 0.814832
1.35574 0.823955
1.40593 0.833078
1.45611 0.842201
1.5063 0.851324
1.55648 0.860447
1.60667 0.869569
1.65685 0.878692
1.70704 0.887815
1.75722 0.896938
1.80741 0.906061
1.85759 0.915184
1.90777 0.924306
1.95796 0.933429
2.00814 0.942552
2.05833 0.951675
2.10851 0.960798
2.1587 0.969921
2.20888 0.979044
2.25907 0.988166
2.30925 0.997289
2.35944 1.00641
2.40962 1.01553
2.45981 1.02466
2.50999 1.03378
2.56017 1.0429
2.61036 1.05203
2.66054 1.06115
2.71073 1.07027
2.76073 1.07027
2.81073 1.1039
2.86073 1.13752
2.91074 1.17115
2.96074 1.20477
3.01074 1.2384
3.06074 1.27202
3.11074 1.30565
3.16074 1.33927
3.21075 1.3729
3.26075 1.40652
3.31075 1.44015
3.36075 1.47377
3.41075 1.5074
3.46076 1.54102
3.51076 1.57465
3.56076 1.60827
3.61076 1.6419
3.66076 1.67552
3.71076 1.70915
3.76077 1.74277
3.81077 1.7764
3.86077 1.81002
3.91077 1.84365
3.96077 1.87727
4.01078 1.9109
4.06078 1.94452
4.11078 1.97815
4.16078 2.01177
4.21078 2.0454
4.26078 2.07902
4.31079 2.11265
4.36079 2.14627
4.41079 2.1799
4.46068 2.1799
4.51058 2.22979
4.56047 2.27969
4.61036 2.32959
4.66025 2.37948
4.71015 2.42938
4.76004 2.47927
4.80993 2.52917
4.85982 2.57906
4.90972 2.62896
4.95961 2.67886
5.0095 2.72875
5.05939 2.77865
5.10929 2.82854
5.15918 2.87844
5.20907 2.92833
5.25896 2.97823
5.30886 3.02813
5.35875 3.07802
5.40864 3.12792
5.45752 3.12792
5.5064 3.12792
5.55527 3.12792
5.60415 3.12792
5.65303 3.12792
5.7019 3.12792
5.75078 3.12792
5.79966 3.12792
5.84854 3.12792
5.89741 3.12792
5.94629 3.12792
5.99517 3.12792
6.04405 3.12792
6.09292 3.12792
6.1418 3.12792
6.19068 3.12792
8.39301 3.60059
10.5953 3.60059
12.7977 3.60059
15.0 3.60059
0.0 0.465745
0.0469364 0.465745
0.0938728 0.494758
0.140809 0.523772
0.187746 0.552785
0.234682 0.581799
0.281618 0.610813
0.328555 0.639826
0.378239 0.639826
0.427923 0.651703
0.477608 0.663581
0.527292 0.675458
0.576976 0.687335
0.62666 0.699212
0.676345 0.71109
0.726029 0.722967
0.775713 0.734844
0.825397 0.746721
0.875082 0.758599
0.924766 0.770476
0.97445 0.782353
1.02413 0.79423
1.07382 0.806108
1.1235 0.817985
1.17319 0.829862
1.22287 0.841739
1.27256 0.853617
1.32224 0.865494
1.37192 0.877371
1.42161 0.889248
1.47129 0.901126
1.52098 0.913003
1.57066 0.92488
1.62035 0.936757
1.67003 0.948635
1.71971 0.960512
1.7694 0.972389
1.81908 0.984266
1.86877 0.996144
1.91845 1.00802
1.96814 1.0199
2.01782 1.03178
2.0675 1.04365
2.11719 1.05553
2.16687 1.06741
2.21656 1.07928
2.26624 1.09116
2.31593 1.10304
2.36561 1.11492
2.41529 1.12679
2.46498 1.13867
2.51466 1.15055
2.56435 1.16242
2.61403 1.1743
2.66372 1.18618
2.7134 1.19806
2.76308 1.20993
2.81277 1.22181
2.86245 1.23369
2.91214 1.24557
2.96182 1.25744
3.01074 1.25744
3.05967 1.31759
3.10859 1.37774
3.15751 1.43789
3.20644 1.49804
3.25536 1.55819
3.30428 1.61834
3.35321 1.6785
3.40213 1.73865
3.45106 1.7988
3.49998 1.85895
3.5489 1.9191
3.59783 1.97925
3.64675 2.0394
3.69567 2.09955
3.7446 2.1597
3.79512 2.1597
3.84565 2.20166
3.89618 2.24362
3.94671 2.28558
3.99724 2.32753
4.04777 2.36949
4.0983 2.41145
4.14882 2.45341
4.19935 2.49537
4.24988 2.53733
4.30041 2.57929
4.35094 2.62125
4.40147 2.66321
4.452 2.70517
4.50252 2.74713
4.55305 2.78908
4.60358 2.83104
4.65411 2.873
4.70464 2.91496
4.75517 2.95692
4.8057 2.99888
4.85622 3.04084
4.90675 3.0828
4.95728 3.12476
5.00781 3.16672
5.05834 3.20868
5.10887 3.25064
5.1594 3.29259
5.20992 3.33455
5.2598 3.33455
5.30968 3.33455
5.35956 3.33455
5.40944 3.33455
5.45932 3.33455
5.5092 3.33455
5.55908 3.33455
5.60895 3.33455
5.65883 3.33455
5.70871 3.33455
5.75859 3.33455
5.80847 3.33455
5.85835 3.33455
8.14376 3.39922
10.4292 3.39922
12.7146 3.39922
15.0 3.39922
0.0 0.475412
0.0488883 0.475412
0.0977765 0.49586
0.146665 0.516309
0.195553 0.536757
0.244441 0.557205
0.29333 0.577654
0.342218 0.598102
0.391106 0.61855
0.439994 0.638998
0.488883 0.659447
0.537771 0.679895
0.586659 0.700343
0.635548 0.720792
0.684436 0.74124
0.733324 0.761688
0.782212 0.782137
0.831101 0.802585
0.880588 0.802585
0.930075 0.818981
0.979563 0.835377
1.02905 0.851773
1.07854 0.868169
1.12802 0.884565
1.17751 0.900961
1.227 0.917357
1.27649 0.933753
1.32597 0.95015
1.37546 0.966546
1.42495 0.982942
1.47444 0.999338
1.52392 1.01573
1.57341 1.03213
1.6229 1.04853
1.67239 1.06492
1.72187 1.08132
1.77136 1.09771
1.82085 1.11411
1.87033 1.13051
1.91982 1.1469
1.96931 1.1633
2.0188 1.17969
2.06828 1.19609
2.11777 1.21249
2.16726 1.22888
2.21683 1.22888
2.2664 1.24626
2.31597 1.26363
2.36554 1.281
2.41512 1.29837
2.46469 1.31575
2.51426 1.33312
2.56383 1.35049
2.6134 1.36786
2.66297 1.38524
2.71255 1.40261
2.76212 1.41998
2.81169 1.43735
2.86126 1.45473
2.91083 1.4721
2.9604 1.48947
3.00997 1.50684
3.05955 1.52422
3.10912 1.54159
3.15869 1.55896
3.20826 1.57633
3.25783 1.59371
3.3074 1.61108
3.35697 1.62845
3.40655 1.64582
3.45612 1.6632
3.50569 1.68057
3.55526 1.69794
3.60483 1.71531
3.6544 1.73269
3.70398 1.75006
3.75355 1.76743
3.80312 1.78481
3.85269 1.80218
3.90226 1.81955
3.95183 1.83692
4.0014 1.8543
4.05098 1.87167
4.10055 1.88904
4.15012 1.90641
4.19969 1.92379
4.24926 1.94116
4.29883 1.95853
4.3484 1.9759
4.39798 1.99328
4.44755 2.01065
4.50769 2.01065
4.56783 3.18457
4.6145 3.18457
4.66117 3.18457
4.70784 3.18457
4.75451 3.18457
4.80117 3.18457
4.84784 3.18457
4.89451 3.18457
7.42088 3.29377
9.94726 3.29377
12.4736 3.29377
15.0 3.29377
0.0 0.48164
0.0508176 0.48164
0.101635 0.50343
0.152453 0.525221
0.20327 0.547012
0.254088 0.568803
0.304906 0.590593
0.355723 0.612384
0.406541 0.634175
0.457358 0.655966
0.508176 0.677756
0.558993 0.699547
0.609811 0.721338
0.660629 0.743129
0.711446 0.764919
0.762264 0.78671
0.813081 0.808501
0.862841 0.808501
0.912601 0.835349
0.96236 0.862197
1.01212 0.889045
1.06188 0.915894
1.11164 0.942742
1.1614 0.96959
1.21116 0.996438
1.26092 1.02329
1.31068 1.05013
1.36044 1.07698
1.4102 1.10383
1.45996 1.13068
1.50972 1.15753
1.55948 1.18438
1.60924 1.21122
1.659 1.23807
1.70989 1.23807
1.76078 1.26943
1.81167 1.30079
1.86256 1.33215
1.91345 1.36351
1.96434 1.39487
2.01523 1.42623
2.06612 1.45759
2.11701 1.48895
2.1679 1.52031
2.2188 1.55167
2.26969 1.58303
2.32058 1.61439
2.37147 1.64575
2.42236 1.67711
2.47325 1.70847
2.52414 1.73983
2.57503 1.77119
2.62592 1.80255
2.67681 1.83391
2.7277 1.86527
2.7786 1.89663
2.82949 1.928
2.88038 1.95936
2.93127 1.99072
2.98216 2.02208
3.03305 2.05344
3.08327 2.05344
3.13349 2.13828
3.1837 2.22312
3.23392 2.30796
3.28414 2.39281
3.33436 2.47765
3.38458 2.56249
3.4348 2.64733
3.48501 2.73218
3.53523 2.81702
3.58545 2.90186
3.63567 2.9867
3.68589 3.07155
3.7361 3.15639
3.78795 3.15639
3.83979 3.15639
6.62984 3.27956
9.4199 3.27956
12.2099 3.27956
15.0 3.27956
0.0 0.480084
0.0499987 0.480084
0.0999974 0.498695
0.149996 0.517306
0.199995 0.535917
0.249994 0.554528
0.299992 0.573139
0.349991 0.59175
0.39999 0.610361
0.449988 0.628972
0.499987 0.647583
0.549986 0.666194
0.599985 0.684805
0.649983 0.703416
0.699982 0.722027
0.749981 0.740638
0.800747 0.740638
0.851513 0.793015
0.90228 0.845392
0.953046 0.897769
1.00381 0.950146
1.05458 1.00252
1.10534 1.0549
1.15611 1.10728
1.20688 1.15965
1.25764 1.21203
1.30841 1.26441
1.35918 1.31678
1.40994 1.36916
1.45859 1.36916
1.50723 1.42307
1.55588 1.47697
1.60453 1.53088
1.65317 1.58479
1.70182 1.63869
1.75046 1.6926
1.79911 1.74651
1.84776 1.80041
1.8964 1.85432
1.94505 1.90823
1.99369 1.96213
2.04234 2.01604
2.09099 2.06995
2.14021 2.06995
2.18943 2.10615
2.23866 2.14235
2.28788 2.17855
2.33711 2.21475
2.38633 2.25096
2.43556 2.28716
2.48478 2.32336
2.53401 2.35956
2.58323 2.39576
2.63245 2.43197
2.68168 2.46817
2.7309 2.50437
2.78013 2.54057
2.82935 2.57677
2.87858 2.61297
2.9278 2.64918
2.97702 2.68538
3.02625 2.72158
3.07547 2.75778
3.1247 2.79398
3.17392 2.83019
3.22315 2.86639
3.27237 2.90259
3.3216 2.93879
3.37082 2.97499
3.42004 3.01119
3.46927 3.0474
3.52077 3.0474
3.57226 3.0474
3.62376 3.0474
3.67525 3.0474
3.72675 3.0474
3.77825 3.0474
3.82974 3.0474
3.88124 3.0474
3.93274 3.0474
3.98423 3.0474
4.03573 3.0474
4.08723 3.0474
4.13872 3.0474
4.19022 3.0474
6.89266 3.432
9.59511 3.432
12.2976 3.432
15.0 3.432
0.0 0.481664
0.0492034 0.481664
0.0984068 0.503276
0.14761 0.524888
0.196814 0.546499
0.246017 0.568111
0.29522 0.589723
0.344424 0.611334
0.393627 0.632946
0.442831 0.654558
0.492034 0.676169
0.541237 0.697781
0.590441 0.719393
0.639644 0.741005
0.688848 0.762616
0.738051 0.784228
0.787254 0.80584
0.836458 0.827451
0.885661 0.849063
0.934865 0.870675
0.984068 0.892286
1.03327 0.913898
1.08247 0.93551
1.13168 0.957121
1.18159 0.957121
1.23149 0.961853
1.2814 0.966584
1.33131 0.971316
1.38122 0.976048
1.43112 0.980779
1.48103 0.985511
1.53094 0.990242
1.58085 0.994974
1.63075 0.999705
1.68066 1.00444
1.73057 1.00917
1.78048 1.0139
1.83038 1.01863
1.88029 1.02336
1.9302 1.02809
1.98011 1.03283
2.03002 1.03756
2.07992 1.04229
2.12983 1.04702
2.17974 1.05175
2.22965 1.05648
2.27955 1.06122
2.32946 1.06595
2.38 1.06595
2.43053 1.13181
2.48107 1.19768
2.5316 1.26355
2.58213 1.32941
2.63267 1.39528
2.6832 1.46115
2.73374 1.52701
2.78427 1.59288
2.83481 1.65875
2.88534 1.72461
2.93588 1.79048
2.98641 1.85634
3.03695 1.92221
3.08748 1.98808
3.13802 2.05394
3.18855 2.11981
3.23856 2.11981
3.28858 2.1417
3.33859 2.16358
3.3886 2.18547
3.43861 2.20735
3.48862 2.22924
3.53863 2.25112
3.58864 2.27301
3.63866 2.29489
3.68867 2.31678
3.73868 2.33866
3.78869 2.36055
3.8387 2.38243
3.88871 2.40432
3.93873 2.4262
3.98874 2.44809
4.03875 2.46997
4.08876 2.49186
4.13877 2.51374
4.18878 2.53563
4.2388 2.55751
4.28881 2.5794
4.33882 2.60128
4.38883 2.62317
4.43884 2.64505
4.48885 2.66694
4.53887 2.68882
4.58888 2.71071
4.63889 2.73259
4.6889 2.75448
4.73891 2.77636
4.78892 2.79825
4.83893 2.82013
4.88895 2.84202
4.93896 2.8639
4.98897 2.88579
5.03327 2.88579
5.07757 2.88579
5.12188 2.88579
5.16618 2.88579
7.62463 3.46177
10.0831 3.46177
12.5415 3.46177
15.0 3.46177
0.0 0.488102
0.0504239 0.488102
0.100848 0.508321
0.151272 0.52854
0.201696 0.548759
0.252119 0.568978
0.302543 0.589197
0.352967 0.609415
0.403391 0.629634
0.453815 0.649853
0.504239 0.670072
0.554663 0.690291
0.605087 0.71051
0.65551 0.730729
0.705934 0.750948
0.756358 0.771166
0.806782 0.791385
0.857206 0.811604
0.90763 0.831823
0.958054 0.852042
1.00848 0.872261
1.0589 0.89248
1.10795 0.89248
1.157 0.903207
1.20604 0.913934
1.25509 0.924662
1.30414 0.935389
1.35318 0.946117
1.40223 0.956844
1.45128 0.967571
1.50033 0.978299
1.54937 0.989026
1.59842 0.999754
1.64747 1.01048
1.69651 1.02121
1.74556 1.03194
1.79461 1.04266
1.84366 1.05339
1.8927 1.06412
1.94175 1.07485
1.9908 1.08557
2.03984 1.0963
2.08889 1.10703
2.13794 1.11775
2.1887 1.11775
2.23947 1.22777
2.29023 1.33778
2.341 1.44779
2.39176 1.5578
2.44252 1.66781
2.49329 1.77782
2.54405 1.88783
2.59482 1.99784
2.64558 2.10785
2.69511 2.10785
2.74463 2.14636
2.79416 2.18487
2.84369 2.22338
2.89321 2.26189
2.94274 2.3004
2.99227 2.33891
3.04179 2.37742
3.09132 2.41593
3.14085 2.45444
3.19037 2.49295
3.2399 2.53146
3.28943 2.56997
3.33895 2.60848
3.38848 2.64699
3.43801 2.6855
3.48753 2.72401
3.53706 2.76252
3.58659 2.80103
3.63611 2.83954
3.68788 2.83954
3.73965 2.83954
3.79141 2.83954
3.84318 2.83954
3.89494 2.83954
3.94671 2.83954
3.99847 2.83954
4.05024 2.83954
4.10201 2.83954
4.15377 2.83954
6.86533 3.45594
9.57689 3.45594
12.2884 3.45594
15.0 3.45594
0.0 0.491799
0.0503564 0.491799
0.100713 0.508927
0.151069 0.526055
0.201426 0.543183
0.251782 0.560311
0.302139 0.577439
0.352495 0.594568
0.402851 0.611696
0.453208 0.628824
0.503564 0.645952
0.553921 0.66308
0.604277 0.680208
0.654633 0.697336
0.70499 0.714464
0.755346 0.731592
0.805703 0.74872
0.856059 0.765848
0.906416 0.782976
0.956772 0.800105
1.00713 0.817233
1.05748 0.834361
1.10784 0.851489
1.15752 0.851489
1.20719 0.856952
1.25687 0.862416
1.30655 0.867879
1.35622 0.873342
1.4059 0.878806
1.45557 0.884269
1.50525 0.889733
1.55492 0.895196
1.6046 0.900659
1.65428 0.906123
1.70395 0.911586
1.75363 0.91705
1.8033 0.922513
1.85298 0.927976
1.90266 0.93344
1.95233 0.938903
2.00201 0.944367
2.05168 0.94983
2.10136 0.955293
2.15104 0.960757
2.20071 0.96622
2.25039 0.971684
2.30006 0.977147
2.34974 0.98261
2.39942 0.988074
2.44909 0.993537
2.49877 0.999
2.54844 1.00446
2.59812 1.00993
2.6478 1.01539
2.69747 1.02085
2.74715 1.02632
2.79682 1.03178
2.8465 1.03724
2.89618 1.04271
2.94585 1.04817
2.99553 1.05363
3.0452 1.0591
3.09488 1.06456
3.14456 1.07002
3.19423 1.07549
3.24391 1.08095
3.29358 1.08641
3.34326 1.09188
3.3932 1.09188
3.44314 1.19803
3.49308 1.30419
3.54302 1.41034
3.59297 1.5165
3.64291 1.62265
3.69285 1.72881
3.74279 1.83496
3.79273 1.94111
3.84267 2.04727
3.89261 2.15342
3.94292 2.15342
3.99323 2.18922
4.04353 2.22502
4.09384 2.26082
4.14415 2.29661
4.19445 2.33241
4.24476 2.36821
4.29507 2.40401
4.34538 2.4398
4.39568 2.4756
4.44599 2.5114
4.4963 2.54719
4.5466 2.58299
4.59691 2.61879
4.64722 2.65459
4.69752 2.69038
4.74783 2.72618
4.79814 2.76198
4.84845 2.79778
4.89875 2.83357
4.94906 2.86937
4.99937 2.90517
5.04443 2.90517
5.08949 2.90517
5.13455 2.90517
5.17962 2.90517
5.22468 2.90517
7.66851 3.46679
10.1123 3.46679
12.5562 3.46679
15.0 3.46679
0.0 0.479565
0.0508293 0.479565
0.101659 0.500339
0.152488 0.521113
0.203317 0.541887
0.254146 0.562662
0.304976 0.583436
0.355805 0.60421
0.406634 0.624984
0.457463 0.645758
0.508293 0.666532
0.559122 0.687306
0.609951 0.70808
0.66078 0.728854
0.71161 0.749628
0.762439 0.770402
0.813268 0.791176
0.864097 0.81195
0.914927 0.832724
0.965756 0.853498
1.01659 0.874272
1.06741 0.895046
1.11818 0.895046
1.16896 0.898398
1.21973 0.90175
1.2705 0.905102
1.32127 0.908455
1.37204 0.911807
1.42281 0.915159
1.47358 0.918511
1.52435 0.921864
1.57512 0.925216
1.62589 0.928568
1.67666 0.93192
1.72743 0.935272
1.7782 0.938625
1.82897 0.941977
1.87975 0.945329
1.93052 0.948681
1.98129 0.952033
2.03206 0.955386
2.08283 0.958738
2.1336 0.96209
2.18437 0.965442
2.23514 0.968794
2.28591 0.972147
2.33668 0.975499
2.38745 0.978851
2.43822 0.982203
2.48899 0.985555
2.53976 0.988908
2.58917 0.988908
2.63858 1.05813
2.68799 1.12735
2.73739 1.19657
2.7868 1.26579
2.83621 1.33501
2.88562 1.40422
2.93502 1.47344
2.98443 1.54266
3.03384 1.61188
3.08325 1.6811
3.13265 1.75032
3.18206 1.81954
3.23147 1.88876
3.28088 1.95798
3.33028 2.0272
3.37969 2.09642
3.4291 2.16564
3.47868 2.16564
3.52827 2.18991
3.57785 2.21418
3.62744 2.23845
3.67703 2.26272
3.72661 2.28699
3.7762 2.31126
3.82578 2.33553
3.87537 2.35981
3.92495 2.38408
3.97454 2.40835
4.02413 2.43262
4.07371 2.45689
4.1233 2.48116
4.17288 2.50543
4.22247 2.5297
4.27205 2.55397
4.32164 2.57824
4.37122 2.60251
4.42081 2.62678
4.4704 2.65105
4.51998 2.67532
4.56957 2.6996
4.61915 2.72387
4.66874 2.74814
4.71832 2.77241
4.76791 2.79668
4.8175 2.82095
4.86708 2.84522
4.91667 2.86949
4.96625 2.89376
5.01584 2.91803
5.06542 2.9423
5.11533 2.9423
5.16524 2.9423
5.21515 2.9423
5.26506 2.9423
5.31497 2.9423
5.36487 2.9423
5.41478 2.9423
5.46469 2.9423
5.5146 2.9423
5.56451 2.9423
5.61442 2.9423
5.66433 2.9423
5.71423 2.9423
5.76414 2.9423
5.81405 2.9423
5.86396 2.9423
5.91387 2.9423
5.96378 2.9423
6.01369 2.9423
6.06359 2.9423
6.1135 2.9423
8.33513 3.51853
10.5568 3.51853
12.7784 3.51853
15.0 3.51853
0.0 0.484248
0.0507344 0.484248
0.101469 0.50386
0.152203 0.523471
0.202938 0.543083
0.253672 0.562695
0.304407 0.582307
0.355141 0.601918
0.405875 0.62153
0.45661 0.641142
0.507344 0.660754
0.558079 0.680365
0.608813 0.699977
0.659548 0.719589
0.710282 0.739201
0.761017 0.758812
0.811751 0.778424
0.862485 0.798036
0.91322 0.817648
0.963954 0.837259
1.01469 0.856871
1.06542 0.876483
1.11616 0.896095
1.16667 0.896095
1.21719 0.900754
1.2677 0.905414
1.31822 0.910073
1.36873 0.914732
1.41925 0.919392
1.46976 0.924051
1.52027 0.928711
1.57079 0.93337
1.6213 0.938029
1.67182 0.942689
1.72233 0.947348
1.77285 0.952007
1.82336 0.956667
1.87388 0.961326
1.92439 0.965986
1.97491 0.970645
2.02542 0.975304
2.07594 0.979964
2.12645 0.984623
2.17696 0.989283
2.22748 0.993942
2.27799 0.998601
2.32851 1.00326
2.37902 1.00792
2.42954 1.01258
2.48009 1.01258
2.53064 1.09986
2.58118 1.18713
2.63173 1.27441
2.68228 1.36168
2.73283 1.44896
2.78338 1.53623
2.83393 1.62351
2.88448 1.71079
2.93502 1.79806
2.98557 1.88534
3.03612 1.97261
3.08667 2.05989
3.13722 2.14716
3.1877 2.14716
3.23819 2.18872
3.28867 2.23028
3.33916 2.27183
3.38965 2.31339
3.44013 2.35495
3.49062 2.3965
3.5411 2.43806
3.59159 2.47962
3.64207 2.52117
3.69256 2.56273
3.74304 2.60429
3.79353 2.64585
3.84401 2.6874
3.8945 2.72896
3.94498 2.77052
3.99547 2.81207
4.04595 2.85363
4.09644 2.89519
4.14692 2.93674
4.19722 2.93674
4.24752 2.93674
4.29782 2.93674
4.34812 2.93674
4.39842 2.93674
4.44872 2.93674
4.49902 2.93674
4.54933 2.93674
4.59963 2.93674
4.64993 2.93674
4.70023 2.93674
4.75053 2.93674
4.80083 2.93674
4.85113 2.93674
4.90143 2.93674
4.95173 2.93674
5.00203 2.93674
5.05233 2.93674
5.10263 2.93674
5.15293 2.93674
5.20323 2.93674
5.25353 2.93674
7.69015 3.48815
10.1268 3.48815
12.5634 3.48815
15.0 3.48815
0.0 0.486028
0.0511321 0.486028
0.102264 0.505799
0.153396 0.52557
0.204529 0.54534
0.255661 0.565111
0.306793 0.584882
0.357925 0.604653
0.409057 0.624424
0.460189 0.644195
0.511321 0.663965
0.562453 0.683736
0.613586 0.703507
0.664718 0.723278
0.71585 0.743049
0.766982 0.76282
0.818114 0.78259
0.869246 0.802361
0.920378 0.822132
0.971511 0.841903
1.02264 0.861674
1.07377 0.881445
1.1243 0.881445
1.17483 0.888426
1.22536 0.895408
1.27589 0.902389
1.32642 0.90937
1.37694 0.916352
1.42747 0.923333
1.478 0.930315
1.52853 0.937296
1.57906 0.944277
1.62958 0.951259
1.68011 0.95824
1.73064 0.965222
1.78117 0.972203
1.8317 0.979184
1.88223 0.986166
1.93275 0.993147
1.98328 1.00013
2.03381 1.00711
2.08434 1.01409
2.13487 1.02107
2.1854 1.02805
2.23684 1.02805
2.28829 1.13445
2.33973 1.24084
2.39118 1.34723
2.44262 1.45362
2.49407 1.56001
2.54551 1.6664
2.59696 1.77279
2.64841 1.87918
2.69985 1.98557
2.7513 2.09196
2.80274 2.19835
2.85319 2.19835
2.90363 2.22282
2.95407 2.24729
3.00451 2.27176
3.05496 2.29623
3.1054 2.32069
3.15584 2.34516
3.20628 2.36963
3.25673 2.3941
3.30717 2.41856
3.35761 2.44303
3.40805 2.4675
3.4585 2.49197
3.50894 2.51644
3.55938 2.5409
3.60982 2.56537
3.66027 2.58984
3.71071 2.61431
3.76115 2.63877
3.81159 2.66324
3.86204 2.68771
3.91248 2.71218
3.96292 2.73665
4.01336 2.76111
4.06381 2.78558
4.11425 2.81005
4.16469 2.83452
4.21404 2.83452
4.26338 2.83452
4.31272 2.83452
4.36206 2.83452
4.41141 2.83452
4.46075 2.83452
4.51009 2.83452
4.55944 2.83452
4.60878 2.83452
4.65812 2.83452
4.70746 2.83452
4.75681 2.83452
4.80615 2.83452
4.85549 2.83452
4.90484 2.83452
4.95418 2.83452
5.00352 2.83452
5.05286 2.83452
5.10221 2.83452
5.15155 2.83452
5.20089 2.83452
5.25024 2.83452
5.29958 2.83452
7.72468 3.46917
10.1498 3.46917
12.5749 3.46917
15.0 3.46917
0.0 0.47964
0.0497254 0.47964
0.0994507 0.499136
0.149176 0.518632
0.198901 0.538128
0.248627 0.557624
0.298352 0.57712
0.348077 0.596616
0.397803 0.616112
0.447528 0.635608
0.497254 0.655104
0.546979 0.6746
0.596704 0.694096
0.64643 0.713592
0.696155 0.733088
0.74588 0.752584
0.795606 0.772081
0.845331 0.791577
0.895056 0.811073
0.944782 0.830569
0.994507 0.850065
1.04523 0.850065
1.09595 0.861848
1.14668 0.873631
1.1974 0.885414
1.24812 0.897197
1.29885 0.90898
1.34957 0.920763
1.40029 0.932546
1.45102 0.944329
1.50174 0.956112
1.55246 0.967895
1.60319 0.979679
1.65391 0.991462
1.70463 1.00324
1.75536 1.01503
1.80608 1.02681
1.8568 1.03859
1.90753 1.05038
1.95825 1.06216
2.00924 1.06216
2.06024 1.14429
2.11123 1.22643
2.16222 1.30856
2.21322 1.39069
2.26421 1.47283
2.31521 1.55496
2.3662 1.63709
2.41719 1.71923
2.46819 1.80136
2.51918 1.88349
2.57017 1.96563
2.62117 2.04776
2.67216 2.12989
2.72315 2.21203
2.77341 2.21203
2.82366 2.24093
2.87392 2.26983
2.92417 2.29873
2.97443 2.32763
3.02468 2.35653
3.07493 2.38543
3.12519 2.41433
3.17544 2.44322
3.2257 2.47212
3.27595 2.50102
3.32621 2.52992
3.37646 2.55882
3.42672 2.58772
3.47697 2.61662
3.52723 2.64552
3.57748 2.67442
3.62773 2.70332
3.67799 2.73222
3.72824 2.76112
3.7785 2.79002
3.82875 2.81892
3.87862 2.81892
3.92849 2.81892
3.97835 2.81892
4.02822 2.81892
4.07809 2.81892
4.12795 2.81892
4.17782 2.81892
4.22769 2.81892
4.27755 2.81892
4.32742 2.81892
4.37729 2.81892
4.42715 2.81892
4.47702 2.81892
4.52689 2.81892
4.57675 2.81892
4.62662 2.81892
4.67649 2.81892
4.72635 2.81892
4.77622 2.81892
4.82609 2.81892
4.87595 2.81892
7.40697 3.57376
9.93798 3.57376
12.469 3.57376
15.0 3.57376
0.0 0.467824
0.0505661 0.467824
0.101132 0.489868
0.151698 0.511912
0.202264 0.533957
0.25283 0.556001
0.303396 0.578045
0.353963 0.60009
0.404529 0.622134
0.455095 0.644179
0.505661 0.666223
0.556227 0.688267
0.606793 0.710312
0.657359 0.732356
0.707925 0.754401
0.758491 0.776445
0.809057 0.798489
0.859623 0.820534
0.910189 0.842578
0.960755 0.864623
1.01132 0.886667
1.06189 0.908711
1.11245 0.930756
1.16302 0.9528
1.21296 0.9528
1.2629 0.9629
1.31284 0.973
1.36278 0.9831
1.41272 0.9932
1.46266 1.0033
1.51261 1.0134
1.56255 1.0235
1.61249 1.0336
1.66243 1.0437
1.71237 1.0538
1.76231 1.0639
1.81225 1.074
1.86219 1.0841
1.91098 1.0841
1.95978 1.1678
2.00857 1.2515
2.05736 1.3352
2.10615 1.41889
2.15495 1.50259
2.20374 1.58629
2.25253 1.66999
2.30132 1.75369
2.35012 1.83739
2.39891 1.92109
2.4477 2.00479
2.4965 2.08849
2.54529 2.17219
2.59408 2.25589
2.64451 2.25589
2.69493 2.27054
2.74536 2.28519
2.79578 2.29984
2.84621 2.31449
2.89663 2.32914
2.94706 2.34379
2.99749 2.35844
3.04791 2.3731
3.09834 2.38775
3.14876 2.4024
3.19919 2.41705
3.24961 2.4317
3.30004 2.44635
3.35046 2.461
3.40089 2.47565
3.45132 2.49031
3.50174 2.50496
3.55217 2.51961
3.60259 2.53426
3.65302 2.54891
3.70344 2.56356
3.75387 2.57821
3.8043 2.59286
3.85472 2.60752
3.90515 2.62217
3.95557 2.63682
4.006 2.65147
4.05642 2.66612
4.10685 2.68077
4.15816 2.68077
4.20947 2.68077
4.26078 2.68077
4.31209 2.68077
4.3634 2.68077
4.4147 2.68077
4.46601 2.68077
4.51732 2.68077
4.56863 2.68077
4.61994 2.68077
4.67125 2.68077
4.72256 2.68077
4.77387 2.68077
4.82518 2.68077
4.87649 2.68077
4.9278 2.68077
4.97911 2.68077
5.03042 2.68077
7.52281 3.59463
10.0152 3.59463
12.5076 3.59463
15.0 3.59463
0.0 0.461671
0.048758 0.461671
0.097516 0.482722
0.146274 0.503774
0.195032 0.524825
0.24379 0.545876
0.292548 0.566927
0.341306 0.587978
0.390064 0.609029
0.438822 0.63008
0.48758 0.651131
0.536338 0.672182
0.585096 0.693233
0.633854 0.714284
0.682612 0.735335
0.73137 0.756386
0.780128 0.777437
0.828886 0.798488
0.877644 0.819539
0.926402 0.84059
0.977204 0.84059
1.02801 0.845358
1.07881 0.850125
1.12961 0.854893
1.18041 0.85966
1.23122 0.864428
1.28202 0.869195
1.33282 0.873963
1.38362 0.878731
1.43443 0.883498
1.48523 0.888266
1.53603 0.893033
1.58684 0.897801
1.63764 0.902569
1.68844 0.907336
1.73924 0.912104
1.79005 0.916871
1.84085 0.921639
1.89121 0.921639
1.94157 0.977466
1.99193 1.03329
2.0423 1.08912
2.09266 1.14495
2.14302 1.20077
2.19338 1.2566
2.24374 1.31243
2.2941 1.36826
2.34447 1.42408
2.39483 1.47991
2.44519 1.53574
2.49555 1.59156
2.54591 1.64739
2.59627 1.70322
2.64664 1.75905
2.697 1.81487
2.74736 1.8707
2.79772 1.92653
2.84808 1.98235
2.89845 2.03818
2.94881 2.09401
2.99917 2.14984
3.04953 2.20566
3.09989 2.26149
3.15025 2.31732
3.19868 2.31732
3.24711 2.41617
3.29555 2.51502
3.34398 2.61388
3.39241 2.71273
3.44084 2.81158
3.48927 2.91043
3.53933 2.91043
3.58939 2.91043
3.63945 2.91043
3.68951 2.91043
3.73957 2.91043
3.78964 2.91043
3.8397 2.91043
3.88976 2.91043
3.93982 2.91043
3.98988 2.91043
4.03994 2.91043
4.09001 2.91043
4.14007 2.91043
4.19013 2.91043
4.24019 2.91043
4.29025 2.91043
4.34031 2.91043
4.39037 2.91043
4.44044 2.91043
4.4905 2.91043
4.54056 2.91043
4.59062 2.91043
4.64068 2.91043
4.69074 2.91043
4.74081 2.91043
4.79087 2.91043
4.84093 2.91043
4.89099 2.91043
4.94105 2.91043
4.99111 2.91043
5.04118 2.91043
5.09124 2.91043
5.1413 2.91043
5.19136 2.91043
5.24142 2.91043
5.29148 2.91043
5.34154 2.91043
5.39161 2.91043
5.44167 2.91043
5.49173 2.91043
5.54179 2.91043
5.59185 2.91043
5.64191 2.91043
5.69198 2.91043
5.74204 2.91043
5.7921 2.91043
5.84216 2.91043
5.89222 2.91043
5.94228 2.91043
5.99235 2.91043
6.04241 2.91043
6.09247 2.91043
6.14253 2.91043
6.19259 2.91043
6.24265 2.91043
6.29271 2.91043
6.34278 2.91043
6.39284 2.91043
6.4429 2.91043
6.49296 2.91043
6.54302 2.91043
6.59308 2.91043
6.64315 2.91043
9.42876 3.43987
12.2144 3.43987
15.0 3.43987
0.0 0.464707
0.0507222 0.464707
0.101444 0.48585
0.152167 0.506993
0.202889 0.528137
0.253611 0.54928
0.304333 0.570423
0.355055 0.591567
0.405778 0.61271
0.4565 0.633853
0.507222 0.654997
0.557944 0.67614
0.608666 0.697283
0.659389 0.718427
0.710111 0.73957
0.760049 0.73957
0.809986 0.751185
0.859924 0.762799
0.909862 0.774414
0.9598 0.786029
1.00974 0.797643
1.05968 0.809258
1.10961 0.820873
1.15955 0.832487
1.20949 0.844102
1.25943 0.855717
1.30936 0.867331
1.3593 0.878946
1.40924 0.890561
1.45918 0.902175
1.50912 0.91379
1.55905 0.925405
1.60909 0.925405
1.65913 0.960276
1.70917 0.995147
1.75921 1.03002
1.80925 1.06489
1.85929 1.09976
1.90933 1.13463
1.95937 1.1695
2.00941 1.20437
2.05945 1.23924
2.10949 1.27411
2.15953 1.30898
2.20957 1.34386
2.25961 1.37873
2.30965 1.4136
2.35969 1.44847
2.40973 1.48334
2.45977 1.51821
2.50981 1.55308
2.55985 1.58795
2.60989 1.62282
2.65992 1.65769
2.70996 1.69256
2.76 1.72743
2.81004 1.76231
2.86008 1.79718
2.91012 1.83205
2.96016 1.86692
3.0102 1.90179
3.06024 1.93666
3.11028 1.97153
3.16032 2.0064
3.21036 2.04127
3.2604 2.07614
3.31044 2.11101
3.36048 2.14588
3.41052 2.18076
3.46056 2.21563
3.5106 2.2505
3.56064 2.28537
3.61068 2.32024
3.66025 2.32024
3.70982 2.33164
3.75938 2.34305
3.80895 2.35446
3.85852 2.36586
3.90809 2.37727
3.95766 2.38867
4.00723 2.40008
4.0568 2.41148
4.10637 2.42289
4.15594 2.43429
4.20551 2.4457
4.25507 2.4571
4.30464 2.46851
4.35421 2.47991
4.40378 2.49132
4.45335 2.50272
4.50292 2.51413
4.55249 2.52553
4.60206 2.53694
4.65163 2.54835
4.7012 2.55975
4.75076 2.57116
4.80033 2.58256
4.8499 2.59397
4.89947 2.60537
4.94904 2.61678
4.99861 2.62818
5.04818 2.63959
5.09775 2.65099
5.14732 2.6624
5.19688 2.6738
5.24645 2.68521
5.29602 2.69661
5.34559 2.70802
5.39516 2.71943
5.44473 2.73083
5.4943 2.74224
5.54387 2.75364
5.59344 2.76505
5.64301 2.77645
5.69257 2.78786
5.74214 2.79926
5.79171 2.81067
5.84128 2.82207
5.89085 2.83348
5.94042 2.84488
5.98999 2.85629
6.03956 2.86769
6.08913 2.8791
6.1387 2.89051
6.18826 2.90191
6.23783 2.91332
6.2874 2.92472
6.33792 2.92472
6.38844 2.92472
6.43896 2.92472
6.48948 2.92472
6.53999 2.92472
6.59051 2.92472
6.64103 2.92472
6.69155 2.92472
6.74207 2.92472
6.79259 2.92472
6.8431 2.92472
6.89362 2.92472
6.94414 2.92472
6.99466 2.92472
7.04518 2.92472
7.09569 2.92472
7.14621 2.92472
7.19673 2.92472
7.24725 2.92472
7.29777 2.92472
7.34829 2.92472
7.3988 2.92472
7.44932 2.92472
7.49984 2.92472
7.55036 2.92472
7.60088 2.92472
7.6514 2.92472
7.70191 2.92472
7.75243 2.92472
7.80295 2.92472
7.85347 2.92472
7.90399 2.92472
7.95451 2.92472
10.303 3.39698
12.6515 3.39698
15.0 3.39698
0.0 0.461411
0.0483323 0.461411
0.0966645 0.48626
0.144997 0.511108
0.193329 0.535957
0.241661 0.560806
0.289994 0.585654
0.338326 0.610503
0.386658 0.635352
0.43499 0.660201
0.483323 0.685049
0.531655 0.709898
0.579987 0.734747
0.628319 0.759595
0.678487 0.759595
0.728654 0.768758
0.778822 0.777921
0.828989 0.787085
0.879156 0.796248
0.929324 0.805411
0.979491 0.814574
1.02966 0.823737
1.07983 0.8329
1.12999 0.842063
1.18016 0.851226
1.23033 0.860389
1.2805 0.869552
1.33066 0.878715
1.38083 0.887878
1.431 0.897041
1.48117 0.906204
1.53133 0.915367
1.58113 0.915367
1.63092 0.946782
1.68071 0.978197
1.73051 1.00961
1.7803 1.04103
1.83009 1.07244
1.87989 1.10386
1.92968 1.13527
1.97947 1.16669
2.02927 1.1981
2.07906 1.22952
2.12885 1.26093
2.17865 1.29235
2.22844 1.32376
2.27823 1.35518
2.32803 1.38659
2.37782 1.41801
2.42761 1.44942
2.47741 1.48084
2.5272 1.51225
2.57699 1.54367
2.62679 1.57508
2.67658 1.6065
2.72637 1.63791
2.77616 1.66933
2.82596 1.70074
2.87575 1.73216
2.92554 1.76357
2.97534 1.79499
3.02513 1.8264
3.07492 1.85782
3.12472 1.88923
3.17451 1.92065
3.2243 1.95206
3.2741 1.98348
3.32389 2.0149
3.37368 2.04631
3.42348 2.07773
3.47327 2.10914
3.52306 2.14056
3.57286 2.17197
3.62265 2.20339
3.67244 2.2348
3.72224 2.26622
3.77203 2.29763
3.82182 2.29763
3.87161 2.31447
3.92139 2.33132
3.97118 2.34816
4.02097 2.36501
4.07076 2.38185
4.12055 2.3987
4.17034 2.41554
4.22012 2.43238
4.26991 2.44923
4.3197 2.46607
4.36949 2.48292
4.41928 2.49976
4.46906 2.5166
4.51885 2.53345
4.56864 2.55029
4.61843 2.56714
4.66822 2.58398
4.71801 2.60082
4.76779 2.61767
4.81758 2.63451
4.86737 2.65136
4.91716 2.6682
4.96695 2.68504
5.01673 2.70189
5.06652 2.71873
5.11631 2.73558
5.1661 2.75242
5.21589 2.76926
5.26567 2.78611
5.31546 2.80295
5.36525 2.8198
5.41504 2.83664
5.46483 2.85348
5.51462 2.87033
5.5644 2.88717
5.61419 2.90402
5.66398 2.92086
5.71377 2.9377
5.76356 2.95455
5.81428 2.95455
5.86501 2.95455
5.91574 2.95455
5.96647 2.95455
6.0172 2.95455
6.06793 2.95455
6.11865 2.95455
6.16938 2.95455
6.22011 2.95455
6.27084 2.95455
6.32157 2.95455
6.3723 2.95455
6.42302 2.95455
6.47375 2.95455
6.52448 2.95455
6.57521 2.95455
6.62594 2.95455
6.67667 2.95455
6.72739 2.95455
6.77812 2.95455
6.82885 2.95455
6.87958 2.95455
6.93031 2.95455
6.98104 2.95455
7.03176 2.95455
7.08249 2.95455
9.72166 3.35812
12.3608 3.35812
15.0 3.35812
0.0 0.469424
0.0486204 0.469424
0.0972407 0.491727
0.145861 0.51403
0.194481 0.536332
0.243102 0.558635
0.291722 0.580937
0.340342 0.60324
0.388963 0.625542
0.437583 0.647845
0.486204 0.670147
0.534824 0.69245
0.583444 0.714753
0.632065 0.737055
0.680685 0.759358
0.729305 0.78166
0.777926 0.803963
0.826546 0.826265
0.875166 0.848568
0.925421 0.848568
0.975675 0.852649
1.02593 0.85673
1.07618 0.860811
1.12644 0.864892
1.17669 0.868973
1.22695 0.873054
1.2772 0.877135
1.32746 0.881216
1.37771 0.885297
1.42796 0.889378
1.47822 0.893459
1.52847 0.89754
1.57873 0.901621
1.62898 0.905702
1.67924 0.909783
1.72949 0.913864
1.77974 0.917945
1.83 0.922026
1.88025 0.926107
1.93051 0.930188
1.98076 0.934269
2.03102 0.93835
2.08127 0.942431
2.13152 0.946512
2.18178 0.950592
2.23203 0.954673
2.28229 0.958754
2.33254 0.962835
2.3828 0.966916
2.43305 0.970997
2.48331 0.975078
2.53356 0.979159
2.58381 0.98324
2.63407 0.987321
2.68432 0.991402
2.73458 0.995483
2.78483 0.999564
2.83509 1.00365
2.88534 1.00773
2.93559 1.01181
2.98585 1.01589
3.03471 1.01589
3.08357 1.20352
3.13243 1.39114
3.1813 1.57877
3.23016 1.7664
3.27902 1.95403
3.32788 2.14166
3.37674 2.32929
3.42609 2.32929
3.47543 2.36611
3.52477 2.40293
3.57412 2.43975
3.62346 2.47658
3.6728 2.5134
3.72214 2.55022
3.77149 2.58704
3.82083 2.62386
3.87017 2.66069
3.91952 2.69751
3.96886 2.73433
4.0182 2.77115
4.06755 2.80798
4.11689 2.8448
4.16623 2.88162
4.21557 2.91844
4.26492 2.95526
4.31426 2.99209
4.3636 3.02891
4.41221 3.02891
4.46081 3.02891
4.50941 3.02891
4.55801 3.02891
4.60662 3.02891
4.65522 3.02891
4.70382 3.02891
4.75243 3.02891
4.80103 3.02891
4.84963 3.02891
4.89823 3.02891
4.94684 3.02891
4.99544 3.02891
5.04404 3.02891
5.09265 3.02891
7.56948 3.14069
10.0463 3.14069
12.5232 3.14069
15.0 3.14069
0.0 0.464182
0.0492846 0.464182
0.0985692 0.486771
0.147854 0.50936
0.197138 0.531948
0.246423 0.554537
0.295708 0.577126
0.344992 0.599714
0.394277 0.622303
0.443562 0.644892
0.492846 0.66748
0.542131 0.690069
0.591415 0.712658
0.6407 0.735246
0.689985 0.757835
0.739269 0.780424
0.788554 0.803012
0.837838 0.825601
0.887123 0.84819
0.936408 0.870778
0.985692 0.893367
1.0355 0.893367
1.08532 0.896452
1.13513 0.899538
1.18494 0.902623
1.23475 0.905708
1.28456 0.908794
1.33437 0.911879
1.38418 0.914965
1.43399 0.91805
1.48381 0.921135
1.53362 0.924221
1.58343 0.927306
1.63324 0.930392
1.68305 0.933477
1.73286 0.936562
1.78267 0.939648
1.83249 0.942733
1.8823 0.945819
1.93211 0.948904
1.98192 0.951989
2.03173 0.955075
2.08154 0.95816
2.13135 0.961246
2.18117 0.964331
2.23098 0.967416
2.28079 0.970502
2.3306 0.973587
2.38041 0.976673
2.42963 0.976673
2.47886 1.02546
2.52808 1.07425
2.5773 1.12304
2.62652 1.17183
2.67575 1.22062
2.72497 1.26941
2.77419 1.3182
2.82341 1.36699
2.87263 1.41578
2.92186 1.46458
2.97108 1.51337
3.0203 1.56216
3.06952 1.61095
3.11875 1.65974
3.16797 1.70853
3.21719 1.75732
3.26641 1.80611
3.31564 1.8549
3.36486 1.90369
3.41408 1.95248
3.4633 2.00127
3.51252 2.05006
3.56175 2.09885
3.61097 2.14764
3.66019 2.19643
3.70941 2.24522
3.75864 2.29401
3.80864 2.29401
3.85865 2.34551
3.90866 2.39702
3.95867 2.44852
4.00868 2.50002
4.05868 2.55153
4.10869 2.60303
4.1587 2.65453
4.20871 2.70604
4.25871 2.75754
4.30872 2.80905
4.35873 2.86055
4.40874 2.91205
4.45875 2.96356
4.50984 2.96356
4.56093 2.96356
4.61202 2.96356
4.66312 2.96356
4.71421 2.96356
4.7653 2.96356
4.81639 2.96356
4.86749 2.96356
4.91858 2.96356
4.96967 2.96356
5.02076 2.96356
5.07186 2.96356
5.12295 2.96356
5.17404 2.96356
7.63053 3.11872
10.087 3.11872
12.5435 3.11872
15.0 3.11872
0.0 0.466289
0.0499506 0.466289
0.0999012 0.489581
0.149852 0.512873
0.199802 0.536165
0.249753 0.559458
0.299704 0.58275
0.349654 0.606042
0.399605 0.629334
0.449555 0.652626
0.499506 0.675918
0.549457 0.69921
0.599407 0.722502
0.649358 0.745794
0.699308 0.769087
0.749259 0.792379
0.79921 0.815671
0.84916 0.838963
0.899111 0.862255
0.949061 0.885547
0.999012 0.908839
1.04896 0.932131
1.09904 0.932131
1.14911 0.93554
1.19918 0.938948
1.24926 0.942357
1.29933 0.945765
1.3494 0.949174
1.39948 0.952582
1.44955 0.95599
1.49962 0.959399
1.5497 0.962807
1.59977 0.966216
1.64984 0.969624
1.69992 0.973033
1.74999 0.976441
1.80006 0.97985
1.85014 0.983258
1.90021 0.986666
1.95028 0.990075
2.00036 0.993483
2.05043 0.996892
2.10051 1.0003
2.15058 1.00371
2.20065 1.00712
2.25073 1.01053
2.3008 1.01393
2.35087 1.01734
2.40095 1.02075
2.45102 1.02416
2.50109 1.02757
2.55117 1.03098
2.60124 1.03438
2.65131 1.03779
2.70139 1.0412
2.75146 1.04461
2.80153 1.04802
2.85136 1.04802
2.90118 1.09857
2.951 1.14912
3.00082 1.19968
3.05064 1.25023
3.10047 1.30078
3.15029 1.35134
3.20011 1.40189
3.24993 1.45244
3.29975 1.503
3.34958 1.55355
3.3994 1.6041
3.44922 1.65466
3.49904 1.70521
3.54886 1.75576
3.59869 1.80632
3.64851 1.85687
3.69833 1.90742
3.74815 1.95798
3.79797 2.00853
3.8478 2.05908
3.89762 2.10963
3.94744 2.16019
3.99757 2.16019
4.0477 2.22132
4.09783 2.28245
4.14796 2.34359
4.19809 2.40472
4.24822 2.46585
4.29835 2.52699
4.34848 2.58812
4.39861 2.64925
4.44875 2.71038
4.49888 2.77152
4.54901 2.83265
4.59914 2.89378
4.64959 2.89378
4.70004 2.89378
4.75049 2.89378
4.80094 2.89378
4.85139 2.89378
4.90184 2.89378
4.95229 2.89378
5.00274 2.89378
5.05319 2.89378
5.10364 2.89378
5.15409 2.89378
5.20454 2.89378
5.25499 2.89378
5.30544 2.89378
5.35589 2.89378
5.40634 2.89378
5.45679 2.89378
5.50724 2.89378
5.55769 2.89378
5.60814 2.89378
5.6586 2.89378
5.70905 2.89378
5.7595 2.89378
5.80995 2.89378
5.8604 2.89378
5.91085 2.89378
5.9613 2.89378
6.01175 2.89378
6.0622 2.89378
6.11265 2.89378
6.1631 2.89378
6.21355 2.89378
6.264 2.89378
6.31445 2.89378
6.3649 2.89378
6.41535 2.89378
6.4658 2.89378
6.51625 2.89378
6.5667 2.89378
6.61715 2.89378
6.6676 2.89378
6.71805 2.89378
6.7685 2.89378
6.81895 2.89378
6.8694 2.89378
6.91985 2.89378
6.97031 2.89378
7.02076 2.89378
7.07121 2.89378
7.12166 2.89378
7.17211 2.89378
7.22256 2.89378
9.81504 2.92706
12.4075 2.92706
15.0 2.92706
0.0 0.484115
0.0497767 0.484115
0.0995533 0.503242
0.14933 0.522369
0.199107 0.541496
0.248883 0.560623
0.29866 0.57975
0.348437 0.598877
0.398213 0.618003
0.44799 0.63713
0.497767 0.656257
0.547543 0.675384
0.59732 0.694511
0.647097 0.713638
0.696873 0.732765
0.74665 0.751891
0.796427 0.771018
0.846203 0.790145
0.89598 0.809272
0.945757 0.828399
0.995533 0.847526
1.04531 0.866653
1.09516 0.866653
1.145 0.873078
1.19485 0.879504
1.2447 0.885929
1.29455 0.892355
1.3444 0.89878
1.39424 0.905205
1.44409 0.911631
1.49394 0.918056
1.54379 0.924482
1.59363 0.930907
1.64348 0.937333
1.69333 0.943758
1.74318 0.950184
1.79302 0.956609
1.84287 0.963035
1.89272 0.96946
1.94257 0.975886
1.99241 0.982311
2.04226 0.988737
2.09211 0.995162
2.14196 1.00159
2.1918 1.00801
2.24165 1.01444
2.2915 1.02086
2.34135 1.02729
2.39119 1.03372
2.44104 1.04014
2.49089 1.04657
2.54074 1.05299
2.59155 1.05299
2.64236 1.09421
2.69317 1.13543
2.74398 1.17664
2.79479 1.21786
2.8456 1.25908
2.89642 1.3003
2.94723 1.34152
2.99804 1.38273
3.04885 1.42395
3.09966 1.46517
3.15047 1.50639
3.20128 1.54761
3.25209 1.58882
3.30291 1.63004
3.35372 1.67126
3.40453 1.71248
3.45534 1.75369
3.50615 1.79491
3.55696 1.83613
3.60777 1.87735
3.65858 1.91857
3.7094 1.95978
3.76021 2.001
3.81102 2.04222
3.86183 2.08344
3.91264 2.12465
3.96345 2.16587
4.01426 2.20709
4.0653 2.20709
4.11634 2.24535
4.16738 2.28361
4.21842 2.32187
4.26945 2.36012
4.32049 2.39838
4.37153 2.43664
4.42257 2.4749
4.47361 2.51316
4.52465 2.55142
4.57569 2.58967
4.62672 2.62793
4.67776 2.66619
4.7288 2.70445
4.77984 2.74271
4.83088 2.78097
4.88192 2.81922
4.93295 2.85748
4.98399 2.89574
5.03503 2.934
5.08477 2.934
5.13452 2.934
5.18426 2.934
5.234 2.934
5.28374 2.934
5.33349 2.934
5.38323 2.934
5.43297 2.934
5.48271 2.934
5.53246 2.934
5.5822 2.934
5.63194 2.934
5.68168 2.934
5.73143 2.934
5.78117 2.934
5.83091 2.934
5.88065 2.934
5.9304 2.934
5.98014 2.934
6.02988 2.934
6.07962 2.934
6.12937 2.934
6.17911 2.934
6.22885 2.934
6.27859 2.934
6.32834 2.934
6.37808 2.934
6.42782 2.934
6.47756 2.934
6.52731 2.934
9.35154 2.94905
12.1758 2.94905
15.0 2.94905
0.0 0.473383
0.0506609 0.473383
0.101322 0.495526
0.151983 0.517669
0.202644 0.539813
0.253305 0.561956
0.303966 0.5841
0.354627 0.606243
0.405287 0.628387
0.455948 0.65053
0.506609 0.672673
0.55727 0.694817
0.607931 0.71696
0.658592 0.739104
0.709253 0.761247
0.759914 0.783391
0.810575 0.805534
0.861236 0.827678
0.911897 0.849821
0.962558 0.871964
1.01322 0.894108
1.06388 0.916251
1.11375 0.916251
1.16362 0.918214
1.21349 0.920177
1.26336 0.922139
1.31322 0.924102
1.36309 0.926065
1.41296 0.928028
1.46283 0.92999
1.5127 0.931953
1.56257 0.933916
1.61244 0.935879
1.66231 0.937841
1.71218 0.939804
1.76205 0.941767
1.81192 0.943729
1.86178 0.945692
1.91165 0.947655
1.96152 0.949618
2.01139 0.95158
2.06126 0.953543
2.11113 0.955506
2.161 0.957469
2.21087 0.959431
2.26074 0.961394
2.31061 0.963357
2.36047 0.965319
2.41034 0.967282
2.46021 0.969245
2.51008 0.971208
2.55995 0.97317
2.60982 0.975133
2.65969 0.977096
2.70956 0.979059
2.75943 0.981021
2.8093 0.982984
2.85916 0.984947
2.90903 0.98691
2.9589 0.988872
3.00877 0.990835
3.05864 0.992798
3.10851 0.99476
3.15838 0.996723
3.20825 0.998686
3.25812 1.00065
3.30799 1.00261
3.35786 1.00457
3.40772 1.00654
3.45759 1.0085
3.50746 1.01046
3.55733 1.01243
3.60858 1.01243
3.65983 1.09442
3.71108 1.17642
3.76232 1.25842
3.81357 1.34042
3.86482 1.42242
3.91607 1.50442
3.96732 1.58642
4.01856 1.66842
4.06981 1.75042
4.12106 1.83242
4.17231 1.91442
4.22356 1.99642
4.2748 2.07841
4.32605 2.16041
4.3773 2.24241
4.42774 2.24241
4.47817 2.25564
4.52861 2.26886
4.57905 2.28209
4.62949 2.29531
4.67992 2.30854
4.73036 2.32176
4.7808 2.33499
4.83124 2.34821
4.88167 2.36144
4.93211 2.37466
4.98255 2.38789
5.03298 2.40112
5.08342 2.41434
5.13386 2.42757
5.1843 2.44079
5.23473 2.45402
5.28517 2.46724
5.33561 2.48047
5.38605 2.49369
5.43648 2.50692
5.48692 2.52014
5.53736 2.53337
5.58779 2.54659
5.63823 2.55982
5.68867 2.57304
5.73911 2.58627
5.78954 2.59949
5.83998 2.61272
5.89042 2.62594
5.94086 2.63917
5.99129 2.65239
6.04173 2.66562
6.09217 2.67884
6.1426 2.69207
6.19304 2.70529
6.24348 2.71852
6.29392 2.73175
6.34435 2.74497
6.39479 2.7582
6.44523 2.77142
6.49567 2.78465
6.5461 2.79787
6.59654 2.8111
6.64698 2.82432
6.69741 2.83755
6.74785 2.85077
6.79829 2.864
6.84873 2.87722
6.89916 2.89045
6.9496 2.90367
7.00514 2.90367
7.06068 2.90367
7.11623 2.90367
7.17177 2.90367
9.78118 2.93435
12.3906 2.93435
15.0 2.93435
0.0 0.487799
0.048971 0.487799
0.0979421 0.506857
0.146913 0.525915
0.195884 0.544973
0.244855 0.564031
0.293826 0.583089
0.342797 0.602147
0.391768 0.621205
0.440739 0.640263
0.48971 0.659321
0.538681 0.678379
0.587652 0.697437
0.636624 0.716495
0.685595 0.735553
0.734566 0.754611
0.783537 0.773669
0.832508 0.792727
0.881479 0.811785
0.93045 0.830843
0.979421 0.849901
1.02839 0.868959
1.07829 0.868959
1.12819 0.873711
1.17808 0.878463
1.22798 0.883215
1.27788 0.887967
1.32777 0.892719
1.37767 0.897471
1.42757 0.902223
1.47746 0.906975
1.52736 0.911727
1.57726 0.916479
1.62715 0.921231
1.67705 0.925983
1.72695 0.930735
1.77684 0.935487
1.82674 0.940239
1.87664 0.944991
1.92653 0.949743
1.97643 0.954495
2.02633 0.959247
2.07622 0.963999
2.12612 0.968751
2.17602 0.973503
2.22592 0.978255
2.27581 0.983007
2.32571 0.987759
2.37561 0.992511
2.42525 0.992511
2.4749 1.03953
2.52455 1.08655
2.5742 1.13356
2.62385 1.18058
2.67349 1.2276
2.72314 1.27461
2.77279 1.32163
2.82244 1.36865
2.87209 1.41566
2.92173 1.46268
2.97138 1.5097
3.02103 1.55672
3.07068 1.60373
3.12033 1.65075
3.16997 1.69777
3.21962 1.74478
3.26927 1.7918
3.31892 1.83882
3.36857 1.88584
3.41821 1.93285
3.46786 1.97987
3.51751 2.02689
3.56716 2.0739
3.61681 2.12092
3.66645 2.16794
3.7161 2.21496
3.76575 2.26197
3.8154 2.30899
3.86468 2.30899
3.91396 2.33355
3.96325 2.35811
4.01253 2.38268
4.06181 2.40724
4.11109 2.4318
4.16038 2.45636
4.20966 2.48093
4.25894 2.50549
4.30823 2.53005
4.35751 2.55461
4.40679 2.57917
4.45608 2.60374
4.50536 2.6283
4.55464 2.65286
4.60392 2.67742
4.65321 2.70199
4.70249 2.72655
4.75177 2.75111
4.80106 2.77567
4.85034 2.80024
4.9004 2.80024
4.95046 2.80024
5.00052 2.80024
5.05059 2.80024
5.10065 2.80024
5.15071 2.80024
5.20077 2.80024
5.25083 2.80024
5.3009 2.80024
5.35096 2.80024
5.40102 2.80024
5.45108 2.80024
5.50114 2.80024
5.55121 2.80024
5.60127 2.80024
5.65133 2.80024
5.70139 2.80024
5.75145 2.80024
5.80151 2.80024
5.85158 2.80024
5.90164 2.80024
5.9517 2.80024
6.00176 2.80024
6.05182 2.80024
6.10189 2.80024
8.32641 2.95354
10.5509 2.95354
12.7755 2.95354
15.0 2.95354
0.0 0.491341
0.0487781 0.491341
0.0975561 0.511199
0.146334 0.531057
0.195112 0.550916
0.24389 0.570774
0.292668 0.590632
0.341446 0.61049
0.390224 0.630349
0.439002 0.650207
0.487781 0.670065
0.536559 0.689923
0.585337 0.709782
0.634115 0.72964
0.682893 0.749498
0.731671 0.769356
0.780449 0.789215
0.829227 0.809073
0.878773 0.809073
0.928318 0.810777
0.977864 0.812482
1.02741 0.814187
1.07696 0.815891
1.1265 0.817596
1.17605 0.8193
1.22559 0.821005
1.27514 0.822709
1.32468 0.824414
1.37423 0.826119
1.42377 0.827823
1.47332 0.829528
1.52287 0.831232
1.57241 0.832937
1.62196 0.834641
1.6715 0.836346
1.72105 0.838051
1.77059 0.839755
1.82014 0.84146
1.86969 0.843164
1.91923 0.844869
1.96878 0.846573
2.01832 0.848278
2.06787 0.849983
2.11795 0.849983
2.16803 0.877823
2.21811 0.905664
2.26819 0.933505
2.31827 0.961346
2.36835 0.989186
2.41843 1.01703
2.46851 1.04487
2.51859 1.07271
2.56867 1.10055
2.61875 1.12839
2.66883 1.15623
2.71891 1.18407
2.76899 1.21191
2.81907 1.23975
2.86915 1.26759
2.91923 1.29543
2.96931 1.32328
3.01939 1.35112
3.06947 1.37896
3.11955 1.4068
3.16963 1.43464
3.21971 1.46248
3.26979 1.49032
3.31987 1.51816
3.36995 1.546
3.42003 1.57384
3.47011 1.60168
3.52019 1.62952
3.57027 1.65736
3.62035 1.6852
3.67043 1.71305
3.72051 1.74089
3.77059 1.76873
3.82067 1.79657
3.87075 1.82441
3.92083 1.85225
3.97091 1.88009
4.02099 1.90793
4.07107 1.93577
4.12115 1.96361
4.17123 1.99145
4.22131 2.01929
4.27139 2.04713
4.32147 2.07498
4.37155 2.10282
4.42163 2.13066
4.47171 2.1585
4.52179 2.18634
4.57187 2.21418
4.62195 2.24202
4.67246 2.24202
4.72297 2.25985
4.77349 2.27768
4.824 2.29551
4.87451 2.31334
4.92502 2.33117
4.97553 2.34899
5.02605 2.36682
5.07656 2.38465
5.12707 2.40248
5.17758 2.42031
5.22809 2.43814
5.2786 2.45597
5.32912 2.4738
5.37963 2.49163
5.43014 2.50946
5.48065 2.52729
5.53116 2.54512
5.58168 2.56294
5.63219 2.58077
5.6827 2.5986
5.73321 2.61643
5.78372 2.63426
5.83424 2.65209
5.88475 2.66992
5.93526 2.68775
5.98577 2.70558
6.03628 2.72341
6.0868 2.74124
6.13731 2.75907
6.18782 2.77689
6.23833 2.79472
6.28884 2.81255
6.33936 2.83038
6.38987 2.84821
6.4406 2.84821
6.49132 2.84821
6.54205 2.84821
6.59278 2.84821
6.64351 2.84821
6.69424 2.84821
6.74497 2.84821
6.7957 2.84821
6.84642 2.84821
6.89715 2.84821
6.94788 2.84821
6.99861 2.84821
7.04934 2.84821
7.10007 2.84821
7.1508 2.84821
7.20152 2.84821
7.25225 2.84821
9.83484 2.98536
12.4174 2.98536
15.0 2.98536
0.0 0.476867
0.0522956 0.476867
0.104591 0.501668
0.156887 0.526468
0.209182 0.551269
0.261478 0.57607
0.313774 0.600871
0.366069 0.625671
0.418365 0.650472
0.47066 0.675273
0.522956 0.700074
0.573413 0.700074
0.623871 0.702011
0.674328 0.703949
0.724786 0.705886
0.775243 0.707824
0.825701 0.709761
0.876158 0.711699
0.926616 0.713636
0.977073 0.715574
1.02753 0.717511
1.07799 0.719448
1.12845 0.721386
1.1789 0.723323
1.22927 0.723323
1.27964 0.771387
1.33001 0.81945
1.38038 0.867513
1.43075 0.915576
1.48111 0.963639
1.53148 1.0117
1.58185 1.05977
1.63222 1.10783
1.68259 1.15589
1.73296 1.20395
1.78332 1.25202
1.83369 1.30008
1.88406 1.34814
1.93443 1.39621
1.9848 1.44427
2.03517 1.49233
2.08554 1.5404
2.1359 1.58846
2.18627 1.63652
2.23664 1.68459
2.28701 1.73265
2.33738 1.78071
2.38775 1.82878
2.43811 1.87684
2.48848 1.9249
2.53885 1.97296
2.58922 2.02103
2.63959 2.06909
2.68996 2.11715
2.74033 2.16522
2.79069 2.21328
2.84106 2.26134
2.89143 2.30941
2.94094 2.30941
2.99045 2.32893
3.03996 2.34845
3.08947 2.36798
3.13898 2.3875
3.18849 2.40702
3.23799 2.42655
3.2875 2.44607
3.33701 2.46559
3.38652 2.48511
3.43603 2.50464
3.48554 2.52416
3.53505 2.54368
3.58456 2.56321
3.63407 2.58273
3.68358 2.60225
3.73309 2.62178
3.78259 2.6413
3.8321 2.66082
3.88161 2.68034
3.93112 2.69987
3.98063 2.71939
4.03014 2.73891
4.07965 2.75844
4.12916 2.77796
4.17804 2.77796
4.22692 2.77796
4.27581 2.77796
4.32469 2.77796
4.37357 2.77796
4.42245 2.77796
4.47134 2.77796
4.52022 2.77796
4.5691 2.77796
4.61798 2.77796
4.66687 2.77796
4.71575 2.77796
4.76463 2.77796
4.81351 2.77796
4.8624 2.77796
4.91128 2.77796
4.96016 2.77796
5.00904 2.77796
5.05793 2.77796
7.54344 2.933
10.029 2.933
12.5145 2.933
15.0 2.933
0.0 0.455348
0.053683 0.455348
0.107366 0.509643
0.161049 0.563937
0.214732 0.618231
0.268415 0.672525
0.322098 0.726819
0.372159 0.726819
0.42222 0.727844
0.472281 0.728868
0.522342 0.729893
0.572403 0.730918
0.622464 0.731942
0.672525 0.732967
0.722586 0.733992
0.772647 0.735016
0.822709 0.736041
0.87277 0.737066
0.922831 0.73809
0.972892 0.739115
1.02295 0.74014
1.07301 0.741164
1.12307 0.742189
1.17314 0.743214
1.2232 0.744238
1.27326 0.745263
1.32332 0.746288
1.37338 0.747312
1.42344 0.748337
1.4735 0.749362
1.52356 0.750386
1.57362 0.751411
1.62369 0.752436
1.67375 0.75346
1.72381 0.754485
1.77387 0.75551
1.82393 0.756534
1.87399 0.757559
1.92405 0.758584
1.97411 0.759608
2.02417 0.760633
2.07423 0.761658
2.1243 0.762682
2.17436 0.763707
2.22411 0.763707
2.27386 0.812433
2.32362 0.86116
2.37337 0.909886
2.42312 0.958613
2.47288 1.00734
2.52263 1.05607
2.57238 1.10479
2.62214 1.15352
2.67189 1.20224
2.72164 1.25097
2.7714 1.2997
2.82115 1.34842
2.8709 1.39715
2.92066 1.44588
2.97041 1.4946
3.02016 1.54333
3.06992 1.59206
3.11967 1.64078
3.16942 1.68951
3.21918 1.73824
3.26893 1.78696
3.31868 1.83569
3.36844 1.88441
3.41819 1.93314
3.46794 1.98187
3.5177 2.03059
3.56745 2.07932
3.6172 2.12805
3.66696 2.17677
3.71671 2.2255
3.76646 2.27423
3.81622 2.32295
3.86597 2.37168
3.91536 2.37168
3.96475 2.40815
4.01414 2.44463
4.06353 2.4811
4.11291 2.51758
4.1623 2.55405
4.21169 2.59053
4.26108 2.627
4.31047 2.66348
4.35986 2.69995
4.40925 2.73643
4.45864 2.7729
4.50723 2.7729
4.55583 2.7729
4.60442 2.7729
4.65302 2.7729
4.70161 2.7729
4.75021 2.7729
4.79881 2.7729
4.8474 2.7729
4.896 2.7729
4.94459 2.7729
4.99319 2.7729
5.04178 2.7729
5.09038 2.7729
5.13897 2.7729
7.60423 2.84264
10.0695 2.84264
12.5347 2.84264
15.0 2.84264
0.0 0.475244
0.0557651 0.475244
0.11153 0.53462
0.163763 0.53462
0.215997 0.547015
0.26823 0.559411
0.320463 0.571806
0.372696 0.584202
0.424929 0.596598
0.477163 0.608993
0.528465 0.608993
0.579767 0.833125
0.63107 1.05726
0.682372 1.28139
0.733674 1.50552
0.784976 1.72965
0.836279 1.95379
0.887581 2.17792
0.938883 2.40205
0.989347 2.40205
1.03981 2.42009
1.09028 2.43813
1.14074 2.45617
1.1912 2.47421
1.24167 2.49225
1.29213 2.51029
1.3426 2.52833
1.39306 2.54638
1.44352 2.56442
1.49399 2.58246
1.54445 2.6005
1.59491 2.61854
1.64538 2.63658
1.69584 2.65462
1.74631 2.67266
1.79677 2.6907
1.84723 2.70874
1.8977 2.72678
1.94816 2.74482
1.99863 2.76286
2.04909 2.7809
2.09955 2.79894
2.14902 2.79894
2.19849 2.79894
2.24796 2.79894
2.29743 2.79894
2.3469 2.79894
2.39637 2.79894
2.44584 2.79894
2.49531 2.79894
2.54477 2.79894
2.59424 2.79894
2.64371 2.79894
2.69318 2.79894
2.74265 2.79894
2.79212 2.79894
2.84159 2.79894
5.27327 2.81306
7.70495 2.81306
10.1366 2.81306
12.5683 2.81306
15.0 2.81306
0.0 0.382561
0.00795724 0.382561
0.0555529 0.566255
0.103149 0.568411
0.150744 0.570567
0.19834 0.572723
0.245936 0.574879
0.293531 0.577034
0.341127 0.57919
0.388723 0.581346
0.438248 0.581346
0.487773 0.677102
0.537298 0.772858
0.586823 0.868614
0.636348 0.96437
0.685873 1.06013
0.735398 1.15588
0.784923 1.25164
0.834448 1.34739
0.883973 1.44315
0.933498 1.53891
0.983023 1.63466
1.03255 1.73042
1.08207 1.82617
1.1316 1.92193
1.18112 2.01768
1.23065 2.11344
1.28017 2.2092
1.3297 2.30495
1.37922 2.40071
1.42907 2.40071
1.47892 2.53314
1.52876 2.66557
1.57861 2.79799
1.62722 2.79799
1.67583 2.79799
1.72444 2.79799
1.77305 2.79799
1.82166 2.79799
1.87027 2.79799
1.91888 2.79799
1.96749 2.79799
2.0161 2.79799
2.06471 2.79799
2.11332 2.79799
2.16193 2.79799
2.21055 2.79799
2.25916 2.79799
4.80732 2.86903
7.35549 2.86903
9.90366 2.86903
12.4518 2.86903
15.0 2.86903
0.0 0.433519
0.0114123 0.433519
0.0599378 0.536605
0.108463 0.545489
0.156989 0.554373
0.205514 0.563257
0.25404 0.57214
0.302566 0.581024
0.351091 0.589908
0.399617 0.598792
0.448142 0.607676
0.496668 0.61656
0.545193 0.625444
0.593719 0.634328
0.644964 0.634328
0.696209 0.787321
0.747454 0.940315
0.798699 1.09331
0.849944 1.2463
0.901189 1.3993
0.952434 1.55229
1.00368 1.70528
1.05492 1.85828
1.10617 2.01127
1.15741 2.16427
1.20866 2.31726
1.2599 2.47025
1.3112 2.47025
1.36249 2.49916
1.41379 2.52807
1.46508 2.55697
1.51638 2.58588
1.56767 2.61479
1.61897 2.6437
1.67026 2.6726
1.72156 2.70151
1.77285 2.73042
1.82415 2.75933
1.87544 2.78823
1.92526 2.78823
1.97509 2.78823
2.02491 2.78823
2.07473 2.78823
2.12455 2.78823
2.17437 2.78823
2.2242 2.78823
2.27402 2.78823
2.32384 2.78823
2.37366 2.78823
2.42348 2.78823
2.47331 2.78823
2.52313 2.78823
2.57295 2.78823
2.62277 2.78823
2.67259 2.78823
2.72242 2.78823
2.77224 2.78823
2.82206 2.78823
2.87188 2.78823
5.29751 2.8775
7.72313 2.8775
10.1488 2.8775
12.5744 2.8775
15.0 2.8775
0.0 0.405666
0.0140126 0.405666
0.0641223 0.525533
0.114232 0.537413
0.164342 0.549293
0.214451 0.561172
0.264561 0.573052
0.314671 0.584932
0.364781 0.596811
0.41489 0.608691
0.465 0.620571
0.51511 0.63245
0.56522 0.64433
0.613528 0.64433
0.661836 0.866447
0.710144 1.08856
0.758453 1.31068
0.806761 1.5328
0.855069 1.75492
0.903377 1.97703
0.951686 2.19915
0.999994 2.42127
1.0516 2.42127
1.10321 2.46437
1.15482 2.50746
1.20643 2.55056
1.25804 2.59366
1.30965 2.63676
1.36126 2.67986
1.41286 2.72296
1.46447 2.76606
1.51341 2.76606
1.56235 2.76606
1.6113 2.76606
1.66024 2.76606
1.70918 2.76606
1.75812 2.76606
1.80706 2.76606
1.856 2.76606
1.90494 2.76606
1.95388 2.76606
2.00282 2.76606
2.05176 2.76606
2.10071 2.76606
2.14965 2.76606
2.19859 2.76606
2.24753 2.76606
2.29647 2.76606
2.34541 2.76606
2.39435 2.76606
2.44329 2.76606
2.49223 2.76606
2.54117 2.76606
5.03294 2.88784
7.5247 2.88784
10.0165 2.88784
12.5082 2.88784
15.0 2.88784
0.0 0.475834
0.0535359 0.475834
0.107072 0.497373
0.160608 0.518912
0.214144 0.540451
0.26768 0.56199
0.321651 0.56199
0.375623 0.60992
0.429595 0.657849
0.483566 0.705779
0.537538 0.753708
0.58551 0.753708
0.633482 0.890912
0.681454 1.02812
0.729426 1.16532
0.777398 1.30253
0.82537 1.43973
0.873342 1.57693
0.921314 1.71414
0.969286 1.85134
1.01726 1.98855
1.06523 2.12575
1.1132 2.26296
1.16288 2.26296
1.21256 2.28827
1.26224 2.31359
1.31191 2.33891
1.36159 2.36422
1.41127 2.38954
1.46095 2.41486
1.51063 2.44018
1.56031 2.46549
1.60998 2.49081
1.65966 2.51613
1.70934 2.54144
1.75902 2.56676
1.8087 2.59208
1.85838 2.6174
1.90805 2.64271
1.95773 2.66803
2.00741 2.69335
2.05709 2.71866
2.1058 2.71866
2.1545 2.71866
2.20321 2.71866
2.25192 2.71866
2.30062 2.71866
2.34933 2.71866
4.87946 2.82261
7.4096 2.82261
9.93973 2.82261
12.4699 2.82261
15.0 2.82261
0.0 0.48199
0.0501172 0.48199
0.100234 0.502175
0.150352 0.522359
0.200469 0.542543
0.250586 0.562728
0.300703 0.582912
0.350821 0.603097
0.401285 0.603097
0.45175 0.628406
0.502215 0.653716
0.55268 0.679026
0.603144 0.704336
0.653609 0.729646
0.704074 0.754956
0.754539 0.780266
0.805004 0.805576
0.855468 0.830886
0.905933 0.856196
0.956398 0.881506
1.00632 0.881506
1.05624 0.951804
1.10617 1.0221
1.15609 1.0924
1.20601 1.1627
1.25594 1.233
1.30586 1.3033
1.35578 1.3736
1.4057 1.4439
1.45563 1.51419
1.50555 1.58449
1.55547 1.65479
1.6054 1.72509
1.65532 1.79539
1.70524 1.86569
1.75516 1.93599
1.80509 2.00629
1.85501 2.07658
1.90493 2.14688
1.95486 2.21718
2.00478 2.28748
2.0547 2.35778
2.10591 2.35778
2.15712 2.39094
2.20834 2.42409
2.25955 2.45725
2.31076 2.4904
2.36197 2.52356
2.41318 2.55671
2.46439 2.58987
2.5156 2.62302
2.56594 2.62302
2.61628 2.62302
2.66662 2.62302
2.71695 2.62302
2.76729 2.62302
2.81763 2.62302
2.86797 2.62302
2.9183 2.62302
2.96864 2.62302
3.01898 2.62302
3.06932 2.62302
3.11965 2.62302
3.16999 2.62302
3.22033 2.62302
3.27067 2.62302
3.321 2.62302
3.37134 2.62302
3.42168 2.62302
3.47202 2.62302
3.52235 2.62302
3.57269 2.62302
3.62303 2.62302
3.67337 2.62302
3.7237 2.62302
3.77404 2.62302
6.58053 2.93312
9.38702 2.93312
12.1935 2.93312
15.0 2.93312
0.0 0.46594
0.0479416 0.46594
0.0958833 0.497704
0.143825 0.529467
0.191767 0.561231
0.239708 0.592995
0.28765 0.624758
0.337705 0.624758
0.387759 0.635194
0.437814 0.645631
0.487868 0.656067
0.537923 0.666503
0.587978 0.676939
0.638032 0.687376
0.688087 0.697812
0.738142 0.708248
0.788196 0.718685
0.838251 0.729121
0.888306 0.739557
0.93836 0.749993
0.988415 0.76043
1.03847 0.770866
1.08852 0.781302
1.13858 0.791738
1.18863 0.802175
1.23869 0.812611
1.2898 0.812611
1.34091 0.938062
1.39202 1.06351
1.44314 1.18896
1.49425 1.31441
1.54536 1.43987
1.59647 1.56532
1.64758 1.69077
1.69869 1.81622
1.74981 1.94167
1.80092 2.06712
1.85203 2.19257
1.90314 2.31802
1.95037 2.31802
1.99759 2.35869
2.04482 2.39936
2.09205 2.44002
2.13927 2.48069
2.1865 2.52136
2.23372 2.56203
2.28095 2.60269
2.32817 2.64336
2.37706 2.64336
2.42595 2.64336
2.47484 2.64336
2.52373 2.64336
2.57262 2.64336
2.62151 2.64336
2.6704 2.64336
2.71929 2.64336
2.76818 2.64336
2.81707 2.64336
2.86595 2.64336
2.91484 2.64336
2.96373 2.64336
3.01262 2.64336
3.06151 2.64336
3.1104 2.64336
3.15929 2.64336
3.20818 2.64336
3.25707 2.64336
3.30596 2.64336
3.35484 2.64336
5.68388 3.0466
8.01291 3.0466
10.3419 3.0466
12.671 3.0466
15.0 3.0466
0.0 0.471436
0.049707 0.471436
0.0994141 0.498963
0.149121 0.526489
0.198828 0.554015
0.248535 0.581541
0.298242 0.609067
0.347949 0.636594
0.397656 0.66412
0.447363 0.691646
0.49707 0.719172
0.548058 0.719172
0.599045 0.723906
0.650033 0.728639
0.70102 0.733372
0.752007 0.738106
0.802995 0.742839
0.853982 0.747573
0.90497 0.752306
0.955957 0.757039
1.00694 0.761773
1.05793 0.766506
1.10892 0.771239
1.15991 0.775973
1.21089 0.780706
1.26188 0.785439
1.31287 0.790173
1.36386 0.794906
1.41484 0.799639
1.46583 0.804373
1.51682 0.809106
1.56781 0.813839
1.61562 0.813839
1.66343 1.19481
1.71125 1.57578
1.75906 1.95675
1.80687 2.33772
1.8591 2.33772
1.91133 2.37287
1.96356 2.40801
2.01579 2.44316
2.06802 2.4783
2.12025 2.51344
2.17248 2.54859
2.22471 2.58373
2.27694 2.61888
2.32917 2.65402
2.3814 2.68917
2.43116 2.68917
2.48093 2.68917
2.5307 2.68917
2.58046 2.68917
2.63023 2.68917
2.67999 2.68917
2.72976 2.68917
2.77952 2.68917
2.82929 2.68917
2.87906 2.68917
2.92882 2.68917
2.97859 2.68917
3.02835 2.68917
3.07812 2.68917
3.12789 2.68917
3.17765 2.68917
3.22742 2.68917
3.27718 2.68917
3.32695 2.68917
3.37671 2.68917
3.42648 2.68917
3.47625 2.68917
5.781 3.09337
8.08575 3.09337
10.3905 3.09337
12.6952 3.09337
15.0 3.09337
0.0 0.487925
0.0516381 0.487925
0.103276 0.508418
0.154914 0.528912
0.206552 0.549405
0.25819 0.569899
0.309828 0.590392
0.361467 0.610886
0.413105 0.631379
0.464743 0.651873
0.516381 0.672366
0.568019 0.692859
0.619657 0.713353
0.671295 0.733846
0.722933 0.75434
0.773476 0.75434
0.82402 0.768635
0.874563 0.782931
0.925107 0.797226
0.97565 0.811522
1.02619 0.825817
1.07674 0.840113
1.12728 0.854408
1.17782 0.868704
1.22763 0.868704
1.27743 1.03949
1.32723 1.21028
1.37703 1.38106
1.42684 1.55185
1.47664 1.72263
1.52644 1.89342
1.57624 2.06421
1.62605 2.23499
1.67585 2.40578
1.72644 2.40578
1.77704 2.42366
1.82763 2.44154
1.87823 2.45942
1.92882 2.4773
1.97942 2.49518
2.03001 2.51306
2.0806 2.53094
2.1312 2.54882
2.18179 2.5667
2.23239 2.58458
2.28298 2.60247
2.33358 2.62035
2.38417 2.63823
2.43398 2.63823
2.48379 2.63823
2.5336 2.63823
2.58341 2.63823
2.63322 2.63823
2.68302 2.63823
2.73283 2.63823
2.78264 2.63823
2.83245 2.63823
2.88226 2.63823
2.93207 2.63823
2.98188 2.63823
3.03169 2.63823
3.08149 2.63823
3.1313 2.63823
3.18111 2.63823
5.54489 3.18526
7.90867 3.18526
10.2724 3.18526
12.6362 3.18526
15.0 3.18526
0.0 0.476521
0.0480917 0.476521
0.0961834 0.501126
0.144275 0.525731
0.192367 0.550336
0.240459 0.574941
0.28855 0.599546
0.336642 0.624151
0.384734 0.648756
0.432825 0.673361
0.480917 0.697966
0.529009 0.722571
0.579577 0.722571
0.630145 0.741611
0.680713 0.760652
0.731281 0.779692
0.781849 0.798732
0.832417 0.817773
0.882985 0.836813
0.933553 0.855853
0.984121 0.874893
1.03248 0.874893
1.08084 1.07286
1.1292 1.27082
1.17756 1.46879
1.22592 1.66675
1.27427 1.86472
1.32263 2.06268
1.37099 2.26065
1.41935 2.45861
1.47266 2.45861
1.52597 2.49177
1.57928 2.52492
1.63259 2.55807
1.6859 2.59122
1.73921 2.62437
1.79381 2.62437
1.84841 2.62437
1.90301 2.62437
1.95761 2.62437
2.01221 2.62437
4.60977 3.20973
7.20732 3.20973
9.80488 3.20973
12.4024 3.20973
15.0 3.20973
0.0 0.471761
0.0519281 0.471761
0.103856 0.496467
0.155784 0.521172
0.207712 0.545877
0.259641 0.570583
0.311569 0.595288
0.363497 0.619994
0.415425 0.644699
0.465682 0.644699
0.515939 0.674554
0.566196 0.704408
0.616453 0.734262
0.666709 0.764116
0.716966 0.793971
0.767223 0.823825
0.81748 0.853679
0.867737 0.883534
0.917994 0.913388
0.968251 0.943242
1.01715 0.943242
1.06605 1.01168
1.11495 1.08012
1.16385 1.14856
1.21275 1.217
1.26165 1.28544
1.31056 1.35388
1.35946 1.42232
1.40836 1.49076
1.45726 1.5592
1.50616 1.62764
1.55506 1.69608
1.60396 1.76452
1.65286 1.83297
1.70176 1.90141
1.75066 1.96985
1.79956 2.03829
1.84846 2.10673
1.89736 2.17517
1.94626 2.24361
1.99517 2.31205
2.04407 2.38049
2.09413 2.38049
2.14419 2.39329
2.19425 2.40609
2.24431 2.4189
2.29438 2.4317
2.34444 2.4445
2.3945 2.45731
2.44456 2.47011
2.49462 2.48291
2.54469 2.49572
2.59475 2.50852
2.64481 2.52132
2.69487 2.53413
2.74493 2.54693
2.795 2.55973
2.84506 2.57254
2.89512 2.58534
2.94518 2.59814
2.99524 2.61095
3.0453 2.62375
3.09417 2.62375
3.14303 2.62375
3.19189 2.62375
3.24076 2.62375
3.28962 2.62375
3.33848 2.62375
3.38735 2.62375
3.43621 2.62375
3.48507 2.62375
3.53394 2.62375
3.5828 2.62375
3.63166 2.62375
3.68053 2.62375
3.72939 2.62375
5.98351 3.21718
8.23763 3.21718
10.4918 3.21718
12.7459 3.21718
15.0 3.21718
0.0 0.455249
0.0526663 0.455249
0.105333 0.493548
0.157999 0.531848
0.210665 0.570147
0.263331 0.608447
0.315998 0.646746
0.368664 0.685045
0.42133 0.723345
0.471765 0.723345
0.522201 0.731218
0.572636 0.739091
0.623071 0.746964
0.673506 0.754838
0.723941 0.762711
0.774376 0.770584
0.824811 0.778457
0.875247 0.78633
0.925682 0.794203
0.976117 0.802076
1.02655 0.80995
1.07699 0.817823
1.12742 0.825696
1.17786 0.833569
1.22829 0.841442
1.27873 0.849315
1.33109 0.849315
1.38346 1.03989
1.43582 1.23047
1.48818 1.42105
1.54055 1.61163
1.59291 1.80221
1.64528 1.99279
1.69764 2.18336
1.75 2.37394
1.79925 2.37394
1.8485 2.39257
1.89774 2.41119
1.94699 2.42982
1.99623 2.44845
2.04548 2.46707
2.09472 2.4857
2.14397 2.50432
2.19322 2.52295
2.24246 2.54158
2.29171 2.5602
2.34095 2.57883
2.3902 2.59746
2.43944 2.61608
2.48884 2.61608
2.53823 2.61608
2.58763 2.61608
2.63702 2.61608
2.68642 2.61608
2.73581 2.61608
2.78521 2.61608
2.8346 2.61608
2.884 2.61608
2.93339 2.61608
2.98278 2.61608
3.03218 2.61608
3.08157 2.61608
3.13097 2.61608
3.18036 2.61608
3.22976 2.61608
3.27915 2.61608
3.32855 2.61608
3.37794 2.61608
3.42734 2.61608
3.47673 2.61608
3.52612 2.61608
3.57552 2.61608
3.62491 2.61608
3.67431 2.61608
3.7237 2.61608
3.7731 2.61608
3.82249 2.61608
3.87189 2.61608
3.92128 2.61608
3.97068 2.61608
6.72801 3.24655
9.48534 3.24655
12.2427 3.24655
15.0 3.24655
0.0 0.464657
0.0500713 0.464657
0.100143 0.49164
0.150214 0.518624
0.200285 0.545608
0.250356 0.572592
0.300428 0.599575
0.350499 0.626559
0.40057 0.653543
0.450641 0.680526
0.500713 0.70751
0.550784 0.734494
0.600855 0.761477
0.650927 0.788461
0.700998 0.815445
0.750535 0.815445
0.800071 0.81805
0.849608 0.820655
0.899145 0.82326
0.948681 0.825865
0.998218 0.82847
1.04775 0.831075
1.09729 0.83368
1.14683 0.836285
1.19636 0.83889
1.2459 0.841495
1.29544 0.8441
1.34497 0.846705
1.39451 0.84931
1.44405 0.851915
1.49358 0.85452
1.54312 0.857125
1.59266 0.85973
1.64219 0.862335
1.69173 0.86494
1.74127 0.867545
1.7908 0.87015
1.84094 0.87015
1.89108 0.945912
1.94122 1.02167
1.99136 1.09744
2.0415 1.1732
2.09164 1.24896
2.14178 1.32472
2.19192 1.40048
2.24206 1.47625
2.29219 1.55201
2.34233 1.62777
2.39247 1.70353
2.44261 1.77929
2.49275 1.85505
2.54289 1.93082
2.59303 2.00658
2.64317 2.08234
2.69331 2.1581
2.74344 2.23386
2.79358 2.30963
2.84372 2.38539
2.89476 2.38539
2.9458 2.40862
2.99683 2.43185
3.04787 2.45508
3.0989 2.47831
3.14994 2.50153
3.20098 2.52476
3.25201 2.54799
3.30305 2.57122
3.35409 2.59445
3.40512 2.61768
3.45616 2.64091
3.50719 2.66414
3.55666 2.66414
3.60612 2.66414
3.65558 2.66414
3.70505 2.66414
3.75451 2.66414
3.80397 2.66414
3.85344 2.66414
3.9029 2.66414
3.95236 2.66414
4.00182 2.66414
4.05129 2.66414
4.10075 2.66414
4.15021 2.66414
4.19968 2.66414
4.24914 2.66414
4.2986 2.66414
4.34807 2.66414
4.39753 2.66414
4.44699 2.66414
4.49645 2.66414
4.54592 2.66414
4.59538 2.66414
4.64484 2.66414
4.69431 2.66414
4.74377 2.66414
7.30783 3.32661
9.87188 3.32661
12.4359 3.32661
15.0 3.32661
0.0 0.474705
0.0500945 0.474705
0.100189 0.494632
0.150284 0.514559
0.200378 0.534486
0.250473 0.554413
0.300567 0.57434
0.350662 0.594267
0.400756 0.614194
0.450851 0.634121
0.500945 0.654049
0.55104 0.673976
0.601134 0.693903
0.651229 0.71383
0.701323 0.733757
0.751418 0.753684
0.801512 0.773611
0.851607 0.793538
0.901701 0.813465
0.951796 0.833392
1.00259 0.833392
1.05337 0.835431
1.10416 0.837469
1.15495 0.839508
1.20574 0.841546
1.25653 0.843584
1.30732 0.845623
1.35811 0.847661
1.4089 0.8497
1.45969 0.851738
1.51048 0.853777
1.56127 0.855815
1.61206 0.857854
1.66285 0.859892
1.71364 0.86193
1.76443 0.863969
1.81522 0.866007
1.86321 0.866007
1.9112 1.12556
1.95918 1.38511
2.00717 1.64467
2.05516 1.90422
2.10315 2.16378
2.15114 2.42333
2.19599 2.42333
2.24085 2.70742
2.29022 2.70742
2.33959 2.70742
2.38896 2.70742
2.43833 2.70742
2.4877 2.70742
2.53707 2.70742
2.58644 2.70742
2.63581 2.70742
2.68518 2.70742
2.73455 2.70742
2.78392 2.70742
2.83329 2.70742
2.88266 2.70742
2.93203 2.70742
2.9814 2.70742
3.03077 2.70742
3.08014 2.70742
3.12951 2.70742
3.17888 2.70742
3.22825 2.70742
3.27762 2.70742
3.32699 2.70742
3.37636 2.70742
3.42573 2.70742
3.4751 2.70742
3.52447 2.70742
3.57384 2.70742
3.62321 2.70742
3.67258 2.70742
3.72195 2.70742
3.77132 2.70742
6.57849 3.44397
9.38566 3.44397
12.1928 3.44397
15.0 3.44397
0.0 0.474251
0.0505576 0.474251
0.101115 0.493942
0.151673 0.513634
0.20223 0.533325
0.252788 0.553017
0.303346 0.572708
0.353903 0.5924
0.404461 0.612091
0.455018 0.631783
0.505576 0.651475
0.556134 0.671166
0.606691 0.690858
0.657249 0.710549
0.707806 0.730241
0.758364 0.749932
0.808922 0.769624
0.859479 0.789315
0.910037 0.809007
0.960595 0.828698
1.01068 0.828698
1.06076 0.829579
1.11084 0.830459
1.16093 0.831339
1.21101 0.832219
1.26109 0.833099
1.31117 0.833979
1.36126 0.834859
1.41134 0.835739
1.46142 0.836619
1.5115 0.837499
1.56159 0.838379
1.61167 0.839259
1.66175 0.840139
1.71183 0.841019
1.76192 0.841899
1.812 0.84278
1.86208 0.84366
1.91216 0.84454
1.96225 0.84542
2.01233 0.8463
2.06241 0.84718
2.1125 0.84806
2.16258 0.84894
2.21224 0.84894
2.2619 1.11405
2.31156 1.37915
2.36122 1.64426
2.41088 1.90936
2.46054 2.17447
2.5102 2.43957
2.55461 2.43957
2.59902 2.57695
2.64342 2.71432
2.69368 2.71432
2.74393 2.71432
2.79419 2.71432
2.84444 2.71432
2.8947 2.71432
2.94495 2.71432
2.99521 2.71432
3.04547 2.71432
3.09572 2.71432
3.14598 2.71432
3.19623 2.71432
3.24649 2.71432
3.29674 2.71432
3.347 2.71432
3.39725 2.71432
3.44751 2.71432
3.49776 2.71432
3.54802 2.71432
3.59827 2.71432
3.64853 2.71432
3.69878 2.71432
3.74904 2.71432
3.79929 2.71432
3.84955 2.71432
3.8998 2.71432
3.95006 2.71432
6.71254 3.46127
9.47503 3.46127
12.2375 3.46127
15.0 3.46127
0.0 0.47137
0.0510819 0.47137
0.102164 0.495557
0.153246 0.519744
0.204328 0.543931
0.255409 0.568118
0.306491 0.592305
0.357573 0.616492
0.408655 0.640679
0.459737 0.664866
0.510819 0.689053
0.561901 0.713241
0.612983 0.737428
0.664064 0.761615
0.715146 0.785802
0.766228 0.809989
0.816867 0.809989
0.867505 0.814015
0.918144 0.818041
0.968782 0.822067
1.01942 0.826093
1.07006 0.83012
1.1207 0.834146
1.17134 0.838172
1.22197 0.842198
1.27261 0.846224
1.32325 0.85025
1.37389 0.854277
1.42453 0.858303
1.47517 0.862329
1.52581 0.866355
1.57644 0.870381
1.62708 0.874407
1.67772 0.878434
1.72836 0.88246
1.779 0.886486
1.82964 0.890512
1.88028 0.894538
1.93091 0.898564
1.98155 0.902591
2.03219 0.906617
2.08283 0.910643
2.13347 0.914669
2.18395 0.914669
2.23442 1.00213
2.2849 1.0896
2.33538 1.17706
2.38586 1.26453
2.43634 1.35199
2.48681 1.43946
2.53729 1.52692
2.58777 1.61439
2.63825 1.70185
2.68872 1.78932
2.7392 1.87678
2.78968 1.96425
2.84016 2.05171
2.89064 2.13918
2.94111 2.22664
2.99273 2.22664
3.04434 2.25675
3.09595 2.28685
3.14757 2.31695
3.19918 2.34705
3.25079 2.37716
3.3024 2.40726
3.35402 2.43736
3.40563 2.46746
3.45724 2.49757
3.50886 2.52767
3.56047 2.55777
3.61208 2.58787
3.66194 2.58787
3.71181 2.58787
3.76167 2.58787
3.81153 2.58787
3.8614 2.58787
3.91126 2.58787
3.96112 2.58787
4.01099 2.58787
4.06085 2.58787
4.11071 2.58787
4.16057 2.58787
4.21044 2.58787
4.2603 2.58787
4.31016 2.58787
4.36003 2.58787
4.40989 2.58787
4.45975 2.58787
4.50961 2.58787
4.55948 2.58787
4.60934 2.58787
4.6592 2.58787
4.70907 2.58787
4.75893 2.58787
4.80879 2.58787
4.85866 2.58787
4.90852 2.58787
4.95838 2.58787
5.00824 2.58787
5.05811 2.58787
5.10797 2.58787
5.15783 2.58787
5.2077 2.58787
5.25756 2.58787
5.30742 2.58787
5.35729 2.58787
5.40715 2.58787
5.45701 2.58787
5.50687 2.58787
5.55674 2.58787
5.6066 2.58787
5.65646 2.58787
5.70633 2.58787
5.75619 2.58787
5.80605 2.58787
5.85591 2.58787
5.90578 2.58787
5.95564 2.58787
6.0055 2.58787
6.05537 2.58787
6.10523 2.58787
6.15509 2.58787
6.20496 2.58787
6.25482 2.58787
6.30468 2.58787
6.35454 2.58787
6.40441 2.58787
9.26961 2.84909
12.1348 2.84909
15.0 2.84909
0.0 0.475072
0.0485411 0.475072
0.0970821 0.502808
0.145623 0.530545
0.194164 0.558281
0.242705 0.586017
0.291246 0.613754
0.339787 0.64149
0.388328 0.669227
0.43687 0.696963
0.485411 0.724699
0.536352 0.724699
0.587293 0.729657
0.638234 0.734615
0.689175 0.739573
0.740116 0.744531
0.791057 0.749489
0.841998 0.754447
0.892939 0.759405
0.94388 0.764363
0.994821 0.76932
1.04576 0.774278
1.0967 0.779236
1.14764 0.784194
1.19859 0.789152
1.24953 0.79411
1.30047 0.799068
1.35141 0.804026
1.40235 0.808984
1.45329 0.813942
1.50423 0.818899
1.55517 0.823857
1.60611 0.828815
1.65484 0.828815
1.70356 0.919014
1.75228 1.00921
1.80101 1.09941
1.84973 1.18961
1.89846 1.27981
1.94718 1.37001
1.9959 1.46021
2.04463 1.55041
2.09335 1.6406
2.14207 1.7308
2.1908 1.821
2.23952 1.9112
2.28824 2.0014
2.33697 2.0916
2.38569 2.1818
2.43442 2.272
2.4836 2.272
2.53278 2.28098
2.58196 2.28996
2.63115 2.29894
2.68033 2.30792
2.72951 2.3169
2.77869 2.32587
2.82787 2.33485
2.87706 2.34383
2.92624 2.35281
2.97542 2.36179
3.0246 2.37077
3.07379 2.37975
3.12297 2.38873
3.17215 2.39771
3.22133 2.40669
3.27052 2.41567
3.3197 2.42465
3.36888 2.43363
3.41806 2.44261
3.46725 2.45159
3.51643 2.46057
3.56561 2.46955
3.61479 2.47853
3.66398 2.48751
3.71316 2.49649
3.76234 2.50547
3.81152 2.51445
3.86071 2.52343
3.91068 2.52343
3.96066 2.52343
4.01063 2.52343
4.06061 2.52343
4.11058 2.52343
4.16056 2.52343
4.21053 2.52343
4.26051 2.52343
4.31048 2.52343
4.36046 2.52343
4.41043 2.52343
4.46041 2.52343
4.51038 2.52343
4.56036 2.52343
4.61033 2.52343
4.66031 2.52343
4.71028 2.52343
4.76026 2.52343
4.81023 2.52343
4.86021 2.52343
4.91018 2.52343
4.96016 2.52343
5.01013 2.52343
5.06011 2.52343
5.11009 2.52343
5.16006 2.52343
5.21004 2.52343
5.26001 2.52343
5.30999 2.52343
5.35996 2.52343
5.40994 2.52343
5.45991 2.52343
5.50989 2.52343
5.55986 2.52343
5.60984 2.52343
5.65981 2.52343
5.70979 2.52343
5.75976 2.52343
5.80974 2.52343
8.1073 2.85917
10.4049 2.85917
12.7024 2.85917
15.0 2.85917
0.0 0.486407
0.05218 0.486407
0.10436 0.510242
0.15654 0.534077
0.20872 0.557911
0.2609 0.581746
0.31308 0.605581
0.36526 0.629416
0.41744 0.653251
0.46962 0.677086
0.5218 0.700921
0.570265 0.700921
0.61873 0.710336
0.667194 0.719752
0.715659 0.729167
0.764124 0.738582
0.812589 0.747998
0.861054 0.757413
0.909518 0.766828
0.957983 0.776243
1.00645 0.785659
1.05491 0.795074
1.10338 0.804489
1.15184 0.813905
1.20031 0.82332
1.24877 0.832735
1.29897 0.832735
1.34916 0.905675
1.39936 0.978615
1.44955 1.05155
1.49975 1.12449
1.54994 1.19743
1.60014 1.27037
1.65033 1.34331
1.70053 1.41625
1.75073 1.48919
1.80092 1.56213
1.85112 1.63507
1.90131 1.70801
1.95151 1.78095
2.0017 1.85389
2.0519 1.92683
2.10209 1.99977
2.15229 2.07271
2.20248 2.14565
2.25268 2.21859
2.3028 2.21859
2.35292 2.22339
2.40305 2.22819
2.45317 2.23299
2.50329 2.23778
2.55341 2.24258
2.60353 2.24738
2.65366 2.25218
2.70378 2.25698
2.7539 2.26178
2.80402 2.26658
2.85414 2.27137
2.90427 2.27617
2.95439 2.28097
3.00451 2.28577
3.05463 2.29057
3.10475 2.29537
3.15488 2.30017
3.205 2.30496
3.25512 2.30976
3.30524 2.31456
3.35536 2.31936
3.40549 2.32416
3.45561 2.32896
3.50573 2.33376
3.55585 2.33856
3.60597 2.34335
3.6561 2.34815
3.70622 2.35295
3.75634 2.35775
3.80646 2.36255
3.85659 2.36735
3.90671 2.37215
3.95683 2.37694
4.00695 2.38174
4.05707 2.38654
4.1072 2.39134
4.15732 2.39614
4.20744 2.40094
4.25756 2.40574
4.30768 2.41054
4.35781 2.41533
4.40793 2.42013
4.45805 2.42493
4.50817 2.42973
4.55829 2.43453
4.60842 2.43933
4.65854 2.44413
4.70866 2.44892
4.75878 2.45372
4.8089 2.45852
4.85903 2.46332
4.90956 2.46332
4.9601 2.46332
5.01063 2.46332
5.06117 2.46332
5.1117 2.46332
5.16224 2.46332
5.21278 2.46332
5.26331 2.46332
5.31385 2.46332
5.36438 2.46332
5.41492 2.46332
5.46545 2.46332
5.51599 2.46332
5.56652 2.46332
5.61706 2.46332
5.6676 2.46332
5.71813 2.46332
5.76867 2.46332
5.8192 2.46332
5.86974 2.46332
5.92027 2.46332
5.97081 2.46332
6.02134 2.46332
6.07188 2.46332
6.12242 2.46332
6.17295 2.46332
6.22349 2.46332
6.27402 2.46332
6.32456 2.46332
6.37509 2.46332
6.42563 2.46332
6.47617 2.46332
6.5267 2.46332
6.57724 2.46332
6.62777 2.46332
6.67831 2.46332
6.72884 2.46332
6.77938 2.46332
6.82991 2.46332
6.88045 2.46332
6.93099 2.46332
6.98152 2.46332
7.03206 2.46332
7.08259 2.46332
9.72173 2.95503
12.3609 2.95503
15.0 2.95503
0.0 0.485599
0.0477483 0.485599
0.0954965 0.509147
0.143245 0.532695
0.190993 0.556243
0.238741 0.57979
0.28649 0.603338
0.334238 0.626886
0.381986 0.650434
0.429734 0.673982
0.477483 0.69753
0.525231 0.721077
0.576036 0.721077
0.62684 0.726375
0.677645 0.731672
0.728449 0.736969
0.779254 0.742267
0.830058 0.747564
0.880863 0.752861
0.931667 0.758158
0.982472 0.763456
1.03328 0.768753
1.08408 0.77405
1.13489 0.779348
1.18569 0.784645
1.23649 0.789942
1.2873 0.79524
1.3381 0.800537
1.38891 0.805834
1.43971 0.811132
1.49052 0.816429
1.54132 0.821726
1.59213 0.827023
1.64293 0.832321
1.69374 0.837618
1.74454 0.842915
1.79534 0.848213
1.84615 0.85351
1.89695 0.858807
1.94776 0.864105
1.99856 0.869402
2.04937 0.874699
2.10017 0.879996
2.15117 0.879996
2.20216 0.937685
2.25316 0.995374
2.30416 1.05306
2.35515 1.11075
2.40615 1.16844
2.45715 1.22613
2.50814 1.28382
2.55914 1.34151
2.61014 1.3992
2.66113 1.45689
2.71213 1.51458
2.76313 1.57226
2.81412 1.62995
2.86512 1.68764
2.91612 1.74533
2.96711 1.80302
3.01811 1.86071
3.06911 1.9184
3.1201 1.97609
3.1711 2.03378
3.2221 2.09147
3.27309 2.14915
3.32409 2.20684
3.37509 2.26453
3.42571 2.26453
3.47632 2.27219
3.52694 2.27985
3.57756 2.28751
3.62818 2.29517
3.6788 2.30283
3.72942 2.31049
3.78004 2.31816
3.83066 2.32582
3.88128 2.33348
3.9319 2.34114
3.98252 2.3488
4.03314 2.35646
4.08376 2.36412
4.13438 2.37178
4.185 2.37944
4.23562 2.3871
4.28624 2.39476
4.33686 2.40242
4.38748 2.41008
4.4381 2.41774
4.48872 2.4254
4.53934 2.43306
4.58996 2.44072
4.64058 2.44838
4.6912 2.45604
4.74182 2.4637
4.79221 2.4637
4.8426 2.4637
4.893 2.4637
4.94339 2.4637
4.99378 2.4637
5.04417 2.4637
5.09457 2.4637
5.14496 2.4637
5.19535 2.4637
5.24574 2.4637
5.29614 2.4637
5.34653 2.4637
5.39692 2.4637
5.44732 2.4637
5.49771 2.4637
5.5481 2.4637
5.59849 2.4637
5.64889 2.4637
5.69928 2.4637
5.74967 2.4637
5.80006 2.4637
5.85046 2.4637
5.90085 2.4637
5.95124 2.4637
6.00163 2.4637
6.05203 2.4637
6.10242 2.4637
6.15281 2.4637
6.2032 2.4637
6.2536 2.4637
6.30399 2.4637
6.35438 2.4637
6.40477 2.4637
6.45517 2.4637
6.50556 2.4637
6.55595 2.4637
6.60634 2.4637
6.65674 2.4637
6.70713 2.4637
6.75752 2.4637
6.80791 2.4637
6.85831 2.4637
6.9087 2.4637
6.95909 2.4637
7.00948 2.4637
7.05988 2.4637
7.11027 2.4637
7.16066 2.4637
7.21105 2.4637
7.26145 2.4637
7.31184 2.4637
7.36223 2.4637
7.41262 2.4637
7.46302 2.4637
7.51341 2.4637
7.5638 2.4637
7.61419 2.4637
7.66459 2.4637
10.1097 3.01108
12.5549 3.01108
15.0 3.01108
0.0 0.468776
0.0523018 0.468776
0.104604 0.49729
0.156905 0.525804
0.209207 0.554317
0.261509 0.582831
0.313811 0.611345
0.366112 0.639859
0.418414 0.668373
0.470716 0.696886
0.523018 0.7254
0.57313 0.7254
0.623242 0.727427
0.673355 0.729454
0.723467 0.731481
0.773579 0.733507
0.823692 0.735534
0.873804 0.737561
0.923916 0.739588
0.974029 0.741615
1.02414 0.743641
1.07425 0.745668
1.12437 0.747695
1.17448 0.749722
1.22459 0.751748
1.2747 0.753775
1.32481 0.755802
1.37493 0.757829
1.42504 0.759856
1.47515 0.761882
1.52526 0.763909
1.57538 0.765936
1.62549 0.767963
1.6756 0.76999
1.72571 0.772016
1.77583 0.774043
1.82594 0.77607
1.87605 0.778097
1.92616 0.780124
1.97628 0.78215
2.02565 0.78215
2.07503 0.84167
2.12441 0.901189
2.17379 0.960708
2.22316 1.02023
2.27254 1.07975
2.32192 1.13927
2.3713 1.19878
2.42068 1.2583
2.47005 1.31782
2.51943 1.37734
2.56881 1.43686
2.61819 1.49638
2.66757 1.5559
2.71694 1.61542
2.76632 1.67494
2.8157 1.73446
2.86508 1.79398
2.91446 1.8535
2.96383 1.91301
3.01321 1.97253
3.06259 2.03205
3.11197 2.09157
3.16134 2.15109
3.21072 2.21061
3.2609 2.21061
3.31109 2.2165
3.36127 2.2224
3.41145 2.22829
3.46163 2.23418
3.51181 2.24008
3.56199 2.24597
3.61218 2.25186
3.66236 2.25776
3.71254 2.26365
3.76272 2.26954
3.8129 2.27543
3.86308 2.28133
3.91327 2.28722
3.96345 2.29311
4.01363 2.29901
4.06381 2.3049
4.11399 2.31079
4.16417 2.31669
4.21436 2.32258
4.26454 2.32847
4.31472 2.33437
4.3649 2.34026
4.41508 2.34615
4.46526 2.35204
4.51545 2.35794
4.56563 2.36383
4.61581 2.36972
4.66599 2.37562
4.71617 2.38151
4.76635 2.3874
4.81654 2.3933
4.86672 2.39919
4.9169 2.40508
4.96708 2.41098
5.01726 2.41687
5.06744 2.42276
5.11763 2.42865
5.16781 2.43455
5.21799 2.44044
5.26817 2.44633
5.31835 2.45223
5.36853 2.45812
5.41872 2.46401
5.4689 2.46991
5.51908 2.4758
5.56926 2.48169
5.6197 2.48169
5.67015 2.48169
5.72059 2.48169
5.77104 2.48169
5.82148 2.48169
5.87193 2.48169
5.92237 2.48169
5.97281 2.48169
6.02326 2.48169
6.0737 2.48169
6.12415 2.48169
6.17459 2.48169
6.22504 2.48169
6.27548 2.48169
6.32593 2.48169
6.37637 2.48169
6.42681 2.48169
6.47726 2.48169
6.5277 2.48169
6.57815 2.48169
6.62859 2.48169
6.67904 2.48169
6.72948 2.48169
6.77992 2.48169
6.83037 2.48169
6.88081 2.48169
6.93126 2.48169
6.9817 2.48169
7.03215 2.48169
7.08259 2.48169
7.13303 2.48169
7.18348 2.48169
9.78899 3.05408
12.3945 3.05408
15.0 3.05408
0.0 0.4699
0.0507426 0.4699
0.101485 0.500763
0.152228 0.531625
0.202971 0.562487
0.253713 0.59335
0.304456 0.624212
0.355198 0.655074
0.405941 0.685937
0.456684 0.716799
0.506663 0.716799
0.556643 0.719379
0.606623 0.72196
0.656603 0.72454
0.706583 0.72712
0.756563 0.729701
0.806542 0.732281
0.856522 0.734862
0.906502 0.737442
0.956482 0.740022
1.00646 0.742603
1.05644 0.745183
1.10642 0.747763
1.1564 0.750344
1.20638 0.752924
1.25636 0.755505
1.30634 0.758085
1.35632 0.760665
1.4063 0.763246
1.45628 0.765826
1.50626 0.768407
1.55624 0.770987
1.60622 0.773567
1.6562 0.776148
1.70618 0.778728
1.75616 0.781308
1.80614 0.783889
1.85612 0.786469
1.9057 0.786469
1.95529 0.851376
2.00487 0.916282
2.05446 0.981189
2.10404 1.0461
2.15363 1.111
2.20321 1.17591
2.2528 1.24082
2.30238 1.30572
2.35197 1.37063
2.40155 1.43554
2.45114 1.50044
2.50072 1.56535
2.55031 1.63025
2.59989 1.69516
2.64948 1.76007
2.69906 1.82497
2.74865 1.88988
2.79823 1.95479
2.84782 2.01969
2.8974 2.0846
2.94699 2.14951
2.99657 2.21441
3.04616 2.27932
3.09646 2.27932
3.14677 2.28744
3.19708 2.29555
3.24738 2.30367
3.29769 2.31179
3.34799 2.31991
3.3983 2.32802
3.44861 2.33614
3.49891 2.34426
3.54922 2.35237
3.59952 2.36049
3.64983 2.36861
3.70014 2.37673
3.75044 2.38484
3.80075 2.39296
3.85106 2.40108
3.90136 2.40919
3.95167 2.41731
4.00197 2.42543
4.05228 2.43355
4.10259 2.44166
4.15289 2.44978
4.2032 2.4579
4.2535 2.46601
4.30381 2.47413
4.35412 2.48225
4.40442 2.49037
4.45473 2.49848
4.50399 2.49848
4.55324 2.49848
4.6025 2.49848
4.65176 2.49848
4.70102 2.49848
4.75028 2.49848
4.79953 2.49848
4.84879 2.49848
4.89805 2.49848
4.94731 2.49848
4.99657 2.49848
5.04582 2.49848
5.09508 2.49848
5.14434 2.49848
5.1936 2.49848
5.24286 2.49848
5.29211 2.49848
5.34137 2.49848
5.39063 2.49848
5.43989 2.49848
5.48915 2.49848
5.5384 2.49848
5.58766 2.49848
5.63692 2.49848
5.68618 2.49848
5.73544 2.49848
5.78469 2.49848
5.83395 2.49848
5.88321 2.49848
8.16241 3.06407
10.4416 3.06407
12.7208 3.06407
15.0 3.06407
0.0 0.476798
0.0500924 0.476798
0.100185 0.500131
0.150277 0.523465
0.20037 0.546799
0.250462 0.570132
0.300554 0.593466
0.350647 0.6168
0.400739 0.640133
0.450832 0.663467
0.500924 0.686801
0.551016 0.710134
0.601109 0.733468
0.650918 0.733468
0.700727 0.73626
0.750537 0.739052
0.800346 0.741844
0.850155 0.744635
0.899965 0.747427
0.949774 0.750219
0.999583 0.753011
1.04939 0.755803
1.0992 0.758595
1.14901 0.761387
1.19882 0.764179
1.24863 0.766971
1.29844 0.769762
1.34825 0.772554
1.39806 0.775346
1.44787 0.778138
1.49768 0.78093
1.54749 0.783722
1.59729 0.786514
1.6471 0.789306
1.69691 0.792097
1.74672 0.794889
1.79653 0.797681
1.84634 0.800473
1.89615 0.803265
1.94566 0.803265
1.99516 0.833375
2.04467 0.863484
2.09418 0.893594
2.14368 0.923704
2.19319 0.953813
2.24269 0.983923
2.2922 1.01403
2.34171 1.04414
2.39121 1.07425
2.44072 1.10436
2.49022 1.13447
2.53973 1.16458
2.58924 1.19469
2.63874 1.2248
2.68825 1.25491
2.73775 1.28502
2.78726 1.31513
2.83677 1.34524
2.88627 1.37535
2.93578 1.40546
2.98529 1.43557
3.03479 1.46568
3.0843 1.49579
3.1338 1.5259
3.18331 1.55601
3.23282 1.58612
3.28232 1.61622
3.33183 1.64633
3.38133 1.67644
3.43084 1.70655
3.48035 1.73666
3.52985 1.76677
3.57936 1.79688
3.62887 1.82699
3.67837 1.8571
3.72788 1.88721
3.77738 1.91732
3.82689 1.94743
3.8764 1.97754
3.9259 2.00765
3.97541 2.03776
4.02491 2.06787
4.07442 2.09798
4.12393 2.12809
4.17343 2.1582
4.22294 2.18831
4.27244 2.21842
4.32195 2.24853
4.37146 2.27864
4.42213 2.27864
4.4728 2.28678
4.52347 2.29492
4.57414 2.30306
4.62481 2.31121
4.67549 2.31935
4.72616 2.32749
4.77683 2.33563
4.8275 2.34378
4.87817 2.35192
4.92884 2.36006
4.97952 2.3682
5.03019 2.37635
5.08086 2.38449
5.13153 2.39263
5.1822 2.40077
5.23287 2.40892
5.28355 2.41706
5.33422 2.4252
5.38489 2.43334
5.43556 2.44149
5.48623 2.44963
5.5369 2.45777
5.58757 2.46591
5.63825 2.47406
5.68892 2.4822
5.73959 2.49034
5.79026 2.49848
5.83882 2.49848
5.88739 2.49848
5.93595 2.49848
5.98451 2.49848
6.03307 2.49848
6.08164 2.49848
6.1302 2.49848
6.17876 2.49848
6.22732 2.49848
6.27589 2.49848
6.32445 2.49848
6.37301 2.49848
6.42158 2.49848
6.47014 2.49848
6.5187 2.49848
6.56726 2.49848
6.61583 2.49848
9.41055 2.98291
12.2053 2.98291
15.0 2.98291
0.0 0.459281
0.0508783 0.459281
0.101757 0.489394
0.152635 0.519507
0.203513 0.549621
0.254392 0.579734
0.30527 0.609847
0.356148 0.63996
0.407027 0.670074
0.457905 0.700187
0.507885 0.700187
0.557866 0.704975
0.607846 0.709764
0.657827 0.714553
0.707808 0.719341
0.757788 0.72413
0.807769 0.728919
0.857749 0.733707
0.90773 0.738496
0.95771 0.743284
1.00769 0.748073
1.05767 0.752862
1.10765 0.75765
1.15763 0.762439
1.20761 0.767228
1.25759 0.772016
1.30757 0.776805
1.35755 0.781593
1.40754 0.786382
1.45752 0.791171
1.50553 0.791171
1.55354 0.935827
1.60156 1.08048
1.64957 1.22514
1.69758 1.3698
1.7456 1.51445
1.79361 1.65911
1.84163 1.80377
1.88964 1.94842
1.93765 2.09308
1.98567 2.23774
2.03368 2.38239
2.08281 2.38239
2.13193 2.40345
2.18106 2.4245
2.23018 2.44555
2.27931 2.4666
2.32843 2.48765
2.37756 2.50871
2.42668 2.52976
2.47581 2.55081
2.52493 2.57186
2.57405 2.59292
2.62318 2.61397
2.6723 2.63502
2.72143 2.65607
2.77055 2.67712
2.81968 2.69818
2.8688 2.71923
2.91793 2.74028
2.96705 2.76133
3.01618 2.78239
3.0653 2.80344
3.11443 2.82449
3.16484 2.82449
3.21526 2.82449
3.26568 2.82449
3.3161 2.82449
3.36651 2.82449
3.41693 2.82449
3.46735 2.82449
3.51776 2.82449
3.56818 2.82449
3.6186 2.82449
3.66901 2.82449
3.71943 2.82449
3.76985 2.82449
3.82027 2.82449
3.87068 2.82449
3.9211 2.82449
3.97152 2.82449
4.02193 2.82449
4.07235 2.82449
4.12277 2.82449
6.84208 3.11944
9.56138 3.11944
12.2807 3.11944
15.0 3.11944
0.0 0.464742
0.0492568 0.464742
0.0985137 0.490786
0.147771 0.516829
0.197027 0.542872
0.246284 0.568915
0.295541 0.594958
0.344798 0.621002
0.394055 0.647045
0.443312 0.673088
0.492568 0.699131
0.541825 0.725174
0.591301 0.725174
0.640778 0.727246
0.690254 0.729318
0.73973 0.73139
0.789207 0.733462
0.838683 0.735534
0.888159 0.737605
0.937635 0.739677
0.987112 0.741749
1.03659 0.743821
1.08606 0.745893
1.13554 0.747964
1.18502 0.750036
1.23449 0.752108
1.28397 0.75418
1.33345 0.756252
1.38292 0.758323
1.4324 0.760395
1.48187 0.762467
1.53135 0.764539
1.58083 0.766611
1.6303 0.768682
1.67978 0.770754
1.72926 0.772826
1.77959 0.772826
1.82992 0.871676
1.88025 0.970526
1.93058 1.06938
1.98091 1.16823
2.03125 1.26708
2.08158 1.36593
2.13191 1.46478
2.18224 1.56363
2.23257 1.66248
2.28291 1.76133
2.33324 1.86018
2.38357 1.95903
2.4339 2.05788
2.48423 2.15673
2.53457 2.25558
2.5849 2.35443
2.63455 2.35443
2.68419 2.38616
2.73384 2.41789
2.78349 2.44962
2.83314 2.48135
2.88279 2.51308
2.93244 2.54481
2.98208 2.57654
3.03173 2.60827
3.08138 2.64
3.13103 2.67173
3.18068 2.70346
3.23032 2.73519
3.27997 2.76692
3.32962 2.79865
3.37927 2.83038
3.4292 2.83038
3.47913 2.83038
3.52906 2.83038
3.57899 2.83038
3.62891 2.83038
3.67884 2.83038
3.72877 2.83038
3.7787 2.83038
3.82863 2.83038
3.87856 2.83038
3.92849 2.83038
3.97842 2.83038
4.02835 2.83038
4.07828 2.83038
4.1282 2.83038
4.17813 2.83038
4.22806 2.83038
4.27799 2.83038
4.32792 2.83038
4.37785 2.83038
4.42778 2.83038
4.47771 2.83038
4.52764 2.83038
4.57757 2.83038
4.62749 2.83038
4.67742 2.83038
4.72735 2.83038
7.29551 3.07396
9.86368 3.07396
12.4318 3.07396
15.0 3.07396
0.0 0.475833
0.0518851 0.475833
0.10377 0.497803
0.155655 0.519773
0.207541 0.541743
0.259426 0.563713
0.311311 0.585683
0.363196 0.607653
0.415081 0.629624
0.466966 0.651594
0.518851 0.673564
0.570736 0.695534
0.622622 0.717504
0.671832 0.717504
0.721042 0.718391
0.770252 0.719278
0.819462 0.720165
0.868673 0.721052
0.917883 0.721939
0.967093 0.722826
1.0163 0.723713
1.06551 0.7246
1.11472 0.725487
1.16393 0.726374
1.21314 0.72726
1.26235 0.728147
1.31156 0.729034
1.36077 0.729921
1.40998 0.730808
1.46156 0.730808
1.51314 0.85008
1.56472 0.969351
1.61629 1.08862
1.66787 1.20789
1.71945 1.32717
1.77103 1.44644
1.8226 1.56571
1.87418 1.68498
1.92576 1.80425
1.97734 1.92352
2.02891 2.04279
2.08049 2.16207
2.13207 2.28134
2.18365 2.40061
2.23275 2.40061
2.28186 2.47722
2.33097 2.55382
2.38007 2.63043
2.42918 2.70703
2.47829 2.78364
2.5274 2.86025
2.57808 2.86025
2.62876 2.86025
2.67944 2.86025
2.73013 2.86025
2.78081 2.86025
2.83149 2.86025
2.88218 2.86025
2.93286 2.86025
2.98354 2.86025
3.03423 2.86025
3.08491 2.86025
3.13559 2.86025
3.18628 2.86025
3.23696 2.86025
5.58957 2.91663
7.94218 2.91663
10.2948 2.91663
12.6474 2.91663
15.0 2.91663
0.0 0.479982
0.0478899 0.479982
0.0957799 0.503572
0.14367 0.527161
0.19156 0.55075
0.23945 0.574339
0.28734 0.597929
0.33523 0.621518
0.38312 0.645107
0.43101 0.668696
0.480356 0.668696
0.529702 0.674383
0.579049 0.680069
0.628395 0.685756
0.677742 0.691443
0.727088 0.697129
0.776435 0.702816
0.825781 0.708502
0.875128 0.714189
0.924474 0.719875
0.973821 0.725562
1.02317 0.731248
1.07251 0.736935
1.12186 0.742621
1.17121 0.748308
1.22055 0.753994
1.2699 0.759681
1.31925 0.765368
1.36859 0.771054
1.41794 0.776741
1.46729 0.782427
1.51663 0.788114
1.56598 0.7938
1.61532 0.799487
1.66467 0.805173
1.71402 0.81086
1.76336 0.816546
1.81271 0.822233
1.86206 0.827919
1.9114 0.833606
1.96075 0.839293
2.0101 0.844979
2.05944 0.850666
2.1088 0.850666
2.15816 0.962668
2.20751 1.07467
2.25687 1.18667
2.30623 1.29867
2.35558 1.41068
2.40494 1.52268
2.4543 1.63468
2.50365 1.74668
2.55301 1.85869
2.60237 1.97069
2.65172 2.08269
2.70108 2.19469
2.75044 2.3067
2.79979 2.4187
2.8495 2.4187
2.8992 2.43271
2.9489 2.44672
2.9986 2.46073
3.0483 2.47475
3.098 2.48876
3.1477 2.50277
3.1974 2.51678
3.2471 2.53079
3.2968 2.54481
3.3465 2.55882
3.3962 2.57283
3.4459 2.58684
3.4956 2.60085
3.5453 2.61487
3.595 2.62888
3.6447 2.64289
3.6944 2.6569
3.7441 2.67092
3.7938 2.68493
3.8435 2.69894
3.8932 2.71295
3.9429 2.72696
3.9926 2.74098
4.0423 2.75499
4.092 2.769
4.1417 2.78301
4.1914 2.79702
4.2411 2.81104
4.2908 2.82505
4.3405 2.83906
4.39109 2.83906
4.44169 2.83906
4.49229 2.83906
4.54288 2.83906
4.59348 2.83906
4.64407 2.83906
4.69467 2.83906
4.74526 2.83906
4.79586 2.83906
4.84645 2.83906
4.89705 2.83906
4.94764 2.83906
4.99824 2.83906
5.04883 2.83906
7.53662 3.00126
10.0244 3.00126
12.5122 3.00126
15.0 3.00126
0.0 0.488073
0.0507353 0.488073
0.101471 0.508009
0.152206 0.527945
0.202941 0.547881
0.253676 0.567817
0.304412 0.587753
0.355147 0.607689
0.405882 0.627625
0.456618 0.647561
0.507353 0.667497
0.558088 0.687433
0.608823 0.707369
0.655312 0.707369
0.701801 0.711052
0.748289 0.714734
0.794778 0.718416
0.841267 0.722099
0.887755 0.725781
0.934244 0.729463
0.984107 0.729463
1.03397 0.754893
1.08383 0.780322
1.1337 0.805751
1.18356 0.83118
1.23342 0.856609
1.28328 0.882038
1.33315 0.907467
1.38301 0.932897
1.43287 0.958326
1.48274 0.983755
1.5326 1.00918
1.58246 1.03461
1.63232 1.06004
1.68219 1.08547
1.73205 1.1109
1.78191 1.13633
1.83178 1.16176
1.88164 1.18719
1.9315 1.21262
1.98136 1.23805
2.03123 1.26348
2.08109 1.2889
2.13095 1.31433
2.18082 1.33976
2.23068 1.36519
2.28054 1.39062
2.3304 1.41605
2.38027 1.44148
2.43013 1.46691
2.47999 1.49234
2.52985 1.51777
2.57972 1.5432
2.62958 1.56863
2.67944 1.59405
2.72931 1.61948
2.77917 1.64491
2.82903 1.67034
2.87889 1.69577
2.92876 1.7212
2.97862 1.74663
3.02848 1.77206
3.07835 1.79749
3.12821 1.82292
3.17807 1.84835
3.22793 1.87377
3.2778 1.8992
3.32766 1.92463
3.37752 1.95006
3.42739 1.97549
3.47725 2.00092
3.52711 2.02635
3.57697 2.05178
3.62684 2.07721
3.6767 2.10264
3.72656 2.12807
3.77643 2.1535
3.82629 2.17892
3.87615 2.20435
3.92601 2.22978
3.97588 2.25521
4.02574 2.28064
4.0756 2.30607
4.12547 2.3315
4.17533 2.35693
4.22519 2.38236
4.27505 2.40779
4.32492 2.43322
4.37478 2.45865
4.42464 2.48407
4.47451 2.5095
4.52437 2.53493
4.57423 2.56036
4.62453 2.56036
4.67482 2.56669
4.72511 2.57303
4.77541 2.57936
4.8257 2.58569
4.876 2.59203
4.92629 2.59836
4.97659 2.60469
5.02688 2.61102
5.07718 2.61736
5.12747 2.62369
5.17776 2.63002
5.22806 2.63636
5.27835 2.64269
5.32865 2.64902
5.37894 2.65535
5.42924 2.66169
5.47953 2.66802
5.52983 2.67435
5.58012 2.68069
5.63041 2.68702
5.68071 2.69335
5.731 2.69968
5.7813 2.70602
5.83159 2.71235
5.88189 2.71868
5.93218 2.72502
5.98247 2.73135
6.03277 2.73768
6.08306 2.74401
6.13321 2.74401
6.18335 2.74401
6.23349 2.74401
6.28363 2.74401
6.33377 2.74401
6.38391 2.74401
6.43405 2.74401
6.48419 2.74401
6.53434 2.74401
6.58448 2.74401
6.63462 2.74401
6.68476 2.74401
6.7349 2.74401
6.78504 2.74401
6.83518 2.74401
6.88532 2.74401
6.93547 2.74401
6.98561 2.74401
7.03575 2.74401
9.6905 2.93011
12.3452 2.93011
15.0 2.93011
0.0 0.485629
0.0497176 0.485629
0.0994352 0.503473
0.149153 0.521317
0.19887 0.53916
0.248588 0.557004
0.298306 0.574847
0.348023 0.592691
0.397741 0.610535
0.447459 0.628378
0.497176 0.646222
0.546894 0.664065
0.596611 0.681909
0.649719 0.681909
0.702827 0.686573
0.755934 0.691237
0.809042 0.695902
0.862149 0.700566
0.915257 0.70523
0.968364 0.709894
1.01832 0.709894
1.06827 0.780365
1.11822 0.850836
1.16817 0.921306
1.21812 0.991777
1.26808 1.06225
1.31803 1.13272
1.36798 1.20319
1.41793 1.27366
1.46788 1.34413
1.51784 1.4146
1.56779 1.48507
1.61774 1.55554
1.66769 1.62601
1.71764 1.69648
1.7676 1.76696
1.81755 1.83743
1.8675 1.9079
1.91745 1.97837
1.9674 2.04884
2.01735 2.11931
2.06731 2.18978
2.11726 2.26025
2.16721 2.33072
2.21716 2.40119
2.26711 2.47166
2.31707 2.54213
2.36703 2.54213
2.41699 2.54587
2.46695 2.54961
2.51691 2.55335
2.56687 2.55708
2.61683 2.56082
2.6668 2.56456
2.71676 2.56829
2.76672 2.57203
2.81668 2.57577
2.86664 2.57951
2.9166 2.58324
2.96657 2.58698
3.01653 2.59072
3.06649 2.59446
3.11645 2.59819
3.16641 2.60193
3.21637 2.60567
3.26633 2.6094
3.3163 2.61314
3.36626 2.61688
3.41622 2.62062
3.46618 2.62435
3.51614 2.62809
3.5661 2.63183
3.61606 2.63557
3.66603 2.6393
3.71599 2.64304
3.76595 2.64678
3.81591 2.65051
3.86587 2.65425
3.91583 2.65799
3.96579 2.66173
4.01576 2.66546
4.06572 2.6692
4.11568 2.67294
4.16564 2.67668
4.2156 2.68041
4.26556 2.68415
4.31552 2.68789
4.36549 2.69162
4.41545 2.69536
4.46541 2.6991
4.51537 2.70284
4.56533 2.70657
4.61529 2.71031
4.66525 2.71405
4.71522 2.71779
4.76518 2.72152
4.81514 2.72526
4.8651 2.729
4.91506 2.73273
4.96502 2.73647
5.01453 2.73647
5.06404 2.73647
5.11354 2.73647
5.16305 2.73647
5.21256 2.73647
5.26206 2.73647
5.31157 2.73647
5.36108 2.73647
5.41058 2.73647
5.46009 2.73647
5.5096 2.73647
5.5591 2.73647
7.91933 2.99545
10.2796 2.99545
12.6398 2.99545
15.0 2.99545
0.0 0.46526
0.0514172 0.46526
0.102834 0.499025
0.154252 0.532789
0.205669 0.566553
0.257086 0.600317
0.308503 0.634081
0.35992 0.667845
0.411338 0.701609
0.462755 0.735373
0.512378 0.735373
0.562001 0.736295
0.611624 0.737216
0.661247 0.738138
0.710871 0.739059
0.760494 0.739981
0.810117 0.740902
0.85974 0.741824
0.909363 0.742745
0.958986 0.743667
1.00861 0.744588
1.05823 0.74551
1.10786 0.746431
1.15748 0.747353
1.2071 0.748275
1.25673 0.749196
1.30635 0.750118
1.35597 0.751039
1.40559 0.751961
1.45522 0.752882
1.50484 0.753804
1.55446 0.754725
1.60409 0.755647
1.65371 0.756568
1.70333 0.75749
1.75296 0.758411
1.80258 0.759333
1.8522 0.760254
1.90199 0.760254
1.95177 0.853508
2.00156 0.946762
2.05134 1.04002
2.10112 1.13327
2.15091 1.22652
2.20069 1.31978
2.25048 1.41303
2.30026 1.50628
2.35004 1.59954
2.39983 1.69279
2.44961 1.78604
2.4994 1.8793
2.54918 1.97255
2.59896 2.06581
2.64875 2.15906
2.69853 2.25231
2.74832 2.34557
2.7981 2.43882
2.84788 2.53207
2.89797 2.53207
2.94805 2.53525
2.99813 2.53842
3.04822 2.54159
3.0983 2.54476
3.14838 2.54793
3.19847 2.5511
3.24855 2.55428
3.29863 2.55745
3.34872 2.56062
3.3988 2.56379
3.44888 2.56696
3.49896 2.57013
3.54905 2.57331
3.59913 2.57648
3.64921 2.57965
3.6993 2.58282
3.74938 2.58599
3.79946 2.58916
3.84955 2.59234
3.89963 2.59551
3.94971 2.59868
3.9998 2.60185
4.04988 2.60502
4.09996 2.60819
4.15005 2.61137
4.20013 2.61454
4.25021 2.61771
4.3003 2.62088
4.35038 2.62405
4.40046 2.62722
4.45055 2.6304
4.50063 2.63357
4.55071 2.63674
4.6008 2.63991
4.65088 2.64308
4.70096 2.64625
4.75104 2.64943
4.80113 2.6526
4.85121 2.65577
4.90129 2.65894
4.95138 2.66211
5.00146 2.66528
5.05154 2.66846
5.10163 2.67163
5.15171 2.6748
5.20179 2.67797
5.25188 2.68114
5.30196 2.68431
5.35257 2.68431
5.40319 2.68431
5.45381 2.68431
5.50442 2.68431
5.55504 2.68431
5.60565 2.68431
5.65627 2.68431
5.70688 2.68431
5.7575 2.68431
5.80811 2.68431
5.85873 2.68431
5.90934 2.68431
5.95996 2.68431
6.01057 2.68431
6.06119 2.68431
6.1118 2.68431
6.16242 2.68431
6.21303 2.68431
6.26365 2.68431
6.31426 2.68431
6.36488 2.68431
6.41549 2.68431
6.46611 2.68431
6.51673 2.68431
6.56734 2.68431
6.61796 2.68431
6.66857 2.68431
6.71919 2.68431
6.7698 2.68431
6.82042 2.68431
6.87103 2.68431
6.92165 2.68431
6.97226 2.68431
9.64817 3.0514
12.3241 3.0514
15.0 3.0514
0.0 0.473633
0.0496201 0.473633
0.0992401 0.50516
0.14886 0.536686
0.19848 0.568213
0.2481 0.599739
0.29772 0.631265
0.34734 0.662792
0.39696 0.694318
0.447214 0.694318
0.497468 0.699082
0.547721 0.703845
0.597975 0.708608
0.648228 0.713371
0.698482 0.718134
0.748735 0.722897
0.798989 0.72766
0.849243 0.732423
0.899496 0.737186
0.94975 0.741949
1.0 0.746712
1.05026 0.751475
1.10051 0.756238
1.15076 0.761001
1.20102 0.765764
1.25127 0.770528
1.30152 0.775291
1.35178 0.780054
1.40203 0.784817
1.45229 0.78958
1.50254 0.794343
1.55279 0.799106
1.60305 0.803869
1.6533 0.808632
1.70355 0.813395
1.75381 0.818158
1.80406 0.822921
1.85431 0.827684
1.90457 0.832447
1.95482 0.837211
2.00507 0.841974
2.05533 0.846737
2.10558 0.8515
2.15432 0.8515
2.20305 0.975317
2.25179 1.09913
2.30053 1.22295
2.34926 1.34677
2.398 1.47058
2.44673 1.5944
2.49547 1.71822
2.5442 1.84204
2.59294 1.96585
2.64168 2.08967
2.69041 2.21349
2.73915 2.3373
2.78788 2.46112
2.83737 2.46112
2.88686 2.46862
2.93635 2.47612
2.98583 2.48362
3.03532 2.49113
3.08481 2.49863
3.1343 2.50613
3.18379 2.51363
3.23327 2.52113
3.28276 2.52863
3.33225 2.53614
3.38174 2.54364
3.43123 2.55114
3.48071 2.55864
3.5302 2.56614
3.57969 2.57364
3.62918 2.58115
3.67866 2.58865
3.72815 2.59615
3.77764 2.60365
3.82713 2.61115
3.87662 2.61865
3.9261 2.62616
3.97559 2.63366
4.02508 2.64116
4.07457 2.64866
4.12406 2.65616
4.17354 2.66366
4.22303 2.67116
4.27252 2.67867
4.32201 2.68617
4.37149 2.69367
4.42098 2.70117
4.47047 2.70867
4.51996 2.71617
4.56945 2.72368
4.61893 2.73118
4.66842 2.73868
4.71791 2.74618
4.76866 2.74618
4.81941 2.74618
4.87016 2.74618
4.92092 2.74618
4.97167 2.74618
5.02242 2.74618
5.07317 2.74618
5.12392 2.74618
5.17467 2.74618
5.22542 2.74618
5.27618 2.74618
5.32693 2.74618
5.37768 2.74618
5.42843 2.74618
5.47918 2.74618
5.52993 2.74618
5.58068 2.74618
5.63144 2.74618
5.68219 2.74618
5.73294 2.74618
5.78369 2.74618
5.83444 2.74618
5.88519 2.74618
5.93595 2.74618
5.9867 2.74618
6.03745 2.74618
6.0882 2.74618
6.13895 2.74618
6.1897 2.74618
6.24045 2.74618
8.43034 2.98637
10.6202 2.98637
12.8101 2.98637
15.0 2.98637
0.0 0.474069
0.0490879 0.474069
0.0981757 0.512202
0.147264 0.550334
0.196351 0.588467
0.245439 0.6266
0.294527 0.664732
0.343615 0.702865
0.392703 0.740997
0.442964 0.740997
0.493224 0.742456
0.543485 0.743914
0.593746 0.745372
0.644006 0.74683
0.694267 0.748288
0.744528 0.749746
0.794789 0.751204
0.845049 0.752662
0.89531 0.75412
0.945571 0.755579
0.995831 0.757037
1.04609 0.758495
1.09635 0.759953
1.14661 0.761411
1.19687 0.762869
1.24713 0.764327
1.2974 0.765785
1.34766 0.767244
1.39792 0.768702
1.44818 0.77016
1.49844 0.771618
1.5487 0.773076
1.59896 0.774534
1.64922 0.775992
1.69948 0.77745
1.74974 0.778908
1.8 0.780367
1.85026 0.781825
1.90052 0.783283
1.95078 0.784741
2.00105 0.786199
2.05131 0.787657
2.10157 0.789115
2.15183 0.790573
2.20209 0.792032
2.25235 0.79349
2.30261 0.794948
2.35287 0.796406
2.40313 0.797864
2.45339 0.799322
2.50365 0.80078
2.55391 0.802238
2.60417 0.803696
2.65443 0.805155
2.7047 0.806613
2.75496 0.808071
2.80522 0.809529
2.85548 0.810987
2.90574 0.812445
2.956 0.813903
3.00626 0.815361
3.05652 0.81682
3.10678 0.818278
3.15704 0.819736
3.2073 0.821194
3.25756 0.822652
3.30782 0.82411
3.35738 0.82411
3.40693 1.22633
3.45648 1.62855
3.50603 2.03077
3.55558 2.43298
3.60595 2.43298
3.65631 2.44362
3.70668 2.45426
3.75704 2.4649
3.80741 2.47554
3.85777 2.48618
3.90814 2.49682
3.9585 2.50746
4.00887 2.5181
4.05923 2.52874
4.1096 2.53938
4.15996 2.55002
4.21032 2.56066
4.26069 2.5713
4.31105 2.58194
4.36142 2.59258
4.41178 2.60322
4.46215 2.61386
4.51251 2.6245
4.56288 2.63514
4.61324 2.64578
4.66361 2.65642
4.71397 2.66706
4.76434 2.6777
4.8147 2.68834
4.86506 2.69898
4.91543 2.70962
4.96579 2.72026
5.01616 2.7309
5.06652 2.74154
5.11689 2.75218
5.16725 2.76282
5.21762 2.77346
5.26803 2.77346
5.31843 2.77346
5.36884 2.77346
5.41925 2.77346
5.46966 2.77346
5.52007 2.77346
5.57048 2.77346
5.62089 2.77346
5.67129 2.77346
5.7217 2.77346
5.77211 2.77346
5.82252 2.77346
5.87293 2.77346
5.92334 2.77346
5.97375 2.77346
6.02416 2.77346
6.07456 2.77346
6.12497 2.77346
6.17538 2.77346
6.22579 2.77346
6.2762 2.77346
6.32661 2.77346
6.37702 2.77346
6.42742 2.77346
6.47783 2.77346
6.52824 2.77346
6.57865 2.77346
9.38577 3.05445
12.1929 3.05445
15.0 3.05445
0.0 0.48828
0.0518121 0.48828
0.103624 0.512759
0.155436 0.537238
0.207248 0.561717
0.259061 0.586196
0.310873 0.610674
0.362685 0.635153
0.414497 0.659632
0.466309 0.684111
0.518121 0.70859
0.569933 0.733069
0.621745 0.757547
0.673557 0.782026
0.72375 0.782026
0.773942 0.784863
0.824134 0.7877
0.874326 0.790537
0.924518 0.793374
0.97471 0.796211
1.0249 0.799047
1.07509 0.801884
1.12529 0.804721
1.17548 0.807558
1.22567 0.810395
1.27586 0.813232
1.32606 0.816069
1.37625 0.818906
1.42644 0.821742
1.47663 0.824579
1.52682 0.827416
1.57702 0.830253
1.62721 0.83309
1.6774 0.835927
1.72759 0.838764
1.77779 0.841601
1.82798 0.844437
1.87817 0.847274
1.92836 0.850111
1.97855 0.852948
2.02875 0.855785
2.07894 0.858622
2.12913 0.861459
2.17932 0.864296
2.22952 0.867132
2.27971 0.869969
2.3299 0.872806
2.38009 0.875643
2.43028 0.87848
2.48048 0.881317
2.53067 0.884154
2.58086 0.886991
2.63105 0.889827
2.68124 0.892664
2.73332 0.892664
2.7854 1.10758
2.83748 1.3225
2.88956 1.53741
2.94164 1.75233
2.99371 1.96724
3.04579 2.18216
3.09787 2.39708
3.14768 2.39708
3.19748 2.40481
3.24729 2.41253
3.2971 2.42026
3.34691 2.42799
3.39672 2.43572
3.44652 2.44345
3.49633 2.45118
3.54614 2.45891
3.59595 2.46664
3.64575 2.47437
3.69556 2.4821
3.74537 2.48983
3.79518 2.49755
3.84498 2.50528
3.89479 2.51301
3.9446 2.52074
3.99441 2.52847
4.04421 2.5362
4.09402 2.54393
4.14383 2.55166
4.19364 2.55939
4.24344 2.56712
4.29325 2.57485
4.34306 2.58257
4.39287 2.5903
4.44268 2.59803
4.49248 2.60576
4.54229 2.61349
4.5921 2.62122
4.64191 2.62895
4.69171 2.63668
4.74152 2.64441
4.79133 2.65214
4.84114 2.65987
4.89094 2.66759
4.94075 2.67532
4.99056 2.68305
5.04037 2.69078
5.09017 2.69851
5.14088 2.69851
5.19158 2.69851
5.24229 2.69851
5.29299 2.69851
5.34369 2.69851
5.3944 2.69851
5.4451 2.69851
5.4958 2.69851
5.54651 2.69851
5.59721 2.69851
5.64791 2.69851
5.69862 2.69851
5.74932 2.69851
5.80002 2.69851
5.85073 2.69851
5.90143 2.69851
5.95214 2.69851
6.00284 2.69851
6.05354 2.69851
6.10425 2.69851
6.15495 2.69851
6.20565 2.69851
6.25636 2.69851
6.30706 2.69851
6.35776 2.69851
6.40847 2.69851
6.45917 2.69851
6.50987 2.69851
6.56058 2.69851
6.61128 2.69851
6.66198 2.69851
6.71269 2.69851
6.76339 2.69851
9.50893 3.04004
12.2545 3.04004
15.0 3.04004
0.0 0.477826
0.0497583 0.477826
0.0995165 0.500219
0.149275 0.522612
0.199033 0.545005
0.248791 0.567398
0.29855 0.589791
0.348308 0.612185
0.398066 0.634578
0.447824 0.656971
0.497583 0.679364
0.547341 0.701757
0.597099 0.72415
0.646857 0.746543
0.696616 0.768937
0.746374 0.79133
0.796723 0.79133
0.847072 0.796895
0.897421 0.80246
0.94777 0.808026
0.998119 0.813591
1.04847 0.819156
1.09882 0.824721
1.14917 0.830287
1.19952 0.835852
1.24986 0.841417
1.30021 0.846983
1.35056 0.852548
1.40091 0.858113
1.45126 0.863678
1.50161 0.869244
1.55196 0.874809
1.60231 0.880374
1.65266 0.885939
1.70301 0.891505
1.75335 0.89707
1.8037 0.902635
1.85405 0.908201
1.9044 0.913766
1.95475 0.919331
2.0051 0.924896
2.05612 0.924896
2.10714 0.990109
2.15815 1.05532
2.20917 1.12053
2.26019 1.18575
2.31121 1.25096
2.36223 1.31617
2.41324 1.38138
2.46426 1.4466
2.51528 1.51181
2.5663 1.57702
2.61732 1.64223
2.66834 1.70745
2.71935 1.77266
2.77037 1.83787
2.82139 1.90309
2.87241 1.9683
2.92343 2.03351
2.97444 2.09872
3.02546 2.16394
3.07648 2.22915
3.1275 2.29436
3.17852 2.35957
3.22797 2.35957
3.27742 2.37151
3.32687 2.38345
3.37632 2.39539
3.42578 2.40733
3.47523 2.41927
3.52468 2.43121
3.57413 2.44315
3.62359 2.45509
3.67304 2.46703
3.72249 2.47897
3.77194 2.49091
3.82139 2.50285
3.87085 2.51479
3.9203 2.52672
3.96975 2.53866
4.0192 2.5506
4.06865 2.56254
4.11811 2.57448
4.16756 2.58642
4.21701 2.59836
4.26646 2.6103
4.31592 2.62224
4.36537 2.63418
4.41482 2.64612
4.46427 2.65806
4.51372 2.67
4.56318 2.68194
4.61263 2.69388
4.66208 2.70582
4.71153 2.71776
4.76099 2.72969
4.81044 2.74163
4.85989 2.75357
4.90934 2.76551
4.95879 2.77745
5.00825 2.78939
5.0577 2.80133
5.10715 2.81327
5.1566 2.82521
5.20605 2.83715
5.25657 2.83715
5.30708 2.83715
5.35759 2.83715
5.40811 2.83715
5.45862 2.83715
5.50913 2.83715
5.55965 2.83715
5.61016 2.83715
5.66067 2.83715
5.71119 2.83715
5.7617 2.83715
5.81221 2.83715
5.86273 2.83715
5.91324 2.83715
5.96375 2.83715
6.01426 2.83715
6.06478 2.83715
6.11529 2.83715
6.1658 2.83715
6.21632 2.83715
6.26683 2.83715
6.31734 2.83715
6.36786 2.83715
6.41837 2.83715
6.46888 2.83715
6.5194 2.83715
6.56991 2.83715
6.62042 2.83715
6.67093 2.83715
6.72145 2.83715
6.77196 2.83715
9.51464 3.02777
12.2573 3.02777
15.0 3.02777
0.0 0.490068
0.0505467 0.490068
0.101093 0.508321
0.15164 0.526574
0.202187 0.544826
0.252733 0.563079
0.30328 0.581332
0.353827 0.599585
0.404373 0.617838
0.45492 0.63609
0.505467 0.654343
0.556013 0.672596
0.60656 0.690849
0.657107 0.709101
0.707653 0.727354
0.7582 0.745607
0.808747 0.76386
0.859293 0.782112
0.90984 0.800365
0.960387 0.818618
1.01093 0.836871
1.06016 0.836871
1.10938 0.843943
1.1586 0.851015
1.20782 0.858087
1.25704 0.865159
1.30627 0.87223
1.35549 0.879302
1.40471 0.886374
1.45393 0.893446
1.50316 0.900518
1.55238 0.90759
1.6016 0.914662
1.65082 0.921734
1.70004 0.928806
1.74927 0.935878
1.79849 0.94295
1.84771 0.950022
1.89693 0.957094
1.94616 0.964166
1.99556 0.964166
2.04497 1.00731
2.09437 1.05046
2.14378 1.09361
2.19318 1.13676
2.24259 1.17991
2.29199 1.22306
2.3414 1.26621
2.3908 1.30936
2.44021 1.35251
2.48961 1.39566
2.53902 1.43881
2.58842 1.48196
2.63783 1.5251
2.68723 1.56825
2.73664 1.6114
2.78604 1.65455
2.83545 1.6977
2.88485 1.74085
2.93426 1.784
2.98366 1.82715
3.03307 1.8703
3.08248 1.91345
3.13188 1.9566
3.18129 1.99974
3.23069 2.04289
3.2801 2.08604
3.3295 2.12919
3.37891 2.17234
3.42831 2.21549
3.47772 2.25864
3.52712 2.30179
3.57653 2.34494
3.62593 2.38809
3.67392 2.38809
3.72192 2.4379
3.76991 2.48771
3.8179 2.53752
3.86589 2.58733
3.91388 2.63714
3.96187 2.68695
4.00987 2.73676
4.05786 2.78657
4.10585 2.83638
4.15587 2.83638
4.20589 2.83638
4.25592 2.83638
4.30594 2.83638
4.35596 2.83638
4.40598 2.83638
4.45601 2.83638
4.50603 2.83638
4.55605 2.83638
4.60608 2.83638
4.6561 2.83638
4.70612 2.83638
4.75614 2.83638
4.80617 2.83638
4.85619 2.83638
4.90621 2.83638
4.95623 2.83638
5.00626 2.83638
5.05628 2.83638
5.1063 2.83638
5.15632 2.83638
7.61724 3.00734
10.0782 3.00734
12.5391 3.00734
15.0 3.00734
0.0 0.486735
0.0498785 0.486735
0.099757 0.505784
0.149635 0.524833
0.199514 0.543882
0.249392 0.562931
0.299271 0.58198
0.349149 0.601029
0.399028 0.620078
0.448906 0.639126
0.498785 0.658175
0.548663 0.677224
0.598542 0.696273
0.64842 0.715322
0.698299 0.734371
0.748177 0.75342
0.798056 0.772469
0.847934 0.791518
0.897813 0.810567
0.947691 0.829616
0.998459 0.829616
1.04923 0.842384
1.1 0.855151
1.15076 0.867919
1.20153 0.880687
1.2523 0.893454
1.30307 0.906222
1.35384 0.918989
1.4046 0.931757
1.45537 0.944525
1.50614 0.957292
1.55691 0.97006
1.60768 0.982828
1.65844 0.995595
1.70921 1.00836
1.75998 1.02113
1.81075 1.0339
1.86024 1.0339
1.90973 1.08794
1.95923 1.14199
2.00872 1.19603
2.05821 1.25008
2.1077 1.30412
2.1572 1.35817
2.20669 1.41221
2.25618 1.46626
2.30568 1.5203
2.35517 1.57435
2.40466 1.62839
2.45415 1.68244
2.50365 1.73648
2.55314 1.79053
2.60263 1.84457
2.65212 1.89862
2.70162 1.95266
2.75111 2.00671
2.8006 2.06075
2.8501 2.1148
2.89959 2.16884
2.94908 2.22289
2.99857 2.27693
3.04807 2.33098
3.09799 2.33098
3.14791 2.36393
3.19783 2.39689
3.24774 2.42985
3.29766 2.46281
3.34758 2.49577
3.3975 2.52872
3.44742 2.56168
3.49734 2.59464
3.54726 2.6276
3.59718 2.66056
3.6471 2.69351
3.69702 2.72647
3.74694 2.75943
3.79686 2.79239
3.84678 2.82535
3.89735 2.82535
3.94792 2.82535
3.99849 2.82535
4.04906 2.82535
4.09963 2.82535
4.1502 2.82535
4.20078 2.82535
4.25135 2.82535
4.30192 2.82535
4.35249 2.82535
4.40306 2.82535
4.45363 2.82535
4.5042 2.82535
4.55477 2.82535
4.60534 2.82535
4.65591 2.82535
4.70648 2.82535
4.75705 2.82535
4.80762 2.82535
4.85819 2.82535
4.90877 2.82535
4.95934 2.82535
5.00991 2.82535
5.06048 2.82535
5.11105 2.82535
5.16162 2.82535
5.21219 2.82535
5.26276 2.82535
5.31333 2.82535
5.3639 2.82535
7.77293 3.02604
10.182 3.02604
12.591 3.02604
15.0 3.02604
0.0 0.483803
0.0492756 0.483803
0.0985512 0.503579
0.147827 0.523355
0.197102 0.543131
0.246378 0.562907
0.295654 0.582684
0.344929 0.60246
0.394205 0.622236
0.443481 0.642012
0.492756 0.661788
0.542032 0.681564
0.591307 0.70134
0.640583 0.721117
0.689859 0.740893
0.738308 0.740893
0.786758 0.754311
0.835208 0.767728
0.883658 0.781146
0.932107 0.794564
0.980557 0.807982
1.02901 0.8214
1.07746 0.834818
1.12591 0.848235
1.17436 0.861653
1.22281 0.875071
1.27126 0.888489
1.31971 0.901907
1.36815 0.915325
1.4166 0.928742
1.46505 0.94216
1.5151 0.94216
1.56515 0.990533
1.61519 1.03891
1.66524 1.08728
1.71528 1.13565
1.76533 1.18402
1.81537 1.2324
1.86542 1.28077
1.91546 1.32914
1.96551 1.37752
2.01556 1.42589
2.0656 1.47426
2.11565 1.52264
2.16569 1.57101
2.21574 1.61938
2.26578 1.66775
2.31583 1.71613
2.36587 1.7645
2.41592 1.81287
2.46597 1.86125
2.51601 1.90962
2.56606 1.95799
2.6161 2.00636
2.66615 2.05474
2.71619 2.10311
2.76624 2.15148
2.81628 2.19986
2.86633 2.24823
2.91638 2.2966
2.96568 2.2966
3.01498 2.32408
3.06428 2.35155
3.11358 2.37903
3.16289 2.40651
3.21219 2.43398
3.26149 2.46146
3.31079 2.48893
3.3601 2.51641
3.4094 2.54389
3.4587 2.57136
3.508 2.59884
3.5573 2.62631
3.60661 2.65379
3.65591 2.68127
3.70521 2.70874
3.75451 2.73622
3.80382 2.76369
3.85312 2.79117
3.90224 2.79117
3.95136 2.79117
4.00047 2.79117
4.04959 2.79117
4.09871 2.79117
4.14783 2.79117
4.19695 2.79117
4.24607 2.79117
4.29519 2.79117
4.34431 2.79117
4.39343 2.79117
4.44255 2.79117
4.49166 2.79117
4.54078 2.79117
4.5899 2.79117
4.63902 2.79117
4.68814 2.79117
4.73726 2.79117
4.78638 2.79117
4.8355 2.79117
7.37662 2.97786
9.91775 2.97786
12.4589 2.97786
15.0 2.97786
0.0 0.481188
0.0490461 0.481188
0.0980923 0.506219
0.147138 0.531251
0.196185 0.556282
0.245231 0.581313
0.294277 0.606345
0.343323 0.631376
0.392369 0.656407
0.441415 0.681438
0.490461 0.70647
0.539508 0.731501
0.588554 0.756532
0.638888 0.756532
0.689222 0.760955
0.739556 0.765377
0.78989 0.7698
0.840223 0.774222
0.890557 0.778645
0.940891 0.783067
0.991225 0.78749
1.04156 0.791912
1.09189 0.796335
1.14223 0.800758
1.19256 0.80518
1.2429 0.809603
1.29323 0.814025
1.34356 0.818448
1.3939 0.82287
1.44423 0.827293
1.49456 0.831715
1.5449 0.836138
1.59523 0.84056
1.64557 0.844983
1.6959 0.849405
1.74623 0.853828
1.79657 0.858251
1.8469 0.862673
1.89724 0.867096
1.94757 0.871518
1.9979 0.875941
2.04824 0.880363
2.09857 0.884786
2.14891 0.889208
2.19924 0.893631
2.24957 0.898053
2.29991 0.902476
2.35024 0.906899
2.40058 0.911321
2.45091 0.915744
2.50124 0.920166
2.55158 0.924589
2.60191 0.929011
2.65225 0.933434
2.70258 0.937856
2.75291 0.942279
2.80325 0.946701
2.85358 0.951124
2.90392 0.955546
2.95425 0.959969
3.00581 0.959969
3.05738 1.15227
3.10894 1.34458
3.1605 1.53688
3.21207 1.72919
3.26363 1.92149
3.31519 2.1138
3.36676 2.3061
3.41714 2.3061
3.46751 2.32713
3.51789 2.34816
3.56827 2.36919
3.61865 2.39022
3.66902 2.41125
3.7194 2.43228
3.76978 2.45331
3.82015 2.47434
3.87053 2.49537
3.92091 2.5164
3.97129 2.53743
4.02166 2.55846
4.07204 2.57949
4.12242 2.60052
4.1728 2.62155
4.22317 2.64258
4.27355 2.66361
4.32393 2.68464
4.37347 2.68464
4.42301 2.68464
4.47255 2.68464
4.5221 2.68464
4.57164 2.68464
4.62118 2.68464
4.67072 2.68464
4.72026 2.68464
4.76981 2.68464
4.81935 2.68464
4.86889 2.68464
4.91843 2.68464
4.96797 2.68464
5.01752 2.68464
5.06706 2.68464
5.1166 2.68464
5.16614 2.68464
5.21568 2.68464
5.26523 2.68464
5.31477 2.68464
5.36431 2.68464
5.41385 2.68464
5.46339 2.68464
5.51294 2.68464
5.56248 2.68464
5.61202 2.68464
5.66156 2.68464
5.7111 2.68464
5.76065 2.68464
5.81019 2.68464
8.10764 2.94705
10.4051 2.94705
12.7025 2.94705
15.0 2.94705
0.0 0.488493
0.0487319 0.488493
0.0974637 0.50906
0.146196 0.529627
0.194927 0.550194
0.243659 0.570761
0.292391 0.591328
0.341123 0.611895
0.389855 0.632462
0.438587 0.653029
0.487319 0.673596
0.536051 0.694163
0.584782 0.71473
0.633514 0.735297
0.683646 0.735297
0.733778 0.740443
0.78391 0.74559
0.834043 0.750737
0.884175 0.755884
0.934307 0.761031
0.984439 0.766178
1.03457 0.771325
1.0847 0.776471
1.13484 0.781618
1.18497 0.786765
1.2351 0.791912
1.28523 0.797059
1.33536 0.802206
1.3855 0.807353
1.43563 0.8125
1.48576 0.817646
1.53589 0.822793
1.58602 0.82794
1.63616 0.833087
1.68629 0.838234
1.73642 0.843381
1.78655 0.848528
1.83668 0.853674
1.88682 0.858821
1.93695 0.863968
1.98708 0.869115
2.03721 0.874262
2.08734 0.879409
2.13748 0.884556
2.18761 0.889703
2.23774 0.894849
2.28787 0.899996
2.338 0.905143
2.38814 0.91029
2.43827 0.915437
2.4884 0.920584
2.53853 0.925731
2.58867 0.930877
2.6388 0.936024
2.68893 0.941171
2.73906 0.946318
2.78919 0.951465
2.83933 0.956612
2.88946 0.961759
2.94014 0.961759
2.99082 1.05139
3.0415 1.14103
3.09218 1.23067
3.14286 1.3203
3.19355 1.40994
3.24423 1.49957
3.29491 1.58921
3.34559 1.67885
3.39627 1.76848
3.44695 1.85812
3.49763 1.94775
3.54831 2.03739
3.599 2.12703
3.64968 2.21666
3.70036 2.3063
3.74984 2.3063
3.79933 2.32091
3.84881 2.33553
3.8983 2.35014
3.94778 2.36475
3.99727 2.37937
4.04676 2.39398
4.09624 2.40859
4.14573 2.42321
4.19521 2.43782
4.2447 2.45243
4.29418 2.46705
4.34367 2.48166
4.39315 2.49627
4.44264 2.51089
4.49212 2.5255
4.54161 2.54011
4.59109 2.55473
4.64058 2.56934
4.69006 2.58395
4.73955 2.59857
4.78903 2.61318
4.83852 2.62779
4.888 2.64241
4.93749 2.65702
4.98697 2.67163
5.03646 2.68625
5.08594 2.70086
5.13543 2.71547
5.18509 2.71547
5.23474 2.71547
5.2844 2.71547
5.33406 2.71547
5.38372 2.71547
5.43337 2.71547
5.48303 2.71547
5.53269 2.71547
5.58235 2.71547
5.632 2.71547
5.68166 2.71547
5.73132 2.71547
5.78097 2.71547
5.83063 2.71547
5.88029 2.71547
5.92995 2.71547
5.9796 2.71547
6.02926 2.71547
6.07892 2.71547
6.12858 2.71547
6.17823 2.71547
6.22789 2.71547
6.27755 2.71547
6.32721 2.71547
6.37686 2.71547
6.42652 2.71547
6.47618 2.71547
6.52583 2.71547
6.57549 2.71547
6.62515 2.71547
6.67481 2.71547
6.72446 2.71547
6.77412 2.71547
9.51608 2.89926
12.258 2.89926
15.0 2.89926
0.0 0.490904
0.0510207 0.490904
0.102041 0.516591
0.153062 0.542277
0.204083 0.567964
0.255103 0.59365
0.306124 0.619337
0.357145 0.645023
0.408165 0.670709
0.459186 0.696396
0.510207 0.722082
0.561227 0.747769
0.612248 0.773455
0.661879 0.773455
0.711509 0.77594
0.76114 0.778425
0.810771 0.78091
0.860402 0.783395
0.910032 0.78588
0.959663 0.788365
1.00929 0.79085
1.05892 0.793335
1.10856 0.79582
1.15819 0.798305
1.20782 0.80079
1.25745 0.803275
1.30708 0.80576
1.35671 0.808245
1.40634 0.81073
1.45597 0.813214
1.5056 0.815699
1.55523 0.818184
1.60486 0.820669
1.65449 0.823154
1.70412 0.825639
1.75376 0.828124
1.80339 0.830609
1.85302 0.833094
1.90265 0.835579
1.95228 0.838064
2.00191 0.840549
2.05154 0.843034
2.10117 0.845519
2.1508 0.848004
2.20043 0.850489
2.25006 0.852974
2.29969 0.855459
2.34932 0.857944
2.39895 0.860429
2.44859 0.862914
2.49822 0.865398
2.54785 0.867883
2.59748 0.870368
2.64711 0.872853
2.69674 0.875338
2.74637 0.877823
2.796 0.880308
2.84563 0.882793
2.89526 0.885278
2.94489 0.887763
2.99452 0.890248
3.04381 0.890248
3.09309 0.959812
3.14237 1.02938
3.19165 1.09894
3.24093 1.1685
3.29021 1.23807
3.3395 1.30763
3.38878 1.37719
3.43806 1.44676
3.48734 1.51632
3.53662 1.58589
3.5859 1.65545
3.63519 1.72501
3.68447 1.79458
3.73375 1.86414
3.78303 1.9337
3.83231 2.00327
3.88159 2.07283
3.93088 2.1424
3.98016 2.21196
4.02944 2.28152
4.07872 2.35109
4.12781 2.35109
4.1769 2.36464
4.226 2.37819
4.27509 2.39174
4.32418 2.40529
4.37327 2.41884
4.42236 2.43239
4.47145 2.44594
4.52055 2.45949
4.56964 2.47304
4.61873 2.48659
4.66782 2.50014
4.71691 2.51369
4.766 2.52724
4.8151 2.54079
4.86419 2.55434
4.91328 2.56789
4.96237 2.58143
5.01146 2.59498
5.06055 2.60853
5.10964 2.62208
5.15874 2.63563
5.20783 2.64918
5.25692 2.66273
5.30601 2.67628
5.3551 2.68983
5.40457 2.68983
5.45404 2.68983
5.50351 2.68983
5.55298 2.68983
5.60245 2.68983
5.65192 2.68983
5.70139 2.68983
5.75086 2.68983
5.80033 2.68983
5.8498 2.68983
5.89927 2.68983
5.94874 2.68983
5.99821 2.68983
6.04768 2.68983
6.09715 2.68983
6.14662 2.68983
6.19609 2.68983
6.24555 2.68983
6.29502 2.68983
6.34449 2.68983
6.39396 2.68983
6.44343 2.68983
6.4929 2.68983
9.3286 2.86847
12.1643 2.86847
15.0 2.86847
0.0 0.490434
0.0515608 0.490434
0.103122 0.511715
0.154682 0.532995
0.206243 0.554276
0.257804 0.575557
0.309365 0.596838
0.360926 0.618119
0.412486 0.6394
0.464047 0.66068
0.515608 0.681961
0.567169 0.703242
0.61873 0.724523
0.67029 0.745804
0.721851 0.767084
0.773412 0.788365
0.822862 0.788365
0.872312 0.792011
0.921762 0.795656
0.971212 0.799301
1.02066 0.802947
1.07011 0.806592
1.11956 0.810238
1.16901 0.813883
1.21846 0.817528
1.26791 0.821174
1.31736 0.824819
1.36681 0.828465
1.41626 0.83211
1.46571 0.835756
1.51516 0.839401
1.56461 0.843046
1.61406 0.846692
1.66351 0.850337
1.71296 0.853983
1.76241 0.857628
1.81186 0.861274
1.86131 0.864919
1.91076 0.868564
1.96021 0.87221
2.00966 0.875855
2.05911 0.879501
2.10856 0.883146
2.15801 0.886791
2.20746 0.890437
2.25691 0.894082
2.3071 0.894082
2.35728 0.972023
2.40747 1.04996
2.45765 1.1279
2.50784 1.20584
2.55802 1.28378
2.60821 1.36173
2.65839 1.43967
2.70858 1.51761
2.75876 1.59555
2.80895 1.67349
2.85913 1.75143
2.90932 1.82937
2.9595 1.90731
3.00969 1.98525
3.05988 2.06319
3.11006 2.14113
3.16025 2.21907
3.21043 2.29701
3.26062 2.37495
3.30972 2.37495
3.35883 2.38601
3.40793 2.39707
3.45703 2.40813
3.50614 2.41919
3.55524 2.43025
3.60435 2.44131
3.65345 2.45237
3.70256 2.46343
3.75166 2.47449
3.80077 2.48555
3.84987 2.4966
3.89897 2.50766
3.94808 2.51872
3.99718 2.52978
4.04629 2.54084
4.09539 2.5519
4.1445 2.56296
4.1936 2.57402
4.2427 2.58508
4.29181 2.59614
4.34193 2.59614
4.39204 2.59614
4.44216 2.59614
4.49228 2.59614
4.5424 2.59614
4.59251 2.59614
4.64263 2.59614
4.69275 2.59614
4.74286 2.59614
4.79298 2.59614
4.8431 2.59614
4.89322 2.59614
4.94333 2.59614
4.99345 2.59614
5.04357 2.59614
5.09368 2.59614
5.1438 2.59614
5.19392 2.59614
5.24404 2.59614
5.29415 2.59614
5.34427 2.59614
5.39439 2.59614
5.44451 2.59614
5.49462 2.59614
5.54474 2.59614
5.59486 2.59614
5.64497 2.59614
5.69509 2.59614
5.74521 2.59614
5.79533 2.59614
5.84544 2.59614
5.89556 2.59614
5.94568 2.59614
5.99579 2.59614
6.04591 2.59614
6.09603 2.59614
6.14615 2.59614
6.19626 2.59614
6.24638 2.59614
6.2965 2.59614
6.34662 2.59614
6.39673 2.59614
6.44685 2.59614
6.49697 2.59614
6.54708 2.59614
6.5972 2.59614
6.64732 2.59614
6.69744 2.59614
6.74755 2.59614
6.79767 2.59614
6.84779 2.59614
6.8979 2.59614
6.94802 2.59614
6.99814 2.59614
7.04826 2.59614
7.09837 2.59614
9.73225 2.94776
12.3661 2.94776
15.0 2.94776
0.0 0.482556
0.0501183 0.482556
0.100237 0.502604
0.150355 0.522651
0.200473 0.542698
0.250592 0.562746
0.30071 0.582793
0.350828 0.60284
0.400947 0.622887
0.451065 0.642935
0.501183 0.662982
0.551302 0.683029
0.60142 0.703077
0.651538 0.723124
0.701657 0.743171
0.751775 0.763219
0.801893 0.783266
0.852012 0.803313
0.90213 0.82336
0.952248 0.843408
1.00299 0.843408
1.05374 0.845173
1.10449 0.846939
1.15523 0.848704
1.20598 0.85047
1.25673 0.852236
1.30747 0.854001
1.35822 0.855767
1.40897 0.857532
1.45971 0.859298
1.51046 0.861063
1.56121 0.862829
1.61195 0.864594
1.6627 0.86636
1.71345 0.868125
1.76419 0.869891
1.81352 0.869891
1.86285 0.940707
1.91218 1.01152
1.96151 1.08234
2.01084 1.15315
2.06017 1.22397
2.1095 1.29478
2.15883 1.3656
2.20816 1.43642
2.25749 1.50723
2.30682 1.57805
2.35615 1.64886
2.40548 1.71968
2.45481 1.79049
2.50415 1.86131
2.55348 1.93213
2.60281 2.00294
2.65214 2.07376
2.70147 2.14457
2.7508 2.21539
2.80013 2.2862
2.84946 2.35702
2.89879 2.42783
2.94771 2.42783
2.99663 2.43882
3.04556 2.4498
3.09448 2.46078
3.1434 2.47176
3.19233 2.48274
3.24125 2.49372
3.29017 2.5047
3.3391 2.51568
3.38802 2.52667
3.43694 2.53765
3.48587 2.54863
3.53479 2.55961
3.58371 2.57059
3.63264 2.58157
3.68156 2.59255
3.73048 2.60353
3.77941 2.61451
3.8292 2.61451
3.879 2.61451
3.92879 2.61451
3.97859 2.61451
4.02838 2.61451
4.07818 2.61451
4.12798 2.61451
4.17777 2.61451
4.22757 2.61451
4.27736 2.61451
4.32716 2.61451
4.37696 2.61451
4.42675 2.61451
4.47655 2.61451
4.52634 2.61451
4.57614 2.61451
4.62594 2.61451
4.67573 2.61451
4.72553 2.61451
4.77532 2.61451
4.82512 2.61451
4.87491 2.61451
4.92471 2.61451
4.97451 2.61451
5.0243 2.61451
5.0741 2.61451
5.12389 2.61451
5.17369 2.61451
5.22349 2.61451
5.27328 2.61451
5.32308 2.61451
5.37287 2.61451
5.42267 2.61451
5.47247 2.61451
5.52226 2.61451
5.57206 2.61451
5.62185 2.61451
5.67165 2.61451
5.72145 2.61451
5.77124 2.61451
5.82104 2.61451
5.87083 2.61451
5.92063 2.61451
5.97042 2.61451
6.02022 2.61451
6.07002 2.61451
6.11981 2.61451
6.16961 2.61451
6.2194 2.61451
8.41455 2.92441
10.6097 2.92441
12.8049 2.92441
15.0 2.92441
0.0 0.484863
0.0518579 0.484863
0.103716 0.507287
0.155574 0.529711
0.207432 0.552135
0.25929 0.574559
0.311147 0.596983
0.363005 0.619407
0.414863 0.641831
0.466721 0.664255
0.518579 0.686679
0.570437 0.709103
0.622295 0.731527
0.674153 0.75395
0.724726 0.75395
0.775299 0.756047
0.825872 0.758143
0.876444 0.760239
0.927017 0.762335
0.97759 0.764431
1.02816 0.766528
1.07874 0.768624
1.12931 0.77072
1.17988 0.772816
1.23045 0.774912
1.28103 0.777009
1.3316 0.779105
1.38217 0.781201
1.43275 0.783297
1.48332 0.785393
1.53389 0.78749
1.58447 0.789586
1.63504 0.791682
1.68561 0.793778
1.73618 0.795874
1.78676 0.797971
1.83733 0.800067
1.8879 0.802163
1.93848 0.804259
1.98905 0.806355
2.03962 0.808452
2.09019 0.810548
2.14077 0.812644
2.19134 0.81474
2.24191 0.816836
2.29249 0.818933
2.34306 0.821029
2.39363 0.823125
2.44421 0.825221
2.49478 0.827317
2.54294 0.827317
2.5911 0.986382
2.63927 1.14545
2.68743 1.30451
2.73559 1.46358
2.78376 1.62264
2.83192 1.7817
2.88008 1.94077
2.92825 2.09983
2.97641 2.2589
3.02457 2.41796
3.07544 2.41796
3.12631 2.4315
3.17718 2.44504
3.22805 2.45857
3.27892 2.47211
3.32979 2.48565
3.38065 2.49919
3.43152 2.51272
3.48239 2.52626
3.53326 2.5398
3.58413 2.55334
3.635 2.56687
3.68587 2.58041
3.73673 2.59395
3.7876 2.60749
3.83847 2.62102
3.88934 2.63456
3.94021 2.6481
3.99108 2.66164
4.04195 2.67517
4.0919 2.67517
4.14185 2.67517
4.19181 2.67517
4.24176 2.67517
4.29171 2.67517
4.34167 2.67517
4.39162 2.67517
4.44157 2.67517
4.49153 2.67517
4.54148 2.67517
4.59143 2.67517
4.64139 2.67517
4.69134 2.67517
4.74129 2.67517
4.79125 2.67517
4.8412 2.67517
4.89115 2.67517
4.9411 2.67517
4.99106 2.67517
5.04101 2.67517
5.09096 2.67517
7.56822 2.86771
10.0455 2.86771
12.5227 2.86771
15.0 2.86771
0.0 0.47541
0.0490631 0.47541
0.0981262 0.500489
0.147189 0.525567
0.196252 0.550646
0.245316 0.575725
0.294379 0.600804
0.343442 0.625882
0.392505 0.650961
0.441568 0.67604
0.490631 0.701119
0.539694 0.726197
0.588757 0.751276
0.63782 0.776355
0.687655 0.776355
0.737489 0.780052
0.787323 0.783749
0.837158 0.787446
0.886992 0.791144
0.936826 0.794841
0.986661 0.798538
1.03649 0.802235
1.08633 0.805932
1.13616 0.809629
1.186 0.813327
1.23583 0.817024
1.28567 0.820721
1.3355 0.824418
1.38534 0.828115
1.43517 0.831813
1.485 0.83551
1.53484 0.839207
1.58467 0.842904
1.63451 0.846601
1.68434 0.850299
1.73418 0.853996
1.78401 0.857693
1.83384 0.86139
1.88368 0.865087
1.93351 0.868785
1.98335 0.872482
2.03318 0.876179
2.08302 0.879876
2.13285 0.883573
2.18268 0.887271
2.23252 0.890968
2.28235 0.894665
2.33219 0.898362
2.38202 0.902059
2.4327 0.902059
2.48338 0.988591
2.53406 1.07512
2.58474 1.16165
2.63542 1.24819
2.6861 1.33472
2.73678 1.42125
2.78746 1.50778
2.83814 1.59431
2.88883 1.68085
2.93951 1.76738
2.99019 1.85391
3.04087 1.94044
3.09155 2.02697
3.14223 2.1135
3.19291 2.20004
3.24359 2.28657
3.29427 2.3731
3.34495 2.45963
3.39575 2.45963
3.44655 2.51778
3.49735 2.57593
3.54815 2.63408
3.59895 2.69223
3.64855 2.69223
3.69815 2.69223
3.74775 2.69223
3.79736 2.69223
3.84696 2.69223
3.89656 2.69223
3.94616 2.69223
3.99576 2.69223
4.04536 2.69223
4.09496 2.69223
4.14456 2.69223
4.19416 2.69223
4.24376 2.69223
4.29337 2.69223
4.34297 2.69223
4.39257 2.69223
4.44217 2.69223
4.49177 2.69223
4.54137 2.69223
4.59097 2.69223
4.64057 2.69223
4.69017 2.69223
4.73978 2.69223
4.78938 2.69223
4.83898 2.69223
4.88858 2.69223
7.41643 2.82187
9.94429 2.82187
12.4721 2.82187
15.0 2.82187
0.0 0.490842
0.0493919 0.490842
0.0987837 0.509121
0.148176 0.527401
0.197567 0.545681
0.246959 0.563961
0.296351 0.582241
0.345743 0.600521
0.395135 0.6188
0.444527 0.63708
0.493919 0.65536
0.543311 0.67364
0.592702 0.69192
0.642094 0.710199
0.691486 0.728479
0.741537 0.728479
0.791588 0.735116
0.841639 0.741754
0.891691 0.748391
0.941742 0.755028
0.991793 0.761665
1.04184 0.768302
1.09189 0.774939
1.14195 0.781577
1.192 0.788214
1.24205 0.794851
1.2921 0.801488
1.34215 0.808125
1.3922 0.814762
1.44225 0.821399
1.4923 0.828037
1.54235 0.834674
1.59241 0.841311
1.64246 0.847948
1.69251 0.854585
1.74256 0.861222
1.79261 0.86786
1.84266 0.874497
1.89271 0.881134
1.94276 0.887771
1.99281 0.894408
2.04287 0.901045
2.09292 0.907683
2.14297 0.91432
2.19302 0.920957
2.24307 0.927594
2.29264 0.927594
2.3422 0.979897
2.39177 1.0322
2.44133 1.0845
2.4909 1.13681
2.54046 1.18911
2.59003 1.24141
2.63959 1.29372
2.68916 1.34602
2.73872 1.39832
2.78829 1.45062
2.83785 1.50293
2.88742 1.55523
2.93699 1.60753
2.98655 1.65984
3.03612 1.71214
3.08568 1.76444
3.13525 1.81675
3.18481 1.86905
3.23438 1.92135
3.28394 1.97366
3.33351 2.02596
3.38307 2.07826
3.43264 2.13056
3.48221 2.18287
3.53177 2.23517
3.58134 2.28747
3.6309 2.33978
3.68047 2.39208
3.73003 2.44438
3.7814 2.44438
3.83277 2.50334
3.88414 2.5623
3.93551 2.62126
3.98688 2.68022
4.03601 2.68022
4.08515 2.68022
4.13429 2.68022
4.18343 2.68022
4.23257 2.68022
4.2817 2.68022
4.33084 2.68022
4.37998 2.68022
4.42912 2.68022
4.47825 2.68022
4.52739 2.68022
4.57653 2.68022
4.62567 2.68022
4.6748 2.68022
4.72394 2.68022
4.77308 2.68022
4.82222 2.68022
4.87135 2.68022
4.92049 2.68022
4.96963 2.68022
5.01877 2.68022
5.06791 2.68022
7.55093 2.78109
10.034 2.78109
12.517 2.78109
15.0 2.78109
0.0 0.480113
0.0506908 0.480113
0.101382 0.503293
0.152072 0.526472
0.202763 0.549651
0.253454 0.572831
0.304145 0.59601
0.354836 0.619189
0.405527 0.642369
0.456217 0.665548
0.506908 0.688727
0.557599 0.711907
0.60829 0.735086
0.658981 0.758265
0.708508 0.758265
0.758035 0.764689
0.807562 0.771113
0.857088 0.777537
0.906615 0.783961
0.956142 0.790384
1.00567 0.796808
1.0552 0.803232
1.10472 0.809656
1.15425 0.81608
1.20378 0.822504
1.2533 0.828928
1.30283 0.835351
1.35236 0.841775
1.40188 0.848199
1.45141 0.854623
1.50094 0.861047
1.55047 0.867471
1.59999 0.873894
1.64952 0.880318
1.69905 0.886742
1.74857 0.893166
1.7981 0.89959
1.84763 0.906014
1.89715 0.912437
1.94668 0.918861
1.99621 0.925285
2.0456 0.925285
2.09498 1.00447
2.14437 1.08366
2.19376 1.16285
2.24315 1.24203
2.29253 1.32122
2.34192 1.40041
2.39131 1.47959
2.4407 1.55878
2.49009 1.63797
2.53947 1.71716
2.58886 1.79634
2.63825 1.87553
2.68764 1.95472
2.73703 2.0339
2.78641 2.11309
2.8358 2.19228
2.88519 2.27147
2.93458 2.35065
2.98396 2.42984
3.03423 2.42984
3.08449 2.44465
3.13476 2.45946
3.18502 2.47427
3.23529 2.48908
3.28555 2.50389
3.33582 2.5187
3.38608 2.53351
3.43635 2.54832
3.48661 2.56313
3.53688 2.57794
3.58714 2.59275
3.6374 2.60756
3.68767 2.62237
3.73793 2.63719
3.7882 2.652
3.83846 2.66681
3.88873 2.68162
3.93899 2.69643
3.98955 2.69643
4.0401 2.69643
4.09066 2.69643
4.14122 2.69643
4.19177 2.69643
4.24233 2.69643
4.29288 2.69643
4.34344 2.69643
4.39399 2.69643
4.44455 2.69643
4.49511 2.69643
4.54566 2.69643
4.59622 2.69643
4.64677 2.69643
4.69733 2.69643
4.74789 2.69643
4.79844 2.69643
4.849 2.69643
4.89955 2.69643
4.95011 2.69643
7.46258 2.7922
9.97505 2.7922
12.4875 2.7922
15.0 2.7922
0.0 0.467719
0.0469395 0.467719
0.093879 0.493428
0.140819 0.519137
0.187758 0.544846
0.234698 0.570555
0.281637 0.596264
0.33112 0.596264
0.380603 0.616001
0.430086 0.635738
0.479569 0.655476
0.529052 0.675213
0.578535 0.69495
0.628018 0.714688
0.6775 0.734425
0.726983 0.754162
0.776466 0.7739
0.825949 0.793637
0.875432 0.813374
0.924915 0.833112
0.974398 0.852849
1.02388 0.872586
1.07336 0.892323
1.12285 0.912061
1.17233 0.931798
1.22181 0.951535
1.2713 0.971273
1.32078 0.99101
1.37109 0.99101
1.4214 1.09617
1.47171 1.20133
1.52202 1.30648
1.57234 1.41164
1.62265 1.5168
1.67296 1.62196
1.72327 1.72712
1.77358 1.83228
1.82389 1.93743
1.8742 2.04259
1.92451 2.14775
1.97483 2.25291
2.02514 2.35807
2.07607 2.35807
2.12699 2.37144
2.17792 2.38482
2.22885 2.3982
2.27978 2.41157
2.33071 2.42495
2.38164 2.43833
2.43256 2.4517
2.48349 2.46508
2.53442 2.47846
2.58535 2.49183
2.63628 2.50521
2.68721 2.51859
2.73813 2.53196
2.78906 2.54534
2.83999 2.55872
2.89092 2.57209
2.94185 2.58547
2.99278 2.59885
3.0437 2.61222
3.09463 2.6256
3.14556 2.63898
3.19649 2.65235
3.24742 2.66573
3.29835 2.67911
3.34852 2.67911
3.3987 2.67911
3.44888 2.67911
3.49905 2.67911
3.54923 2.67911
3.5994 2.67911
3.64958 2.67911
3.69976 2.67911
3.74993 2.67911
3.80011 2.67911
3.85029 2.67911
3.90046 2.67911
3.95064 2.67911
4.00081 2.67911
4.05099 2.67911
4.10117 2.67911
4.15134 2.67911
4.20152 2.67911
4.2517 2.67911
4.30187 2.67911
4.35205 2.67911
7.01404 2.81447
9.67602 2.81447
12.338 2.81447
15.0 2.81447
0.0 0.48393
0.0518771 0.48393
0.103754 0.504755
0.155631 0.52558
0.207508 0.546405
0.259385 0.56723
0.311263 0.588055
0.36314 0.60888
0.415017 0.629706
0.464097 0.629706
0.513177 0.65391
0.562257 0.678114
0.611337 0.702319
0.660416 0.726523
0.709496 0.750728
0.758576 0.774932
0.807656 0.799137
0.856736 0.823341
0.905816 0.847545
0.954896 0.87175
1.00398 0.895954
1.05306 0.920159
1.10214 0.944363
1.15122 0.968568
1.2003 0.992772
1.24979 0.992772
1.29929 1.04465
1.34878 1.09653
1.39828 1.14841
1.44777 1.20029
1.49727 1.25217
1.54677 1.30405
1.59626 1.35593
1.64576 1.40782
1.69525 1.4597
1.74475 1.51158
1.79424 1.56346
1.84374 1.61534
1.89323 1.66722
1.94273 1.7191
1.99223 1.77098
2.04172 1.82286
2.09122 1.87474
2.14071 1.92662
2.19021 1.9785
2.2397 2.03038
2.2892 2.08226
2.3387 2.13414
2.38819 2.18602
2.43769 2.2379
2.48718 2.28978
2.53668 2.34166
2.58617 2.39354
2.63567 2.44542
2.6865 2.44542
2.73733 2.46349
2.78817 2.48155
2.839 2.49961
2.88983 2.51768
2.94067 2.53574
2.9915 2.55381
3.04233 2.57187
3.09317 2.58994
3.144 2.608
3.19483 2.62606
3.24566 2.64413
3.2965 2.66219
3.34733 2.68026
3.39816 2.69832
3.449 2.71638
3.49926 2.71638
3.54952 2.71638
3.59978 2.71638
3.65005 2.71638
3.70031 2.71638
3.75057 2.71638
3.80083 2.71638
3.8511 2.71638
3.90136 2.71638
3.95162 2.71638
4.00188 2.71638
4.05215 2.71638
4.10241 2.71638
4.15267 2.71638
4.20293 2.71638
4.2532 2.71638
4.30346 2.71638
4.35372 2.71638
4.40398 2.71638
4.45425 2.71638
7.09069 2.98757
9.72712 2.98757
12.3636 2.98757
15.0 2.98757
0.0 0.472649
0.0489601 0.472649
0.0979203 0.498733
0.14688 0.524817
0.195841 0.550901
0.244801 0.576985
0.293761 0.603069
0.342721 0.629154
0.391681 0.655238
0.440641 0.681322
0.491449 0.681322
0.542256 0.695602
0.593063 0.709882
0.64387 0.724162
0.694677 0.738442
0.745485 0.752722
0.796292 0.767002
0.847099 0.781282
0.897906 0.795562
0.948714 0.809842
0.999521 0.824121
1.05033 0.838401
1.10114 0.852681
1.15194 0.866961
1.20275 0.881241
1.25356 0.895521
1.30436 0.909801
1.35517 0.924081
1.40598 0.938361
1.45679 0.952641
1.50759 0.966921
1.5584 0.981201
1.60921 0.995481
1.66001 1.00976
1.71082 1.02404
1.76163 1.03832
1.81244 1.0526
1.86324 1.06688
1.91396 1.06688
1.96467 1.17115
2.01539 1.27542
2.0661 1.37969
2.11681 1.48397
2.16753 1.58824
2.21824 1.69251
2.26896 1.79678
2.31967 1.90105
2.37038 2.00532
2.4211 2.10959
2.47181 2.21386
2.52253 2.31813
2.57324 2.42241
2.62359 2.42241
2.67393 2.43269
2.72428 2.44297
2.77463 2.45325
2.82498 2.46353
2.87532 2.47381
2.92567 2.48409
2.97602 2.49437
3.02637 2.50465
3.07671 2.51493
3.12706 2.52521
3.17741 2.53549
3.22775 2.54577
3.2781 2.55605
3.32845 2.56633
3.3788 2.57661
3.42914 2.58689
3.47949 2.59717
3.52984 2.60745
3.58019 2.61773
3.63053 2.62801
3.68088 2.63829
3.73123 2.64857
3.78158 2.65885
3.83192 2.66913
3.88227 2.67941
3.93262 2.68969
3.98296 2.69997
4.03331 2.71025
4.08366 2.72053
4.13401 2.73081
4.18435 2.74109
4.23375 2.74109
4.28315 2.74109
4.33254 2.74109
4.38194 2.74109
4.43134 2.74109
4.48073 2.74109
4.53013 2.74109
4.57953 2.74109
4.62892 2.74109
4.67832 2.74109
4.72772 2.74109
4.77711 2.74109
4.82651 2.74109
4.87591 2.74109
4.9253 2.74109
4.9747 2.74109
5.0241 2.74109
5.07349 2.74109
5.12289 2.74109
5.17229 2.74109
5.22168 2.74109
5.27108 2.74109
5.32048 2.74109
5.36987 2.74109
5.41927 2.74109
5.46867 2.74109
7.8515 3.08029
10.2343 3.08029
12.6172 3.08029
15.0 3.08029
0.0 0.464348
0.0497138 0.464348
0.0994276 0.487364
0.149141 0.510379
0.198855 0.533394
0.248569 0.55641
0.298283 0.579425
0.347997 0.60244
0.39771 0.625456
0.447424 0.648471
0.497138 0.671486
0.546852 0.694502
0.596566 0.717517
0.64628 0.740532
0.696677 0.740532
0.747074 0.746956
0.797472 0.753381
0.847869 0.759805
0.898266 0.766229
0.948664 0.772653
0.999061 0.779077
1.04946 0.785501
1.09986 0.791925
1.15025 0.798349
1.20065 0.804773
1.25105 0.811197
1.30144 0.817621
1.35184 0.824046
1.40224 0.83047
1.45264 0.836894
1.50303 0.843318
1.55343 0.849742
1.60383 0.856166
1.65423 0.86259
1.70462 0.869014
1.75502 0.875438
1.80542 0.881862
1.85582 0.888286
1.90621 0.89471
1.95661 0.901135
2.00701 0.907559
2.05741 0.913983
2.1078 0.920407
2.1582 0.926831
2.2086 0.933255
2.25899 0.939679
2.30939 0.946103
2.35979 0.952527
2.41019 0.958951
2.46058 0.965375
2.51098 0.971799
2.56138 0.978224
2.61178 0.984648
2.66217 0.991072
2.71257 0.997496
2.76297 1.00392
2.81337 1.01034
2.86376 1.01677
2.91416 1.02319
2.96456 1.02962
3.01495 1.03604
3.06535 1.04246
3.11575 1.04889
3.16615 1.05531
3.21654 1.06174
3.26694 1.06816
3.31734 1.07458
3.36774 1.08101
3.41813 1.08743
3.46853 1.09386
3.51893 1.10028
3.56933 1.10671
3.61972 1.11313
3.67012 1.11955
3.72054 1.11955
3.77096 1.15855
3.82138 1.19755
3.8718 1.23654
3.92222 1.27554
3.97264 1.31453
4.02306 1.35353
4.07348 1.39253
4.1239 1.43152
4.17432 1.47052
4.22474 1.50952
4.27516 1.54851
4.32558 1.58751
4.376 1.62651
4.42642 1.6655
4.47684 1.7045
4.52726 1.74349
4.57768 1.78249
4.6281 1.82149
4.67852 1.86048
4.72894 1.89948
4.77936 1.93848
4.82978 1.97747
4.8802 2.01647
4.93062 2.05546
4.98104 2.09446
5.03146 2.13346
5.08188 2.17245
5.1323 2.21145
5.18272 2.25045
5.23314 2.28944
5.28357 2.32844
5.33399 2.36743
5.38481 2.36743
5.43563 2.38721
5.48645 2.40698
5.53727 2.42675
5.58809 2.44652
5.63891 2.46629
5.68973 2.48606
5.74056 2.50583
5.79138 2.5256
5.8422 2.54537
5.89302 2.56514
5.94384 2.58491
5.99466 2.60468
6.04426 2.60468
6.09387 2.60468
6.14347 2.60468
6.19307 2.60468
6.24267 2.60468
6.29227 2.60468
6.34187 2.60468
6.39148 2.60468
6.44108 2.60468
6.49068 2.60468
6.54028 2.60468
6.58988 2.60468
6.63948 2.60468
6.68909 2.60468
6.73869 2.60468
6.78829 2.60468
6.83789 2.60468
9.55859 2.77567
12.2793 2.77567
15.0 2.77567
0.0 0.483952
0.0494975 0.483952
0.098995 0.504233
0.148492 0.524515
0.19799 0.544796
0.247487 0.565078
0.296985 0.585359
0.346482 0.605641
0.39598 0.625922
0.445477 0.646204
0.494975 0.666485
0.544472 0.686766
0.59397 0.707048
0.643467 0.727329
0.692965 0.747611
0.742462 0.767892
0.79196 0.788174
0.841457 0.808455
0.890955 0.828737
0.940452 0.849018
0.98995 0.8693
1.03945 0.889581
1.08894 0.909862
1.13844 0.930144
1.18794 0.950425
1.23744 0.970707
1.28693 0.990988
1.33643 1.01127
1.38593 1.03155
1.43543 1.05183
1.48492 1.07211
1.53442 1.0924
1.58392 1.11268
1.63342 1.13296
1.68291 1.15324
1.73241 1.17352
1.78191 1.1938
1.83141 1.21408
1.8809 1.23437
1.9304 1.25465
1.9799 1.27493
2.0294 1.29521
2.07889 1.31549
2.12839 1.33577
2.17789 1.35605
2.22739 1.37634
2.27688 1.39662
2.3274 1.39662
2.37792 1.47373
2.42844 1.55085
2.47897 1.62796
2.52949 1.70508
2.58001 1.78219
2.63053 1.8593
2.68105 1.93642
2.73157 2.01353
2.78209 2.09065
2.83261 2.16776
2.88257 2.16776
2.93252 2.22879
2.98248 2.28981
3.03244 2.35084
3.0824 2.41187
3.13236 2.47289
3.18232 2.53392
3.23228 2.59494
3.28224 2.65597
3.3322 2.717
3.38216 2.77802
3.43212 2.83905
3.48208 2.90007
3.53204 2.9611
3.582 3.02213
3.63196 3.08315
3.68192 3.14418
3.73188 3.2052
3.78184 3.26623
3.8318 3.32726
3.88175 3.38828
3.93171 3.44931
3.98167 3.51033
4.03163 3.57136
4.08159 3.63239
4.13155 3.69341
4.18269 3.69341
4.23383 3.74098
4.28496 3.78856
4.3361 3.83613
4.38723 3.8837
4.43837 3.93127
4.48951 3.97884
4.54064 4.02641
4.59178 4.07398
4.64292 4.12156
4.69405 4.16913
4.74519 4.2167
4.79633 4.26427
4.84746 4.31184
4.8986 4.35941
4.94974 4.40698
5.00087 4.45456
5.05201 4.50213
5.10315 4.5497
5.15428 4.59727
5.20462 4.59727
5.25495 4.59727
5.30528 4.59727
5.35562 4.59727
5.40595 4.59727
5.45629 4.59727
5.50662 4.59727
5.55695 4.59727
5.60729 4.59727
5.65762 4.59727
5.70796 4.59727
5.75829 4.59727
5.80863 4.59727
5.85896 4.59727
5.90929 4.59727
5.95963 4.59727
6.00996 4.59727
6.0603 4.59727
6.11063 4.59727
6.16096 4.59727
6.2113 4.59727
6.26163 4.59727
6.31197 4.59727
6.3623 4.59727
6.41264 4.59727
6.46297 4.59727
9.30865 5.94706
12.1543 5.94706
15.0 5.94706
0.0 0.472008
0.0496104 0.472008
0.0992207 0.493488
0.148831 0.514968
0.198441 0.536448
0.248052 0.557928
0.297662 0.579408
0.347273 0.600888
0.396883 0.622368
0.446493 0.643848
0.496104 0.665328
0.545714 0.686807
0.595324 0.708287
0.644935 0.729767
0.694545 0.751247
0.744156 0.772727
0.793766 0.794207
0.843376 0.815687
0.892987 0.837167
0.942597 0.858647
0.992207 0.880127
1.04182 0.901607
1.09143 0.923086
1.14104 0.944566
1.19065 0.966046
1.24026 0.987526
1.28987 1.00901
1.33948 1.03049
1.38909 1.05197
1.4387 1.07345
1.48831 1.09493
1.53792 1.11641
1.58753 1.13789
1.63714 1.15937
1.68675 1.18085
1.73636 1.20233
1.78597 1.22381
1.83558 1.24529
1.88519 1.26676
1.9348 1.28824
1.98441 1.30972
2.03403 1.3312
2.08364 1.35268
2.13325 1.37416
2.18247 1.37416
2.23169 1.40124
2.28092 1.42832
2.33014 1.4554
2.37936 1.48248
2.42859 1.50956
2.47781 1.53664
2.52703 1.56372
2.57626 1.5908
2.62548 1.61788
2.67471 1.64495
2.72393 1.67203
2.77315 1.69911
2.82238 1.72619
2.8716 1.75327
2.92082 1.78035
2.97005 1.80743
3.01927 1.83451
3.06849 1.86159
3.11772 1.88867
3.16694 1.91574
3.21617 1.94282
3.26539 1.9699
3.31461 1.99698
3.36384 2.02406
3.41306 2.05114
3.46228 2.07822
3.51151 2.1053
3.56214 2.1053
3.61277 2.18112
3.6634 2.25695
3.71403 2.33277
3.76466 2.4086
3.81529 2.48442
3.86592 2.56025
3.91655 2.63607
3.96718 2.71189
4.01781 2.78772
4.06844 2.86354
4.11907 2.93937
4.16971 3.01519
4.22034 3.09102
4.27097 3.16684
4.3216 3.24267
4.37223 3.31849
4.42286 3.39432
4.47349 3.47014
4.52412 3.54597
4.57475 3.62179
4.62538 3.69762
4.67537 3.69762
4.72536 3.75611
4.77535 3.81461
4.82534 3.87311
4.87533 3.93161
4.92531 3.9901
4.9753 4.0486
5.02529 4.1071
5.07528 4.1656
5.12527 4.22409
5.17526 4.28259
5.22525 4.34109
5.27523 4.39959
5.32522 4.45808
5.37521 4.51658
5.4252 4.57508
5.47564 4.57508
5.52608 4.57508
5.57652 4.57508
5.62696 4.57508
5.6774 4.57508
5.72784 4.57508
5.77829 4.57508
5.82873 4.57508
5.87917 4.57508
5.92961 4.57508
5.98005 4.57508
6.03049 4.57508
6.08093 4.57508
6.13137 4.57508
6.18181 4.57508
6.23225 4.57508
6.28269 4.57508
6.33313 4.57508
6.38357 4.57508
6.43401 4.57508
6.48445 4.57508
6.53489 4.57508
6.58534 4.57508
6.63578 4.57508
6.68622 4.57508
6.73666 4.57508
6.7871 4.57508
6.83754 4.57508
9.55836 5.96981
12.2792 5.96981
15.0 5.96981
0.0 0.477928
0.0495179 0.477928
0.0990357 0.497216
0.148554 0.516505
0.198071 0.535793
0.247589 0.555082
0.297107 0.57437
0.346625 0.593659
0.396143 0.612947
0.445661 0.632236
0.495179 0.651525
0.544696 0.670813
0.594214 0.690102
0.643732 0.70939
0.69325 0.728679
0.742768 0.747967
0.792286 0.767256
0.841804 0.786544
0.891321 0.805833
0.940839 0.825122
0.990357 0.84441
1.03988 0.863699
1.08939 0.882987
1.13891 0.902276
1.18843 0.921564
1.23795 0.940853
1.28746 0.960141
1.33698 0.97943
1.3865 0.998719
1.43602 1.01801
1.48554 1.0373
1.53505 1.05658
1.58457 1.07587
1.63409 1.09516
1.68361 1.11445
1.73313 1.13374
1.78264 1.15303
1.83216 1.17232
1.88168 1.1916
1.9312 1.21089
1.98071 1.23018
2.03023 1.24947
2.07975 1.26876
2.12927 1.28805
2.17879 1.30734
2.2283 1.32662
2.27782 1.34591
2.32764 1.34591
2.37746 1.37603
2.42728 1.40615
2.4771 1.43627
2.52691 1.46639
2.57673 1.49651
2.62655 1.52664
2.67637 1.55676
2.72619 1.58688
2.77601 1.617
2.82583 1.64712
2.87564 1.67724
2.92546 1.70736
2.97528 1.73748
3.0251 1.7676
3.07492 1.79772
3.12474 1.82784
3.17455 1.85796
3.22437 1.88808
3.27419 1.9182
3.32401 1.94832
3.37383 1.97844
3.42365 2.00856
3.47347 2.03868
3.52328 2.0688
3.5731 2.09892
3.62292 2.12904
3.67274 2.15917
3.72206 2.15917
3.77138 2.20478
3.82071 2.25039
3.87003 2.29601
3.91935 2.34162
3.96867 2.38724
4.01799 2.43285
4.06731 2.47846
4.11664 2.52408
4.16596 2.56969
4.21528 2.61531
4.2646 2.66092
4.31392 2.70653
4.36324 2.75215
4.41257 2.79776
4.46189 2.84338
4.51121 2.88899
4.56053 2.9346
4.60985 2.98022
4.65918 3.02583
4.7085 3.07144
4.75782 3.11706
4.80714 3.16267
4.85646 3.20829
4.90578 3.2539
4.95511 3.29951
5.00443 3.34513
5.05375 3.39074
5.10307 3.43636
5.15239 3.48197
5.20172 3.52758
5.25241 3.52758
5.30311 3.58281
5.35381 3.63803
5.40451 3.69325
5.45521 3.74848
5.50591 3.8037
5.55661 3.85893
5.60731 3.91415
5.65801 3.96937
5.70871 4.0246
5.75941 4.07982
5.8101 4.13504
5.8608 4.19027
5.9115 4.24549
5.9622 4.30071
6.0129 4.35594
6.0636 4.41116
6.1143 4.46638
6.165 4.52161
6.2157 4.57683
6.2664 4.63205
6.3171 4.68728
6.36771 4.68728
6.41832 4.68728
6.46893 4.68728
6.51954 4.68728
6.57015 4.68728
6.62076 4.68728
6.67137 4.68728
6.72198 4.68728
6.7726 4.68728
6.82321 4.68728
6.87382 4.68728
6.92443 4.68728
6.97504 4.68728
7.02565 4.68728
7.07626 4.68728
7.12687 4.68728
7.17748 4.68728
7.2281 4.68728
7.27871 4.68728
7.32932 4.68728
7.37993 4.68728
7.43054 4.68728
7.48115 4.68728
7.53176 4.68728
7.58237 4.68728
7.63298 4.68728
7.6836 4.68728
7.73421 4.68728
7.78482 4.68728
7.83543 4.68728
7.88604 4.68728
7.93665 4.68728
7.98726 4.68728
10.3248 5.90222
12.6624 5.90222
15.0 5.90222
0.0 0.468306
0.0487669 0.468306
0.0975339 0.47525
0.146301 0.482194
0.195068 0.489137
0.243835 0.496081
0.292602 0.503025
0.342192 0.503025
0.391782 0.585409
0.441373 0.667793
0.490963 0.750177
0.540554 0.83256
0.590144 0.914944
0.639734 0.997328
0.689325 1.07971
0.738915 1.1621
0.788506 1.24448
0.838096 1.32686
0.887687 1.40925
0.937277 1.49163
0.986867 1.57401
1.03646 1.6564
1.08605 1.73878
1.13564 1.82117
1.18523 1.90355
1.23482 1.98593
1.28441 2.06832
1.334 2.1507
1.38359 2.23308
1.43318 2.31547
1.48277 2.39785
1.53236 2.48024
1.58341 2.48024
1.63446 2.53658
1.68551 2.59292
1.73656 2.64926
1.78762 2.7056
1.83867 2.76194
1.88972 2.81828
1.94077 2.87462
1.99182 2.93096
2.04287 2.98731
2.09392 3.04365
2.14151 3.04365
2.1891 3.24274
2.23669 3.44183
2.28428 3.64093
2.33187 3.84002
2.37946 4.03912
2.42705 4.23821
2.47464 4.4373
2.52223 4.6364
2.5722 4.6364
2.62218 4.6364
2.67215 4.6364
2.72213 4.6364
2.7721 4.6364
2.82208 4.6364
2.87205 4.6364
2.92203 4.6364
2.972 4.6364
3.02197 4.6364
3.07195 4.6364
3.12192 4.6364
3.1719 4.6364
3.22187 4.6364
3.27185 4.6364
3.32182 4.6364
3.3718 4.6364
3.42177 4.6364
3.47175 4.6364
3.52172 4.6364
3.5717 4.6364
3.62167 4.6364
3.67164 4.6364
3.72162 4.6364
3.77159 4.6364
6.5787 5.49665
9.3858 5.49665
12.1929 5.49665
15.0 5.49665
0.0 0.478173
0.0525056 0.478173
0.105011 0.482263
0.157517 0.486353
0.210022 0.490443
0.262528 0.494533
0.315034 0.498623
0.366433 0.498623
0.417833 0.640426
0.469233 0.782229
0.520633 0.924032
0.572033 1.06584
0.623433 1.20764
0.674832 1.34944
0.726232 1.49124
0.777632 1.63305
0.829032 1.77485
0.880432 1.91665
0.931831 2.05846
0.983231 2.20026
1.03463 2.34206
1.08603 2.48387
1.13609 2.48387
1.18615 2.52225
1.23622 2.56063
1.28628 2.59902
1.33634 2.6374
1.3864 2.67578
1.43646 2.71417
1.48652 2.75255
1.53659 2.79093
1.58665 2.82932
1.63671 2.8677
1.68677 2.90608
1.73683 2.94447
1.78689 2.98285
1.83696 3.02123
1.88702 3.05962
1.93693 3.05962
1.98685 3.09535
2.03676 3.13109
2.08667 3.16683
2.13659 3.20256
2.1865 3.2383
2.23641 3.27404
2.28633 3.30977
2.33624 3.34551
2.38616 3.38125
2.43607 3.41698
2.48598 3.45272
2.5359 3.48846
2.58581 3.52419
2.63573 3.55993
2.68564 3.59567
2.73555 3.6314
2.78547 3.66714
2.83538 3.70287
2.88529 3.73861
2.93521 3.77435
2.98512 3.81008
3.03504 3.84582
3.08495 3.88156
3.13486 3.91729
3.18478 3.95303
3.23469 3.98877
3.2846 4.0245
3.33452 4.06024
3.38443 4.09598
3.43435 4.13171
3.48426 4.16745
3.53417 4.20319
3.58409 4.23892
3.634 4.27466
3.68392 4.3104
3.73383 4.34613
3.78374 4.38187
3.83366 4.41761
3.88357 4.45334
3.93348 4.48908
3.9834 4.52482
4.03331 4.56055
4.08323 4.59629
4.13361 4.59629
4.184 4.59629
4.23438 4.59629
4.28477 4.59629
4.33515 4.59629
4.38553 4.59629
4.43592 4.59629
7.07694 5.45011
9.71796 5.45011
12.359 5.45011
15.0 5.45011
0.0 0.477628
0.0492764 0.477628
0.0985528 0.491454
0.147829 0.505281
0.197106 0.519107
0.246382 0.532933
0.295659 0.546759
0.344935 0.560585
0.394211 0.574412
0.443315 0.574412
0.492419 0.650884
0.541523 0.727357
0.590627 0.803829
0.639731 0.880302
0.688835 0.956774
0.737938 1.03325
0.787042 1.10972
0.836146 1.18619
0.88525 1.26266
0.934354 1.33914
0.983458 1.41561
1.03256 1.49208
1.08167 1.56855
1.13077 1.64503
1.17987 1.7215
1.22898 1.79797
1.27808 1.87444
1.32718 1.95092
1.37629 2.02739
1.42539 2.10386
1.4745 2.18033
1.5236 2.25681
1.5727 2.33328
1.62181 2.40975
1.67091 2.48622
1.72056 2.48622
1.7702 2.55449
1.81984 2.62276
1.86948 2.69102
1.91913 2.75929
1.96877 2.82755
2.01841 2.89582
2.06806 2.96408
2.11751 2.96408
2.16697 3.02837
2.21642 3.09266
2.26588 3.15696
2.31533 3.22125
2.36478 3.28554
2.41424 3.34983
2.46369 3.41412
2.51315 3.47841
2.5626 3.5427
2.61206 3.60699
2.66151 3.67128
2.71097 3.73558
2.76042 3.79987
2.80987 3.86416
2.85933 3.92845
2.90878 3.99274
2.95824 4.05703
3.00769 4.12132
3.05715 4.18561
3.1066 4.2499
3.15606 4.3142
3.20551 4.37849
3.25497 4.44278
3.30442 4.50707
3.35387 4.57136
3.4037 4.57136
3.45352 4.57136
3.50335 4.57136
3.55317 4.57136
3.60299 4.57136
3.65282 4.57136
3.70264 4.57136
3.75246 4.57136
3.80229 4.57136
3.85211 4.57136
3.90193 4.57136
3.95176 4.57136
4.00158 4.57136
4.05141 4.57136
4.10123 4.57136
4.15105 4.57136
4.20088 4.57136
4.2507 4.57136
4.30052 4.57136
4.35035 4.57136
4.40017 4.57136
4.44999 4.57136
4.49982 4.57136
4.54964 4.57136
4.59947 4.57136
4.64929 4.57136
4.69911 4.57136
4.74894 4.57136
4.79876 4.57136
4.84858 4.57136
4.89841 4.57136
4.94823 4.57136
4.99806 4.57136
5.04788 4.57136
5.0977 4.57136
5.14753 4.57136
5.19735 4.57136
5.24717 4.57136
7.68538 5.32916
10.1236 5.32916
12.5618 5.32916
15.0 5.32916
0.0 0.484861
0.048886 0.484861
0.097772 0.501279
0.146658 0.517697
0.195544 0.534114
0.24443 0.550532
0.293316 0.566949
0.342202 0.583367
0.391088 0.599784
0.439974 0.616202
0.48886 0.63262
0.537746 0.649037
0.586632 0.665455
0.635518 0.681872
0.684404 0.69829
0.73329 0.714707
0.782176 0.731125
0.831062 0.747542
0.879948 0.76396
0.928834 0.780378
0.97772 0.796795
1.02733 0.796795
1.07695 0.857691
1.12656 0.918587
1.17617 0.979483
1.22579 1.04038
1.2754 1.10127
1.32501 1.16217
1.37463 1.22307
1.42424 1.28396
1.47385 1.34486
1.52346 1.40575
1.57308 1.46665
1.62269 1.52755
1.6723 1.58844
1.72192 1.64934
1.77153 1.71023
1.82114 1.77113
1.87076 1.83202
1.92037 1.89292
1.96998 1.95382
2.02003 1.95382
2.07009 1.98999
2.12014 2.02616
2.17019 2.06234
2.22024 2.09851
2.27029 2.13468
2.32034 2.17086
2.37039 2.20703
2.42044 2.2432
2.4705 2.27938
2.52055 2.31555
2.5706 2.35172
2.62065 2.3879
2.6707 2.42407
2.72075 2.46024
2.7708 2.49642
2.82086 2.53259
2.87091 2.56877
2.92096 2.60494
2.97101 2.64111
3.02106 2.67729
3.07111 2.71346
3.12116 2.74963
3.17122 2.78581
3.22127 2.82198
3.27132 2.85815
3.32137 2.89433
3.37142 2.9305
3.42147 2.96667
3.47152 3.00285
3.52158 3.03902
3.57163 3.07519
3.62168 3.11137
3.67363 3.11137
3.72559 3.33295
3.77755 3.55454
3.8295 3.77613
3.88146 3.99771
3.93342 4.2193
3.98537 4.44089
4.03511 4.44089
4.08484 4.44089
4.13457 4.44089
4.18431 4.44089
4.23404 4.44089
4.28377 4.44089
4.33351 4.44089
4.38324 4.44089
4.43297 4.44089
4.48271 4.44089
4.53244 4.44089
4.58217 4.44089
4.63191 4.44089
4.68164 4.44089
4.73137 4.44089
4.78111 4.44089
4.83084 4.44089
7.37313 4.98221
9.91542 4.98221
12.4577 4.98221
15.0 4.98221
0.0 0.491779
0.0497202 0.491779
0.0994404 0.509362
0.149161 0.526945
0.198881 0.544528
0.248601 0.562112
0.298321 0.579695
0.348041 0.597278
0.397762 0.614861
0.447482 0.632444
0.497202 0.650027
0.546922 0.667611
0.596642 0.685194
0.646363 0.702777
0.696083 0.72036
0.745803 0.737943
0.795523 0.755526
0.845243 0.77311
0.894963 0.790693
0.945791 0.790693
0.996618 0.839165
1.04745 0.887638
1.09827 0.936111
1.1491 0.984583
1.19993 1.03306
1.25076 1.08153
1.30158 1.13
1.35241 1.17847
1.40324 1.22695
1.45407 1.27542
1.50489 1.32389
1.55572 1.37236
1.60655 1.42084
1.65737 1.46931
1.7082 1.51778
1.75903 1.56626
1.80986 1.61473
1.86068 1.6632
1.91151 1.71167
1.96234 1.76015
2.01317 1.80862
2.06466 1.80862
2.11615 1.95278
2.16764 2.09694
2.21913 2.2411
2.27062 2.38526
2.32211 2.52942
2.3736 2.67358
2.42509 2.81774
2.47658 2.9619
2.52807 3.10606
2.57956 3.25022
2.63117 3.25022
2.68279 3.47115
2.7344 3.69209
2.78602 3.91303
2.83763 4.13397
2.88925 4.3549
2.94051 4.3549
2.99178 4.3549
3.04304 4.3549
3.09431 4.3549
3.14557 4.3549
3.19684 4.3549
3.2481 4.3549
3.29937 4.3549
3.35063 4.3549
3.4019 4.3549
3.45316 4.3549
3.50443 4.3549
3.55569 4.3549
3.60695 4.3549
3.65822 4.3549
3.70948 4.3549
3.76075 4.3549
3.81201 4.3549
6.60901 5.13334
9.40601 5.13334
12.203 5.13334
15.0 5.13334
0.0 0.47678
0.050974 0.47678
0.101948 0.498072
0.152922 0.519364
0.203896 0.540656
0.25487 0.561948
0.305844 0.583239
0.356818 0.604531
0.407792 0.625823
0.458766 0.647115
0.50974 0.668407
0.560715 0.689699
0.611689 0.710991
0.662663 0.732282
0.713637 0.753574
0.764611 0.774866
0.814081 0.774866
0.863552 0.814095
0.913022 0.853324
0.962493 0.892552
1.01196 0.931781
1.06143 0.97101
1.1109 1.01024
1.16038 1.04947
1.20985 1.0887
1.25932 1.12792
1.30879 1.16715
1.35826 1.20638
1.40773 1.24561
1.4572 1.28484
1.50667 1.32407
1.55614 1.3633
1.60561 1.40253
1.65508 1.44175
1.70455 1.48098
1.75402 1.52021
1.80349 1.55944
1.85296 1.59867
1.90243 1.6379
1.9519 1.67713
2.00138 1.71636
2.05085 1.75558
2.10032 1.79481
2.14979 1.83404
2.19926 1.87327
2.2479 1.87327
2.29655 2.08226
2.34519 2.29126
2.39383 2.50025
2.44248 2.70924
2.49112 2.91824
2.53977 3.12723
2.58841 3.33623
2.63419 3.33623
2.67997 3.60409
2.72575 3.87195
2.77152 4.13981
2.8173 4.40767
2.86679 4.40767
2.91627 4.40767
2.96575 4.40767
3.01523 4.40767
3.06472 4.40767
3.1142 4.40767
3.16368 4.40767
3.21317 4.40767
3.26265 4.40767
3.31213 4.40767
3.36161 4.40767
3.4111 4.40767
3.46058 4.40767
3.51006 4.40767
3.55954 4.40767
5.84764 5.12667
8.13573 5.12667
10.4238 5.12667
12.7119 5.12667
15.0 5.12667
0.0 0.490776
0.050221 0.490776
0.100442 0.508717
0.150663 0.526657
0.200884 0.544598
0.251105 0.562538
0.301326 0.580479
0.351547 0.598419
0.401768 0.61636
0.451989 0.6343
0.50221 0.652241
0.552431 0.670181
0.602653 0.688122
0.652874 0.706062
0.703095 0.724003
0.753316 0.741943
0.803537 0.759884
0.853758 0.777824
0.903979 0.795765
0.9542 0.813705
1.00442 0.831646
1.05464 0.849587
1.10486 0.867527
1.15508 0.885468
1.20531 0.903408
1.25553 0.921349
1.30575 0.939289
1.35597 0.95723
1.40619 0.97517
1.45641 0.993111
1.50663 1.01105
1.55685 1.02899
1.60707 1.04693
1.65729 1.06487
1.70752 1.08281
1.75774 1.10075
1.80796 1.11869
1.85818 1.13663
1.9084 1.15458
1.95862 1.17252
2.00884 1.19046
2.05906 1.2084
2.10928 1.22634
2.1595 1.24428
2.20973 1.26222
2.25995 1.28016
2.31017 1.2981
2.36039 1.31604
2.41061 1.33398
2.46083 1.35192
2.51105 1.36986
2.56127 1.3878
2.61149 1.40574
2.66172 1.42368
2.71194 1.44162
2.76216 1.45956
2.81238 1.4775
2.8626 1.49545
2.91282 1.51339
2.96304 1.53133
3.01326 1.54927
3.06348 1.56721
3.1137 1.58515
3.16393 1.60309
3.21415 1.62103
3.26437 1.63897
3.31459 1.65691
3.36481 1.67485
3.41503 1.69279
3.46525 1.71073
3.51547 1.72867
3.56569 1.74661
3.61592 1.76455
3.66614 1.78249
3.71636 1.80043
3.76658 1.81837
3.8168 1.83632
3.86702 1.85426
3.91724 1.8722
3.96746 1.89014
4.01768 1.90808
4.0679 1.92602
4.11813 1.94396
4.16835 1.9619
4.21857 1.97984
4.26879 1.99778
4.31901 2.01572
4.36923 2.03366
4.41945 2.0516
4.46967 2.06954
4.51989 2.08748
4.57011 2.10542
4.62034 2.12336
4.67056 2.1413
4.72078 2.15924
4.771 2.17718
4.82122 2.19513
4.87144 2.21307
4.92166 2.23101
4.97217 2.23101
5.02269 2.24547
5.0732 2.25993
5.12371 2.27439
5.17422 2.28885
5.22473 2.30331
5.27525 2.31777
5.32576 2.33223
5.37627 2.34669
5.42678 2.36115
5.4773 2.37561
5.52781 2.39007
5.57752 2.39007
5.62723 2.49158
5.67694 2.5931
5.72665 2.69462
5.77636 2.79613
5.82607 2.89765
5.87578 2.99916
5.92548 3.10068
5.97519 3.2022
6.0249 3.30371
6.07461 3.40523
6.12432 3.50674
6.17403 3.60826
6.22374 3.70978
6.27351 3.70978
6.32327 3.78687
6.37303 3.86396
6.42279 3.94105
6.47256 4.01814
6.52232 4.09523
6.57208 4.17232
6.62185 4.24941
6.67161 4.3265
6.72172 4.3265
6.77182 4.3265
6.82193 4.3265
6.87204 4.3265
6.92215 4.3265
6.97226 4.3265
7.02236 4.3265
7.07247 4.3265
7.12258 4.3265
7.17269 4.3265
7.22279 4.3265
7.2729 4.3265
7.32301 4.3265
7.37312 4.3265
7.42323 4.3265
7.47333 4.3265
7.52344 4.3265
7.57355 4.3265
7.62366 4.3265
7.67376 4.3265
7.72387 4.3265
7.77398 4.3265
7.82409 4.3265
7.8742 4.3265
10.2495 5.34049
12.6247 5.34049
15.0 5.34049
0.0 0.476791
0.0503109 0.476791
0.100622 0.498986
0.150933 0.52118
0.201244 0.543374
0.251555 0.565569
0.301866 0.587763
0.352176 0.609957
0.402487 0.632152
0.452798 0.654346
0.503109 0.67654
0.55342 0.698735
0.603731 0.720929
0.654042 0.743123
0.704353 0.765318
0.754664 0.787512
0.804975 0.809706
0.855286 0.831901
0.905597 0.854095
0.955908 0.876289
1.00622 0.898484
1.05653 0.920678
1.10684 0.942872
1.15715 0.965067
1.20746 0.987261
1.25777 1.00946
1.30808 1.03165
1.3584 1.05384
1.40871 1.07604
1.45902 1.09823
1.50933 1.12043
1.55964 1.14262
1.60995 1.16482
1.66026 1.18701
1.71057 1.2092
1.76088 1.2314
1.81119 1.25359
1.8615 1.27579
1.91182 1.29798
1.96213 1.32018
2.01244 1.34237
2.06275 1.36456
2.11306 1.38676
2.16337 1.40895
2.21368 1.43115
2.26399 1.45334
2.3143 1.47554
2.36461 1.49773
2.41492 1.51993
2.46524 1.54212
2.51555 1.56431
2.56586 1.58651
2.61617 1.6087
2.66648 1.6309
2.71679 1.65309
2.7671 1.67529
2.81741 1.69748
2.86772 1.71967
2.91803 1.74187
2.96834 1.76406
3.01866 1.78626
3.06897 1.80845
3.11928 1.83065
3.16959 1.85284
3.2199 1.87503
3.27021 1.89723
3.32052 1.91942
3.37083 1.94162
3.42114 1.96381
3.47145 1.98601
3.52176 2.0082
3.57208 2.0304
3.62239 2.05259
3.6727 2.07478
3.72301 2.09698
3.77332 2.11917
3.82363 2.14137
3.87394 2.16356
3.92425 2.18576
3.97456 2.20795
4.02487 2.23014
4.07729 2.23014
4.12971 2.24427
4.18213 2.25839
4.23455 2.27251
4.28697 2.28663
4.33939 2.30075
4.39181 2.31487
4.44423 2.32899
4.49665 2.34312
4.54907 2.35724
4.59918 2.35724
4.64929 2.41586
4.69939 2.47448
4.7495 2.5331
4.79961 2.59173
4.84972 2.65035
4.89983 2.70897
4.94994 2.76759
5.00005 2.82621
5.05015 2.88484
5.10026 2.94346
5.15037 3.00208
5.20048 3.0607
5.25059 3.11932
5.3007 3.17795
5.35081 3.23657
5.40092 3.29519
5.45102 3.35381
5.50113 3.41243
5.55124 3.47106
5.60135 3.52968
5.65146 3.5883
5.70157 3.64692
5.75168 3.70554
5.80179 3.76417
5.85217 3.76417
5.90255 3.81963
5.95294 3.8751
6.00332 3.93057
6.0537 3.98604
6.10409 4.0415
6.15447 4.09697
6.20486 4.15244
6.25524 4.20791
6.30562 4.26337
6.35601 4.31884
6.40639 4.37431
6.45606 4.37431
6.50573 4.37431
6.5554 4.37431
6.60507 4.37431
6.65474 4.37431
6.70441 4.37431
6.75408 4.37431
6.80375 4.37431
6.85342 4.37431
6.90309 4.37431
6.95275 4.37431
7.00242 4.37431
7.05209 4.37431
7.10176 4.37431
7.15143 4.37431
7.2011 4.37431
7.25077 4.37431
7.30044 4.37431
7.35011 4.37431
7.39978 4.37431
7.44945 4.37431
7.49912 4.37431
7.54879 4.37431
10.0325 5.35366
12.5163 5.35366
15.0 5.35366
0.0 0.465746
0.050174 0.465746
0.100348 0.487114
0.150522 0.508482
0.200696 0.529849
0.25087 0.551217
0.301044 0.572584
0.351218 0.593952
0.401392 0.615319
0.451566 0.636687
0.50174 0.658054
0.551914 0.679422
0.602088 0.700789
0.652262 0.722157
0.702436 0.743524
0.75261 0.764892
0.802784 0.78626
0.852958 0.807627
0.903132 0.828995
0.953306 0.850362
1.00348 0.87173
1.05365 0.893097
1.10383 0.914465
1.154 0.935832
1.20418 0.9572
1.25435 0.978567
1.30452 0.999935
1.3547 1.0213
1.40487 1.04267
1.45505 1.06404
1.50522 1.08541
1.55539 1.10677
1.60557 1.12814
1.65574 1.14951
1.70592 1.17088
1.75609 1.19224
1.80626 1.21361
1.85644 1.23498
1.90661 1.25635
1.95679 1.27771
2.00696 1.29908
2.05713 1.32045
2.10731 1.34182
2.15748 1.36318
2.20766 1.38455
2.25783 1.40592
2.308 1.42729
2.35818 1.44865
2.40835 1.47002
2.45853 1.49139
2.5087 1.51276
2.55887 1.53412
2.60905 1.55549
2.65922 1.57686
2.7094 1.59823
2.75957 1.61959
2.80975 1.64096
2.85992 1.66233
2.91009 1.6837
2.96027 1.70506
3.01044 1.72643
3.06062 1.7478
3.11079 1.76917
3.16096 1.79053
3.21114 1.8119
3.26131 1.83327
3.31149 1.85464
3.36166 1.876
3.41183 1.89737
3.46201 1.91874
3.51218 1.94011
3.56236 1.96147
3.61253 1.98284
3.6627 2.00421
3.71288 2.02558
3.76305 2.04694
3.81291 2.04694
3.86276 2.0515
3.91262 2.05605
3.96247 2.06061
4.01233 2.06516
4.06218 2.06972
4.11204 2.07427
4.16189 2.07883
4.21175 2.08338
4.2616 2.08794
4.31146 2.0925
4.36131 2.09705
4.41117 2.10161
4.46102 2.10616
4.51088 2.11072
4.56073 2.11527
4.61059 2.11983
4.66044 2.12438
4.71217 2.12438
4.7639 2.27034
4.81562 2.41629
4.86735 2.56225
4.91907 2.7082
4.9708 2.85416
5.02253 3.00011
5.07425 3.14607
5.12598 3.29202
5.17771 3.43798
5.22795 3.43798
5.27819 3.49791
5.32844 3.55785
5.37868 3.61779
5.42892 3.67772
5.47917 3.73766
5.52941 3.7976
5.57965 3.85753
5.6299 3.91747
5.68014 3.97741
5.73038 4.03734
5.78062 4.09728
5.83087 4.15722
5.88111 4.21715
5.93135 4.27709
5.9816 4.33703
6.03231 4.33703
6.08301 4.33703
6.13372 4.33703
6.18443 4.33703
6.23514 4.33703
6.28585 4.33703
6.33655 4.33703
6.38726 4.33703
6.43797 4.33703
6.48868 4.33703
6.53939 4.33703
6.59009 4.33703
6.6408 4.33703
6.69151 4.33703
6.74222 4.33703
6.79293 4.33703
6.84363 4.33703
6.89434 4.33703
6.94505 4.33703
6.99576 4.33703
7.04647 4.33703
7.09717 4.33703
7.14788 4.33703
7.19859 4.33703
7.2493 4.33703
7.30001 4.33703
7.35071 4.33703
7.40142 4.33703
7.45213 4.33703
7.50284 4.33703
10.0019 5.13823
12.5009 5.13823
15.0 5.13823
0.0 0.480134
0.0500895 0.480134
0.100179 0.498171
0.150269 0.516208
0.200358 0.534245
0.250448 0.552283
0.300537 0.57032
0.350627 0.588357
0.400716 0.606394
0.450806 0.624432
0.500895 0.642469
0.550985 0.660506
0.601074 0.678543
0.651164 0.696581
0.701254 0.714618
0.751343 0.732655
0.801433 0.750692
0.851522 0.76873
0.901612 0.786767
0.951701 0.804804
1.00179 0.822841
1.05188 0.840879
1.10197 0.858916
1.15206 0.876953
1.20215 0.89499
1.25224 0.913028
1.30233 0.931065
1.35242 0.949102
1.40251 0.967139
1.4526 0.985177
1.50269 1.00321
1.55278 1.02125
1.60287 1.03929
1.65295 1.05733
1.70304 1.07536
1.75313 1.0934
1.80322 1.11144
1.85331 1.12947
1.9034 1.14751
1.95349 1.16555
2.00358 1.18359
2.05367 1.20162
2.10376 1.21966
2.15385 1.2377
2.20394 1.25574
2.25403 1.27377
2.30412 1.29181
2.35421 1.30985
2.4043 1.32788
2.45439 1.34592
2.50448 1.36396
2.55457 1.382
2.60466 1.40003
2.65475 1.41807
2.70484 1.43611
2.75492 1.45415
2.80501 1.47218
2.8551 1.49022
2.90519 1.50826
2.95528 1.52629
3.00537 1.54433
3.05546 1.56237
3.10555 1.58041
3.15564 1.59844
3.20573 1.61648
3.25582 1.63452
3.30591 1.65255
3.356 1.67059
3.40609 1.68863
3.45618 1.70667
3.50627 1.7247
3.55636 1.74274
3.60645 1.76078
3.65654 1.77882
3.70663 1.79685
3.75672 1.81489
3.80681 1.83293
3.85689 1.85096
3.90698 1.869
3.95707 1.88704
4.00803 1.88704
4.05898 1.9166
4.10994 1.94616
4.16089 1.97572
4.21185 2.00528
4.2628 2.03484
4.31376 2.0644
4.36471 2.09396
4.41567 2.12352
4.46662 2.15308
4.51329 2.15308
4.55996 3.45659
4.60885 3.45659
4.65775 3.50727
4.70664 3.55795
4.75553 3.60863
4.80442 3.65931
4.85331 3.70999
4.90221 3.76067
4.9511 3.81135
4.99999 3.86203
5.04888 3.91271
5.09777 3.96339
5.14667 4.01407
5.19683 4.01407
5.24699 4.01407
5.29715 4.01407
5.34731 4.01407
5.39748 4.01407
5.44764 4.01407
5.4978 4.01407
5.54796 4.01407
5.59813 4.01407
5.64829 4.01407
5.69845 4.01407
5.74861 4.01407
5.79877 4.01407
5.84894 4.01407
5.8991 4.01407
5.94926 4.01407
5.99942 4.01407
6.04958 4.01407
6.09975 4.01407
6.14991 4.01407
6.20007 4.01407
6.25023 4.01407
6.3004 4.01407
6.35056 4.01407
6.40072 4.01407
6.45088 4.01407
6.50104 4.01407
6.55121 4.01407
6.60137 4.01407
6.65153 4.01407
6.70169 4.01407
6.75185 4.01407
6.80202 4.01407
6.85218 4.01407
6.90234 4.01407
6.9525 4.01407
7.00266 4.01407
7.05283 4.01407
7.10299 4.01407
7.15315 4.01407
7.20331 4.01407
7.25348 4.01407
7.30364 4.01407
7.3538 4.01407
7.40396 4.01407
7.45412 4.01407
7.50429 4.01407
7.55445 4.01407
7.60461 4.01407
10.0697 4.86896
12.5349 4.86896
15.0 4.86896
0.0 0.481531
0.0503498 0.481531
0.1007 0.502912
0.151049 0.524294
0.201399 0.545676
0.251749 0.567057
0.302099 0.588439
0.352448 0.609821
0.402798 0.631202
0.453148 0.652584
0.503498 0.673966
0.553847 0.695347
0.604197 0.716729
0.654547 0.738111
0.704897 0.759492
0.755246 0.780874
0.805596 0.802256
0.855946 0.823637
0.906296 0.845019
0.956646 0.866401
1.007 0.887782
1.05735 0.909164
1.10769 0.930545
1.15804 0.951927
1.20839 0.973309
1.25874 0.99469
1.30909 1.01607
1.35944 1.03745
1.40979 1.05884
1.46014 1.08022
1.51049 1.1016
1.56084 1.12298
1.61119 1.14436
1.66154 1.16574
1.71189 1.18713
1.76224 1.20851
1.81259 1.22989
1.86294 1.25127
1.91329 1.27265
1.96364 1.29403
2.01399 1.31542
2.06434 1.3368
2.11469 1.35818
2.16504 1.37956
2.21539 1.40094
2.26574 1.42232
2.31609 1.44371
2.36644 1.46509
2.41679 1.48647
2.46714 1.50785
2.51749 1.52923
2.56784 1.55061
2.61819 1.572
2.66854 1.59338
2.71889 1.61476
2.76924 1.63614
2.81959 1.65752
2.86994 1.6789
2.92029 1.70029
2.97064 1.72167
3.02099 1.74305
3.07134 1.76443
3.12169 1.78581
3.17204 1.80719
3.22238 1.82857
3.27273 1.84996
3.32308 1.87134
3.37343 1.89272
3.42378 1.9141
3.47371 1.9141
3.52364 1.92055
3.57356 1.927
3.62349 1.93345
3.67342 1.9399
3.72334 1.94635
3.77327 1.95279
3.8232 1.95924
3.87312 1.96569
3.92305 1.97214
3.97298 1.97859
4.0229 1.98504
4.07283 1.99149
4.12275 1.99794
4.17268 2.00439
4.22261 2.01083
4.27253 2.01728
4.32246 2.02373
4.37239 2.03018
4.42231 2.03663
4.47224 2.04308
4.52217 2.04953
4.57209 2.05598
4.62202 2.06242
4.67195 2.06887
4.72187 2.07532
4.7718 2.08177
4.82173 2.08822
4.87165 2.09467
4.92158 2.10112
4.9715 2.10757
5.02143 2.11402
5.07136 2.12046
5.12128 2.12691
5.17121 2.13336
5.22114 2.13981
5.27106 2.14626
5.32099 2.15271
5.37092 2.15916
5.42084 2.16561
5.47077 2.17205
5.5207 2.1785
5.57062 2.18495
5.62055 2.1914
5.67048 2.19785
5.7204 2.2043
5.77033 2.21075
5.82025 2.2172
5.87018 2.22365
5.92011 2.23009
5.97003 2.23654
6.01996 2.24299
6.06989 2.24944
6.11981 2.25589
6.16974 2.26234
6.21341 2.26234
6.25709 3.34355
6.30893 3.34355
6.36077 3.432
6.41261 3.52044
6.46445 3.60888
6.51629 3.69732
6.56813 3.78577
6.61997 3.87421
6.67181 3.96265
6.72365 4.0511
6.77549 4.13954
6.8248 4.13954
6.8741 4.13954
6.9234 4.13954
6.97271 4.13954
7.02201 4.13954
7.07131 4.13954
7.12061 4.13954
7.16992 4.13954
7.21922 4.13954
7.26852 4.13954
7.31782 4.13954
7.36713 4.13954
7.41643 4.13954
7.46573 4.13954
7.51504 4.13954
7.56434 4.13954
10.0429 4.81547
12.5214 4.81547
15.0 4.81547
0.0 0.488807
0.0501125 0.488807
0.100225 0.506325
0.150338 0.523843
0.20045 0.54136
0.250563 0.558878
0.300675 0.576396
0.350788 0.593913
0.4009 0.611431
0.451013 0.628949
0.501125 0.646466
0.551238 0.663984
0.60135 0.681502
0.651463 0.699019
0.701575 0.716537
0.751688 0.734055
0.8018 0.751572
0.851913 0.76909
0.902025 0.786608
0.952138 0.804125
1.00225 0.821643
1.05236 0.83916
1.10248 0.856678
1.15259 0.874196
1.2027 0.891713
1.25281 0.909231
1.30293 0.926749
1.35304 0.944266
1.40315 0.961784
1.45326 0.979302
1.50338 0.996819
1.55349 1.01434
1.6036 1.03185
1.65371 1.04937
1.70383 1.06689
1.75394 1.08441
1.80405 1.10193
1.85416 1.11944
1.90428 1.13696
1.95439 1.15448
2.0045 1.172
2.05461 1.18951
2.10473 1.20703
2.15484 1.22455
2.20495 1.24207
2.25506 1.25958
2.30518 1.2771
2.35529 1.29462
2.4054 1.31214
2.45551 1.32965
2.50563 1.34717
2.55574 1.36469
2.60585 1.38221
2.65596 1.39973
2.70608 1.41724
2.75619 1.43476
2.8063 1.45228
2.85641 1.4698
2.90653 1.48731
2.95664 1.50483
3.00675 1.52235
3.05686 1.53987
3.10698 1.55738
3.15709 1.5749
3.2072 1.59242
3.25731 1.60994
3.30743 1.62746
3.35754 1.64497
3.40765 1.66249
3.45776 1.68001
3.50788 1.69753
3.55799 1.71504
3.6081 1.73256
3.65821 1.75008
3.70833 1.7676
3.75844 1.78511
3.80855 1.80263
3.85866 1.82015
3.90878 1.83767
3.95889 1.85518
4.009 1.8727
4.05911 1.89022
4.10923 1.90774
4.15946 1.90774
4.20969 1.93483
4.25992 1.96192
4.31015 1.98901
4.36038 2.0161
4.41061 2.04319
4.46084 2.07027
4.51108 2.09736
4.56131 2.12445
4.61154 2.15154
4.66177 2.17863
4.712 2.20572
4.76223 2.23281
4.80544 2.23281
4.84865 2.78678
4.89186 3.34075
4.94293 3.34075
4.994 3.38397
5.04507 3.42719
5.09614 3.47041
5.14721 3.51363
5.19829 3.55686
5.24936 3.60008
5.30043 3.6433
5.3515 3.68652
5.40257 3.72974
5.45364 3.77297
5.50471 3.81619
5.55579 3.85941
5.60686 3.90263
5.65793 3.94585
5.709 3.98907
5.76007 4.0323
5.81114 4.07552
5.86221 4.11874
5.90976 4.11874
5.9573 4.11874
6.00484 4.11874
6.05239 4.11874
6.09993 4.11874
6.14747 4.11874
8.3606 4.89716
10.5737 4.89716
12.7869 4.89716
15.0 4.89716
0.0 0.477069
0.050276 0.477069
0.100552 0.498273
0.150828 0.519477
0.201104 0.540681
0.25138 0.561886
0.301656 0.58309
0.351932 0.604294
0.402208 0.625498
0.452484 0.646702
0.50276 0.667906
0.553036 0.68911
0.603312 0.710314
0.653588 0.731518
0.703864 0.752722
0.75414 0.773927
0.804416 0.795131
0.854693 0.816335
0.904969 0.837539
0.955245 0.858743
1.00552 0.879947
1.0558 0.901151
1.10607 0.922355
1.15635 0.943559
1.20662 0.964763
1.2569 0.985968
1.30718 1.00717
1.35745 1.02838
1.40773 1.04958
1.458 1.07078
1.50828 1.09199
1.55856 1.11319
1.60883 1.1344
1.65911 1.1556
1.70939 1.1768
1.75966 1.19801
1.80994 1.21921
1.86021 1.24042
1.91049 1.26162
1.96077 1.28282
2.01104 1.30403
2.06132 1.32523
2.11159 1.34644
2.16187 1.36764
2.21215 1.38885
2.26242 1.41005
2.3127 1.43125
2.36297 1.45246
2.41325 1.47366
2.46353 1.49487
2.5138 1.51607
2.56408 1.53727
2.61435 1.55848
2.66463 1.57968
2.71491 1.60089
2.76518 1.62209
2.81546 1.64329
2.86573 1.6645
2.91601 1.6857
2.96629 1.70691
3.01656 1.72811
3.06684 1.74932
3.11711 1.77052
3.16739 1.79172
3.21767 1.81293
3.26794 1.83413
3.31822 1.85534
3.36849 1.87654
3.41877 1.89774
3.46905 1.91895
3.51932 1.94015
3.56861 1.94015
3.6179 1.95361
3.6672 1.96706
3.71649 1.98052
3.76578 1.99397
3.81507 2.00743
3.86436 2.02088
3.91365 2.03434
3.96294 2.04779
4.01224 2.06125
4.06153 2.0747
4.11082 2.08816
4.16011 2.10161
4.2094 2.11507
4.25869 2.12852
4.30798 2.14197
4.35728 2.15543
4.40657 2.16888
4.45586 2.18234
4.50515 2.19579
4.55444 2.20925
4.60373 2.2227
4.65679 2.2227
4.70984 2.3887
4.7629 2.5547
4.81595 2.7207
4.86901 2.88671
4.92206 3.05271
4.97511 3.21871
5.02817 3.38471
5.07672 3.38471
5.12527 3.43402
5.17382 3.48334
5.22237 3.53266
5.27093 3.58198
5.31948 3.63129
5.36803 3.68061
5.41658 3.72993
5.46513 3.77924
5.51368 3.82856
5.56224 3.87788
5.61079 3.9272
5.65934 3.97651
5.70789 4.02583
5.7578 4.02583
5.80772 4.02583
5.85763 4.02583
5.90754 4.02583
8.18066 4.88165
10.4538 4.88165
12.7269 4.88165
15.0 4.88165
0.0 0.482817
0.0500662 0.482817
0.100132 0.502129
0.150198 0.521442
0.200265 0.540754
0.250331 0.560067
0.300397 0.57938
0.350463 0.598692
0.400529 0.618005
0.450595 0.637317
0.500662 0.65663
0.550728 0.675943
0.600794 0.695255
0.65086 0.714568
0.700926 0.73388
0.750992 0.753193
0.801059 0.772505
0.851125 0.791818
0.901191 0.811131
0.951257 0.830443
1.00132 0.849756
1.05139 0.869068
1.10146 0.888381
1.15152 0.907694
1.20159 0.927006
1.25165 0.946319
1.30172 0.965631
1.35179 0.984944
1.40185 1.00426
1.45192 1.02357
1.50198 1.04288
1.55205 1.06219
1.60212 1.08151
1.65218 1.10082
1.70225 1.12013
1.75232 1.13944
1.80238 1.15876
1.85245 1.17807
1.90251 1.19738
1.95258 1.21669
2.00265 1.23601
2.05271 1.25532
2.10278 1.27463
2.15284 1.29395
2.20291 1.31326
2.25298 1.33257
2.30304 1.35188
2.35311 1.3712
2.40318 1.39051
2.45324 1.40982
2.50331 1.42913
2.55337 1.44845
2.60344 1.46776
2.65351 1.48707
2.70357 1.50638
2.75364 1.5257
2.8037 1.54501
2.85377 1.56432
2.90384 1.58363
2.9539 1.60295
3.00397 1.62226
3.05404 1.64157
3.1041 1.66088
3.15417 1.6802
3.20423 1.69951
3.2543 1.71882
3.30437 1.73813
3.35443 1.75745
3.4045 1.77676
3.45456 1.79607
3.50463 1.81539
3.5547 1.8347
3.60476 1.85401
3.65483 1.87332
3.7049 1.89264
3.75496 1.91195
3.80503 1.93126
3.85509 1.95057
3.90516 1.96989
3.95307 1.96989
4.00099 2.02974
4.0489 2.08959
4.09682 2.14944
4.14473 2.20929
4.19264 2.26914
4.24217 2.26914
4.2917 2.31557
4.34122 2.36199
4.39075 2.40842
4.44027 2.45485
4.4898 2.50127
4.53932 2.5477
4.58885 2.59413
4.63837 2.64055
4.6879 2.68698
4.73742 2.73341
4.78695 2.77984
4.83647 2.82626
4.886 2.87269
4.93552 2.91912
4.98505 2.96554
5.03457 3.01197
5.0841 3.0584
5.13362 3.10482
5.18315 3.15125
5.23267 3.19768
5.2822 3.24411
5.33172 3.29053
5.38125 3.33696
5.42969 3.33696
5.47812 3.38748
5.52656 3.438
5.575 3.48851
5.62344 3.53903
5.67188 3.58955
5.72031 3.64007
5.76875 3.69058
5.81719 3.7411
5.86563 3.79162
5.91406 3.84214
5.9625 3.89266
6.01094 3.94317
6.05938 3.99369
6.10952 3.99369
6.15967 3.99369
6.20981 3.99369
6.25996 3.99369
6.3101 3.99369
6.36025 3.99369
6.41039 3.99369
9.2736 4.85019
12.1368 4.85019
15.0 4.85019
0.0 0.473396
0.0502035 0.473396
0.100407 0.493899
0.150611 0.514401
0.200814 0.534903
0.251018 0.555405
0.301221 0.575907
0.351425 0.59641
0.401628 0.616912
0.451832 0.637414
0.502035 0.657916
0.552239 0.678419
0.602442 0.698921
0.652646 0.719423
0.702849 0.739925
0.753053 0.760428
0.803256 0.78093
0.85346 0.801432
0.903663 0.821934
0.953867 0.842437
1.00407 0.862939
1.05427 0.883441
1.10448 0.903943
1.15468 0.924446
1.20488 0.944948
1.25509 0.96545
1.30529 0.985952
1.3555 1.00645
1.4057 1.02696
1.4559 1.04746
1.50611 1.06796
1.55631 1.08846
1.60651 1.10897
1.65672 1.12947
1.70692 1.14997
1.75712 1.17047
1.80733 1.19097
1.85753 1.21148
1.90773 1.23198
1.95794 1.25248
2.00814 1.27298
2.05834 1.29349
2.10855 1.31399
2.15875 1.33449
2.20896 1.35499
2.25916 1.37549
2.30936 1.396
2.35957 1.4165
2.40977 1.437
2.45997 1.4575
2.51018 1.47801
2.56038 1.49851
2.61058 1.51901
2.66079 1.53951
2.71099 1.56001
2.76119 1.58052
2.8114 1.60102
2.8616 1.62152
2.9118 1.64202
2.96201 1.66253
3.01221 1.68303
3.06242 1.70353
3.11262 1.72403
3.16282 1.74454
3.21303 1.76504
3.26323 1.78554
3.31343 1.80604
3.36364 1.82654
3.41384 1.84705
3.46404 1.86755
3.51425 1.88805
3.56445 1.90855
3.61465 1.92906
3.66486 1.94956
3.71506 1.97006
3.76305 1.97006
3.81103 2.02962
3.85901 2.08919
3.907 2.14875
3.95498 2.20831
4.00297 2.26788
4.05372 2.26788
4.10446 2.33157
4.15521 2.39527
4.20596 2.45897
4.25671 2.52266
4.30746 2.58636
4.35821 2.65005
4.40896 2.71375
4.4597 2.77745
4.51045 2.84114
4.5612 2.90484
4.61195 2.96854
4.6627 3.03223
4.71345 3.09593
4.7642 3.15962
4.81494 3.22332
4.86569 3.28702
4.91644 3.35071
4.96683 3.35071
5.01721 3.38098
5.0676 3.41124
5.11798 3.44151
5.16837 3.47177
5.21876 3.50204
5.26914 3.5323
5.31953 3.56257
5.36991 3.59283
5.4203 3.62309
5.47069 3.65336
5.52107 3.68362
5.57146 3.71389
5.62184 3.74415
5.67223 3.77442
5.72262 3.80468
5.773 3.83495
5.82339 3.86521
5.87377 3.89548
5.92416 3.92574
5.97454 3.95601
6.02615 3.95601
6.07776 3.95601
6.12936 3.95601
6.18097 3.95601
6.23257 3.95601
6.28418 3.95601
9.18945 4.88691
12.0947 4.88691
15.0 4.88691
0.0 0.475124
0.0498004 0.475124
0.0996008 0.495496
0.149401 0.515868
0.199202 0.53624
0.249002 0.556612
0.298802 0.576984
0.348603 0.597356
0.398403 0.617728
0.448204 0.6381
0.498004 0.658472
0.547804 0.678844
0.597605 0.699217
0.647405 0.719589
0.697206 0.739961
0.747006 0.760333
0.796806 0.780705
0.846607 0.801077
0.896407 0.821449
0.946208 0.841821
0.996008 0.862193
1.04581 0.882565
1.09561 0.902937
1.14541 0.923309
1.19521 0.943681
1.24501 0.964053
1.29481 0.984425
1.34461 1.0048
1.39441 1.02517
1.44421 1.04554
1.49401 1.06591
1.54381 1.08629
1.59361 1.10666
1.64341 1.12703
1.69321 1.1474
1.74301 1.16777
1.79281 1.18815
1.84262 1.20852
1.89242 1.22889
1.94222 1.24926
1.99202 1.26963
2.04182 1.29001
2.09162 1.31038
2.14142 1.33075
2.19122 1.35112
2.24102 1.37149
2.29082 1.39187
2.34062 1.41224
2.39042 1.43261
2.44022 1.45298
2.49002 1.47335
2.53982 1.49373
2.58962 1.5141
2.63942 1.53447
2.68922 1.55484
2.73902 1.57521
2.78882 1.59559
2.83904 1.59559
2.88925 1.61049
2.93946 1.62539
2.98968 1.6403
3.03989 1.6552
3.0901 1.6701
3.14032 1.68501
3.19053 1.69991
3.24074 1.71482
3.29096 1.72972
3.34117 1.74462
3.39138 1.75953
3.4416 1.77443
3.49181 1.78933
3.54202 1.80424
3.59224 1.81914
3.64245 1.83404
3.69266 1.84895
3.74287 1.86385
3.79309 1.87875
3.8433 1.89366
3.89351 1.90856
3.94373 1.92346
3.99394 1.93837
4.04415 1.95327
4.09437 1.96818
4.14458 1.98308
4.19479 1.99798
4.24501 2.01289
4.29522 2.02779
4.34543 2.04269
4.39565 2.0576
4.44586 2.0725
4.49607 2.0874
4.54629 2.10231
4.5965 2.11721
4.64671 2.13211
4.69693 2.14702
4.74714 2.16192
4.79735 2.17682
4.84757 2.19173
4.89778 2.20663
4.94713 2.20663
4.99648 2.24646
5.04582 2.2863
5.09517 2.32613
5.14452 2.36596
5.19387 2.4058
5.24322 2.44563
5.29256 2.48546
5.34191 2.52529
5.39126 2.56513
5.44061 2.60496
5.48995 2.64479
5.5393 2.68463
5.58865 2.72446
5.638 2.76429
5.68735 2.80412
5.73669 2.84396
5.78604 2.88379
5.83539 2.92362
5.88474 2.96345
5.93409 3.00329
5.98343 3.04312
6.03278 3.08295
6.08213 3.12279
6.13148 3.16262
6.18082 3.20245
6.23121 3.20245
6.28159 3.25708
6.33197 3.31172
6.38235 3.36635
6.43273 3.42098
6.48311 3.47562
6.53349 3.53025
6.58387 3.58489
6.63425 3.63952
6.68463 3.69415
6.73501 3.74879
6.7854 3.80342
6.83578 3.85805
6.88616 3.91269
6.93654 3.96732
6.98692 4.02195
7.0373 4.07659
7.08821 4.07659
7.13912 4.07659
7.19003 4.07659
7.24093 4.07659
7.29184 4.07659
7.34275 4.07659
7.39366 4.07659
7.44457 4.07659
7.49548 4.07659
7.54639 4.07659
7.5973 4.07659
7.6482 4.07659
10.0988 4.99936
12.5494 4.99936
15.0 4.99936
0.0 0.484962
0.050089 0.484962
0.100178 0.502812
0.150267 0.520661
0.200356 0.538511
0.250445 0.556361
0.300534 0.57421
0.350623 0.59206
0.400712 0.60991
0.450801 0.627759
0.50089 0.645609
0.550979 0.663459
0.601068 0.681308
0.651157 0.699158
0.701246 0.717008
0.751335 0.734857
0.801424 0.752707
0.851513 0.770557
0.901602 0.788407
0.951691 0.806256
1.00178 0.824106
1.05187 0.841956
1.10196 0.859805
1.15205 0.877655
1.20214 0.895505
1.25223 0.913354
1.30231 0.931204
1.3524 0.949054
1.40249 0.966903
1.45258 0.984753
1.50267 1.0026
1.55276 1.02045
1.60285 1.0383
1.65294 1.05615
1.70303 1.074
1.75312 1.09185
1.8032 1.1097
1.85329 1.12755
1.90338 1.1454
1.95347 1.16325
2.00356 1.1811
2.05365 1.19895
2.10374 1.2168
2.15383 1.23465
2.20392 1.2525
2.25401 1.27035
2.30409 1.2882
2.35418 1.30605
2.40427 1.3239
2.45436 1.34175
2.50445 1.3596
2.55454 1.37745
2.60463 1.3953
2.65472 1.41315
2.70481 1.431
2.7549 1.44884
2.80498 1.46669
2.85507 1.48454
2.90516 1.50239
2.95525 1.52024
3.00534 1.53809
3.05543 1.55594
3.10552 1.57379
3.15561 1.59164
3.2057 1.60949
3.25579 1.62734
3.30587 1.64519
3.35596 1.66304
3.40605 1.68089
3.45614 1.69874
3.50548 1.69874
3.55482 1.71822
3.60416 1.7377
3.6535 1.75717
3.70284 1.77665
3.75218 1.79613
3.80152 1.81561
3.85086 1.83509
3.9002 1.85457
3.94954 1.87404
3.99888 1.89352
4.04822 1.913
4.09757 1.93248
4.14691 1.95196
4.19625 1.97143
4.24559 1.99091
4.29493 2.01039
4.34427 2.02987
4.39361 2.04935
4.44295 2.06883
4.49229 2.0883
4.54163 2.10778
4.59097 2.12726
4.64031 2.14674
4.68965 2.16622
4.73899 2.18569
4.78833 2.20517
4.83767 2.22465
4.88701 2.24413
4.93635 2.26361
4.98699 2.26361
5.03763 2.28513
5.08827 2.30665
5.13891 2.32817
5.18955 2.34969
5.24019 2.37121
5.29083 2.39273
5.34148 2.41425
5.39212 2.43577
5.44276 2.45729
5.4934 2.47881
5.54404 2.50033
5.59468 2.52185
5.64532 2.54337
5.69596 2.5649
5.7466 2.58642
5.79724 2.60794
5.84788 2.62946
5.89852 2.65098
5.94916 2.6725
5.9998 2.69402
6.05044 2.71554
6.10108 2.73706
6.15172 2.75858
6.20237 2.7801
6.25301 2.80162
6.30365 2.82314
6.35429 2.84466
6.40493 2.86618
6.45557 2.8877
6.50621 2.90923
6.55685 2.93075
6.60749 2.95227
6.65813 2.97379
6.70877 2.99531
6.75941 3.01683
6.81005 3.03835
6.86251 3.03835
6.91498 3.23279
6.96744 3.42724
7.0199 3.62168
7.07236 3.81613
7.12482 4.01057
7.17517 4.01057
7.22551 4.01057
7.27585 4.01057
7.32619 4.01057
7.37654 4.01057
7.42688 4.01057
7.47722 4.01057
7.52756 4.01057
7.5779 4.01057
7.62825 4.01057
7.67859 4.01057
7.72893 4.01057
7.77927 4.01057
7.82961 4.01057
7.87996 4.01057
7.9303 4.01057
10.2869 5.02508
12.6434 5.02508
15.0 5.02508
0.0 0.4845
0.0503867 0.4845
0.100773 0.503038
0.15116 0.521575
0.201547 0.540113
0.251933 0.55865
0.30232 0.577187
0.352707 0.595725
0.403094 0.614262
0.45348 0.6328
0.503867 0.651337
0.554254 0.669875
0.60464 0.688412
0.655027 0.70695
0.705414 0.725487
0.7558 0.744025
0.806187 0.762562
0.856574 0.7811
0.90696 0.799637
0.957347 0.818175
1.00773 0.836712
1.05812 0.85525
1.10851 0.873787
1.15889 0.892324
1.20928 0.910862
1.25967 0.929399
1.31005 0.947937
1.36044 0.966474
1.41083 0.985012
1.46121 1.00355
1.5116 1.02209
1.56199 1.04062
1.61237 1.05916
1.66276 1.0777
1.71315 1.09624
1.76353 1.11477
1.81392 1.13331
1.86431 1.15185
1.91469 1.17039
1.96508 1.18892
2.01547 1.20746
2.06585 1.226
2.11624 1.24454
2.16663 1.26307
2.21701 1.28161
2.2674 1.30015
2.31779 1.31869
2.36817 1.33722
2.41856 1.35576
2.46895 1.3743
2.51933 1.39284
2.56972 1.41137
2.62011 1.42991
2.67049 1.44845
2.72088 1.46699
2.77127 1.48552
2.82165 1.50406
2.87204 1.5226
2.92243 1.54114
2.97281 1.55967
3.0232 1.57821
3.07359 1.59675
3.12397 1.61529
3.17436 1.63382
3.22372 1.63382
3.27307 1.66205
3.32242 1.69027
3.37178 1.71849
3.42113 1.74671
3.47049 1.77494
3.51984 1.80316
3.5692 1.83138
3.61855 1.8596
3.6679 1.88782
3.71726 1.91605
3.76661 1.94427
3.81597 1.97249
3.86532 2.00071
3.91467 2.02894
3.96403 2.05716
4.01338 2.08538
4.06274 2.1136
4.11209 2.14183
4.16145 2.17005
4.2108 2.19827
4.26015 2.22649
4.30951 2.25472
4.35886 2.28294
4.4087 2.28294
4.45854 2.31042
4.50837 2.3379
4.55821 2.36538
4.60804 2.39286
4.65788 2.42033
4.70772 2.44781
4.75755 2.47529
4.80739 2.50277
4.85723 2.53025
4.90706 2.55773
4.9569 2.58521
5.00674 2.61269
5.05657 2.64017
5.10641 2.66765
5.15624 2.69513
5.20608 2.72261
5.25592 2.75009
5.30575 2.77757
5.35559 2.80505
5.40543 2.83253
5.45526 2.86
5.5051 2.88748
5.55494 2.91496
5.60477 2.94244
5.65461 2.96992
5.70445 2.9974
5.75428 3.02488
5.80412 3.05236
5.85395 3.07984
5.90379 3.10732
5.95022 3.10732
5.99664 3.30813
6.04307 3.50895
6.08949 3.70977
6.13592 3.91058
6.18234 4.1114
6.23299 4.1114
6.28363 4.1114
6.33427 4.1114
6.38492 4.1114
6.43556 4.1114
6.4862 4.1114
6.53685 4.1114
6.58749 4.1114
6.63813 4.1114
6.68878 4.1114
6.73942 4.1114
6.79006 4.1114
6.8407 4.1114
6.89135 4.1114
6.94199 4.1114
6.99263 4.1114
7.04328 4.1114
7.09392 4.1114
9.72928 5.02304
12.3646 5.02304
15.0 5.02304
0.0 0.486542
0.0503487 0.486542
0.100697 0.504657
0.151046 0.522773
0.201395 0.540888
0.251744 0.559004
0.302092 0.57712
0.352441 0.595235
0.40279 0.613351
0.453139 0.631466
0.503487 0.649582
0.553836 0.667698
0.604185 0.685813
0.654533 0.703929
0.704882 0.722045
0.755231 0.74016
0.80558 0.758276
0.855928 0.776391
0.906277 0.794507
0.956626 0.812623
1.00697 0.830738
1.05732 0.848854
1.10767 0.866969
1.15802 0.885085
1.20837 0.903201
1.25872 0.921316
1.30907 0.939432
1.35942 0.957547
1.40976 0.975663
1.46011 0.993779
1.51046 1.01189
1.56081 1.03001
1.61116 1.04813
1.66151 1.06624
1.71186 1.08436
1.76221 1.10247
1.81255 1.12059
1.8629 1.1387
1.91325 1.15682
1.9636 1.17493
2.01395 1.19305
2.0643 1.21117
2.11465 1.22928
2.165 1.2474
2.21534 1.26551
2.26569 1.28363
2.31604 1.30174
2.36639 1.31986
2.41674 1.33798
2.46709 1.35609
2.51744 1.37421
2.56779 1.39232
2.61813 1.41044
2.66848 1.42855
2.71883 1.44667
2.76918 1.46478
2.81953 1.4829
2.86988 1.50102
2.92023 1.51913
2.97057 1.53725
3.02092 1.55536
3.07127 1.57348
3.12162 1.59159
3.17197 1.60971
3.22232 1.62782
3.27267 1.64594
3.32302 1.66406
3.37392 1.66406
3.42482 1.68511
3.47572 1.70617
3.52662 1.72722
3.57752 1.74828
3.62842 1.76933
3.67933 1.79038
3.73023 1.81144
3.78113 1.83249
3.83203 1.85355
3.88293 1.8746
3.93383 1.89566
3.98473 1.91671
4.03564 1.93777
4.08654 1.95882
4.13744 1.97988
4.18834 2.00093
4.23924 2.02199
4.29014 2.04304
4.34104 2.0641
4.39195 2.08515
4.44285 2.10621
4.49375 2.12726
4.54465 2.14832
4.59555 2.16937
4.64587 2.16937
4.69618 2.21905
4.7465 2.26872
4.79681 2.3184
4.84713 2.36807
4.89744 2.41775
4.94776 2.46742
4.99807 2.5171
5.04839 2.56677
5.0987 2.61645
5.14902 2.66612
5.19933 2.7158
5.24965 2.76547
5.29997 2.81515
5.35028 2.86482
5.4006 2.9145
5.45091 2.96417
5.50123 3.01385
5.55154 3.06352
5.60186 3.1132
5.65435 3.1132
5.70685 3.28368
5.75934 3.45415
5.81184 3.62463
5.86433 3.79511
5.91683 3.96559
5.96932 4.13606
6.01979 4.13606
6.07025 4.13606
6.12072 4.13606
6.17118 4.13606
6.22165 4.13606
6.27212 4.13606
6.32258 4.13606
6.37305 4.13606
6.42351 4.13606
6.47398 4.13606
6.52445 4.13606
9.34963 5.04374
12.1748 5.04374
15.0 5.04374
0.0 0.478464
0.0498938 0.478464
0.0997877 0.499827
0.149682 0.521191
0.199575 0.542555
0.249469 0.563919
0.299363 0.585282
0.349257 0.606646
0.399151 0.62801
0.449045 0.649373
0.498938 0.670737
0.548832 0.692101
0.598726 0.713464
0.64862 0.734828
0.698514 0.756192
0.748408 0.777555
0.798302 0.798919
0.848195 0.820283
0.898089 0.841646
0.947983 0.86301
0.997877 0.884374
1.04777 0.905737
1.09766 0.927101
1.14756 0.948465
1.19745 0.969828
1.24735 0.991192
1.29724 1.01256
1.34713 1.03392
1.39703 1.05528
1.44692 1.07665
1.49682 1.09801
1.54671 1.11937
1.5966 1.14074
1.6465 1.1621
1.69639 1.18347
1.74628 1.20483
1.79618 1.22619
1.84607 1.24756
1.89597 1.26892
1.94586 1.29028
1.99575 1.31165
2.04565 1.33301
2.09554 1.35437
2.14544 1.37574
2.19533 1.3971
2.24522 1.41847
2.29512 1.43983
2.34501 1.46119
2.3949 1.48256
2.4448 1.50392
2.49469 1.52528
2.54459 1.54665
2.59448 1.56801
2.64437 1.58938
2.69427 1.61074
2.74416 1.6321
2.79406 1.65347
2.84395 1.67483
2.89384 1.69619
2.94368 1.69619
2.99352 1.70901
3.04337 1.72183
3.09321 1.73465
3.14305 1.74747
3.19289 1.76029
3.24273 1.77311
3.29257 1.78593
3.34241 1.79875
3.39225 1.81157
3.44209 1.82439
3.49193 1.8372
3.54177 1.85002
3.59162 1.86284
3.64146 1.87566
3.6913 1.88848
3.74114 1.9013
3.79098 1.91412
3.84082 1.92694
3.89066 1.93976
3.9405 1.95258
3.99034 1.9654
4.04018 1.97821
4.09002 1.99103
4.13987 2.00385
4.18971 2.01667
4.23955 2.02949
4.28939 2.04231
4.33923 2.05513
4.38907 2.06795
4.43891 2.08077
4.48875 2.09359
4.53859 2.10641
4.58788 2.10641
4.63718 2.15291
4.68647 2.19941
4.73576 2.24591
4.78505 2.29241
4.83435 2.33891
4.88364 2.38541
4.93293 2.43191
4.98222 2.47842
5.03151 2.52492
5.08081 2.57142
5.1301 2.61792
5.17939 2.66442
5.22868 2.71092
5.27797 2.75742
5.32727 2.80393
5.37656 2.85043
5.42585 2.89693
5.47514 2.94343
5.52443 2.98993
5.57373 3.03643
5.62302 3.08293
5.67231 3.12943
5.72112 3.12943
5.76994 3.18271
5.81875 3.23599
5.86757 3.28926
5.91638 3.34254
5.9652 3.39582
6.01401 3.44909
6.06283 3.50237
6.11164 3.55565
6.16046 3.60893
6.20927 3.6622
6.25809 3.71548
6.3069 3.76876
6.35572 3.82203
6.40453 3.87531
6.45335 3.92859
6.50216 3.98186
6.55098 4.03514
6.59979 4.08842
6.6486 4.14169
6.69781 4.14169
6.74702 4.14169
6.79622 4.14169
6.84543 4.14169
6.89464 4.14169
6.94384 4.14169
6.99305 4.14169
7.04226 4.14169
7.09146 4.14169
7.14067 4.14169
7.18988 4.14169
9.79325 5.02204
12.3966 5.02204
15.0 5.02204
0.0 0.477244
0.0500258 0.477244
0.100052 0.495911
0.150077 0.514578
0.200103 0.533245
0.250129 0.551911
0.300155 0.570578
0.350181 0.589245
0.400207 0.607912
0.450232 0.626579
0.500258 0.645245
0.550284 0.663912
0.60031 0.682579
0.650336 0.701246
0.700362 0.719912
0.750387 0.738579
0.800413 0.757246
0.850439 0.775913
0.900465 0.79458
0.950491 0.813246
1.00052 0.831913
1.05054 0.85058
1.10057 0.869247
1.15059 0.887913
1.20062 0.90658
1.25065 0.925247
1.30067 0.943914
1.3507 0.962581
1.40072 0.981247
1.45075 0.999914
1.50077 1.01858
1.5508 1.03725
1.60083 1.05591
1.65085 1.07458
1.70088 1.09325
1.7509 1.11191
1.80093 1.13058
1.85096 1.14925
1.90098 1.16792
1.95101 1.18658
2.00103 1.20525
2.05106 1.22392
2.10108 1.24258
2.15111 1.26125
2.20114 1.27992
2.25116 1.29858
2.30119 1.31725
2.35121 1.33592
2.40124 1.35458
2.45127 1.37325
2.50129 1.39192
2.55132 1.41058
2.60134 1.42925
2.65137 1.44792
2.70139 1.46658
2.75142 1.48525
2.80145 1.50392
2.85147 1.52258
2.89867 1.52258
2.94586 1.62062
2.99305 1.71866
3.04025 1.8167
3.08744 1.91473
3.13463 2.01277
3.18326 2.01277
3.2319 2.18557
3.28053 2.35838
3.32916 2.53118
3.37779 2.70398
3.42642 2.87678
3.4771 2.87678
3.52778 2.96105
3.57845 3.04531
3.62913 3.12958
3.67981 3.21384
3.73048 3.2981
3.78116 3.38237
3.83184 3.46663
3.88251 3.5509
3.93319 3.63516
3.98387 3.71942
4.03454 3.80369
4.08522 3.88795
4.1359 3.97221
4.18657 4.05648
4.23725 4.14074
4.28793 4.22501
4.3386 4.30927
4.38909 4.30927
4.43958 4.30927
4.49007 4.30927
4.54056 4.30927
4.59105 4.30927
4.64154 4.30927
4.69202 4.30927
4.74251 4.30927
4.793 4.30927
4.84349 4.30927
4.89398 4.30927
4.94447 4.30927
4.99496 4.30927
5.04545 4.30927
5.09593 4.30927
5.14642 4.30927
5.19691 4.30927
5.2474 4.30927
5.29789 4.30927
7.72342 5.37061
10.1489 5.37061
12.5745 5.37061
15.0 5.37061
0.0 0.47619
0.0505031 0.47619
0.101006 0.499652
0.151509 0.523114
0.202012 0.546576
0.252516 0.570038
0.303019 0.593501
0.353522 0.616963
0.404025 0.640425
0.454528 0.663887
0.505031 0.687349
0.555534 0.710811
0.606037 0.734273
0.656541 0.757735
0.707044 0.781197
0.757547 0.804659
0.80805 0.828121
0.858553 0.851583
0.909056 0.875046
0.959559 0.898508
1.01006 0.92197
1.06057 0.945432
1.11107 0.968894
1.16157 0.992356
1.21207 1.01582
1.26258 1.03928
1.31308 1.06274
1.36358 1.0862
1.41409 1.10967
1.46459 1.13313
1.51509 1.15659
1.5656 1.18005
1.6161 1.20351
1.6666 1.22698
1.71711 1.25044
1.76761 1.2739
1.81811 1.29736
1.86862 1.32083
1.91912 1.34429
1.96962 1.36775
2.02012 1.39121
2.07063 1.41467
2.12113 1.43814
2.17163 1.4616
2.22214 1.48506
2.27264 1.50852
2.32314 1.53198
2.37365 1.55545
2.42415 1.57891
2.47465 1.60237
2.52441 1.60237
2.57417 1.63335
2.62393 1.66434
2.67368 1.69532
2.72344 1.7263
2.7732 1.75729
2.82296 1.78827
2.87271 1.81925
2.92247 1.85024
2.97223 1.88122
3.02199 1.9122
3.07175 1.94319
3.1215 1.97417
3.17126 2.00515
3.22075 2.00515
3.27023 2.11883
3.31972 2.23252
3.3692 2.3462
3.41869 2.45988
3.46817 2.57356
3.51766 2.68724
3.56715 2.80093
3.61663 2.91461
3.6661 2.91461
3.71556 2.96199
3.76503 3.00938
3.81449 3.05676
3.86396 3.10415
3.91342 3.15153
3.96289 3.19891
4.01235 3.2463
4.06182 3.29368
4.11129 3.34107
4.16075 3.38845
4.21022 3.43584
4.25968 3.48322
4.30915 3.53061
4.35861 3.57799
4.40808 3.62538
4.45754 3.67276
4.50701 3.72015
4.55647 3.76753
4.60594 3.81492
4.65541 3.8623
4.70487 3.90969
4.75434 3.95707
4.8038 4.00445
4.85327 4.05184
4.90273 4.09922
4.9522 4.14661
5.00166 4.19399
5.05113 4.24138
5.1009 4.24138
5.15068 4.24138
5.20045 4.24138
5.25023 4.24138
5.3 4.24138
5.34978 4.24138
5.39955 4.24138
5.44933 4.24138
5.4991 4.24138
5.54888 4.24138
5.59865 4.24138
5.64843 4.24138
5.6982 4.24138
5.74798 4.24138
5.79775 4.24138
5.84753 4.24138
5.8973 4.24138
5.94708 4.24138
5.99685 4.24138
6.04663 4.24138
6.0964 4.24138
6.14618 4.24138
8.35963 5.35139
10.5731 5.35139
12.7865 5.35139
15.0 5.35139
0.0 0.487584
0.0500531 0.487584
0.100106 0.505819
0.150159 0.524054
0.200213 0.542289
0.250266 0.560523
0.300319 0.578758
0.350372 0.596993
0.400425 0.615228
0.450478 0.633462
0.500531 0.651697
0.550584 0.669932
0.600638 0.688167
0.650691 0.706401
0.700744 0.724636
0.750797 0.742871
0.80085 0.761106
0.850903 0.77934
0.900956 0.797575
0.951009 0.81581
1.00106 0.834045
1.05112 0.852279
1.10117 0.870514
1.15122 0.888749
1.20128 0.906984
1.25133 0.925218
1.30138 0.943453
1.35143 0.961688
1.40149 0.979923
1.45154 0.998157
1.50159 1.01639
1.55165 1.03463
1.6017 1.05286
1.65175 1.0711
1.70181 1.08933
1.75186 1.10757
1.80191 1.1258
1.85197 1.14404
1.90202 1.16227
1.95207 1.1805
2.00213 1.19874
2.05218 1.21697
2.10223 1.23521
2.15228 1.25344
2.20234 1.27168
2.25239 1.28991
2.30244 1.30815
2.3525 1.32638
2.40255 1.34462
2.4526 1.36285
2.50266 1.38109
2.55271 1.39932
2.60276 1.41756
2.65282 1.43579
2.70287 1.45403
2.75292 1.47226
2.80298 1.4905
2.85303 1.50873
2.90308 1.52697
2.95402 1.52697
3.00497 1.64556
3.05591 1.76415
3.10685 1.88275
3.15779 2.00134
3.20842 2.00134
3.25906 2.08425
3.30969 2.16716
3.36032 2.25006
3.41096 2.33297
3.46159 2.41588
3.51222 2.49879
3.56286 2.5817
3.61349 2.6646
3.66412 2.74751
3.71476 2.83042
3.76539 2.91333
3.81543 2.91333
3.86546 2.95298
3.9155 2.99263
3.96553 3.03228
4.01557 3.07193
4.0656 3.11158
4.11564 3.15123
4.16568 3.19088
4.21571 3.23053
4.26575 3.27018
4.31578 3.30983
4.36582 3.34948
4.41586 3.38913
4.46589 3.42878
4.51593 3.46843
4.56596 3.50808
4.616 3.54773
4.66604 3.58738
4.71607 3.62703
4.76611 3.66668
4.81614 3.70633
4.86618 3.74598
4.91621 3.78563
4.96625 3.82528
5.01629 3.86493
5.06632 3.90458
5.11636 3.94423
5.16639 3.98388
5.21643 4.02353
5.26647 4.06318
5.3165 4.10283
5.36654 4.14248
5.41657 4.18213
5.46661 4.22178
5.51676 4.22178
5.5669 4.22178
5.61705 4.22178
5.66719 4.22178
5.71734 4.22178
5.76749 4.22178
5.81763 4.22178
5.86778 4.22178
5.91792 4.22178
5.96807 4.22178
6.01822 4.22178
6.06836 4.22178
6.11851 4.22178
6.16865 4.22178
6.2188 4.22178
6.26895 4.22178
6.31909 4.22178
6.36924 4.22178
9.24616 5.44381
12.1231 5.44381
15.0 5.44381
0.0 0.478639
0.0504272 0.478639
0.100854 0.500518
0.151282 0.522396
0.201709 0.544275
0.252136 0.566154
0.302563 0.588033
0.35299 0.609912
0.403418 0.63179
0.453845 0.653669
0.504272 0.675548
0.554699 0.697427
0.605126 0.719306
0.655554 0.741184
0.705981 0.763063
0.756408 0.784942
0.806835 0.806821
0.857263 0.8287
0.90769 0.850579
0.958117 0.872457
1.00854 0.894336
1.05897 0.916215
1.1094 0.938094
1.15983 0.959973
1.21025 0.981851
1.26068 1.00373
1.31111 1.02561
1.36153 1.04749
1.41196 1.06937
1.46239 1.09125
1.51282 1.11312
1.56324 1.135
1.61367 1.15688
1.6641 1.17876
1.71453 1.20064
1.76495 1.22252
1.81538 1.2444
1.86581 1.26628
1.91623 1.28815
1.96666 1.31003
2.01709 1.33191
2.06752 1.35379
2.11794 1.37567
2.16837 1.39755
2.2188 1.41943
2.26922 1.44131
2.31965 1.46318
2.37008 1.48506
2.42051 1.50694
2.47093 1.52882
2.52168 1.52882
2.57243 1.57451
2.62318 1.6202
2.67393 1.66589
2.72468 1.71158
2.77543 1.75727
2.82617 1.80296
2.87692 1.84864
2.92767 1.89433
2.97842 1.94002
3.02917 1.98571
3.07992 2.0314
3.13067 2.07709
3.17869 2.07709
3.22671 2.1651
3.27474 2.25311
3.32276 2.34112
3.37079 2.42913
3.41881 2.51714
3.46683 2.60515
3.51486 2.69316
3.56288 2.78117
3.6109 2.86918
3.65893 2.95719
3.70873 2.95719
3.75854 2.98277
3.80835 3.00835
3.85816 3.03394
3.90796 3.05952
3.95777 3.0851
4.00758 3.11069
4.05739 3.13627
4.10719 3.16185
4.157 3.18744
4.20681 3.21302
4.25662 3.2386
4.30642 3.26419
4.35623 3.28977
4.40604 3.31535
4.45585 3.34094
4.50565 3.36652
4.55546 3.3921
4.60527 3.41768
4.65507 3.44327
4.70488 3.46885
4.75469 3.49443
4.8045 3.52002
4.8543 3.5456
4.90411 3.57118
4.95392 3.59677
5.00373 3.62235
5.05353 3.64793
5.10334 3.67352
5.15315 3.6991
5.20296 3.72468
5.25276 3.75027
5.30257 3.77585
5.35238 3.80143
5.40219 3.82702
5.45199 3.8526
5.5018 3.87818
5.55161 3.90377
5.60142 3.92935
5.65122 3.95493
5.70103 3.98051
5.75084 4.0061
5.80064 4.03168
5.85045 4.05726
5.90026 4.08285
5.95007 4.10843
5.99987 4.13401
6.04968 4.1596
6.09949 4.18518
6.1493 4.21076
6.1991 4.23635
6.24891 4.26193
6.29872 4.28751
6.34816 4.28751
6.39761 4.28751
6.44705 4.28751
6.4965 4.28751
6.54594 4.28751
6.59539 4.28751
6.64483 4.28751
6.69428 4.28751
6.74372 4.28751
6.79317 4.28751
6.84261 4.28751
6.89206 4.28751
6.9415 4.28751
6.99095 4.28751
7.04039 4.28751
7.08984 4.28751
7.13928 4.28751
9.75952 5.48427
12.3798 5.48427
15.0 5.48427
0.0 0.472732
0.0498322 0.472732
0.0996645 0.494043
0.149497 0.515354
0.199329 0.536664
0.249161 0.557975
0.298993 0.579286
0.348826 0.600596
0.398658 0.621907
0.44849 0.643217
0.498322 0.664528
0.548155 0.685839
0.597987 0.707149
0.647819 0.72846
0.697651 0.749771
0.747484 0.771081
0.797316 0.792392
0.847148 0.813702
0.89698 0.835013
0.946813 0.856324
0.996645 0.877634
1.04648 0.898945
1.09631 0.920256
1.14614 0.941566
1.19597 0.962877
1.24581 0.984188
1.29564 1.0055
1.34547 1.02681
1.3953 1.04812
1.44514 1.06943
1.49497 1.09074
1.5448 1.11205
1.59463 1.13336
1.64446 1.15467
1.6943 1.17598
1.74413 1.19729
1.79396 1.2186
1.84379 1.23992
1.89363 1.26123
1.94346 1.28254
1.99329 1.30385
2.04312 1.32516
2.09295 1.34647
2.14279 1.36778
2.19262 1.38909
2.24245 1.4104
2.29228 1.43171
2.34212 1.45302
2.39195 1.47433
2.44178 1.49564
2.49045 1.49564
2.53912 1.56748
2.58778 1.63931
2.63645 1.71115
2.68512 1.78298
2.73379 1.85482
2.78246 1.92665
2.83112 1.99849
2.87979 2.07032
2.92846 2.14216
2.97855 2.14216
3.02865 2.18359
3.07874 2.22502
3.12883 2.26645
3.17892 2.30789
3.22901 2.34932
3.27911 2.39075
3.3292 2.43219
3.37929 2.47362
3.42938 2.51505
3.47948 2.55648
3.52957 2.59792
3.57966 2.63935
3.62975 2.68078
3.67984 2.72221
3.72994 2.76365
3.78003 2.80508
3.83012 2.84651
3.88021 2.88795
3.93031 2.92938
3.9804 2.97081
4.03049 3.01224
4.08058 3.05368
4.13045 3.05368
4.18031 3.09464
4.23018 3.1356
4.28005 3.17656
4.32991 3.21752
4.37978 3.25848
4.42964 3.29944
4.47951 3.34041
4.52937 3.38137
4.57924 3.42233
4.62911 3.46329
4.67897 3.50425
4.72884 3.54521
4.7787 3.58617
4.82857 3.62713
4.87844 3.6681
4.9283 3.70906
4.97817 3.75002
5.02803 3.79098
5.0779 3.83194
5.12776 3.8729
5.17763 3.91386
5.2275 3.95482
5.27736 3.99579
5.32723 4.03675
5.37709 4.07771
5.42696 4.11867
5.47683 4.15963
5.52644 4.15963
5.57606 4.15963
5.62567 4.15963
5.67528 4.15963
5.7249 4.15963
5.77451 4.15963
5.82413 4.15963
5.87374 4.15963
5.92336 4.15963
5.97297 4.15963
6.02259 4.15963
6.0722 4.15963
6.12182 4.15963
6.17143 4.15963
6.22105 4.15963
6.27066 4.15963
6.32028 4.15963
6.36989 4.15963
6.41951 4.15963
6.46912 4.15963
6.51874 4.15963
6.56835 4.15963
6.61797 4.15963
6.66758 4.15963
6.7172 4.15963
6.76681 4.15963
6.81643 4.15963
6.86604 4.15963
6.91566 4.15963
6.96527 4.15963
7.01489 4.15963
7.0645 4.15963
7.11412 4.15963
7.16373 4.15963
7.21335 4.15963
7.26296 4.15963
7.31258 4.15963
7.36219 4.15963
7.41181 4.15963
7.46142 4.15963
7.51104 4.15963
7.56065 4.15963
7.61027 4.15963
10.0735 5.23305
12.5368 5.23305
15.0 5.23305
0.0 0.48091
0.0496684 0.48091
0.0993368 0.503128
0.149005 0.525347
0.198674 0.547565
0.248342 0.569783
0.29801 0.592002
0.347679 0.61422
0.397347 0.636438
0.447015 0.658656
0.496684 0.680875
0.546352 0.703093
0.596021 0.725311
0.645689 0.74753
0.695357 0.769748
0.745026 0.791966
0.794694 0.814185
0.844362 0.836403
0.894031 0.858621
0.943699 0.880839
0.993368 0.903058
1.04304 0.925276
1.0927 0.947494
1.14237 0.969713
1.19204 0.991931
1.24171 1.01415
1.29138 1.03637
1.34105 1.05859
1.39071 1.0808
1.44038 1.10302
1.49005 1.12524
1.53972 1.14746
1.58939 1.16968
1.63906 1.1919
1.68872 1.21411
1.73839 1.23633
1.78806 1.25855
1.83773 1.28077
1.8874 1.30299
1.93707 1.32521
1.98674 1.34742
2.0364 1.36964
2.08607 1.39186
2.13574 1.41408
2.18541 1.4363
2.23508 1.45851
2.28475 1.48073
2.33441 1.50295
2.38392 1.50295
2.43343 1.51845
2.48295 1.53394
2.53246 1.54944
2.58197 1.56494
2.63148 1.58044
2.68099 1.59593
2.7305 1.61143
2.78001 1.62693
2.82952 1.64242
2.87903 1.65792
2.92854 1.67342
2.97805 1.68891
3.02756 1.70441
3.07707 1.71991
3.12658 1.7354
3.17609 1.7509
3.2256 1.7664
3.27511 1.78189
3.32462 1.79739
3.37413 1.81289
3.42364 1.82838
3.47316 1.84388
3.52267 1.85938
3.57218 1.87487
3.62169 1.89037
3.6712 1.90587
3.72194 1.90587
3.77269 1.94585
3.82344 1.98583
3.87418 2.02581
3.92493 2.06579
3.97568 2.10578
4.02642 2.14576
4.07717 2.18574
4.12792 2.22572
4.17866 2.2657
4.22941 2.30568
4.28016 2.34567
4.3309 2.38565
4.38165 2.42563
4.43239 2.46561
4.48314 2.50559
4.53389 2.54558
4.58463 2.58556
4.63538 2.62554
4.68613 2.66552
4.73687 2.7055
4.78673 2.7055
4.83659 2.75048
4.88645 2.79546
4.93631 2.84043
4.98617 2.88541
5.03603 2.93039
5.08589 2.97536
5.13575 3.02034
5.1856 3.06532
5.23546 3.11029
5.28532 3.15527
5.33518 3.20025
5.38504 3.24522
5.4349 3.2902
5.48476 3.33518
5.53462 3.38015
5.58448 3.42513
5.63434 3.47011
5.68419 3.51508
5.73405 3.56006
5.78391 3.60504
5.83377 3.65001
5.88363 3.69499
5.93349 3.73997
5.98335 3.78494
6.03321 3.82992
6.08307 3.8749
6.13292 3.91987
6.18278 3.96485
6.23264 4.00983
6.2825 4.0548
6.33236 4.09978
6.38222 4.14476
6.43208 4.18973
6.48185 4.18973
6.53163 4.18973
6.58141 4.18973
6.63118 4.18973
6.68096 4.18973
6.73073 4.18973
6.78051 4.18973
6.83028 4.18973
6.88006 4.18973
6.92983 4.18973
6.97961 4.18973
7.02939 4.18973
7.07916 4.18973
7.12894 4.18973
7.17871 4.18973
7.22849 4.18973
7.27826 4.18973
7.32804 4.18973
7.37781 4.18973
7.42759 4.18973
7.47737 4.18973
7.52714 4.18973
10.0181 5.291
12.509 5.291
15.0 5.291
0.0 0.486291
0.0502595 0.486291
0.100519 0.506447
0.150778 0.526603
0.201038 0.546759
0.251297 0.566915
0.301557 0.58707
0.351816 0.607226
0.402076 0.627382
0.452335 0.647538
0.502595 0.667694
0.552854 0.687849
0.603113 0.708005
0.653373 0.728161
0.703632 0.748317
0.753892 0.768473
0.804151 0.788628
0.854411 0.808784
0.90467 0.82894
0.95493 0.849096
1.00519 0.869252
1.05545 0.889407
1.10571 0.909563
1.15597 0.929719
1.20623 0.949875
1.25649 0.970031
1.30675 0.990186
1.35701 1.01034
1.40726 1.0305
1.45752 1.05065
1.50778 1.07081
1.55804 1.09097
1.6083 1.11112
1.65856 1.13128
1.70882 1.15143
1.75908 1.17159
1.80934 1.19174
1.8596 1.2119
1.90986 1.23206
1.96012 1.25221
2.01038 1.27237
2.06064 1.29252
2.1109 1.31268
2.16116 1.33283
2.21142 1.35299
2.26168 1.37315
2.31194 1.3933
2.36219 1.41346
2.41245 1.43361
2.46271 1.45377
2.51297 1.47393
2.56374 1.47393
2.61451 1.49143
2.66528 1.50894
2.71605 1.52644
2.76682 1.54395
2.81759 1.56146
2.86836 1.57896
2.91913 1.59647
2.96989 1.61397
3.02066 1.63148
3.07143 1.64899
3.1222 1.66649
3.17297 1.684
3.22374 1.7015
3.27451 1.71901
3.32528 1.73651
3.37605 1.75402
3.42682 1.77153
3.47759 1.78903
3.52835 1.80654
3.57912 1.82404
3.62989 1.84155
3.68066 1.85906
3.73143 1.87656
3.7822 1.89407
3.83227 1.89407
3.88234 1.9268
3.93241 1.95953
3.98248 1.99225
4.03255 2.02498
4.08262 2.05771
4.13269 2.09044
4.18275 2.12317
4.23282 2.1559
4.28289 2.18862
4.33296 2.22135
4.38303 2.25408
4.4331 2.28681
4.48317 2.31954
4.53324 2.35227
4.58331 2.38499
4.63338 2.41772
4.68345 2.45045
4.73352 2.48318
4.78359 2.51591
4.83366 2.54864
4.88373 2.58137
4.93379 2.61409
4.98386 2.64682
5.03393 2.67955
5.08332 2.67955
5.1327 2.74152
5.18209 2.80349
5.23147 2.86545
5.28086 2.92742
5.33025 2.98939
5.37963 3.05136
5.42902 3.11332
5.4784 3.17529
5.52779 3.23726
5.57717 3.29923
5.62656 3.36119
5.67594 3.42316
5.72533 3.48513
5.77471 3.5471
5.8241 3.60906
5.87348 3.67103
5.92287 3.733
5.97225 3.79497
6.02164 3.85693
6.07103 3.9189
6.12041 3.98087
6.1698 4.04284
6.21918 4.1048
6.26857 4.16677
6.31795 4.22874
6.36662 4.22874
6.4153 4.22874
6.46397 4.22874
6.51264 4.22874
6.56132 4.22874
6.60999 4.22874
6.65866 4.22874
6.70734 4.22874
6.75601 4.22874
6.80468 4.22874
6.85336 4.22874
6.90203 4.22874
6.9507 4.22874
6.99937 4.22874
7.04805 4.22874
7.09672 4.22874
9.73115 5.24264
12.3656 5.24264
15.0 5.24264
0.0 0.487512
0.0504023 0.487512
0.100805 0.508234
0.151207 0.528957
0.201609 0.54968
0.252012 0.570402
0.302414 0.591125
0.352816 0.611848
0.403219 0.63257
0.453621 0.653293
0.504023 0.674016
0.554426 0.694739
0.604828 0.715461
0.65523 0.736184
0.705633 0.756907
0.756035 0.777629
0.806438 0.798352
0.85684 0.819075
0.907242 0.839797
0.957645 0.86052
1.00805 0.881243
1.05845 0.901965
1.10885 0.922688
1.15925 0.943411
1.20966 0.964133
1.26006 0.984856
1.31046 1.00558
1.36086 1.0263
1.41127 1.04702
1.46167 1.06775
1.51207 1.08847
1.56247 1.10919
1.61288 1.12991
1.66328 1.15064
1.71368 1.17136
1.76408 1.19208
1.81448 1.21281
1.86489 1.23353
1.91529 1.25425
1.96569 1.27497
2.01609 1.2957
2.0665 1.31642
2.1169 1.33714
2.1673 1.35786
2.2177 1.37859
2.26811 1.39931
2.31851 1.42003
2.36891 1.44075
2.41931 1.46148
2.46971 1.4822
2.5202 1.4822
2.57068 1.50364
2.62116 1.52507
2.67165 1.54651
2.72213 1.56795
2.77261 1.58938
2.8231 1.61082
2.87358 1.63226
2.92406 1.65369
2.97455 1.67513
3.02503 1.69657
3.07551 1.718
3.126 1.73944
3.17648 1.76088
3.22696 1.78231
3.27745 1.80375
3.32793 1.82519
3.37841 1.84662
3.4289 1.86806
3.47977 1.86806
3.53065 1.89831
3.58152 1.92857
3.6324 1.95882
3.68327 1.98907
3.73414 2.01933
3.78502 2.04958
3.83589 2.07983
3.88677 2.11009
3.93764 2.14034
3.98852 2.17059
4.03939 2.20085
4.09027 2.2311
4.14114 2.26135
4.19202 2.2916
4.24289 2.32186
4.29376 2.35211
4.34464 2.38236
4.39551 2.41262
4.44639 2.44287
4.49726 2.47312
4.54814 2.50338
4.59901 2.53363
4.64989 2.56388
4.70076 2.59414
4.75163 2.62439
4.80251 2.65464
4.85338 2.68489
4.90398 2.68489
4.95458 2.73641
5.00518 2.78792
5.05578 2.83944
5.10638 2.89095
5.15698 2.94247
5.20758 2.99398
5.25818 3.04549
5.30878 3.09701
5.35938 3.14852
5.40998 3.20004
5.46058 3.25155
5.51118 3.30307
5.56178 3.35458
5.61238 3.40609
5.66298 3.45761
5.71358 3.50912
5.76418 3.56064
5.81478 3.61215
5.86538 3.66367
5.91597 3.71518
5.96657 3.76669
6.01717 3.81821
6.06777 3.86972
6.11837 3.92124
6.16897 3.97275
6.21957 4.02427
6.27017 4.07578
6.32077 4.12729
6.37009 4.12729
6.41941 4.12729
6.46873 4.12729
6.51806 4.12729
6.56738 4.12729
6.6167 4.12729
6.66602 4.12729
6.71534 4.12729
6.76466 4.12729
6.81398 4.12729
6.8633 4.12729
6.91262 4.12729
6.96195 4.12729
7.01127 4.12729
7.06059 4.12729
7.10991 4.12729
7.15923 4.12729
7.20855 4.12729
7.25787 4.12729
7.30719 4.12729
7.35651 4.12729
7.40584 4.12729
7.45516 4.12729
9.9701 5.22739
12.4851 5.22739
15.0 5.22739
0.0 0.473115
0.0500113 0.473115
0.100023 0.493649
0.150034 0.514183
0.200045 0.534717
0.250057 0.555251
0.300068 0.575785
0.350079 0.596319
0.40009 0.616852
0.450102 0.637386
0.500113 0.65792
0.550124 0.678454
0.600136 0.698988
0.650147 0.719522
0.700158 0.740056
0.75017 0.76059
0.800181 0.781124
0.850192 0.801658
0.900204 0.822192
0.950215 0.842726
1.00023 0.86326
1.05024 0.883794
1.10025 0.904327
1.15026 0.924861
1.20027 0.945395
1.25028 0.965929
1.30029 0.986463
1.35031 1.007
1.40032 1.02753
1.45033 1.04807
1.49843 1.04807
1.54652 1.13023
1.59462 1.2124
1.64272 1.29457
1.69082 1.37674
1.73892 1.45891
1.78702 1.54107
1.83512 1.62324
1.88321 1.70541
1.93131 1.78758
1.97941 1.86975
2.02751 1.95191
2.07561 2.03408
2.12607 2.03408
2.17654 2.04379
2.22701 2.05349
2.27748 2.06319
2.32794 2.0729
2.37841 2.0826
2.42888 2.0923
2.47935 2.10201
2.52981 2.11171
2.58028 2.12141
2.63075 2.13111
2.68121 2.14082
2.73168 2.15052
2.78215 2.16022
2.83262 2.16993
2.88308 2.17963
2.93355 2.18933
2.98402 2.19904
3.03449 2.20874
3.08495 2.21844
3.13542 2.22815
3.18589 2.23785
3.23635 2.24755
3.28682 2.25726
3.33729 2.26696
3.38776 2.27666
3.43822 2.28637
3.48869 2.29607
3.53916 2.30577
3.58962 2.31547
3.64009 2.32518
3.69056 2.33488
3.74103 2.34458
3.79149 2.35429
3.84196 2.36399
3.89243 2.37369
3.9429 2.3834
3.99336 2.3931
4.04383 2.4028
4.0943 2.41251
4.14476 2.42221
4.19523 2.43191
4.2457 2.44162
4.29617 2.45132
4.34663 2.46102
4.3971 2.47072
4.44757 2.48043
4.49804 2.49013
4.5485 2.49983
4.59757 2.49983
4.64663 2.59797
4.69569 2.69611
4.74475 2.79425
4.79382 2.89239
4.84288 2.99052
4.89194 3.08866
4.94101 3.1868
4.99007 3.28494
5.03913 3.38308
5.0882 3.48121
5.13726 3.57935
5.18632 3.67749
5.23539 3.77563
5.28445 3.87376
5.33351 3.9719
5.38258 4.07004
5.43164 4.16818
5.4807 4.26632
5.53032 4.26632
5.57993 4.26632
5.62954 4.26632
5.67916 4.26632
5.72877 4.26632
5.77839 4.26632
5.828 4.26632
5.87762 4.26632
5.92723 4.26632
5.97684 4.26632
6.02646 4.26632
6.07607 4.26632
6.12569 4.26632
6.1753 4.26632
6.22492 4.26632
6.27453 4.26632
6.32414 4.26632
6.37376 4.26632
6.42337 4.26632
6.47299 4.26632
9.31532 5.61069
12.1577 5.61069
15.0 5.61069
0.0 0.472998
0.0504732 0.472998
0.100946 0.491955
0.15142 0.510913
0.201893 0.52987
0.252366 0.548828
0.302839 0.567785
0.353312 0.586743
0.403786 0.6057
0.454259 0.624658
0.504732 0.643615
0.555205 0.662573
0.605678 0.68153
0.656152 0.700487
0.706625 0.719445
0.757098 0.738402
0.807571 0.75736
0.858045 0.776317
0.908518 0.795275
0.958991 0.814232
1.00946 0.83319
1.05994 0.852147
1.11041 0.871105
1.16088 0.890062
1.21136 0.90902
1.26183 0.927977
1.3123 0.946935
1.36278 0.965892
1.41325 0.98485
1.46372 1.00381
1.5142 1.02276
1.56247 1.02276
1.61075 1.10746
1.65902 1.19216
1.7073 1.27686
1.75557 1.36156
1.80385 1.44625
1.85212 1.53095
1.9004 1.61565
1.94867 1.70035
1.99695 1.78504
2.04522 1.86974
2.0935 1.95444
2.14177 2.03914
2.19239 2.03914
2.24301 2.05099
2.29363 2.06284
2.34425 2.07469
2.39487 2.08654
2.44549 2.09839
2.49611 2.11024
2.54673 2.12209
2.59735 2.13394
2.64797 2.14579
2.69859 2.15764
2.74921 2.16949
2.79982 2.18135
2.85044 2.1932
2.90106 2.20505
2.95168 2.2169
3.0023 2.22875
3.05292 2.2406
3.10354 2.25245
3.15416 2.2643
3.20478 2.27615
3.2554 2.288
3.30602 2.29985
3.35664 2.3117
3.40726 2.32355
3.45788 2.3354
3.5085 2.34726
3.55912 2.35911
3.60973 2.37096
3.66035 2.38281
3.71097 2.39466
3.76159 2.40651
3.81221 2.41836
3.86283 2.43021
3.91345 2.44206
3.96407 2.45391
4.01469 2.46576
4.06531 2.47761
4.11593 2.48946
4.16655 2.50131
4.21741 2.50131
4.26827 2.58372
4.31912 2.66612
4.36998 2.74853
4.42084 2.83093
4.4717 2.91334
4.52256 2.99575
4.57342 3.07815
4.62428 3.16056
4.67514 3.24296
4.726 3.32537
4.77686 3.40777
4.82772 3.49018
4.87857 3.57258
4.92943 3.65499
4.98029 3.73739
5.03115 3.8198
5.08201 3.9022
5.13287 3.98461
5.18373 4.06701
5.23459 4.14942
5.28545 4.23182
5.33631 4.31423
5.38581 4.31423
5.43531 4.31423
5.48481 4.31423
5.53432 4.31423
5.58382 4.31423
5.63332 4.31423
5.68283 4.31423
5.73233 4.31423
5.78183 4.31423
5.83133 4.31423
5.88084 4.31423
5.93034 4.31423
5.97984 4.31423
6.02935 4.31423
6.07885 4.31423
6.12835 4.31423
6.17785 4.31423
6.22736 4.31423
6.27686 4.31423
6.32636 4.31423
6.37586 4.31423
6.42537 4.31423
6.47487 4.31423
6.52437 4.31423
6.57388 4.31423
6.62338 4.31423
6.67288 4.31423
6.72238 4.31423
6.77189 4.31423
6.82139 4.31423
6.87089 4.31423
6.9204 4.31423
6.9699 4.31423
7.0194 4.31423
7.0689 4.31423
7.11841 4.31423
7.16791 4.31423
7.21741 4.31423
7.26692 4.31423
7.31642 4.31423
7.36592 4.31423
7.41542 4.31423
9.94362 5.62873
12.4718 5.62873
15.0 5.62873
0.0 0.475184
0.0498736 0.475184
0.0997473 0.495879
0.149621 0.516574
0.199495 0.537268
0.249368 0.557963
0.299242 0.578657
0.349115 0.599352
0.398989 0.620046
0.448863 0.640741
0.498736 0.661436
0.54861 0.68213
0.598484 0.702825
0.648357 0.723519
0.698231 0.744214
0.748105 0.764909
0.797978 0.785603
0.847852 0.806298
0.897725 0.826992
0.947599 0.847687
0.997473 0.868382
1.04735 0.889076
1.09722 0.909771
1.14709 0.930465
1.19697 0.95116
1.24684 0.971855
1.29671 0.992549
1.34659 1.01324
1.39646 1.03394
1.44634 1.05463
1.49621 1.07533
1.54608 1.09602
1.59596 1.11672
1.64583 1.13741
1.6957 1.15811
1.74558 1.1788
1.79545 1.1995
1.84532 1.22019
1.8952 1.24088
1.94701 1.24088
1.99882 1.39361
2.05062 1.54635
2.10243 1.69908
2.15424 1.85181
2.20605 2.00454
2.25694 2.00454
2.30783 2.01859
2.35872 2.03265
2.40961 2.04671
2.4605 2.06076
2.51139 2.07482
2.56228 2.08888
2.61317 2.10294
2.66406 2.11699
2.71495 2.13105
2.76584 2.14511
2.81673 2.15916
2.86761 2.17322
2.9185 2.18728
2.96939 2.20133
3.02028 2.21539
3.07117 2.22945
3.12206 2.24351
3.17295 2.25756
3.22384 2.27162
3.27473 2.28568
3.32562 2.29973
3.37651 2.31379
3.4274 2.32785
3.47829 2.3419
3.52665 2.3419
3.57502 2.50677
3.62338 2.67163
3.67174 2.83649
3.72011 3.00136
3.76847 3.16622
3.81683 3.33108
3.8652 3.49595
3.91356 3.66081
3.96193 3.82567
4.01029 3.99054
4.05865 4.1554
4.10702 4.32026
4.15538 4.48513
4.2061 4.48513
4.25681 4.48513
4.30753 4.48513
4.35825 4.48513
4.40897 4.48513
4.45969 4.48513
4.5104 4.48513
4.56112 4.48513
4.61184 4.48513
4.66256 4.48513
4.71327 4.48513
4.76399 4.48513
4.81471 4.48513
4.86543 4.48513
4.91614 4.48513
4.96686 4.48513
5.01758 4.48513
5.0683 4.48513
5.11901 4.48513
5.16973 4.48513
5.22045 4.48513
5.27117 4.48513
5.32188 4.48513
5.3726 4.48513
5.42332 4.48513
5.47404 4.48513
7.85553 5.62595
10.237 5.62595
12.6185 5.62595
15.0 5.62595
0.0 0.488245
0.0496007 0.488245
0.0992014 0.50688
0.148802 0.525515
0.198403 0.54415
0.248003 0.562784
0.297604 0.581419
0.347205 0.600054
0.396806 0.618689
0.446406 0.637323
0.496007 0.655958
0.545608 0.674593
0.595208 0.693228
0.644809 0.711862
0.69441 0.730497
0.74401 0.749132
0.793611 0.767767
0.843212 0.786402
0.892812 0.805036
0.942413 0.823671
0.992014 0.842306
1.04161 0.860941
1.09122 0.879575
1.14082 0.89821
1.19042 0.916845
1.24002 0.93548
1.28962 0.954115
1.33922 0.972749
1.38882 0.991384
1.43842 1.01002
1.48802 1.02865
1.53762 1.04729
1.58722 1.06592
1.63682 1.08456
1.68642 1.10319
1.73602 1.12183
1.78562 1.14046
1.83523 1.1591
1.88483 1.17773
1.93443 1.19637
1.98403 1.215
2.03363 1.23364
2.08323 1.25227
2.13283 1.27091
2.18243 1.28954
2.23203 1.30818
2.28163 1.32681
2.33123 1.34544
2.38194 1.34544
2.43265 1.4275
2.48336 1.50956
2.53406 1.59162
2.58477 1.67368
2.63548 1.75574
2.68619 1.8378
2.73689 1.91985
2.7876 2.00191
2.83736 2.00191
2.88711 2.00721
2.93686 2.01251
2.98662 2.01781
3.03637 2.02311
3.08613 2.02841
3.13588 2.03371
3.18564 2.03901
3.23539 2.04431
3.28514 2.04961
3.3349 2.05491
3.38465 2.06021
3.43441 2.06551
3.48416 2.07081
3.53391 2.07611
3.58367 2.08141
3.63342 2.08671
3.68318 2.09201
3.73293 2.09731
3.78269 2.10261
3.83244 2.10791
3.88219 2.11321
3.93195 2.11851
3.9817 2.12381
4.03146 2.12911
4.08121 2.13441
4.13097 2.13971
4.18072 2.14501
4.23047 2.15031
4.28023 2.15561
4.32998 2.16091
4.37974 2.16621
4.42949 2.17151
4.47924 2.17681
4.529 2.18211
4.57875 2.18741
4.62851 2.19271
4.67826 2.19801
4.72802 2.20331
4.77777 2.20861
4.82752 2.21391
4.87728 2.21921
4.92703 2.22451
4.97679 2.22981
5.02654 2.23511
5.0763 2.24041
5.12605 2.24571
5.1758 2.25101
5.22556 2.25631
5.27531 2.26161
5.32507 2.26691
5.37482 2.27221
5.42457 2.27751
5.47433 2.28281
5.52408 2.28811
5.57384 2.29341
5.62216 2.29341
5.67049 2.45105
5.71882 2.60869
5.76714 2.76633
5.81547 2.92397
5.8638 3.08161
5.91213 3.23925
5.96045 3.39689
6.00878 3.55453
6.05711 3.71217
6.10543 3.86981
6.15376 4.02745
6.20209 4.18509
6.25041 4.34273
6.30169 4.34273
6.35297 4.34273
6.40424 4.34273
6.45552 4.34273
6.5068 4.34273
6.55807 4.34273
6.60935 4.34273
6.66063 4.34273
6.7119 4.34273
6.76318 4.34273
6.81446 4.34273
6.86574 4.34273
9.57716 5.79834
12.2886 5.79834
15.0 5.79834
0.0 0.49173
0.0502675 0.49173
0.100535 0.511859
0.150803 0.531987
0.20107 0.552115
0.251338 0.572244
0.301605 0.592372
0.351873 0.612501
0.40214 0.632629
0.452408 0.652758
0.502675 0.672886
0.552943 0.693014
0.60321 0.713143
0.653478 0.733271
0.703745 0.7534
0.754013 0.773528
0.80428 0.793657
0.854548 0.813785
0.904815 0.833913
0.955083 0.854042
1.00535 0.87417
1.05562 0.894299
1.10589 0.914427
1.15615 0.934556
1.20642 0.954684
1.25669 0.974813
1.30696 0.994941
1.35722 1.01507
1.40749 1.0352
1.45776 1.05533
1.50803 1.07545
1.55829 1.09558
1.60856 1.11571
1.65883 1.13584
1.7091 1.15597
1.75936 1.1761
1.80963 1.19623
1.8599 1.21635
1.91017 1.23648
1.96043 1.25661
2.0107 1.27674
2.06097 1.29687
2.11124 1.317
2.1615 1.33712
2.21177 1.35725
2.26204 1.37738
2.31231 1.39751
2.36223 1.39751
2.41215 1.41008
2.46208 1.42266
2.512 1.43523
2.56192 1.4478
2.61185 1.46038
2.66177 1.47295
2.7117 1.48552
2.76162 1.4981
2.81154 1.51067
2.86147 1.52324
2.91139 1.53581
2.96131 1.54839
3.01124 1.56096
3.06116 1.57353
3.11109 1.58611
3.16101 1.59868
3.21093 1.61125
3.26086 1.62383
3.31078 1.6364
3.3607 1.64897
3.41063 1.66155
3.46055 1.67412
3.51048 1.68669
3.5604 1.69927
3.61032 1.71184
3.66025 1.72441
3.71017 1.73699
3.76009 1.74956
3.81002 1.76213
3.85994 1.77471
3.90987 1.78728
3.95979 1.79985
4.00971 1.81242
4.05964 1.825
4.10956 1.83757
4.15948 1.85014
4.20941 1.86272
4.25933 1.87529
4.30926 1.88786
4.35918 1.90044
4.4091 1.91301
4.45903 1.92558
4.50895 1.93816
4.55887 1.95073
4.6088 1.9633
4.65872 1.97588
4.70865 1.98845
4.75857 2.00102
4.80849 2.0136
4.85842 2.02617
4.90834 2.03874
4.95826 2.05131
5.00887 2.05131
5.05948 2.05913
5.11008 2.06694
5.16069 2.07475
5.21129 2.08256
5.2619 2.09037
5.3125 2.09818
5.36311 2.106
5.41371 2.11381
5.46432 2.12162
5.51493 2.12943
5.56553 2.13724
5.61614 2.14505
5.66674 2.15287
5.71735 2.16068
5.76795 2.16849
5.81856 2.1763
5.86916 2.18411
5.91977 2.19192
5.97037 2.19974
6.02098 2.20755
6.07159 2.21536
6.12219 2.22317
6.1728 2.23098
6.2234 2.23879
6.27401 2.24661
6.32365 2.24661
6.37329 2.4309
6.42293 2.61519
6.47257 2.79949
6.52221 2.98378
6.57185 3.16807
6.62149 3.35237
6.67113 3.53666
6.72077 3.72095
6.77041 3.90525
6.82005 4.08954
6.86969 4.27383
6.91933 4.45813
6.97104 4.45813
7.02275 4.45813
7.07446 4.45813
7.12617 4.45813
7.17789 4.45813
7.2296 4.45813
7.28131 4.45813
7.33302 4.45813
7.38473 4.45813
7.43644 4.45813
7.48815 4.45813
7.53986 4.45813
7.59157 4.45813
7.64329 4.45813
10.0955 5.76967
12.5478 5.76967
15.0 5.76967
0.0 0.486698
0.0503364 0.486698
0.100673 0.507857
0.151009 0.529015
0.201346 0.550174
0.251682 0.571332
0.302019 0.592491
0.352355 0.613649
0.402692 0.634808
0.453028 0.655966
0.503364 0.677125
0.553701 0.698283
0.604037 0.719442
0.654374 0.7406
0.70471 0.761759
0.755047 0.782917
0.805383 0.804076
0.855719 0.825234
0.906056 0.846392
0.956392 0.867551
1.00673 0.888709
1.05707 0.909868
1.1074 0.931026
1.15774 0.952185
1.20807 0.973343
1.25841 0.994502
1.30875 1.01566
1.35908 1.03682
1.40942 1.05798
1.45976 1.07914
1.51009 1.10029
1.56043 1.12145
1.61077 1.14261
1.6611 1.16377
1.71144 1.18493
1.76178 1.20609
1.81211 1.22725
1.86245 1.2484
1.91278 1.26956
1.96312 1.29072
2.01346 1.31188
2.06379 1.33304
2.11413 1.3542
2.16447 1.37535
2.2148 1.39651
2.26514 1.41767
2.31541 1.41767
2.36567 1.4317
2.41594 1.44573
2.4662 1.45977
2.51647 1.4738
2.56674 1.48783
2.617 1.50186
2.66727 1.51589
2.71753 1.52993
2.7678 1.54396
2.81807 1.55799
2.86833 1.57202
2.9186 1.58605
2.96886 1.60009
3.01913 1.61412
3.0694 1.62815
3.11966 1.64218
3.16993 1.65621
3.22019 1.67024
3.27046 1.68428
3.32073 1.69831
3.37099 1.71234
3.42126 1.72637
3.47152 1.7404
3.52179 1.75444
3.57206 1.76847
3.62232 1.7825
3.67259 1.79653
3.72285 1.81056
3.77312 1.82459
3.82339 1.83863
3.87365 1.85266
3.92392 1.86669
3.97418 1.88072
4.02445 1.89475
4.07472 1.90879
4.12498 1.92282
4.17525 1.93685
4.22551 1.95088
4.27578 1.96491
4.32605 1.97894
4.37631 1.99298
4.42658 2.00701
4.47684 2.02104
4.52711 2.03507
4.57542 2.03507
4.62374 2.0538
4.67205 2.07253
4.72036 2.09127
4.76867 2.11
4.81699 2.12873
4.8653 2.14746
4.91361 2.16619
4.96193 2.18492
5.01024 2.20366
5.05855 2.22239
5.10687 2.24112
5.15908 2.24112
5.21129 2.48848
5.26351 2.73584
5.31572 2.98321
5.36794 3.23057
5.42015 3.47793
5.47237 3.72529
5.52458 3.97266
5.5768 4.22002
5.62901 4.46738
5.67849 4.46738
5.72796 4.46738
5.77743 4.46738
5.82691 4.46738
5.87638 4.46738
5.92586 4.46738
5.97533 4.46738
6.0248 4.46738
6.07428 4.46738
6.12375 4.46738
6.17323 4.46738
6.2227 4.46738
6.27217 4.46738
6.32165 4.46738
6.37112 4.46738
6.4206 4.46738
6.47007 4.46738
6.51954 4.46738
6.56902 4.46738
6.61849 4.46738
6.66797 4.46738
6.71744 4.46738
9.47829 5.80321
12.2391 5.80321
15.0 5.80321
0.0 0.475073
0.050476 0.475073
0.100952 0.497654
0.151428 0.520234
0.201904 0.542815
0.25238 0.565395
0.302856 0.587975
0.353332 0.610556
0.403808 0.633136
0.454284 0.655716
0.50476 0.678297
0.555236 0.700877
0.605712 0.723457
0.656188 0.746038
0.706663 0.768618
0.757139 0.791198
0.807615 0.813779
0.858091 0.836359
0.908567 0.85894
0.959043 0.88152
1.00952 0.9041
1.06 0.926681
1.11047 0.949261
1.16095 0.971841
1.21142 0.994422
1.2619 1.017
1.31238 1.03958
1.36285 1.06216
1.41333 1.08474
1.4638 1.10732
1.51428 1.1299
1.56475 1.15248
1.61523 1.17506
1.66571 1.19764
1.71618 1.22023
1.76666 1.24281
1.81713 1.26539
1.86761 1.28797
1.91809 1.31055
1.96856 1.33313
2.01904 1.35571
2.06951 1.37829
2.11999 1.40087
2.17047 1.42345
2.22094 1.44603
2.27126 1.44603
2.32158 1.51367
2.3719 1.58131
2.42222 1.64895
2.47254 1.71659
2.52286 1.78423
2.57318 1.85186
2.6235 1.9195
2.67382 1.98714
2.72414 2.05478
2.77327 2.05478
2.8224 2.08945
2.87153 2.12412
2.92066 2.1588
2.96979 2.19347
3.01892 2.22814
3.06804 2.26281
3.11717 2.29748
3.1663 2.33215
3.21543 2.36682
3.26456 2.40149
3.31369 2.43616
3.36282 2.47083
3.41195 2.50551
3.46108 2.54018
3.51021 2.57485
3.56076 2.57485
3.6113 2.6331
3.66185 2.69136
3.71239 2.74961
3.76294 2.80787
3.81348 2.86612
3.86403 2.92438
3.91457 2.98264
3.96512 3.04089
4.01566 3.09915
4.06621 3.1574
4.11675 3.21566
4.1673 3.27391
4.21784 3.33217
4.26839 3.39042
4.31893 3.44868
4.36948 3.50694
4.42002 3.56519
4.47057 3.62345
4.52111 3.6817
4.57166 3.73996
4.6222 3.79821
4.67275 3.85647
4.72329 3.91472
4.77384 3.97298
4.82438 4.03123
4.87493 4.08949
4.92547 4.14775
4.97602 4.206
5.02656 4.26426
5.07711 4.32251
5.12765 4.38077
5.1754 4.38077
5.22316 4.38077
5.27091 4.38077
5.31866 4.38077
5.36641 4.38077
5.41417 4.38077
5.46192 4.38077
5.50967 4.38077
7.88225 5.88691
10.2548 5.88691
12.6274 5.88691
15.0 5.88691
0.0 0.472649
0.050064 0.472649
0.100128 0.494254
0.150192 0.515859
0.200256 0.537464
0.25032 0.559069
0.300384 0.580674
0.350448 0.60228
0.400512 0.623885
0.450576 0.64549
0.50064 0.667095
0.550704 0.6887
0.600768 0.710306
0.650832 0.731911
0.700896 0.753516
0.75096 0.775121
0.801024 0.796726
0.851088 0.818331
0.901152 0.839937
0.951216 0.861542
1.00128 0.883147
1.05134 0.904752
1.10141 0.926357
1.15147 0.947962
1.20154 0.969568
1.2516 0.991173
1.30166 1.01278
1.35173 1.03438
1.40179 1.05599
1.45186 1.07759
1.50192 1.0992
1.55198 1.1208
1.60205 1.14241
1.65211 1.16401
1.70218 1.18562
1.75224 1.20722
1.8023 1.22883
1.85237 1.25043
1.90243 1.27204
1.9525 1.29365
2.00256 1.31525
2.05262 1.33686
2.10269 1.35846
2.15275 1.38007
2.20282 1.40167
2.25288 1.42328
2.30294 1.44488
2.35301 1.46649
2.40331 1.46649
2.45361 1.53229
2.5039 1.5981
2.5542 1.66391
2.6045 1.72972
2.6548 1.79553
2.7051 1.86133
2.7554 1.92714
2.8057 1.99295
2.85692 1.99295
2.90815 2.03858
2.95937 2.08422
3.0106 2.12985
3.06182 2.17549
3.11305 2.22112
3.16427 2.26676
3.2155 2.31239
3.26672 2.35802
3.31794 2.40366
3.36917 2.44929
3.42039 2.49493
3.47162 2.54056
3.52284 2.5862
3.57323 2.5862
3.62361 2.67426
3.67399 2.76233
3.72437 2.85039
3.77476 2.93846
3.82514 3.02652
3.87552 3.11459
3.92591 3.20265
3.97629 3.29072
4.02667 3.37878
4.07705 3.46685
4.12744 3.55491
4.17782 3.64298
4.2282 3.73105
4.27859 3.81911
4.32897 3.90718
4.37935 3.99524
4.42974 4.08331
4.48012 4.17137
4.5305 4.25944
4.58088 4.3475
4.63004 4.3475
4.6792 4.3475
4.72836 4.3475
4.77752 4.3475
4.82667 4.3475
4.87583 4.3475
4.92499 4.3475
4.97415 4.3475
5.0233 4.3475
5.07246 4.3475
5.12162 4.3475
5.17078 4.3475
5.21994 4.3475
5.26909 4.3475
5.31825 4.3475
5.36741 4.3475
5.41657 4.3475
5.46573 4.3475
5.51488 4.3475
5.56404 4.3475
5.6132 4.3475
5.66236 4.3475
5.71151 4.3475
5.76067 4.3475
5.80983 4.3475
5.85899 4.3475
5.90815 4.3475
5.9573 4.3475
6.00646 4.3475
8.25485 5.85543
10.5032 5.85543
12.7516 5.85543
15.0 5.85543
0.0 0.476358
0.0500966 0.476358
0.100193 0.495693
0.15029 0.515028
0.200387 0.534363
0.250483 0.553698
0.30058 0.573034
0.350677 0.592369
0.400773 0.611704
0.45087 0.631039
0.500966 0.650374
0.551063 0.669709
0.60116 0.689044
0.651256 0.708379
0.701353 0.727715
0.75145 0.74705
0.801546 0.766385
0.851643 0.78572
0.90174 0.805055
0.951836 0.82439
1.00193 0.843725
1.05203 0.86306
1.10213 0.882396
1.15222 0.901731
1.20232 0.921066
1.25242 0.940401
1.30251 0.959736
1.35261 0.979071
1.40271 0.998406
1.4528 1.01774
1.5029 1.03708
1.553 1.05641
1.60309 1.07575
1.65319 1.09508
1.70329 1.11442
1.75338 1.13375
1.80348 1.15309
1.85358 1.17242
1.90367 1.19176
1.95377 1.21109
2.00387 1.23043
2.05396 1.24976
2.10406 1.2691
2.15416 1.28843
2.20425 1.30777
2.25435 1.3271
2.30445 1.34644
2.35454 1.36577
2.40464 1.38511
2.45312 1.38511
2.50159 1.45515
2.55007 1.5252
2.59855 1.59525
2.64703 1.66529
2.6955 1.73534
2.74398 1.80539
2.79246 1.87543
2.84094 1.94548
2.88941 2.01553
2.94281 2.01553
2.9962 2.09883
3.0496 2.18214
3.10299 2.26544
3.15638 2.34875
3.20978 2.43206
3.26317 2.51536
3.31227 2.51536
3.36138 2.60495
3.41048 2.69453
3.45958 2.78412
3.50868 2.8737
3.55778 2.96329
3.60689 3.05287
3.65599 3.14246
3.70509 3.23204
3.75419 3.32163
3.80329 3.41122
3.8524 3.5008
3.9015 3.59039
3.9506 3.67997
3.9997 3.76956
4.0488 3.85914
4.09791 3.94873
4.14701 4.03831
4.19611 4.1279
4.24521 4.21748
4.29431 4.30707
4.34342 4.39665
4.39473 4.39665
4.44605 4.39665
4.49736 4.39665
4.54867 4.39665
4.59999 4.39665
4.6513 4.39665
4.70262 4.39665
4.75393 4.39665
4.80525 4.39665
4.85656 4.39665
4.90788 4.39665
4.95919 4.39665
5.0105 4.39665
5.06182 4.39665
5.11313 4.39665
5.16445 4.39665
5.21576 4.39665
7.66182 5.92352
10.1079 5.92352
12.5539 5.92352
15.0 5.92352
0.0 0.476235
0.050188 0.476235
0.100376 0.498576
0.150564 0.520918
0.200752 0.543259
0.25094 0.5656
0.301128 0.587942
0.351316 0.610283
0.401504 0.632624
0.451692 0.654966
0.50188 0.677307
0.552068 0.699648
0.602256 0.72199
0.652444 0.744331
0.702632 0.766673
0.752819 0.789014
0.803007 0.811355
0.853195 0.833697
0.903383 0.856038
0.953571 0.878379
1.00376 0.900721
1.05395 0.923062
1.10414 0.945404
1.15432 0.967745
1.20451 0.990086
1.2547 1.01243
1.30489 1.03477
1.35508 1.05711
1.40526 1.07945
1.45545 1.10179
1.50564 1.12413
1.55583 1.14648
1.60601 1.16882
1.6562 1.19116
1.70639 1.2135
1.75658 1.23584
1.80677 1.25818
1.85695 1.28052
1.90714 1.30287
1.95733 1.32521
2.00752 1.34755
2.05771 1.36989
2.10789 1.39223
2.15808 1.41457
2.20827 1.43691
2.25888 1.43691
2.30949 1.46323
2.3601 1.48955
2.41071 1.51587
2.46132 1.5422
2.51193 1.56852
2.56254 1.59484
2.61315 1.62116
2.66375 1.64748
2.71436 1.6738
2.76497 1.70012
2.81558 1.72644
2.86619 1.75276
2.9168 1.77908
2.96741 1.8054
3.01802 1.83172
3.06863 1.85804
3.11924 1.88436
3.16985 1.91068
3.22046 1.937
3.27107 1.96332
3.32304 1.96332
3.37501 2.01033
3.42699 2.05733
3.47896 2.10434
3.53093 2.15135
3.58291 2.19835
3.63488 2.24536
3.68685 2.29236
3.73882 2.33937
3.7908 2.38637
3.84277 2.43338
3.8925 2.43338
3.94224 2.49255
3.99197 2.55172
4.04171 2.61089
4.09144 2.67006
4.14118 2.72923
4.19091 2.78841
4.24064 2.84758
4.29038 2.90675
4.34011 2.96592
4.38985 3.02509
4.43958 3.08426
4.48932 3.14343
4.53905 3.2026
4.58878 3.26177
4.63852 3.32094
4.68825 3.38011
4.73799 3.43929
4.78772 3.49846
4.83746 3.55763
4.88719 3.6168
4.93692 3.67597
4.98666 3.73514
5.03639 3.79431
5.08613 3.85348
5.13586 3.91265
5.18559 3.97182
5.23533 4.03099
5.28506 4.09017
5.3348 4.14934
5.38453 4.20851
5.43427 4.26768
5.484 4.32685
5.53373 4.38602
5.58347 4.44519
5.6332 4.50436
5.68518 4.50436
5.73715 4.50436
5.78912 4.50436
5.84109 4.50436
5.89306 4.50436
5.94504 4.50436
8.20878 5.8821
10.4725 5.8821
12.7363 5.8821
15.0 5.8821
0.0 0.48016
0.0502684 0.48016
0.100537 0.50187
0.150805 0.52358
0.201074 0.545289
0.251342 0.566999
0.30161 0.588709
0.351879 0.610418
0.402147 0.632128
0.452416 0.653838
0.502684 0.675547
0.552953 0.697257
0.603221 0.718967
0.653489 0.740676
0.703758 0.762386
0.754026 0.784096
0.804295 0.805805
0.854563 0.827515
0.904831 0.849225
0.9551 0.870934
1.00537 0.892644
1.05564 0.914353
1.10591 0.936063
1.15617 0.957773
1.20644 0.979482
1.25671 1.00119
1.30698 1.0229
1.35725 1.04461
1.40752 1.06632
1.45778 1.08803
1.50805 1.10974
1.55832 1.13145
1.60859 1.15316
1.65886 1.17487
1.70913 1.19658
1.75939 1.21829
1.80966 1.24
1.85993 1.26171
1.9102 1.28342
1.96047 1.30513
2.01074 1.32684
2.061 1.34855
2.11127 1.37026
2.16154 1.39197
2.21181 1.41368
2.26208 1.43539
2.31235 1.45709
2.36262 1.4788
2.41288 1.50051
2.46142 1.50051
2.50996 1.54715
2.55849 1.59378
2.60703 1.64041
2.65556 1.68704
2.7041 1.73368
2.75263 1.78031
2.80117 1.82694
2.84971 1.87357
2.89824 1.92021
2.94678 1.96684
2.99638 1.96684
3.04598 2.01889
3.09558 2.07093
3.14517 2.12298
3.19477 2.17503
3.24437 2.22708
3.29397 2.27913
3.34357 2.33117
3.39317 2.38322
3.44277 2.43527
3.49271 2.43527
3.54266 2.50297
3.5926 2.57068
3.64255 2.63838
3.69249 2.70608
3.74244 2.77378
3.79238 2.84149
3.84233 2.90919
3.89227 2.97689
3.94221 3.04459
3.99216 3.1123
4.0421 3.18
4.09205 3.2477
4.14199 3.3154
4.19194 3.38311
4.24188 3.45081
4.29183 3.51851
4.34177 3.58621
4.39172 3.65392
4.44166 3.72162
4.4916 3.78932
4.54155 3.85702
4.59149 3.92473
4.64144 3.99243
4.69138 4.06013
4.74133 4.12783
4.79127 4.19554
4.84122 4.26324
4.89116 4.33094
4.94111 4.39864
4.99105 4.46635
5.03947 4.46635
5.08789 4.46635
5.13631 4.46635
5.18473 4.46635
5.23315 4.46635
5.28157 4.46635
5.32999 4.46635
5.37841 4.46635
5.42683 4.46635
5.47525 4.46635
5.52367 4.46635
5.57209 4.46635
5.62051 4.46635
5.66893 4.46635
5.71735 4.46635
8.03802 5.88533
10.3587 5.88533
12.6793 5.88533
15.0 5.88533
0.0 0.476124
0.0499841 0.476124
0.0999681 0.496213
0.149952 0.516302
0.199936 0.536392
0.24992 0.556481
0.299904 0.57657
0.349889 0.596659
0.399873 0.616749
0.449857 0.636838
0.499841 0.656927
0.549825 0.677016
0.599809 0.697106
0.649793 0.717195
0.699777 0.737284
0.749761 0.757373
0.799745 0.777463
0.849729 0.797552
0.899713 0.817641
0.949697 0.83773
0.999681 0.85782
1.04967 0.877909
1.09965 0.897998
1.14963 0.918087
1.19962 0.938177
1.2496 0.958266
1.29959 0.978355
1.34957 0.998444
1.39955 1.01853
1.44954 1.03862
1.49952 1.05871
1.54951 1.0788
1.59949 1.09889
1.64947 1.11898
1.69946 1.13907
1.74944 1.15916
1.79943 1.17925
1.84941 1.19934
1.89939 1.21943
1.94938 1.23952
1.99936 1.2596
2.04935 1.27969
2.09933 1.29978
2.14932 1.31987
2.1993 1.33996
2.24928 1.36005
2.29927 1.38014
2.34925 1.40023
2.39924 1.42032
2.44922 1.44041
2.4992 1.4605
2.54919 1.48059
2.59917 1.50068
2.64916 1.52076
2.69914 1.54085
2.74912 1.56094
2.79911 1.58103
2.84921 1.58103
2.89932 1.58931
2.94942 1.59759
2.99952 1.60588
3.04963 1.61416
3.09973 1.62244
3.14983 1.63072
3.19994 1.639
3.25004 1.64728
3.30015 1.65556
3.35025 1.66384
3.40035 1.67213
3.45046 1.68041
3.50056 1.68869
3.55066 1.69697
3.60077 1.70525
3.65087 1.71353
3.70097 1.72181
3.75108 1.73009
3.80118 1.73837
3.85129 1.74666
3.90139 1.75494
3.95149 1.76322
4.0016 1.7715
4.0517 1.77978
4.1018 1.78806
4.15191 1.79634
4.20201 1.80462
4.25212 1.81291
4.30222 1.82119
4.35232 1.82947
4.40243 1.83775
4.45253 1.84603
4.50263 1.85431
4.55274 1.86259
4.60284 1.87087
4.65295 1.87915
4.70305 1.88744
4.75315 1.89572
4.80326 1.904
4.85336 1.91228
4.90346 1.92056
4.95357 1.92884
5.00367 1.93712
5.05378 1.9454
5.10388 1.95369
5.15398 1.96197
5.20409 1.97025
5.25636 1.97025
5.30864 2.4242
5.35848 2.4242
5.40832 2.49716
5.45817 2.57011
5.50801 2.64307
5.55785 2.71603
5.6077 2.78898
5.65754 2.86194
5.70739 2.9349
5.75723 3.00785
5.80707 3.08081
5.85692 3.15377
5.90676 3.22672
5.9566 3.29968
6.00645 3.37264
6.05629 3.44559
6.10614 3.51855
6.15598 3.59151
6.20582 3.66446
6.25567 3.73742
6.30551 3.81038
6.35535 3.88333
6.4052 3.95629
6.45504 4.02925
6.50489 4.1022
6.55473 4.17516
6.60457 4.24812
6.65442 4.32107
6.70426 4.39403
6.7541 4.46699
6.80395 4.53995
6.85379 4.6129
6.90364 4.68586
6.95137 4.68586
6.99911 4.68586
7.04685 4.68586
7.09459 4.68586
7.14233 4.68586
7.19007 4.68586
7.23781 4.68586
7.28555 4.68586
7.33329 4.68586
7.38103 4.68586
7.42877 4.68586
9.95251 5.85468
12.4763 5.85468
15.0 5.85468
0.0 0.483788
0.0502112 0.483788
0.100422 0.507073
0.150634 0.530358
0.200845 0.553644
0.251056 0.576929
0.301267 0.600214
0.351479 0.623499
0.40169 0.646785
0.451901 0.67007
0.502112 0.693355
0.552324 0.716641
0.602535 0.739926
0.652746 0.763211
0.702957 0.786496
0.753168 0.809782
0.80338 0.833067
0.853591 0.856352
0.903802 0.879638
0.954013 0.902923
1.00422 0.926208
1.05444 0.949493
1.10465 0.972779
1.15486 0.996064
1.20507 1.01935
1.25528 1.04263
1.30549 1.06592
1.3557 1.08921
1.40591 1.11249
1.45613 1.13578
1.50634 1.15906
1.55655 1.18235
1.60676 1.20563
1.65697 1.22892
1.70718 1.2522
1.75739 1.27549
1.8076 1.29877
1.85782 1.32206
1.90803 1.34534
1.95824 1.36863
2.00845 1.39191
2.05866 1.4152
2.10887 1.43848
2.15908 1.46177
2.20929 1.48506
2.25951 1.50834
2.30972 1.53163
2.36255 1.53163
2.41538 1.61662
2.46821 1.70162
2.52104 1.78661
2.57387 1.8716
2.6267 1.9566
2.67737 1.9566
2.72804 1.99143
2.77871 2.02627
2.82937 2.0611
2.88004 2.09594
2.93071 2.13077
2.98138 2.16561
3.03204 2.20044
3.08271 2.23528
3.13338 2.27011
3.18405 2.30495
3.23471 2.33978
3.28538 2.37462
3.33605 2.40945
3.38672 2.44429
3.43739 2.47912
3.48805 2.51396
3.53872 2.54879
3.58818 2.54879
3.63765 2.60387
3.68711 2.65895
3.73657 2.71402
3.78603 2.7691
3.8355 2.82418
3.88496 2.87926
3.93442 2.93434
3.98389 2.98941
4.03335 3.04449
4.08281 3.09957
4.13227 3.15465
4.18174 3.20972
4.2312 3.2648
4.28066 3.31988
4.33012 3.37496
4.37959 3.43004
4.42905 3.48511
4.47851 3.54019
4.52797 3.59527
4.57744 3.65035
4.6269 3.70542
4.67636 3.7605
4.72582 3.81558
4.77529 3.87066
4.82475 3.92574
4.87421 3.98081
4.92368 4.03589
4.97314 4.09097
5.0226 4.14605
5.07206 4.20112
5.12153 4.2562
5.17099 4.31128
5.22045 4.36636
5.26991 4.42144
5.31938 4.47651
5.36913 4.47651
5.41888 4.47651
5.46863 4.47651
5.51838 4.47651
5.56813 4.47651
5.61788 4.47651
5.66763 4.47651
5.71738 4.47651
5.76713 4.47651
5.81688 4.47651
5.86663 4.47651
5.91638 4.47651
5.96613 4.47651
6.01588 4.47651
6.06564 4.47651
6.11539 4.47651
6.16514 4.47651
6.21489 4.47651
6.26464 4.47651
6.31439 4.47651
6.36414 4.47651
6.41389 4.47651
6.46364 4.47651
6.51339 4.47651
6.56314 4.47651
6.61289 4.47651
6.66264 4.47651
6.71239 4.47651
6.76214 4.47651
6.81189 4.47651
6.86164 4.47651
6.9114 4.47651
6.96115 4.47651
7.0109 4.47651
7.06065 4.47651
7.1104 4.47651
7.16015 4.47651
7.2099 4.47651
9.8066 5.66913
12.4033 5.66913
15.0 5.66913
0.0 0.477453
0.0499809 0.477453
0.0999618 0.499068
0.149943 0.520682
0.199924 0.542297
0.249905 0.563912
0.299885 0.585527
0.349866 0.607141
0.399847 0.628756
0.449828 0.650371
0.499809 0.671985
0.54979 0.6936
0.599771 0.715215
0.649752 0.736829
0.699733 0.758444
0.749714 0.780059
0.799694 0.801673
0.849675 0.823288
0.899656 0.844903
0.949637 0.866518
0.999618 0.888132
1.0496 0.909747
1.09958 0.931362
1.14956 0.952976
1.19954 0.974591
1.24952 0.996206
1.2995 1.01782
1.34948 1.03944
1.39947 1.06105
1.44945 1.08266
1.49943 1.10428
1.54941 1.12589
1.59939 1.14751
1.64937 1.16912
1.69935 1.19074
1.74933 1.21235
1.79931 1.23397
1.84929 1.25558
1.89927 1.2772
1.94926 1.29881
1.99924 1.32043
2.04922 1.34204
2.0992 1.36366
2.14918 1.38527
2.19916 1.40688
2.24914 1.4285
2.29912 1.45011
2.3491 1.47173
2.39908 1.49334
2.44906 1.51496
2.49905 1.53657
2.55116 1.53657
2.60328 1.58394
2.65539 1.63131
2.70751 1.67868
2.75962 1.72604
2.81174 1.77341
2.86386 1.82078
2.91597 1.86815
2.96809 1.91551
3.0202 1.96288
3.07232 2.01025
3.12235 2.01025
3.17238 2.01929
3.22241 2.02834
3.27243 2.03738
3.32246 2.04643
3.37249 2.05547
3.42252 2.06452
3.47255 2.07356
3.52258 2.0826
3.57261 2.09165
3.62263 2.10069
3.67266 2.10974
3.72269 2.11878
3.77272 2.12783
3.82275 2.13687
3.87278 2.14592
3.92281 2.15496
3.97283 2.164
4.02286 2.17305
4.07289 2.18209
4.12292 2.19114
4.17295 2.20018
4.22298 2.20923
4.27301 2.21827
4.32304 2.22732
4.37306 2.23636
4.42309 2.2454
4.47312 2.25445
4.52315 2.26349
4.57318 2.27254
4.62321 2.28158
4.67324 2.29063
4.72326 2.29967
4.77373 2.29967
4.8242 2.36364
4.87466 2.42761
4.92513 2.49158
4.97559 2.55555
5.02606 2.61952
5.07652 2.68349
5.12699 2.74746
5.17745 2.81143
5.22792 2.8754
5.27839 2.93937
5.32885 3.00334
5.37932 3.06731
5.42978 3.13128
5.48025 3.19525
5.53071 3.25922
5.58118 3.32319
5.63164 3.38716
5.68211 3.45113
5.73258 3.5151
5.78304 3.57907
5.83351 3.64304
5.88397 3.70701
5.93444 3.77098
5.9849 3.83495
6.03537 3.89892
6.08583 3.96289
6.1363 4.02686
6.18677 4.09083
6.23723 4.1548
6.2877 4.21877
6.33816 4.28274
6.38863 4.34671
6.4387 4.34671
6.48878 4.34671
6.53886 4.34671
6.58893 4.34671
6.63901 4.34671
6.68908 4.34671
6.73916 4.34671
6.78924 4.34671
6.83931 4.34671
6.88939 4.34671
6.93946 4.34671
6.98954 4.34671
7.03962 4.34671
7.08969 4.34671
7.13977 4.34671
9.75984 5.81668
12.3799 5.81668
15.0 5.81668
0.0 0.470592
0.0503008 0.470592
0.100602 0.4922
0.150902 0.513808
0.201203 0.535417
0.251504 0.557025
0.301805 0.578633
0.352106 0.600241
0.402406 0.621849
0.452707 0.643458
0.503008 0.665066
0.553309 0.686674
0.60361 0.708282
0.65391 0.72989
0.704211 0.751499
0.754512 0.773107
0.804813 0.794715
0.855113 0.816323
0.905414 0.837931
0.955715 0.85954
1.00602 0.881148
1.05632 0.902756
1.10662 0.924364
1.15692 0.945972
1.20722 0.967581
1.25752 0.989189
1.30782 1.0108
1.35812 1.03241
1.40842 1.05401
1.45872 1.07562
1.50902 1.09723
1.55932 1.11884
1.60963 1.14045
1.65993 1.16205
1.71023 1.18366
1.76053 1.20527
1.81083 1.22688
1.86113 1.24849
1.91143 1.2701
1.96173 1.2917
2.01203 1.31331
2.06233 1.33492
2.11263 1.35653
2.16293 1.37814
2.21323 1.39974
2.26354 1.42135
2.31384 1.44296
2.36414 1.46457
2.41444 1.48618
2.46474 1.50779
2.51504 1.52939
2.56534 1.551
2.61564 1.57261
2.66594 1.59422
2.71624 1.61583
2.76654 1.63744
2.81684 1.65904
2.86715 1.68065
2.91745 1.70226
2.96775 1.72387
3.01805 1.74548
3.06835 1.76708
3.11865 1.78869
3.16895 1.8103
3.21895 1.8103
3.26894 1.88855
3.31894 1.9668
3.36894 2.04505
3.41893 2.1233
3.46893 2.20155
3.51893 2.2798
3.56892 2.35805
3.61892 2.4363
3.66892 2.51454
3.71891 2.59279
3.76891 2.67104
3.81891 2.74929
3.8689 2.82754
3.9189 2.90579
3.9689 2.98404
4.01889 3.06229
4.06889 3.14054
4.11889 3.21879
4.16888 3.29704
4.21809 3.29704
4.2673 3.30369
4.31652 3.31035
4.36573 3.31701
4.41494 3.32366
4.46415 3.33032
4.51336 3.33698
4.56257 3.34363
4.61178 3.35029
4.66099 3.35695
4.7102 3.3636
4.75941 3.37026
4.80862 3.37692
4.85784 3.38357
4.90705 3.39023
4.95626 3.39689
5.00547 3.40354
5.05468 3.4102
5.10389 3.41686
5.1531 3.42351
5.20231 3.43017
5.25152 3.43682
5.30073 3.44348
5.34994 3.45014
5.39941 3.45014
5.44888 3.46586
5.49835 3.48158
5.54782 3.4973
5.59729 3.51302
5.64676 3.52874
5.69623 3.54446
5.7457 3.56018
5.79517 3.5759
5.84463 3.59162
5.8941 3.60734
5.94357 3.62306
5.99304 3.63878
6.04251 3.6545
6.09198 3.67022
6.14145 3.68594
6.19092 3.70167
6.24039 3.71739
6.28986 3.73311
6.33932 3.74883
6.38879 3.76455
6.43826 3.78027
6.48773 3.79599
6.5372 3.81171
6.58667 3.82743
6.63614 3.84315
6.68561 3.85887
6.73508 3.87459
6.78455 3.89031
6.83401 3.90603
6.88348 3.92175
6.93295 3.93747
6.98242 3.95319
7.03189 3.96891
7.08136 3.98463
7.13083 4.00035
7.1803 4.01607
7.22977 4.03179
7.27924 4.04752
7.3287 4.06324
7.37736 4.06324
7.42602 4.06324
7.47468 4.06324
7.52333 4.06324
7.57199 4.06324
7.62065 4.06324
7.6693 4.06324
7.71796 4.06324
7.76662 4.06324
7.81528 4.06324
10.2102 5.25421
12.6051 5.25421
15.0 5.25421
0.0 0.485642
0.0503414 0.485642
0.100683 0.506508
0.151024 0.527374
0.201366 0.54824
0.251707 0.569107
0.302049 0.589973
0.35239 0.610839
0.402731 0.631705
0.453073 0.652572
0.503414 0.673438
0.553756 0.694304
0.604097 0.71517
0.654438 0.736037
0.70478 0.756903
0.755121 0.777769
0.805463 0.798635
0.855804 0.819502
0.906146 0.840368
0.956487 0.861234
1.00683 0.8821
1.05717 0.902967
1.10751 0.923833
1.15785 0.944699
1.20819 0.965565
1.25854 0.986432
1.30888 1.0073
1.35922 1.02816
1.40956 1.04903
1.4599 1.0699
1.51024 1.09076
1.56058 1.11163
1.61093 1.1325
1.66127 1.15336
1.71161 1.17423
1.76195 1.19509
1.81229 1.21596
1.86263 1.23683
1.91297 1.25769
1.96332 1.27856
2.01366 1.29943
2.064 1.32029
2.11434 1.34116
2.16468 1.36202
2.21502 1.38289
2.26536 1.40376
2.31571 1.42462
2.36605 1.44549
2.41639 1.46636
2.46673 1.48722
2.51707 1.50809
2.56741 1.52895
2.61775 1.54982
2.6681 1.57069
2.71844 1.59155
2.76878 1.61242
2.81912 1.63329
2.86946 1.65415
2.9198 1.67502
2.97014 1.69588
3.02049 1.71675
3.07083 1.73762
3.12117 1.75848
3.17151 1.77935
3.22196 1.77935
3.27242 1.81835
3.32287 1.85736
3.37332 1.89636
3.42377 1.93536
3.47423 1.97437
3.52468 2.01337
3.57513 2.05237
3.62559 2.09138
3.67604 2.13038
3.72649 2.16938
3.77695 2.20838
3.8274 2.24739
3.87785 2.28639
3.9283 2.32539
3.97876 2.3644
4.02921 2.4034
4.07966 2.4424
4.13012 2.48141
4.18057 2.52041
4.23102 2.55941
4.28148 2.59842
4.33193 2.63742
4.38238 2.67642
4.43283 2.71543
4.48329 2.75443
4.53374 2.79343
4.58419 2.83244
4.63465 2.87144
4.6851 2.91044
4.73555 2.94945
4.78601 2.98845
4.83646 3.02745
4.88691 3.06646
4.93736 3.10546
4.98782 3.14446
5.03827 3.18347
5.08872 3.22247
5.13918 3.26147
5.18983 3.26147
5.24049 3.28061
5.29115 3.29974
5.34181 3.31888
5.39246 3.33801
5.44312 3.35714
5.49378 3.37628
5.54444 3.39541
5.5951 3.41455
5.64575 3.43368
5.69641 3.45281
5.74707 3.47195
5.79773 3.49108
5.84838 3.51022
5.89904 3.52935
5.94937 3.52935
5.9997 3.55202
6.05003 3.57468
6.10036 3.59734
6.15069 3.62001
6.20101 3.64267
6.25134 3.66534
6.30167 3.688
6.352 3.71067
6.40233 3.73333
6.45266 3.756
6.50299 3.77866
6.55332 3.80133
6.60365 3.82399
6.65398 3.84666
6.70431 3.86932
6.75463 3.89199
6.80496 3.91465
6.85529 3.93732
6.90562 3.95998
6.95595 3.98264
7.00628 4.00531
7.05661 4.02797
7.10694 4.05064
7.15727 4.0733
7.2076 4.09597
7.25792 4.11863
7.3199 4.11863
7.38187 4.11863
9.92125 5.265
12.4606 5.265
15.0 5.265
0.0 0.475308
0.0501013 0.475308
0.100203 0.496698
0.150304 0.518087
0.200405 0.539477
0.250507 0.560867
0.300608 0.582256
0.350709 0.603646
0.40081 0.625036
0.450912 0.646426
0.501013 0.667815
0.551114 0.689205
0.601216 0.710595
0.651317 0.731984
0.701418 0.753374
0.75152 0.774764
0.801621 0.796153
0.851722 0.817543
0.901824 0.838933
0.951925 0.860322
1.00203 0.881712
1.05213 0.903102
1.10223 0.924491
1.15233 0.945881
1.20243 0.967271
1.25253 0.988661
1.30263 1.01005
1.35274 1.03144
1.40284 1.05283
1.45294 1.07422
1.50304 1.09561
1.55314 1.117
1.60324 1.13839
1.65334 1.15978
1.70344 1.18117
1.75355 1.20256
1.80365 1.22395
1.85375 1.24534
1.90385 1.26673
1.95395 1.28812
2.00405 1.30951
2.05415 1.3309
2.10425 1.35229
2.15436 1.37367
2.20446 1.39506
2.25456 1.41645
2.30466 1.43784
2.35476 1.45923
2.40486 1.48062
2.45496 1.50201
2.50507 1.5234
2.55517 1.54479
2.60527 1.56618
2.65537 1.58757
2.70547 1.60896
2.75557 1.63035
2.80567 1.65174
2.85577 1.67313
2.90588 1.69452
2.95598 1.71591
3.00608 1.7373
3.05618 1.75869
3.10628 1.78008
3.15692 1.78008
3.20757 1.81877
3.25821 1.85747
3.30885 1.89616
3.3595 1.93485
3.41014 1.97355
3.46078 2.01224
3.51143 2.05093
3.56207 2.08962
3.61272 2.12832
3.66336 2.16701
3.714 2.2057
3.76465 2.2444
3.81529 2.28309
3.86593 2.32178
3.91658 2.36048
3.96722 2.39917
4.01786 2.43786
4.06851 2.47656
4.11915 2.51525
4.16979 2.55394
4.22044 2.59264
4.27108 2.63133
4.32172 2.67002
4.37237 2.70872
4.42301 2.74741
4.47365 2.7861
4.5243 2.8248
4.57494 2.86349
4.62558 2.90218
4.67623 2.94088
4.72687 2.97957
4.77751 3.01826
4.82816 3.05696
4.8788 3.09565
4.92944 3.13434
4.98009 3.17304
5.03073 3.21173
5.08103 3.21173
5.13133 3.23026
5.18163 3.24879
5.23192 3.26732
5.28222 3.28584
5.33252 3.30437
5.38282 3.3229
5.43312 3.34143
5.48342 3.35996
5.53371 3.37849
5.58401 3.39702
5.63431 3.41555
5.68461 3.43408
5.73491 3.45261
5.78521 3.47114
5.8355 3.48967
5.88543 3.48967
5.93535 3.51191
5.98527 3.53416
6.03519 3.5564
6.08512 3.57865
6.13504 3.60089
6.18496 3.62314
6.23488 3.64538
6.28481 3.66763
6.33473 3.68988
6.38465 3.71212
6.43457 3.73437
6.4845 3.75661
6.53442 3.77886
6.58434 3.8011
6.63426 3.82335
6.68419 3.84559
6.73411 3.86784
6.78403 3.89008
6.83395 3.91233
6.88388 3.93458
6.9338 3.95682
6.98372 3.97907
7.03364 4.00131
7.08357 4.02356
7.13349 4.0458
7.18341 4.06805
7.23283 4.06805
7.28225 4.06805
7.33167 4.06805
7.38109 4.06805
7.43051 4.06805
7.47994 4.06805
7.52936 4.06805
7.57878 4.06805
7.6282 4.06805
7.67762 4.06805
7.72704 4.06805
7.77646 4.06805
7.82588 4.06805
7.8753 4.06805
7.92472 4.06805
10.2831 5.29652
12.6416 5.29652
15.0 5.29652
0.0 0.478438
0.0500015 0.478438
0.100003 0.49791
0.150005 0.517381
0.200006 0.536853
0.250008 0.556324
0.300009 0.575796
0.350011 0.595267
0.400012 0.614739
0.450014 0.63421
0.500015 0.653681
0.550017 0.673153
0.600018 0.692624
0.65002 0.712096
0.700021 0.731567
0.750023 0.751039
0.800024 0.77051
0.850026 0.789982
0.900028 0.809453
0.950029 0.828925
1.00003 0.848396
1.05003 0.867867
1.10003 0.887339
1.15004 0.90681
1.20004 0.926282
1.25004 0.945753
1.30004 0.965225
1.35004 0.984696
1.40004 1.00417
1.45004 1.02364
1.50005 1.04311
1.55005 1.06258
1.60005 1.08205
1.65005 1.10152
1.70005 1.121
1.75005 1.14047
1.80006 1.15994
1.85006 1.17941
1.90006 1.19888
1.95006 1.21835
2.00006 1.23782
2.05006 1.2573
2.10006 1.27677
2.15007 1.29624
2.20007 1.31571
2.25007 1.33518
2.30007 1.35465
2.35007 1.37413
2.40007 1.3936
2.45007 1.41307
2.50008 1.43254
2.55008 1.45201
2.60008 1.47148
2.65008 1.49095
2.70008 1.51043
2.75008 1.5299
2.80009 1.54937
2.85009 1.56884
2.90009 1.58831
2.95009 1.60778
3.00009 1.62725
3.05009 1.64673
3.10009 1.6662
3.1501 1.68567
3.2001 1.70514
3.2501 1.72461
3.3001 1.74408
3.351 1.74408
3.40189 1.81048
3.45278 1.87688
3.50368 1.94327
3.55457 2.00967
3.60547 2.07606
3.65636 2.14246
3.70726 2.20886
3.75815 2.27525
3.80904 2.34165
3.85994 2.40804
3.91083 2.47444
3.96173 2.54084
4.01262 2.60723
4.06352 2.67363
4.11441 2.74003
4.1653 2.80642
4.2162 2.87282
4.26709 2.93921
4.31799 3.00561
4.36888 3.07201
4.41978 3.1384
4.47067 3.2048
4.52157 3.2712
4.57116 3.2712
4.62076 3.28137
4.67036 3.29155
4.71995 3.30173
4.76955 3.3119
4.81915 3.32208
4.86875 3.33226
4.91834 3.34243
4.96794 3.35261
5.01754 3.36279
5.06713 3.37296
5.11673 3.38314
5.16633 3.39332
5.21593 3.40349
5.26552 3.41367
5.31512 3.42385
5.36472 3.43402
5.41431 3.4442
5.46391 3.45438
5.51351 3.46455
5.56311 3.47473
5.61257 3.47473
5.66203 3.48789
5.7115 3.50106
5.76096 3.51423
5.81043 3.52739
5.85989 3.54056
5.90935 3.55372
5.95882 3.56689
6.00828 3.58005
6.05775 3.59322
6.10721 3.60638
6.15667 3.61955
6.20614 3.63271
6.2556 3.64588
6.30507 3.65904
6.35453 3.67221
6.40399 3.68537
6.45346 3.69854
6.50292 3.7117
6.55239 3.72487
6.60185 3.73803
6.65131 3.7512
6.70078 3.76436
6.75024 3.77753
6.79971 3.79069
6.84917 3.80386
6.89863 3.81702
6.9481 3.83019
6.99756 3.84336
7.04703 3.85652
7.09649 3.86969
7.14595 3.88285
7.19542 3.89602
7.24488 3.90918
7.29435 3.92235
7.34381 3.93551
7.39327 3.94868
7.44274 3.96184
7.4922 3.97501
7.54167 3.98817
7.60049 3.98817
7.65931 3.98817
10.1062 5.37937
12.5531 5.37937
15.0 5.37937
0.0 0.472015
0.0501994 0.472015
0.100399 0.491732
0.150598 0.511449
0.200797 0.531167
0.250997 0.550884
0.301196 0.570601
0.351396 0.590319
0.401595 0.610036
0.451794 0.629753
0.501994 0.649471
0.552193 0.669188
0.602392 0.688905
0.652592 0.708623
0.702791 0.72834
0.75299 0.748057
0.80319 0.767775
0.853389 0.787492
0.903588 0.807209
0.953788 0.826927
1.00399 0.846644
1.05419 0.866361
1.10439 0.886079
1.15459 0.905796
1.20478 0.925513
1.25498 0.945231
1.30518 0.964948
1.35538 0.984665
1.40558 1.00438
1.45578 1.0241
1.50598 1.04382
1.55618 1.06353
1.60638 1.08325
1.65658 1.10297
1.70678 1.12269
1.75698 1.1424
1.80718 1.16212
1.85738 1.18184
1.90758 1.20156
1.95777 1.22127
2.00797 1.24099
2.05817 1.26071
2.10837 1.28043
2.15857 1.30014
2.20877 1.31986
2.25897 1.33958
2.30917 1.35929
2.35937 1.37901
2.40957 1.39873
2.45977 1.41845
2.50997 1.43816
2.56017 1.45788
2.61037 1.4776
2.66057 1.49732
2.71077 1.51703
2.76096 1.53675
2.81116 1.55647
2.86136 1.57619
2.91156 1.5959
2.96176 1.61562
3.01196 1.63534
3.06216 1.65505
3.11236 1.67477
3.16256 1.69449
3.21276 1.71421
3.26296 1.73392
3.31316 1.75364
3.36262 1.75364
3.41208 1.82429
3.46154 1.89493
3.51101 1.96558
3.56047 2.03622
3.60993 2.10687
3.65939 2.17751
3.70885 2.24816
3.75831 2.3188
3.80778 2.38945
3.85724 2.46009
3.9067 2.53074
3.95616 2.60138
4.00562 2.67203
4.05509 2.74267
4.10455 2.81332
4.15401 2.88396
4.20347 2.95461
4.25293 3.02525
4.3024 3.0959
4.35186 3.16654
4.4014 3.16654
4.45094 3.18126
4.50048 3.19598
4.55003 3.21069
4.59957 3.22541
4.64911 3.24013
4.69865 3.25484
4.74819 3.26956
4.79774 3.28428
4.84728 3.29899
4.89682 3.31371
4.94636 3.32843
4.9959 3.34315
5.04545 3.35786
5.09499 3.37258
5.14453 3.3873
5.19407 3.40201
5.24361 3.41673
5.29316 3.43145
5.3427 3.44616
5.39208 3.44616
5.44146 3.47333
5.49084 3.50049
5.54023 3.52765
5.58961 3.55482
5.63899 3.58198
5.68837 3.60914
5.73775 3.6363
5.78714 3.66347
5.83652 3.69063
5.8859 3.71779
5.93528 3.74496
5.98466 3.77212
6.03405 3.79928
6.08343 3.82644
6.13281 3.85361
6.18219 3.88077
6.23158 3.90793
6.28096 3.9351
6.33034 3.96226
6.37972 3.98942
6.4291 4.01658
6.47849 4.04375
6.52787 4.07091
6.57725 4.09807
6.62877 4.09807
6.6803 4.09807
6.73182 4.09807
6.78334 4.09807
6.83487 4.09807
6.88639 4.09807
6.93791 4.09807
6.98944 4.09807
7.04096 4.09807
7.09249 4.09807
7.14401 4.09807
7.19553 4.09807
7.24706 4.09807
7.29858 4.09807
9.86572 5.41698
12.4329 5.41698
15.0 5.41698
0.0 0.481356
0.049844 0.481356
0.0996879 0.502053
0.149532 0.522749
0.199376 0.543446
0.24922 0.564143
0.299064 0.58484
0.348908 0.605537
0.398752 0.626234
0.448596 0.646931
0.49844 0.667627
0.548284 0.688324
0.598128 0.709021
0.647972 0.729718
0.697816 0.750415
0.74766 0.771112
0.797504 0.791809
0.847348 0.812505
0.897191 0.833202
0.947035 0.853899
0.996879 0.874596
1.04672 0.895293
1.09657 0.91599
1.14641 0.936687
1.19626 0.957383
1.2461 0.97808
1.29594 0.998777
1.34579 1.01947
1.39563 1.04017
1.44548 1.06087
1.49532 1.08156
1.54516 1.10226
1.59501 1.12296
1.64485 1.14366
1.6947 1.16435
1.74454 1.18505
1.79438 1.20575
1.84423 1.22644
1.89407 1.24714
1.94391 1.26784
1.99376 1.28853
2.0436 1.30923
2.09345 1.32993
2.14329 1.35062
2.19313 1.37132
2.24298 1.39202
2.29282 1.41271
2.34267 1.43341
2.39251 1.45411
2.44235 1.4748
2.4922 1.4955
2.54204 1.5162
2.59189 1.5369
2.64173 1.55759
2.69157 1.57829
2.74142 1.59899
2.79126 1.61968
2.84111 1.64038
2.89095 1.66108
2.94079 1.68177
2.99336 1.68177
3.04593 2.39148
3.0985 3.10119
3.14764 3.10119
3.19679 3.11674
3.24594 3.1323
3.29509 3.14785
3.34424 3.16341
3.39338 3.17897
3.44253 3.19452
3.49168 3.21008
3.54083 3.22563
3.58997 3.24119
3.63912 3.25675
3.68827 3.2723
3.73742 3.28786
3.78657 3.30341
3.83571 3.31897
3.88486 3.33453
3.93401 3.35008
3.98316 3.36564
4.03231 3.38119
4.08145 3.39675
4.1306 3.41231
4.17975 3.42786
4.2289 3.44342
4.27964 3.44342
4.33039 3.49356
4.38113 3.5437
4.43188 3.59385
4.48262 3.64399
4.53337 3.69413
4.58411 3.74427
4.63486 3.79442
4.6856 3.84456
4.73635 3.8947
4.78709 3.94485
4.83784 3.99499
4.88858 4.04513
4.93935 4.04513
4.99011 4.04513
5.04087 4.04513
5.09164 4.04513
5.1424 4.04513
5.19316 4.04513
5.24393 4.04513
5.29469 4.04513
5.34545 4.04513
5.39622 4.04513
5.44698 4.04513
5.49774 4.04513
7.87331 5.47327
10.2489 5.47327
12.6244 5.47327
15.0 5.47327
0.0 0.482485
0.0497467 0.482485
0.0994933 0.501827
0.14924 0.52117
0.198987 0.540512
0.248733 0.559854
0.29848 0.579196
0.348227 0.598538
0.397973 0.617881
0.44772 0.637223
0.497467 0.656565
0.547213 0.675907
0.59696 0.695249
0.646707 0.714592
0.696453 0.733934
0.7462 0.753276
0.795947 0.772618
0.845693 0.791961
0.89544 0.811303
0.945187 0.830645
0.994933 0.849987
1.04468 0.869329
1.09443 0.888672
1.14417 0.908014
1.19392 0.927356
1.24367 0.946698
1.29341 0.96604
1.34316 0.985383
1.39291 1.00472
1.44265 1.02407
1.4924 1.04341
1.54215 1.06275
1.59189 1.08209
1.64164 1.10144
1.69139 1.12078
1.74113 1.14012
1.79088 1.15946
1.84063 1.1788
1.89037 1.19815
1.94012 1.21749
1.98987 1.23683
2.03961 1.25617
2.08936 1.27552
2.13911 1.29486
2.18885 1.3142
2.2386 1.33354
2.28835 1.35288
2.33809 1.37223
2.38784 1.39157
2.43759 1.41091
2.48733 1.43025
2.53708 1.4496
2.58683 1.46894
2.63657 1.48828
2.68632 1.50762
2.73607 1.52696
2.78581 1.54631
2.83556 1.56565
2.88531 1.58499
2.93505 1.60433
2.9848 1.62368
3.03455 1.64302
3.08429 1.66236
3.13404 1.6817
3.18487 1.6817
3.2357 1.81123
3.28653 1.94077
3.33736 2.0703
3.3882 2.19983
3.43903 2.32936
3.48986 2.45889
3.54069 2.58842
3.59152 2.71795
3.64235 2.84749
3.69318 2.97702
3.74401 3.10655
3.79437 3.10655
3.84473 3.12472
3.89508 3.14289
3.94544 3.16105
3.9958 3.17922
4.04615 3.19739
4.09651 3.21556
4.14687 3.23373
4.19722 3.2519
4.24758 3.27006
4.29793 3.28823
4.34829 3.3064
4.39865 3.32457
4.449 3.34274
4.49936 3.36091
4.54972 3.37907
4.60007 3.39724
4.65043 3.41541
4.70078 3.43358
4.75114 3.45175
4.8015 3.46992
4.85185 3.48808
4.90123 3.48808
4.95061 3.54896
4.99998 3.60984
5.04936 3.67072
5.09874 3.7316
5.14811 3.79248
5.19749 3.85336
5.24687 3.91424
5.29624 3.97512
5.34562 4.036
5.395 4.09688
5.44965 4.09688
5.50431 4.09688
5.55897 4.09688
5.61362 4.09688
5.66828 4.09688
8.00121 5.48347
10.3341 5.48347
12.6671 5.48347
15.0 5.48347
0.0 0.491802
0.0501165 0.491802
0.100233 0.509686
0.150349 0.527569
0.200466 0.545452
0.250582 0.563336
0.300699 0.581219
0.350815 0.599102
0.400932 0.616986
0.451048 0.634869
0.501165 0.652752
0.551281 0.670635
0.601398 0.688519
0.651514 0.706402
0.701631 0.724285
0.751747 0.742169
0.801864 0.760052
0.85198 0.777935
0.902097 0.795819
0.952213 0.813702
1.00233 0.831585
1.05245 0.849468
1.10256 0.867352
1.15268 0.885235
1.2028 0.903118
1.25291 0.921002
1.30303 0.938885
1.35315 0.956768
1.40326 0.974652
1.45338 0.992535
1.50349 1.01042
1.55361 1.0283
1.60373 1.04618
1.65384 1.06407
1.70396 1.08195
1.75408 1.09983
1.80419 1.11772
1.85431 1.1356
1.90443 1.15348
1.95454 1.17137
2.00466 1.18925
2.05478 1.20713
2.10489 1.22502
2.15501 1.2429
2.20513 1.26078
2.25524 1.27867
2.30536 1.29655
2.35547 1.31443
2.40559 1.33232
2.45571 1.3502
2.50582 1.36808
2.55594 1.38597
2.60606 1.40385
2.65617 1.42173
2.70629 1.43962
2.75641 1.4575
2.80652 1.47538
2.85664 1.49327
2.90676 1.51115
2.95687 1.52903
3.00699 1.54692
3.05711 1.5648
3.10722 1.58268
3.15734 1.60057
3.20745 1.61845
3.25682 1.61845
3.30619 1.74558
3.35556 1.87271
3.40493 1.99985
3.45429 2.12698
3.50366 2.25411
3.55303 2.38124
3.6024 2.50837
3.65177 2.6355
3.70113 2.76264
3.7505 2.88977
3.79987 3.0169
3.85054 3.0169
3.90122 3.04
3.95189 3.06309
4.00257 3.08619
4.05324 3.10928
4.10391 3.13238
4.15459 3.15548
4.20526 3.17857
4.25593 3.20167
4.30661 3.22476
4.35728 3.24786
4.40796 3.27096
4.45863 3.29405
4.5093 3.31715
4.55998 3.34024
4.61065 3.36334
4.66133 3.38644
4.712 3.40953
4.76267 3.43263
4.81335 3.45572
4.8624 3.45572
4.91146 3.50008
4.96051 3.54443
5.00957 3.58879
5.05862 3.63314
5.10768 3.6775
5.15673 3.72185
5.20579 3.76621
5.25484 3.81056
5.3039 3.85492
5.35295 3.89927
5.40201 3.94363
5.45106 3.98798
5.50012 4.03234
5.54917 4.07669
5.60731 4.07669
5.66545 4.07669
5.72359 4.07669
8.04269 5.42355
10.3618 5.42355
12.6809 5.42355
15.0 5.42355
0.0 0.467544
0.050378 0.467544
0.100756 0.48818
0.151134 0.508816
0.201512 0.529453
0.25189 0.550089
0.302268 0.570725
0.352646 0.591361
0.403024 0.611997
0.453402 0.632634
0.50378 0.65327
0.554158 0.673906
0.604536 0.694542
0.654914 0.715178
0.705292 0.735815
0.75567 0.756451
0.806048 0.777087
0.856426 0.797723
0.906804 0.818359
0.957182 0.838995
1.00756 0.859632
1.05794 0.880268
1.10832 0.900904
1.15869 0.92154
1.20907 0.942176
1.25945 0.962813
1.30983 0.983449
1.36021 1.00409
1.41058 1.02472
1.46096 1.04536
1.51134 1.06599
1.56172 1.08663
1.6121 1.10727
1.66247 1.1279
1.71285 1.14854
1.76323 1.16917
1.81361 1.18981
1.86399 1.21045
1.91436 1.23108
1.96474 1.25172
2.01512 1.27236
2.0655 1.29299
2.11588 1.31363
2.16625 1.33426
2.21663 1.3549
2.26701 1.37554
2.31739 1.39617
2.36777 1.41681
2.41814 1.43745
2.46852 1.45808
2.5189 1.47872
2.56928 1.49935
2.61966 1.51999
2.67003 1.54063
2.72041 1.56126
2.77079 1.5819
2.82117 1.60253
2.87155 1.62317
2.92192 1.64381
2.97214 1.64381
3.02236 1.6808
3.07257 1.71779
3.12279 1.75478
3.17301 1.79177
3.22322 1.82876
3.27344 1.86575
3.32365 1.90274
3.37387 1.93973
3.42409 1.97672
3.4743 2.01371
3.52452 2.0507
3.57474 2.08769
3.62495 2.12469
3.67517 2.16168
3.72538 2.19867
3.7756 2.23566
3.82582 2.27265
3.87603 2.30964
3.92625 2.34663
3.97647 2.38362
4.02668 2.42061
4.0769 2.4576
4.12711 2.49459
4.17733 2.53158
4.22755 2.56857
4.27776 2.60556
4.32798 2.64255
4.3782 2.67954
4.42841 2.71654
4.47863 2.75353
4.52884 2.79052
4.57906 2.82751
4.62928 2.8645
4.67949 2.90149
4.72971 2.93848
4.77993 2.97547
4.83014 3.01246
4.8802 3.01246
4.93027 3.02427
4.98033 3.03608
5.03039 3.04789
5.08046 3.0597
5.13052 3.07151
5.18058 3.08333
5.23064 3.09514
5.28071 3.10695
5.33077 3.11876
5.38083 3.13057
5.43089 3.14238
5.48096 3.15419
5.53102 3.166
5.58108 3.17781
5.63114 3.18962
5.68121 3.20143
5.73127 3.21324
5.78133 3.22505
5.83139 3.23686
5.88146 3.24868
5.93152 3.26049
5.98158 3.2723
6.03165 3.28411
6.08171 3.29592
6.13177 3.30773
6.18183 3.31954
6.2319 3.33135
6.28196 3.34316
6.33202 3.35497
6.38208 3.36678
6.43215 3.37859
6.48221 3.3904
6.53227 3.40221
6.58233 3.41403
6.6324 3.42584
6.68278 3.42584
6.73317 3.5142
6.78355 3.60257
6.83394 3.69094
6.88432 3.77931
6.93471 3.86767
6.98509 3.95604
7.03548 4.04441
7.08586 4.13277
7.12966 4.13277
7.17346 4.13277
7.21725 4.13277
9.8115 5.47078
12.4058 5.47078
15.0 5.47078
0.0 0.471978
0.0502623 0.471978
0.100525 0.493623
0.150787 0.515268
0.201049 0.536914
0.251311 0.558559
0.301574 0.580204
0.351836 0.601849
0.402098 0.623494
0.452361 0.645139
0.502623 0.666784
0.552885 0.688429
0.603147 0.710074
0.65341 0.73172
0.703672 0.753365
0.753934 0.77501
0.804197 0.796655
0.854459 0.8183
0.904721 0.839945
0.954983 0.86159
1.00525 0.883235
1.05551 0.90488
1.10577 0.926525
1.15603 0.948171
1.20629 0.969816
1.25656 0.991461
1.30682 1.01311
1.35708 1.03475
1.40734 1.0564
1.45761 1.07804
1.50787 1.09969
1.55813 1.12133
1.60839 1.14298
1.65866 1.16462
1.70892 1.18627
1.75918 1.20791
1.80944 1.22956
1.8597 1.2512
1.90997 1.27285
1.96023 1.29449
2.01049 1.31614
2.06075 1.33778
2.11102 1.35943
2.16128 1.38107
2.21154 1.40272
2.2618 1.42436
2.31207 1.44601
2.36233 1.46765
2.41259 1.4893
2.46285 1.51094
2.51311 1.53259
2.56338 1.55423
2.61364 1.57588
2.6639 1.59752
2.71416 1.61917
2.76443 1.64081
2.81469 1.66246
2.8656 1.66246
2.91651 1.72444
2.96742 1.78643
3.01833 1.84841
3.06924 1.9104
3.12015 1.97238
3.17106 2.03437
3.22197 2.09635
3.27288 2.15834
3.32379 2.22032
3.3747 2.28231
3.42561 2.34429
3.47652 2.40628
3.52743 2.46826
3.57835 2.53024
3.62926 2.59223
3.68017 2.65421
3.73108 2.7162
3.78199 2.77818
3.8329 2.84017
3.88381 2.90215
3.93306 2.90215
3.98231 2.91934
4.03156 2.93653
4.08081 2.95371
4.13006 2.9709
4.17931 2.98809
4.22856 3.00528
4.27781 3.02246
4.32706 3.03965
4.37631 3.05684
4.42556 3.07402
4.47481 3.09121
4.52406 3.1084
4.57331 3.12558
4.62256 3.14277
4.67181 3.15996
4.72106 3.17715
4.77031 3.19433
4.81956 3.21152
4.86881 3.22871
4.91806 3.24589
4.96731 3.26308
5.01656 3.28027
5.06581 3.29746
5.11506 3.31464
5.16431 3.33183
5.21356 3.34902
5.26281 3.3662
5.31279 3.3662
5.36276 3.3922
5.41274 3.4182
5.46272 3.4442
5.5127 3.4702
5.56267 3.4962
5.61265 3.5222
5.66263 3.5482
5.7126 3.57419
5.76258 3.60019
5.81256 3.62619
5.86254 3.65219
5.91251 3.67819
5.96249 3.70419
6.01247 3.73019
6.06245 3.75619
6.11242 3.78219
6.1624 3.80818
6.21238 3.83418
6.26235 3.86018
6.31233 3.88618
6.36231 3.91218
6.41229 3.93818
6.46226 3.96418
6.51224 3.99018
6.56222 4.01617
6.6122 4.04217
6.66217 4.06817
6.71215 4.09417
6.76213 4.12017
6.8121 4.14617
6.86208 4.17217
6.91206 4.19817
6.96204 4.22417
7.011 4.22417
7.05996 4.22417
7.10892 4.22417
7.15787 4.22417
7.20683 4.22417
7.25579 4.22417
7.30475 4.22417
7.35371 4.22417
7.40267 4.22417
7.45163 4.22417
7.50059 4.22417
10.0004 5.48769
12.5002 5.48769
15.0 5.48769
0.0 0.469527
0.0501057 0.469527
0.100211 0.490839
0.150317 0.512152
0.200423 0.533464
0.250529 0.554776
0.300634 0.576089
0.35074 0.597401
0.400846 0.618714
0.450951 0.640026
0.501057 0.661338
0.551163 0.682651
0.601268 0.703963
0.651374 0.725275
0.70148 0.746588
0.751586 0.7679
0.801691 0.789213
0.851797 0.810525
0.901903 0.831837
0.952008 0.85315
1.00211 0.874462
1.05222 0.895774
1.10233 0.917087
1.15243 0.938399
1.20254 0.959712
1.25264 0.981024
1.30275 1.00234
1.35285 1.02365
1.40296 1.04496
1.45307 1.06627
1.50317 1.08759
1.55328 1.1089
1.60338 1.13021
1.65349 1.15152
1.70359 1.17284
1.7537 1.19415
1.80381 1.21546
1.85391 1.23677
1.90402 1.25808
1.95412 1.2794
2.00423 1.30071
2.05433 1.32202
2.10444 1.34333
2.15455 1.36465
2.20465 1.38596
2.25476 1.40727
2.30486 1.42858
2.35497 1.4499
2.40507 1.47121
2.45518 1.49252
2.50529 1.51383
2.55539 1.53515
2.6055 1.55646
2.6556 1.57777
2.70571 1.59908
2.75581 1.6204
2.80546 1.6204
2.8551 1.71458
2.90474 1.80876
2.95439 1.90295
3.00403 1.99713
3.05367 2.09132
3.10332 2.1855
3.15296 2.27969
3.2026 2.37387
3.25225 2.46806
3.30189 2.56224
3.35153 2.65643
3.40118 2.75061
3.45082 2.84479
3.50046 2.93898
3.55024 2.93898
3.60003 2.9533
3.64981 2.96761
3.69959 2.98193
3.74937 2.99624
3.79916 3.01056
3.84894 3.02487
3.89872 3.03919
3.9485 3.05351
3.99829 3.06782
4.04807 3.08214
4.09785 3.09645
4.14763 3.11077
4.19742 3.12508
4.2472 3.1394
4.29698 3.15372
4.34676 3.16803
4.39655 3.18235
4.44633 3.19666
4.49611 3.21098
4.54589 3.22529
4.59568 3.23961
4.64546 3.25393
4.69524 3.26824
4.74502 3.28256
4.79481 3.29687
4.84459 3.31119
4.89437 3.3255
4.94415 3.33982
4.99394 3.35414
5.04372 3.36845
5.0935 3.38277
5.14328 3.39708
5.19307 3.4114
5.24365 3.4114
5.29424 3.4408
5.34482 3.47019
5.39541 3.49959
5.44599 3.52898
5.49658 3.55838
5.54717 3.58778
5.59775 3.61717
5.64834 3.64657
5.69892 3.67596
5.74951 3.70536
5.80009 3.73476
5.85068 3.76415
5.90127 3.79355
5.95185 3.82294
6.00244 3.85234
6.05302 3.88174
6.10361 3.91113
6.15419 3.94053
6.20478 3.96993
6.25537 3.99932
6.30595 4.02872
6.35654 4.05811
6.40712 4.08751
6.45771 4.11691
6.50829 4.1463
6.55888 4.1757
6.60947 4.20509
6.65985 4.20509
6.71024 4.20509
6.76063 4.20509
6.81102 4.20509
6.86141 4.20509
6.9118 4.20509
6.96219 4.20509
7.01258 4.20509
7.06296 4.20509
7.11335 4.20509
7.16374 4.20509
7.21413 4.20509
7.26452 4.20509
7.31491 4.20509
7.3653 4.20509
7.41569 4.20509
7.46608 4.20509
7.51646 4.20509
7.56685 4.20509
7.61724 4.20509
7.66763 4.20509
7.71802 4.20509
7.76841 4.20509
10.1789 5.44337
12.5895 5.44337
15.0 5.44337
0.0 0.469459
0.0500691 0.469459
0.100138 0.489955
0.150207 0.510452
0.200277 0.530948
0.250346 0.551444
0.300415 0.57194
0.350484 0.592437
0.400553 0.612933
0.450622 0.633429
0.500691 0.653925
0.550761 0.674422
0.60083 0.694918
0.650899 0.715414
0.700968 0.73591
0.751037 0.756406
0.801106 0.776903
0.851175 0.797399
0.901245 0.817895
0.951314 0.838391
1.00138 0.858888
1.05145 0.879384
1.10152 0.89988
1.15159 0.920376
1.20166 0.940873
1.25173 0.961369
1.3018 0.981865
1.35187 1.00236
1.40194 1.02286
1.45201 1.04335
1.50207 1.06385
1.55214 1.08435
1.60221 1.10484
1.65228 1.12534
1.70235 1.14583
1.75242 1.16633
1.80249 1.18683
1.85256 1.20732
1.90263 1.22782
1.9527 1.24832
2.00277 1.26881
2.05283 1.28931
2.1029 1.3098
2.15297 1.3303
2.20304 1.3508
2.25311 1.37129
2.30318 1.39179
2.35325 1.41229
2.40339 1.41229
2.45354 1.48122
2.50368 1.55015
2.55383 1.61908
2.60397 1.68801
2.65412 1.75694
2.70426 1.82587
2.75441 1.8948
2.80455 1.96373
2.8547 2.03266
2.90484 2.10159
2.95499 2.17052
3.00513 2.23945
3.05528 2.30838
3.10542 2.37731
3.15557 2.44624
3.20571 2.51517
3.25586 2.5841
3.306 2.65303
3.35615 2.72196
3.40629 2.79089
3.45644 2.85982
3.50658 2.92875
3.55755 2.92875
3.60851 2.95622
3.65947 2.98369
3.71043 3.01116
3.76139 3.03863
3.81235 3.06609
3.86332 3.09356
3.91428 3.12103
3.96524 3.1485
4.0162 3.17597
4.06716 3.20344
4.11812 3.23091
4.16908 3.25838
4.22005 3.28585
4.27101 3.31332
4.32197 3.34078
4.37293 3.36825
4.42389 3.39572
4.47485 3.42319
4.52517 3.42319
4.57548 3.45599
4.62579 3.48879
4.6761 3.52159
4.72641 3.55439
4.77673 3.58718
4.82704 3.61998
4.87735 3.65278
4.92766 3.68558
4.97797 3.71838
5.02828 3.75118
5.0786 3.78398
5.12891 3.81677
5.17922 3.84957
5.22953 3.88237
5.27984 3.91517
5.33016 3.94797
5.38047 3.98077
5.43078 4.01356
5.48109 4.04636
5.5314 4.07916
5.58171 4.11196
5.63203 4.14476
5.68213 4.14476
5.73223 4.14476
5.78233 4.14476
5.83243 4.14476
5.88253 4.14476
5.93263 4.14476
5.98273 4.14476
6.03283 4.14476
6.08293 4.14476
6.13302 4.14476
6.18312 4.14476
6.23322 4.14476
6.28332 4.14476
6.33342 4.14476
6.38352 4.14476
6.43362 4.14476
6.48372 4.14476
6.53382 4.14476
6.58392 4.14476
6.63402 4.14476
6.68412 4.14476
6.73422 4.14476
6.78432 4.14476
6.83442 4.14476
6.88452 4.14476
6.93462 4.14476
6.98472 4.14476
7.03482 4.14476
7.08492 4.14476
7.13502 4.14476
7.18512 4.14476
7.23522 4.14476
7.28532 4.14476
7.33542 4.14476
7.38552 4.14476
7.43562 4.14476
7.48572 4.14476
7.53582 4.14476
7.58592 4.14476
7.63602 4.14476
7.68612 4.14476
7.73622 4.14476
7.78632 4.14476
7.83642 4.14476
7.88652 4.14476
7.93662 4.14476
7.98672 4.14476
10.3245 5.41302
12.6622 5.41302
15.0 5.41302
0.0 0.473844
0.0504144 0.473844
0.100829 0.493059
0.151243 0.512275
0.201658 0.53149
0.252072 0.550705
0.302487 0.569921
0.352901 0.589136
0.403315 0.608351
0.45373 0.627567
0.504144 0.646782
0.554559 0.665997
0.604973 0.685213
0.655388 0.704428
0.705802 0.723643
0.756217 0.742859
0.806631 0.762074
0.857045 0.781289
0.90746 0.800505
0.957874 0.81972
1.00829 0.838935
1.0587 0.85815
1.10912 0.877366
1.15953 0.896581
1.20995 0.915796
1.26036 0.935012
1.31078 0.954227
1.36119 0.973442
1.4116 0.992658
1.46202 1.01187
1.51243 1.03109
1.56285 1.0503
1.61326 1.06952
1.66368 1.08873
1.71409 1.10795
1.7638 1.10795
1.81352 1.20037
1.86323 1.29279
1.91294 1.3852
1.96265 1.47762
2.01236 1.57004
2.06208 1.66246
2.11179 1.75487
2.1615 1.84729
2.21121 1.93971
2.26092 2.03213
2.31064 2.12455
2.36035 2.21696
2.41006 2.30938
2.45977 2.4018
2.50948 2.49422
2.5592 2.58663
2.60891 2.67905
2.65862 2.77147
2.70833 2.86389
2.75805 2.95631
2.80776 3.04872
2.85747 3.14114
2.90706 3.14114
2.95665 3.20863
3.00624 3.27613
3.05583 3.34362
3.10541 3.41111
3.155 3.4786
3.20459 3.54609
3.25418 3.61359
3.30392 3.61359
3.35365 3.63608
3.40339 3.65857
3.45312 3.68106
3.50286 3.70355
3.55259 3.72604
3.60233 3.74853
3.65206 3.77102
3.7018 3.79351
3.75153 3.816
3.80127 3.83849
3.851 3.86098
3.90074 3.88347
3.95047 3.90596
4.00021 3.92846
4.04994 3.95095
4.09968 3.97344
4.14941 3.99593
4.19915 4.01842
4.24888 4.04091
4.29862 4.0634
4.34835 4.08589
4.39809 4.10838
4.44782 4.13087
4.49756 4.15336
4.54616 4.15336
4.59476 4.15336
4.64336 4.15336
4.69197 4.15336
4.74057 4.15336
4.78917 4.15336
4.83777 4.15336
4.88637 4.15336
4.93497 4.15336
4.98358 4.15336
5.03218 4.15336
5.08078 4.15336
5.12938 4.15336
5.17798 4.15336
5.22658 4.15336
5.27518 4.15336
5.32379 4.15336
7.74284 5.60677
10.1619 5.60677
12.5809 5.60677
15.0 5.60677
0.0 0.468878
0.0507155 0.468878
0.101431 0.490543
0.152146 0.512208
0.202862 0.533872
0.253577 0.555537
0.304293 0.577202
0.355008 0.598867
0.405724 0.620532
0.456439 0.642196
0.507155 0.663861
0.55787 0.685526
0.608586 0.707191
0.659301 0.728856
0.710017 0.75052
0.760732 0.772185
0.811448 0.79385
0.862163 0.815515
0.912879 0.83718
0.963594 0.858844
1.01431 0.880509
1.06503 0.902174
1.11574 0.923839
1.16646 0.945504
1.21717 0.967168
1.26789 0.988833
1.3186 1.0105
1.36932 1.03216
1.42003 1.05383
1.47075 1.07549
1.52146 1.09716
1.57218 1.11882
1.62132 1.11882
1.67047 1.30231
1.71961 1.48579
1.76875 1.66927
1.8179 1.85276
1.86704 2.03624
1.91618 2.21972
1.96533 2.4032
2.01447 2.58669
2.06361 2.77017
2.11276 2.95365
2.1619 3.13714
2.21093 3.13714
2.25996 3.15766
2.30899 3.17817
2.35803 3.19869
2.40706 3.21921
2.45609 3.23972
2.50512 3.26024
2.55415 3.28076
2.60318 3.30128
2.65221 3.32179
2.70124 3.34231
2.75028 3.36283
2.79931 3.38335
2.84834 3.40386
2.89737 3.42438
2.9464 3.4449
2.99543 3.46542
3.04446 3.48593
3.09349 3.50645
3.14253 3.52697
3.19156 3.54748
3.24059 3.568
3.28962 3.58852
3.339 3.58852
3.38839 3.62151
3.43777 3.6545
3.48715 3.68749
3.53654 3.72047
3.58592 3.75346
3.6353 3.78645
3.68469 3.81944
3.73407 3.85243
3.78345 3.88542
3.83284 3.91841
3.88222 3.95139
3.9316 3.98438
3.98099 4.01737
4.03037 4.05036
4.07975 4.08335
4.12914 4.11634
4.17852 4.14933
4.2279 4.18231
4.27728 4.2153
4.32751 4.2153
4.37773 4.2153
4.42795 4.2153
4.47817 4.2153
4.5284 4.2153
4.57862 4.2153
4.62884 4.2153
4.67906 4.2153
4.72929 4.2153
4.77951 4.2153
4.82973 4.2153
4.87995 4.2153
4.93018 4.2153
4.9804 4.2153
5.03062 4.2153
5.08084 4.2153
5.13106 4.2153
5.18129 4.2153
7.63596 5.58917
10.0906 5.58917
12.5453 5.58917
15.0 5.58917
0.0 0.470399
0.0503317 0.470399
0.100663 0.491027
0.150995 0.511654
0.201327 0.532282
0.251659 0.552909
0.30199 0.573537
0.352322 0.594164
0.402654 0.614792
0.452985 0.635419
0.503317 0.656047
0.553649 0.676674
0.60398 0.697302
0.654312 0.71793
0.704644 0.738557
0.754976 0.759185
0.805307 0.779812
0.855639 0.80044
0.905971 0.821067
0.956302 0.841695
1.00663 0.862322
1.05697 0.88295
1.1073 0.903577
1.15763 0.924205
1.20796 0.944832
1.25829 0.96546
1.30862 0.986088
1.35896 1.00672
1.40906 1.00672
1.45916 1.09145
1.50926 1.17618
1.55936 1.26092
1.60947 1.34565
1.65957 1.43038
1.70967 1.51512
1.75977 1.59985
1.80988 1.68458
1.85998 1.76932
1.91008 1.85405
1.96018 1.93878
2.01028 2.02352
2.06039 2.10825
2.11049 2.19298
2.16059 2.27772
2.21069 2.36245
2.2608 2.44718
2.3109 2.53192
2.361 2.61665
2.4111 2.70138
2.4612 2.78612
2.51131 2.87085
2.56141 2.95558
2.61114 2.95558
2.66088 2.96873
2.71061 2.98189
2.76034 2.99504
2.81007 3.00819
2.85981 3.02135
2.90954 3.0345
2.95927 3.04765
3.00901 3.0608
3.05874 3.07396
3.10847 3.08711
3.15821 3.10026
3.20794 3.11341
3.25767 3.12657
3.3074 3.13972
3.35714 3.15287
3.40687 3.16602
3.4566 3.17918
3.50634 3.19233
3.55607 3.20548
3.6058 3.21863
3.65554 3.23179
3.70527 3.24494
3.755 3.25809
3.80474 3.27125
3.85447 3.2844
3.9042 3.29755
3.95393 3.3107
4.00367 3.32386
4.0534 3.33701
4.10313 3.35016
4.15287 3.36331
4.2026 3.37647
4.25233 3.38962
4.30207 3.40277
4.3518 3.41592
4.40153 3.42908
4.45126 3.44223
4.501 3.45538
4.55073 3.46853
4.60046 3.48169
4.6502 3.49484
4.69993 3.50799
4.74966 3.52115
4.7994 3.5343
4.84913 3.54745
4.89886 3.5606
4.94859 3.57376
4.99833 3.58691
5.04806 3.60006
5.0975 3.60006
5.14693 3.62357
5.19637 3.64707
5.2458 3.67057
5.29524 3.69408
5.34467 3.71758
5.39411 3.74108
5.44354 3.76459
5.49298 3.78809
5.54241 3.8116
5.59185 3.8351
5.64128 3.8586
5.69072 3.88211
5.74015 3.90561
5.78959 3.92912
5.83903 3.95262
5.88846 3.97612
5.9379 3.99963
5.98733 4.02313
6.03677 4.04664
6.0862 4.07014
6.13564 4.09364
6.18533 4.09364
6.23503 4.09364
6.28473 4.09364
6.33442 4.09364
6.38412 4.09364
6.43381 4.09364
6.48351 4.09364
6.53321 4.09364
6.5829 4.09364
6.6326 4.09364
6.6823 4.09364
6.73199 4.09364
6.78169 4.09364
6.83139 4.09364
9.55426 5.50605
12.2771 5.50605
15.0 5.50605
0.0 0.474925
0.0494808 0.474925
0.0989617 0.493848
0.148442 0.512771
0.197923 0.531694
0.247404 0.550617
0.296885 0.56954
0.346366 0.588462
0.395847 0.607385
0.445327 0.626308
0.494808 0.645231
0.544289 0.664154
0.59377 0.683077
0.643251 0.702
0.692732 0.720923
0.742212 0.739846
0.791693 0.758769
0.841174 0.777692
0.890655 0.796615
0.940136 0.815538
0.989617 0.834461
1.0391 0.853384
1.08858 0.872307
1.13806 0.89123
1.18754 0.910153
1.23702 0.929076
1.2865 0.947999
1.33598 0.966922
1.38546 0.985845
1.43577 0.985845
1.48608 1.11186
1.53639 1.23788
1.5867 1.3639
1.63701 1.48991
1.68731 1.61593
1.73762 1.74195
1.78793 1.86797
1.83824 1.99398
1.88855 2.12
1.93886 2.24602
1.98916 2.37204
2.03947 2.49805
2.08978 2.62407
2.14009 2.75009
2.1904 2.87611
2.24071 3.00212
2.29053 3.00212
2.34034 3.01302
2.39016 3.02391
2.43998 3.03481
2.4898 3.04571
2.53962 3.0566
2.58944 3.0675
2.63926 3.07839
2.68908 3.08929
2.7389 3.10018
2.78871 3.11108
2.83853 3.12197
2.88835 3.13287
2.93817 3.14376
2.98799 3.15466
3.03781 3.16555
3.08763 3.17645
3.13745 3.18735
3.18727 3.19824
3.23708 3.20914
3.2869 3.22003
3.33672 3.23093
3.38654 3.24182
3.43636 3.25272
3.48618 3.26361
3.536 3.27451
3.58582 3.2854
3.63563 3.2963
3.68545 3.3072
3.73527 3.31809
3.78509 3.32899
3.83491 3.33988
3.88473 3.35078
3.93455 3.36167
3.98437 3.37257
4.03419 3.38346
4.084 3.39436
4.13382 3.40525
4.18364 3.41615
4.23346 3.42704
4.28328 3.43794
4.3331 3.44884
4.38292 3.45973
4.43274 3.47063
4.48256 3.48152
4.53237 3.49242
4.58219 3.50331
4.63201 3.51421
4.68183 3.5251
4.73165 3.536
4.78147 3.54689
4.83129 3.55779
4.88111 3.56869
4.93253 3.56869
4.98396 3.61117
5.03539 3.65366
5.08682 3.69615
5.13825 3.73864
5.18968 3.78113
5.24111 3.82361
5.29254 3.8661
5.34396 3.90859
5.39539 3.95108
5.44682 3.99357
5.49825 4.03606
5.54968 4.07854
5.60111 4.12103
5.65254 4.16352
5.70071 4.16352
5.74888 4.16352
5.79705 4.16352
5.84522 4.16352
8.13392 5.49565
10.4226 5.49565
12.7113 5.49565
15.0 5.49565
0.0 0.47243
0.0493733 0.47243
0.0987467 0.492527
0.14812 0.512625
0.197493 0.532722
0.246867 0.552819
0.29624 0.572916
0.345613 0.593014
0.394987 0.613111
0.44436 0.633208
0.493733 0.653305
0.543107 0.673403
0.59248 0.6935
0.641853 0.713597
0.691227 0.733694
0.7406 0.753792
0.789973 0.773889
0.839347 0.793986
0.88872 0.814083
0.938093 0.83418
0.987467 0.854278
1.03684 0.874375
1.08621 0.894472
1.13559 0.914569
1.18496 0.934667
1.23433 0.954764
1.28649 0.954764
1.33865 1.96833
1.3908 2.9819
1.44042 2.9819
1.49003 2.99523
1.53965 3.00857
1.58927 3.0219
1.63888 3.03524
1.6885 3.04857
1.73812 3.06191
1.78773 3.07524
1.83735 3.08858
1.88697 3.10192
1.93658 3.11525
1.9862 3.12859
2.03581 3.14192
2.08543 3.15526
2.13505 3.16859
2.18466 3.18193
2.23428 3.19526
2.2839 3.2086
2.33351 3.22194
2.38313 3.23527
2.43275 3.24861
2.48236 3.26194
2.53198 3.27528
2.58159 3.28861
2.63121 3.30195
2.68083 3.31528
2.73044 3.32862
2.78006 3.34196
2.82968 3.35529
2.87929 3.36863
2.92891 3.38196
2.97852 3.3953
3.02814 3.40863
3.07776 3.42197
3.12737 3.4353
3.17699 3.44864
3.22661 3.46197
3.27622 3.47531
3.32584 3.48865
3.37546 3.50198
3.42507 3.51532
3.47554 3.51532
3.526 3.55219
3.57647 3.58907
3.62694 3.62594
3.6774 3.66282
3.72787 3.69969
3.77833 3.73657
3.8288 3.77344
3.87927 3.81032
3.92973 3.8472
3.9802 3.88407
4.03066 3.92095
4.08113 3.95782
4.1316 3.9947
4.18206 4.03157
4.23253 4.06845
4.28299 4.10532
4.33346 4.1422
4.38243 4.1422
4.43141 4.1422
4.48038 4.1422
4.52935 4.1422
4.57833 4.1422
4.6273 4.1422
4.67628 4.1422
4.72525 4.1422
4.77422 4.1422
4.8232 4.1422
4.87217 4.1422
4.92114 4.1422
4.97012 4.1422
5.01909 4.1422
5.06806 4.1422
5.11704 4.1422
5.16601 4.1422
5.21498 4.1422
5.26396 4.1422
5.31293 4.1422
5.3619 4.1422
5.41088 4.1422
7.80816 5.46528
10.2054 5.46528
12.6027 5.46528
15.0 5.46528
0.0 0.476417
0.0508214 0.476417
0.101643 0.495055
0.152464 0.513694
0.203285 0.532332
0.254107 0.55097
0.304928 0.569609
0.35575 0.588247
0.406571 0.606886
0.457392 0.625524
0.508214 0.644163
0.559035 0.662801
0.609856 0.681439
0.660678 0.700078
0.711499 0.718716
0.762321 0.737355
0.813142 0.755993
0.863963 0.774631
0.914785 0.79327
0.965606 0.811908
1.01643 0.830547
1.06725 0.849185
1.11807 0.867824
1.16889 0.886462
1.21971 0.9051
1.27053 0.923739
1.32136 0.942377
1.37218 0.961016
1.423 0.979654
1.47199 0.979654
1.52097 1.13989
1.56996 1.30013
1.61895 1.46037
1.66793 1.62061
1.71692 1.78085
1.76591 1.94108
1.81489 2.10132
1.86388 2.26156
1.91287 2.4218
1.96185 2.58204
2.01084 2.74228
2.05983 2.90252
2.10882 3.06275
2.15938 3.06275
2.20995 3.07535
2.26051 3.08795
2.31108 3.10055
2.36164 3.11315
2.41221 3.12575
2.46277 3.13835
2.51334 3.15095
2.5639 3.16355
2.61447 3.17615
2.66503 3.18875
2.7156 3.20135
2.76616 3.21395
2.81673 3.22655
2.86729 3.23915
2.91786 3.25175
2.96842 3.26435
3.01899 3.27695
3.06955 3.28955
3.12012 3.30215
3.17068 3.31475
3.22125 3.32734
3.27181 3.33994
3.32238 3.35254
3.37294 3.36514
3.42351 3.37774
3.47408 3.39034
3.52464 3.40294
3.57521 3.41554
3.62577 3.42814
3.67634 3.44074
3.7269 3.45334
3.77747 3.46594
3.82803 3.47854
3.8786 3.49114
3.92788 3.49114
3.97717 3.5299
4.02646 3.56866
4.07574 3.60742
4.12503 3.64617
4.17431 3.68493
4.2236 3.72369
4.27289 3.76245
4.32217 3.80121
4.37146 3.83997
4.42075 3.87873
4.47003 3.91748
4.51932 3.95624
4.56861 3.995
4.61789 4.03376
4.66718 4.07252
4.71646 4.11128
4.76575 4.15004
4.81504 4.1888
4.86433 4.1888
4.91363 4.1888
4.96292 4.1888
5.01221 4.1888
5.06151 4.1888
5.1108 4.1888
5.1601 4.1888
5.20939 4.1888
5.25868 4.1888
5.30798 4.1888
5.35727 4.1888
5.40657 4.1888
5.45586 4.1888
5.50515 4.1888
5.55445 4.1888
7.91584 5.50304
10.2772 5.50304
12.6386 5.50304
15.0 5.50304
0.0 0.47284
0.050119 0.47284
0.100238 0.493844
0.150357 0.514849
0.200476 0.535854
0.250595 0.556859
0.300714 0.577863
0.350833 0.598868
0.400952 0.619873
0.451071 0.640877
0.50119 0.661882
0.551309 0.682887
0.601428 0.703892
0.651547 0.724896
0.701666 0.745901
0.751785 0.766906
0.801904 0.78791
0.852023 0.808915
0.902142 0.82992
0.952261 0.850925
1.00238 0.871929
1.0525 0.892934
1.10262 0.913939
1.15274 0.934943
1.20286 0.955948
1.25297 0.976953
1.30309 0.997958
1.35321 1.01896
1.40454 1.01896
1.45587 1.27594
1.5072 1.53292
1.55853 1.78989
1.60986 2.04687
1.66119 2.30384
1.71252 2.56082
1.76385 2.8178
1.81518 3.07477
1.86492 3.07477
1.91466 3.11233
1.9644 3.14989
2.01414 3.18744
2.06387 3.225
2.11361 3.26256
2.16335 3.30011
2.21309 3.33767
2.26283 3.37522
2.31256 3.41278
2.3623 3.45034
2.41204 3.48789
2.46178 3.52545
2.50936 3.52545
2.55694 3.61343
2.60452 3.70141
2.65211 3.78939
2.69969 3.87737
2.74727 3.96535
2.79485 4.05333
2.84244 4.14131
2.89002 4.22928
2.94077 4.22928
2.99153 4.22928
3.04228 4.22928
3.09304 4.22928
3.14379 4.22928
3.19454 4.22928
3.2453 4.22928
3.29605 4.22928
3.34681 4.22928
3.39756 4.22928
3.44832 4.22928
3.49907 4.22928
3.54983 4.22928
3.60058 4.22928
3.65133 4.22928
3.70209 4.22928
3.75284 4.22928
3.8036 4.22928
3.85435 4.22928
3.90511 4.22928
3.95586 4.22928
4.00661 4.22928
4.05737 4.22928
4.10812 4.22928
6.83109 5.46624
9.55406 5.46624
12.277 5.46624
15.0 5.46624
0.0 0.478719
0.0509528 0.478719
0.101906 0.498717
0.152858 0.518715
0.203811 0.538712
0.254764 0.55871
0.305717 0.578708
0.35667 0.598706
0.407622 0.618704
0.458575 0.638701
0.509528 0.658699
0.560481 0.678697
0.611434 0.698695
0.662386 0.718693
0.713339 0.738691
0.764292 0.758688
0.815245 0.778686
0.866198 0.798684
0.91715 0.818682
0.968103 0.83868
1.01906 0.858677
1.07001 0.878675
1.12096 0.898673
1.17191 0.918671
1.22287 0.938669
1.27382 0.958667
1.32477 0.978664
1.37454 0.978664
1.42431 1.17923
1.47408 1.3798
1.52385 1.58036
1.57362 1.78093
1.62339 1.98149
1.67316 2.18206
1.72293 2.38262
1.7727 2.58319
1.82247 2.78376
1.87224 2.98432
1.92201 3.18489
1.97523 3.18489
2.02844 3.56209
2.07623 3.56209
2.12402 3.63706
2.1718 3.71202
2.21959 3.78699
2.26737 3.86196
2.31516 3.93693
2.36295 4.0119
2.41073 4.08686
2.45852 4.16183
2.50797 4.16183
2.55741 4.16183
2.60686 4.16183
2.65631 4.16183
2.70576 4.16183
2.75521 4.16183
2.80466 4.16183
2.8541 4.16183
2.90355 4.16183
2.953 4.16183
3.00245 4.16183
3.0519 4.16183
3.10135 4.16183
3.15079 4.16183
3.20024 4.16183
3.24969 4.16183
3.29914 4.16183
3.34859 4.16183
3.39804 4.16183
3.44748 4.16183
3.49693 4.16183
3.54638 4.16183
3.59583 4.16183
3.64528 4.16183
3.69473 4.16183
3.74417 4.16183
3.79362 4.16183
3.84307 4.16183
3.89252 4.16183
3.94197 4.16183
3.99142 4.16183
4.04086 4.16183
4.09031 4.16183
4.13976 4.16183
4.18921 4.16183
4.23866 4.16183
6.92899 5.56352
9.61933 5.56352
12.3097 5.56352
15.0 5.56352
0.0 0.469063
0.0503164 0.469063
0.100633 0.492099
0.150949 0.515134
0.201266 0.538169
0.251582 0.561205
0.301899 0.58424
0.352215 0.607276
0.402532 0.630311
0.452848 0.653346
0.503164 0.676382
0.553481 0.699417
0.603797 0.722453
0.654114 0.745488
0.70443 0.768524
0.754747 0.791559
0.805063 0.814594
0.85538 0.83763
0.905696 0.860665
0.956458 0.860665
1.00722 0.945976
1.05798 1.03129
1.10874 1.1166
1.15951 1.20191
1.21027 1.28722
1.26103 1.37253
1.31179 1.45784
1.36256 1.54315
1.41332 1.62846
1.46408 1.71377
1.51484 1.79909
1.5656 1.8844
1.61637 1.96971
1.66713 2.05502
1.71789 2.14033
1.76865 2.22564
1.81941 2.31095
1.87018 2.39626
1.92094 2.48157
1.9717 2.56688
2.02246 2.65219
2.07323 2.73751
2.12399 2.82282
2.17475 2.90813
2.22551 2.99344
2.27627 3.07875
2.32613 3.07875
2.37599 3.10144
2.42584 3.12413
2.4757 3.14682
2.52555 3.1695
2.57541 3.19219
2.62527 3.21488
2.67512 3.23757
2.72498 3.26026
2.77484 3.28295
2.82783 3.28295
2.88082 3.52537
2.93381 3.7678
2.9868 4.01023
3.0398 4.25265
3.08958 4.25265
3.13936 4.25265
3.18913 4.25265
3.23891 4.25265
3.28869 4.25265
3.33847 4.25265
3.38825 4.25265
3.43803 4.25265
3.48781 4.25265
3.53759 4.25265
3.58737 4.25265
3.63715 4.25265
3.68693 4.25265
3.73671 4.25265
3.78649 4.25265
3.83627 4.25265
3.88604 4.25265
3.93582 4.25265
3.9856 4.25265
4.03538 4.25265
4.08516 4.25265
4.13494 4.25265
4.18472 4.25265
4.2345 4.25265
4.28428 4.25265
4.33406 4.25265
4.38384 4.25265
4.43362 4.25265
4.4834 4.25265
4.53317 4.25265
4.58295 4.25265
4.63273 4.25265
4.68251 4.25265
4.73229 4.25265
4.78207 4.25265
4.83185 4.25265
4.88163 4.25265
4.93141 4.25265
4.98119 4.25265
5.03097 4.25265
7.52323 5.45774
10.0155 5.45774
12.5077 5.45774
15.0 5.45774
0.0 0.474185
0.0504551 0.474185
0.10091 0.495022
0.151365 0.51586
0.201821 0.536697
0.252276 0.557534
0.302731 0.578371
0.353186 0.599209
0.403641 0.620046
0.454096 0.640883
0.504551 0.661721
0.555007 0.682558
0.605462 0.703395
0.655917 0.724233
0.706372 0.74507
0.756827 0.765907
0.807282 0.786744
0.857738 0.807582
0.908193 0.828419
0.958648 0.849256
1.0091 0.870094
1.05956 0.890931
1.11001 0.911768
1.16047 0.932606
1.21092 0.953443
1.26138 0.97428
1.31219 0.97428
1.363 1.04151
1.41382 1.10874
1.46463 1.17596
1.51544 1.24319
1.56626 1.31042
1.61707 1.37765
1.66788 1.44488
1.71869 1.5121
1.76951 1.57933
1.82032 1.64656
1.87113 1.71379
1.92195 1.78101
1.97276 1.84824
2.02357 1.91547
2.07438 1.9827
2.1252 2.04993
2.17601 2.11715
2.22682 2.18438
2.27764 2.25161
2.32845 2.31884
2.37926 2.38606
2.43007 2.45329
2.48089 2.52052
2.5317 2.58775
2.58251 2.65498
2.63274 2.65498
2.68298 2.66327
2.73321 2.67157
2.78344 2.67987
2.83367 2.68816
2.8839 2.69646
2.93413 2.70475
2.98436 2.71305
3.03459 2.72135
3.08483 2.72964
3.13506 2.73794
3.18529 2.74624
3.23552 2.75453
3.28575 2.76283
3.33598 2.77113
3.38621 2.77942
3.43644 2.78772
3.48668 2.79601
3.53691 2.80431
3.58714 2.81261
3.63737 2.8209
3.6876 2.8292
3.73783 2.8375
3.78806 2.84579
3.83829 2.85409
3.88853 2.86239
3.93876 2.87068
3.98899 2.87898
4.03922 2.88728
4.08945 2.89557
4.13968 2.90387
4.18991 2.91216
4.24014 2.92046
4.29037 2.92876
4.34061 2.93705
4.39084 2.94535
4.44107 2.95365
4.4913 2.96194
4.54153 2.97024
4.59176 2.97854
4.64199 2.98683
4.69222 2.99513
4.74246 3.00342
4.79269 3.01172
4.84292 3.02002
4.89315 3.02831
4.94338 3.03661
4.99361 3.04491
5.04384 3.0532
5.09407 3.0615
5.14431 3.0698
5.19454 3.07809
5.24477 3.08639
5.295 3.09468
5.34523 3.10298
5.39546 3.11128
5.44569 3.11957
5.49679 3.11957
5.54788 3.19957
5.59897 3.27956
5.65007 3.35955
5.70116 3.43954
5.75225 3.51953
5.80334 3.59952
5.85444 3.67951
5.90553 3.75951
5.95662 3.8395
6.00772 3.91949
6.05881 3.99948
6.1099 4.07947
6.161 4.15946
6.21209 4.23945
6.26318 4.31945
6.31428 4.39944
6.36537 4.47943
6.41646 4.55942
6.46777 4.55942
6.51907 4.55942
6.57037 4.55942
6.62168 4.55942
6.67298 4.55942
6.72429 4.55942
6.77559 4.55942
6.8269 4.55942
6.8782 4.55942
9.58547 5.36295
12.2927 5.36295
15.0 5.36295
0.0 0.451892
0.0474295 0.451892
0.094859 0.465295
0.142288 0.478698
0.189718 0.492101
0.237147 0.505504
0.284577 0.518907
0.334952 0.518907
0.385326 0.589496
0.435701 0.660084
0.486076 0.730673
0.53645 0.801261
0.586825 0.871849
0.6372 0.942438
0.686165 0.942438
0.73513 0.961466
0.784096 0.980493
0.833061 0.999521
0.882026 1.01855
0.930992 1.03758
0.979957 1.0566
1.02892 1.07563
1.07789 1.09466
1.12685 1.11369
1.17582 1.13271
1.22478 1.15174
1.27375 1.17077
1.32271 1.1898
1.37168 1.20883
1.42065 1.22785
1.46961 1.24688
1.51858 1.26591
1.56754 1.28494
1.61809 1.28494
1.66864 1.29287
1.71918 1.3008
1.76973 1.30873
1.82028 1.31666
1.87083 1.32459
1.92137 1.33252
1.97192 1.34045
2.02247 1.34838
2.07301 1.35631
2.12356 1.36424
2.17411 1.37217
2.22466 1.3801
2.2752 1.38803
2.32575 1.39596
2.3763 1.40389
2.42685 1.41182
2.47739 1.41975
2.52794 1.42768
2.57849 1.4356
2.62903 1.44353
2.67958 1.45146
2.7301 1.45146
2.78061 1.45146
2.83113 1.45146
2.88164 1.45146
2.93216 1.45146
2.98267 1.45146
3.03319 1.45146
3.0837 1.45146
3.13422 1.45146
3.18474 1.45146
3.23525 1.45146
3.28577 1.45146
3.33628 1.45146
3.3868 1.45146
3.43731 1.45146
3.48783 1.45146
3.53834 1.45146
3.58886 1.45146
3.63937 1.45146
3.68989 1.45146
3.74041 1.45146
3.79092 1.45146
3.84144 1.45146
3.89195 1.45146
3.94247 1.45146
3.99298 1.45146
6.74474 5.83155
9.49649 5.83155
12.2482 5.83155
15.0 5.83155
0.0 0.468321
0.0537331 0.468321
0.107466 0.475517
0.161199 0.482713
0.214933 0.48991
0.268666 0.497106
0.322399 0.504302
0.370013 0.504302
0.417628 0.615907
0.465242 0.727511
0.512857 0.839115
0.560471 0.950719
0.609691 0.950719
0.65891 0.977856
0.708129 1.00499
0.757349 1.03213
0.806568 1.05927
0.855788 1.0864
0.905007 1.11354
0.954226 1.14067
1.00345 1.16781
1.05267 1.19495
1.10188 1.22208
1.1511 1.24922
1.20032 1.27636
1.24919 1.27636
1.29805 1.28766
1.34691 1.29896
1.39578 1.31027
1.44464 1.32157
1.49351 1.33288
1.54237 1.34418
1.59123 1.35548
1.6401 1.36679
1.68896 1.37809
1.73783 1.38939
1.78669 1.4007
1.83555 1.412
1.88442 1.42331
1.93328 1.43461
1.98215 1.44591
2.03157 1.44591
2.081 1.44591
2.13043 1.44591
2.17986 1.44591
2.22928 1.44591
2.27871 1.44591
2.32814 1.44591
2.37757 1.44591
2.42699 1.44591
2.47642 1.44591
2.52585 1.44591
2.57528 1.44591
2.6247 1.44591
2.67413 1.44591
2.72356 1.44591
2.77299 1.44591
2.82241 1.44591
2.87184 1.44591
5.29747 5.83516
7.7231 5.83516
10.1487 5.83516
12.5744 5.83516
15.0 5.83516
0.0 0.461354
0.0486605 0.461354
0.097321 0.46832
0.145982 0.475286
0.194642 0.482252
0.243303 0.489218
0.291963 0.496185
0.340916 0.496185
0.389869 0.575618
0.438821 0.655051
0.487774 0.734484
0.536727 0.813917
0.585679 0.893351
0.634632 0.972784
0.684218 0.972784
0.733803 0.982575
0.783389 0.992366
0.832974 1.00216
0.88256 1.01195
0.932145 1.02174
0.981731 1.03153
1.03132 1.04132
1.0809 1.05111
1.13049 1.06091
1.18007 1.0707
1.22966 1.08049
1.27924 1.09028
1.32883 1.10007
1.37841 1.10986
1.428 1.11965
1.47759 1.12944
1.52717 1.13924
1.57676 1.14903
1.62634 1.15882
1.67593 1.16861
1.72551 1.1784
1.7751 1.18819
1.82468 1.19798
1.87427 1.20777
1.92439 1.20777
1.9745 1.22247
2.02462 1.23717
2.07474 1.25187
2.12486 1.26657
2.17497 1.28127
2.22509 1.29597
2.27521 1.31067
2.32533 1.32536
2.37544 1.34006
2.42556 1.35476
2.47568 1.36946
2.5258 1.38416
2.57591 1.39886
2.62603 1.41356
2.67615 1.42826
2.72627 1.44295
2.77638 1.45765
2.8265 1.47235
2.87662 1.48705
2.92674 1.50175
2.97572 1.50175
3.02471 1.50175
3.07369 1.50175
3.12267 1.50175
3.17166 1.50175
3.22064 1.50175
3.26963 1.50175
3.31861 1.50175
3.3676 1.50175
3.41658 1.50175
3.46557 1.50175
3.51455 1.50175
3.56354 1.50175
3.61252 1.50175
3.66151 1.50175
3.71049 1.50175
3.75948 1.50175
3.80846 1.50175
3.85744 1.50175
3.90643 1.50175
3.95541 1.50175
4.0044 1.50175
4.05338 1.50175
4.10237 1.50175
6.82678 5.82902
9.55118 5.82902
12.2756 5.82902
15.0 5.82902
0.0 0.46941
0.0498631 0.46941
0.0997262 0.469483
0.149589 0.469555
0.199452 0.469628
0.249316 0.469701
0.299179 0.469773
0.349042 0.469846
0.398905 0.469918
0.448768 0.469991
0.498631 0.470063
0.548494 0.470136
0.598357 0.470209
0.64822 0.470281
0.698084 0.470354
0.747947 0.470426
0.79781 0.470499
0.847673 0.470572
0.897536 0.470644
0.947399 0.470717
0.997262 0.470789
1.04713 0.470862
1.09699 0.470935
1.14685 0.471007
1.19671 0.47108
1.24658 0.471152
1.29644 0.471225
1.3463 0.471298
1.39617 0.47137
1.44603 0.471443
1.49589 0.471515
1.54576 0.471588
1.59562 0.471661
1.64548 0.471733
1.69535 0.471806
1.74521 0.471878
1.79507 0.471951
1.84494 0.472023
1.8948 0.472096
1.94466 0.472169
1.99452 0.472241
2.04439 0.472314
2.09425 0.472386
2.14411 0.472459
2.19398 0.472532
2.24384 0.472604
2.29449 0.472604
2.34514 0.488192
2.39579 0.503779
2.44644 0.519367
2.49709 0.534954
2.54774 0.550542
2.59839 0.56613
2.64904 0.581717
2.69969 0.597305
2.75035 0.612892
2.801 0.62848
2.85165 0.644067
2.9023 0.659655
2.95295 0.675243
3.0036 0.69083
3.05425 0.706418
3.1049 0.722005
3.15555 0.737593
3.2062 0.75318
3.25685 0.768768
3.3075 0.784356
3.35815 0.799943
3.4088 0.815531
3.45945 0.831118
3.5101 0.846706
3.56075 0.862293
3.6114 0.877881
3.66205 0.893468
3.7127 0.909056
3.76336 0.924644
3.81401 0.940231
3.86471 0.940231
3.91541 0.958509
3.96611 0.976786
4.01681 0.995064
4.06751 1.01334
4.11821 1.03162
4.16892 1.0499
4.21962 1.06817
4.27032 1.08645
4.32102 1.10473
4.37172 1.12301
4.42242 1.14128
4.47312 1.15956
4.52383 1.17784
4.57164 1.17784
4.61945 1.21299
4.66726 1.24814
4.71508 1.28329
4.76289 1.31844
4.8107 1.3536
4.85852 1.38875
4.90633 1.4239
4.95414 1.45905
5.00196 1.4942
5.05245 1.4942
5.10294 1.4942
5.15344 1.4942
5.20393 1.4942
5.25442 1.4942
5.30491 1.4942
5.35541 1.4942
5.4059 1.4942
5.45639 1.4942
5.50689 1.4942
5.55738 1.4942
5.60787 1.4942
5.65836 1.4942
5.70886 1.4942
5.75935 1.4942
5.80984 1.4942
5.86033 1.4942
5.91083 1.4942
5.96132 1.4942
6.01181 1.4942
6.06231 1.4942
6.1128 1.4942
6.16329 1.4942
6.21378 1.4942
6.26428 1.4942
6.31477 1.4942
6.36526 1.4942
6.41575 1.4942
9.27717 5.91275
12.1386 5.91275
15.0 5.91275
0.0 0.456369
0.0528794 0.456369
0.105759 0.469094
0.158638 0.481818
0.211518 0.494542
0.261579 0.494542
0.31164 0.551324
0.361701 0.608105
0.411763 0.664886
0.461824 0.721667
0.511885 0.778448
0.561946 0.835229
0.612008 0.89201
0.662069 0.948792
0.71213 1.00557
0.761264 1.00557
0.810398 1.01991
0.859532 1.03424
0.908666 1.04858
0.9578 1.06291
1.00693 1.07725
1.05607 1.09159
1.1052 1.10592
1.15434 1.12026
1.20347 1.13459
1.2526 1.14893
1.30176 1.14893
1.35091 1.1662
1.40007 1.18346
1.44922 1.20073
1.49838 1.218
1.54753 1.23527
1.59669 1.25254
1.64584 1.2698
1.695 1.28707
1.74415 1.30434
1.79331 1.32161
1.84246 1.33887
1.89162 1.35614
1.94077 1.37341
1.98993 1.39068
2.03908 1.40795
2.08824 1.42521
2.13739 1.44248
2.18655 1.45975
2.2357 1.47702
2.28486 1.49428
2.33401 1.51155
2.38317 1.52882
2.43232 1.54609
2.48148 1.56336
2.53063 1.58062
2.57979 1.59789
2.62894 1.61516
2.67783 1.61516
2.72672 1.61516
2.77561 1.61516
2.82449 1.61516
2.87338 1.61516
2.92227 1.61516
2.97115 1.61516
3.02004 1.61516
3.06893 1.61516
3.11781 1.61516
3.1667 1.61516
3.21559 1.61516
3.26447 1.61516
5.61158 6.00779
7.95868 6.00779
10.3058 6.00779
12.6529 6.00779
15.0 6.00779
0.0 0.469642
0.0458952 0.469642
0.0917905 0.469943
0.137686 0.470245
0.183581 0.470546
0.229476 0.470848
0.279685 0.470848
0.329893 0.543724
0.380102 0.616601
0.430311 0.689478
0.480519 0.762354
0.530728 0.835231
0.580937 0.908107
0.631145 0.980984
0.681354 1.05386
0.730329 1.05386
0.779303 1.05743
0.828278 1.061
0.877252 1.06457
0.926227 1.06814
0.975202 1.07171
1.02418 1.07528
1.07315 1.07885
1.12213 1.08242
1.1711 1.08599
1.22008 1.08956
1.26905 1.09313
1.31802 1.0967
1.367 1.10027
1.41612 1.10027
1.46523 1.12633
1.51435 1.1524
1.56346 1.17847
1.61258 1.20454
1.6617 1.23061
1.71081 1.25668
1.75993 1.28274
1.80905 1.30881
1.85816 1.33488
1.90728 1.36095
1.9564 1.38702
2.00551 1.41309
2.05463 1.43916
2.10374 1.46522
2.15286 1.49129
2.20198 1.51736
2.25109 1.54343
2.30021 1.5695
2.34933 1.59557
2.39844 1.62163
2.44756 1.6477
2.49801 1.6477
2.54846 1.6477
2.59891 1.6477
2.64936 1.6477
2.69981 1.6477
2.75026 1.6477
2.80071 1.6477
2.85117 1.6477
2.90162 1.6477
2.95207 1.6477
3.00252 1.6477
3.05297 1.6477
3.10342 1.6477
3.15387 1.6477
3.20432 1.6477
3.25477 1.6477
3.30522 1.6477
3.35567 1.6477
3.40612 1.6477
3.45657 1.6477
5.76526 6.10244
8.07394 6.10244
10.3826 6.10244
12.6913 6.10244
15.0 6.10244
0.0 0.451489
0.0468376 0.451489
0.0936751 0.463728
0.140513 0.475967
0.18735 0.488206
0.234188 0.500445
0.281025 0.512684
0.327863 0.524923
0.37357 0.524923
0.419277 0.660007
0.464985 0.79509
0.510692 0.930174
0.562881 0.930174
0.615071 0.940612
0.66726 0.951051
0.719449 0.961489
0.771639 0.971927
0.823828 0.982366
0.876018 0.992804
0.926608 0.992804
0.977198 1.05277
1.02779 1.11275
1.07838 1.17272
1.12897 1.23269
1.17956 1.29266
1.23015 1.35263
1.28074 1.4126
1.33133 1.47257
1.38192 1.53254
1.43251 1.59251
1.4831 1.65248
1.53189 1.65248
1.58068 1.65248
1.62947 1.65248
1.67827 1.65248
1.72706 1.65248
1.77585 1.65248
1.82464 1.65248
1.87343 1.65248
1.92222 1.65248
1.97101 1.65248
2.01981 1.65248
2.0686 1.65248
4.65488 6.13878
7.24116 6.13878
9.82744 6.13878
12.4137 6.13878
15.0 6.13878
0.0 0.45915
0.0488094 0.45915
0.0976188 0.469941
0.146428 0.480733
0.195238 0.491525
0.244047 0.502317
0.297977 0.502317
0.351908 0.585582
0.405838 0.668847
0.459769 0.752113
0.513699 0.835378
0.56763 0.918643
0.618876 0.918643
0.670123 0.929356
0.721369 0.940068
0.772616 0.950781
0.823862 0.961493
0.875109 0.972206
0.926355 0.982918
0.975941 0.982918
1.02553 1.03409
1.07511 1.08525
1.1247 1.13642
1.17428 1.18759
1.22387 1.23875
1.27346 1.28992
1.32304 1.34109
1.37263 1.39226
1.42221 1.44342
1.4718 1.49459
1.52139 1.54576
1.57097 1.59693
1.62056 1.64809
1.67014 1.69926
1.72066 1.69926
1.77118 1.69926
1.82169 1.69926
1.87221 1.69926
1.92272 1.69926
1.97324 1.69926
2.02376 1.69926
2.07427 1.69926
2.12479 1.69926
2.17531 1.69926
2.22582 1.69926
4.78066 6.22429
7.33549 6.22429
9.89033 6.22429
12.4452 6.22429
15.0 6.22429
0.0 0.445891
0.0528019 0.445891
0.105604 0.461929
0.158406 0.477966
0.211208 0.494003
0.264009 0.510041
0.316811 0.526078
0.371052 0.526078
0.425293 0.684342
0.479533 0.842606
0.528965 0.842606
0.578396 0.850109
0.627828 0.857611
0.677259 0.865113
0.72669 0.872616
0.776122 0.880118
0.825553 0.88762
0.874985 0.895123
0.924416 0.902625
0.973848 0.910127
1.02328 0.91763
1.07271 0.925132
1.12214 0.932634
1.17157 0.940136
1.221 0.947639
1.27044 0.955141
1.31987 0.962643
1.36931 0.962643
1.41876 1.02263
1.4682 1.08262
1.51764 1.14261
1.56709 1.20259
1.61653 1.26258
1.66598 1.32257
1.71542 1.38256
1.76487 1.44255
1.81431 1.50253
1.86376 1.56252
1.9132 1.62251
1.96264 1.6825
2.01476 1.6825
2.06687 1.6825
2.11898 1.6825
2.17109 1.6825
2.2232 1.6825
2.27532 1.6825
2.32743 1.6825
2.37954 1.6825
2.43165 1.6825
2.48376 1.6825
2.53588 1.6825
5.0287 6.20558
7.52153 6.20558
10.0144 6.20558
12.5072 6.20558
15.0 6.20558
0.0 0.474623
0.0499631 0.474623
0.0999263 0.478154
0.149889 0.481685
0.199853 0.485215
0.249816 0.488746
0.299779 0.492277
0.34645 0.492277
0.393121 0.628589
0.439792 0.764901
0.486464 0.901214
0.537657 0.901214
0.588851 0.914883
0.640045 0.928553
0.691239 0.942222
0.742432 0.955892
0.793626 0.969561
0.84482 0.983231
0.896014 0.9969
0.947208 1.01057
0.998401 1.02424
1.04929 1.02424
1.10018 1.0838
1.15106 1.14337
1.20195 1.20293
1.25284 1.26249
1.30372 1.32205
1.35461 1.38162
1.4055 1.44118
1.45639 1.50074
1.50727 1.5603
1.55816 1.61987
1.60905 1.67943
1.65935 1.67943
1.70966 1.67943
1.75997 1.67943
1.81027 1.67943
1.86058 1.67943
1.91089 1.67943
1.96119 1.67943
2.0115 1.67943
2.0618 1.67943
2.11211 1.67943
4.68969 6.16117
7.26727 6.16117
9.84484 6.16117
12.4224 6.16117
15.0 6.16117
0.0 0.450759
0.0531086 0.450759
0.106217 0.468915
0.159326 0.48707
0.212435 0.505226
0.265543 0.523381
0.318652 0.541536
0.37176 0.559692
0.426771 0.559692
0.481782 0.679354
0.536793 0.799016
0.591804 0.918679
0.641927 0.918679
0.69205 0.922699
0.742173 0.92672
0.792296 0.930741
0.842419 0.934762
0.892541 0.938783
0.942664 0.942804
0.992787 0.946824
1.04291 0.950845
1.09303 0.954866
1.14316 0.958887
1.19328 0.962908
1.24233 0.962908
1.29138 1.03537
1.34044 1.10783
1.38949 1.18029
1.43854 1.25275
1.48759 1.32521
1.53665 1.39768
1.5857 1.47014
1.63475 1.5426
1.68381 1.61506
1.73286 1.68752
1.78191 1.75998
1.83224 1.75998
1.88257 1.75998
1.9329 1.75998
1.98322 1.75998
2.03355 1.75998
2.08388 1.75998
2.13421 1.75998
2.18454 1.75998
2.23487 1.75998
2.2852 1.75998
2.33552 1.75998
2.38585 1.75998
2.43618 1.75998
2.48651 1.75998
2.53684 1.75998
2.58717 1.75998
2.6375 1.75998
2.68782 1.75998
2.73815 1.75998
2.78848 1.75998
5.23078 6.1435
7.67309 6.1435
10.1154 6.1435
12.5577 6.1435
15.0 6.1435
0.0 0.449599
0.0492692 0.449599
0.0985384 0.466288
0.147808 0.482976
0.197077 0.499665
0.246346 0.516354
0.295615 0.533043
0.347386 0.533043
0.399156 0.602488
0.450926 0.671934
0.502697 0.741379
0.554467 0.810825
0.606238 0.88027
0.655911 0.88027
0.705584 0.880902
0.755257 0.881535
0.804931 0.882167
0.854604 0.8828
0.904277 0.883432
0.95395 0.884064
1.00362 0.884697
1.0533 0.885329
1.10297 0.885961
1.15264 0.886594
1.20232 0.887226
1.25199 0.887858
1.30166 0.888491
1.35303 0.888491
1.4044 0.953769
1.45577 1.01905
1.50714 1.08433
1.5585 1.1496
1.60987 1.21488
1.66124 1.28016
1.71261 1.34544
1.76398 1.41072
1.81535 1.476
1.86671 1.54128
1.91808 1.60655
1.96945 1.67183
2.02082 1.73711
2.06916 1.73711
2.1175 1.73711
2.16584 1.73711
2.21418 1.73711
2.26252 1.73711
2.31086 1.73711
2.35921 1.73711
2.40755 1.73711
2.45589 1.73711
2.50423 1.73711
2.55257 1.73711
2.60091 1.73711
2.64925 1.73711
2.69759 1.73711
5.15807 6.12846
7.61855 6.12846
10.079 6.12846
12.5395 6.12846
15.0 6.12846
0.0 0.452214
0.0491213 0.452214
0.0982427 0.468981
0.147364 0.485747
0.196485 0.502513
0.245607 0.519279
0.294728 0.536046
0.347311 0.536046
0.399894 0.596564
0.452477 0.657081
0.50506 0.717599
0.557642 0.778117
0.610225 0.838635
0.662808 0.899153
0.71091 0.899153
0.759012 0.903513
0.807115 0.907872
0.855217 0.912232
0.903319 0.916592
0.951421 0.920951
0.999523 0.925311
1.04763 0.929671
1.09573 0.934031
1.14383 0.93839
1.19508 0.93839
1.24634 1.00863
1.29759 1.07888
1.34885 1.14912
1.4001 1.21936
1.45136 1.28961
1.50261 1.35985
1.55386 1.43009
1.60512 1.50034
1.65637 1.57058
1.70763 1.64082
1.75888 1.71107
1.81014 1.78131
1.86139 1.85155
1.90902 1.85155
1.95665 1.85155
2.00428 1.85155
2.05191 1.85155
2.09954 1.85155
2.14718 1.85155
2.19481 1.85155
2.24244 1.85155
2.29007 1.85155
2.3377 1.85155
4.87016 6.10905
7.40262 6.10905
9.93508 6.10905
12.4675 6.10905
15.0 6.10905
0.0 0.44153
0.050465 0.44153
0.10093 0.468694
0.151395 0.495857
0.20186 0.523021
0.252325 0.550184
0.30279 0.577348
0.353255 0.604511
0.40372 0.631675
0.454185 0.658838
0.50465 0.686002
0.555115 0.713165
0.60558 0.740329
0.656045 0.767493
0.707007 0.767493
0.75797 0.774562
0.808932 0.781632
0.859894 0.788702
0.910857 0.795771
0.961819 0.802841
1.01278 0.809911
1.06374 0.81698
1.11471 0.82405
1.16567 0.83112
1.21663 0.83819
1.26759 0.845259
1.31855 0.852329
1.36952 0.859399
1.42048 0.866468
1.47089 0.866468
1.5213 0.870619
1.57171 0.874769
1.62212 0.878919
1.67253 0.883069
1.72294 0.887219
1.77335 0.89137
1.82376 0.89552
1.87417 0.89967
1.92458 0.90382
1.97499 0.90797
2.02539 0.912121
2.0758 0.916271
2.12621 0.920421
2.17662 0.924571
2.22703 0.928722
2.27744 0.932872
2.32785 0.937022
2.37826 0.941172
2.42867 0.945322
2.47908 0.949473
2.52949 0.953623
2.5799 0.957773
2.63031 0.961923
2.68072 0.966073
2.73113 0.970224
2.78052 0.970224
2.82991 1.00229
2.87929 1.03436
2.92868 1.06643
2.97807 1.0985
3.02746 1.13057
3.07684 1.16264
3.12623 1.1947
3.17562 1.22677
3.22501 1.25884
3.2744 1.29091
3.32378 1.32298
3.37317 1.35505
3.42256 1.38712
3.47195 1.41919
3.52134 1.45125
3.57072 1.48332
3.62011 1.51539
3.6695 1.54746
3.71889 1.57953
3.76828 1.6116
3.81766 1.64367
3.86705 1.67574
3.91644 1.7078
3.96583 1.73987
4.01546 1.73987
4.0651 1.73987
4.11474 1.73987
4.16438 1.73987
4.21401 1.73987
4.26365 1.73987
4.31329 1.73987
4.36293 1.73987
4.41256 1.73987
4.4622 1.73987
4.51184 1.73987
4.56148 1.73987
4.61111 1.73987
4.66075 1.73987
4.71039 1.73987
4.76002 1.73987
4.80966 1.73987
4.8593 1.73987
4.90894 1.73987
4.95857 1.73987
5.00821 1.73987
5.05785 1.73987
5.10749 1.73987
5.15712 1.73987
5.20676 1.73987
5.2564 1.73987
5.30604 1.73987
5.35567 1.73987
5.40531 1.73987
5.45495 1.73987
5.50458 1.73987
5.55422 1.73987
5.60386 1.73987
5.6535 1.73987
5.70313 1.73987
5.75277 1.73987
5.80241 1.73987
5.85205 1.73987
5.90168 1.73987
5.95132 1.73987
6.00096 1.73987
6.0506 1.73987
6.10023 1.73987
6.14987 1.73987
6.19951 1.73987
6.24915 1.73987
6.29878 1.73987
6.34842 1.73987
6.39806 1.73987
6.44769 1.73987
6.49733 1.73987
6.54697 1.73987
6.59661 1.73987
6.64624 1.73987
6.69588 1.73987
9.46392 5.99603
12.232 5.99603
15.0 5.99603
0.0 0.4504
0.0517191 0.4504
0.103438 0.477192
0.155157 0.503984
0.206876 0.530777
0.258595 0.557569
0.310314 0.584361
0.362034 0.611154
0.413753 0.637946
0.465472 0.664738
0.517191 0.691531
0.56891 0.718323
0.620629 0.745115
0.672348 0.771907
0.722377 0.771907
0.772406 0.773453
0.822435 0.774998
0.872465 0.776544
0.922494 0.778089
0.972523 0.779635
1.02255 0.78118
1.07258 0.782726
1.12261 0.784271
1.17264 0.785817
1.22267 0.787362
1.2727 0.788908
1.32273 0.790453
1.37276 0.791999
1.42279 0.793544
1.47281 0.79509
1.52284 0.796635
1.57287 0.798181
1.6229 0.799726
1.67293 0.801271
1.72296 0.802817
1.77299 0.804362
1.82302 0.805908
1.87305 0.807453
1.92308 0.808999
1.97311 0.810544
2.02314 0.81209
2.07316 0.813635
2.12319 0.815181
2.17322 0.816726
2.22325 0.818272
2.27328 0.819817
2.32331 0.821363
2.37334 0.822908
2.42337 0.824454
2.4734 0.825999
2.52343 0.827545
2.57346 0.82909
2.62349 0.830635
2.67351 0.832181
2.72354 0.833726
2.77357 0.835272
2.8236 0.836817
2.87363 0.838363
2.92366 0.839908
2.97369 0.841454
3.02372 0.842999
3.07375 0.844545
3.12378 0.84609
3.17464 0.84609
3.22551 0.847416
3.27638 0.848742
3.32724 0.850068
3.37811 0.851394
3.42897 0.85272
3.47984 0.854046
3.53071 0.855372
3.58157 0.856698
3.63244 0.858024
3.68331 0.85935
3.73417 0.860676
3.78504 0.862002
3.8359 0.863328
3.88677 0.864654
3.93764 0.865979
3.9885 0.867305
4.03937 0.868631
4.09024 0.869957
4.1411 0.871283
4.19197 0.872609
4.24284 0.873935
4.2937 0.875261
4.34457 0.876587
4.39543 0.877913
4.4463 0.879239
4.49717 0.880565
4.54652 0.880565
4.59588 0.939092
4.64524 0.997618
4.69459 1.05615
4.74395 1.11467
4.7933 1.1732
4.84266 1.23173
4.89202 1.29025
4.94137 1.34878
4.99073 1.40731
5.04009 1.46583
5.08944 1.52436
5.1388 1.58289
5.18816 1.64141
5.23751 1.69994
5.28687 1.75847
5.33623 1.81699
5.38558 1.87552
5.43517 1.87552
5.48475 1.87552
5.53434 1.87552
5.58392 1.87552
5.63351 1.87552
5.68309 1.87552
5.73268 1.87552
5.78226 1.87552
5.83185 1.87552
5.88143 1.87552
5.93102 1.87552
5.9806 1.87552
6.03019 1.87552
6.07977 1.87552
6.12936 1.87552
6.17894 1.87552
6.22853 1.87552
6.27812 1.87552
6.3277 1.87552
6.37729 1.87552
6.42687 1.87552
6.47646 1.87552
6.52604 1.87552
6.57563 1.87552
6.62521 1.87552
9.41681 5.93222
12.2084 5.93222
15.0 5.93222
0.0 0.451265
0.0487123 0.451265
0.0974246 0.474962
0.146137 0.49866
0.194849 0.522357
0.243562 0.546055
0.292274 0.569752
0.340986 0.59345
0.389699 0.617147
0.438411 0.640845
0.487123 0.664542
0.535835 0.68824
0.584548 0.711937
0.63326 0.735635
0.681972 0.759332
0.730685 0.78303
0.781444 0.78303
0.832202 0.784313
0.882961 0.785597
0.93372 0.78688
0.984479 0.788163
1.03524 0.789447
1.086 0.79073
1.13675 0.792014
1.18751 0.793297
1.23827 0.794581
1.28903 0.795864
1.33979 0.797148
1.39055 0.798431
1.44131 0.799715
1.49207 0.800998
1.54283 0.802282
1.59358 0.803565
1.64434 0.804849
1.6951 0.806132
1.74586 0.807416
1.79662 0.808699
1.84738 0.809983
1.89814 0.811266
1.9489 0.81255
1.99965 0.813833
2.05041 0.815117
2.10117 0.8164
2.15193 0.817684
2.20269 0.818967
2.25345 0.82025
2.30294 0.82025
2.35243 0.823721
2.40192 0.827192
2.45141 0.830663
2.5009 0.834134
2.55039 0.837605
2.59988 0.841076
2.64937 0.844547
2.69886 0.848018
2.74835 0.851489
2.79784 0.85496
2.84733 0.858431
2.89682 0.861902
2.94631 0.865373
2.99579 0.868844
3.04528 0.872315
3.09477 0.875786
3.14426 0.879257
3.19375 0.882728
3.24324 0.886199
3.29273 0.88967
3.34222 0.893141
3.39171 0.896612
3.4412 0.900083
3.49069 0.903554
3.54018 0.907025
3.58967 0.910496
3.63916 0.913967
3.68834 0.913967
3.73752 0.957169
3.7867 1.00037
3.83587 1.04357
3.88505 1.08677
3.93423 1.12998
3.98341 1.17318
4.03259 1.21638
4.08176 1.25958
4.13094 1.30278
4.18012 1.34598
4.2293 1.38919
4.27848 1.43239
4.32765 1.47559
4.37683 1.51879
4.42601 1.56199
4.47519 1.6052
4.52437 1.6484
4.57354 1.6916
4.62272 1.7348
4.6719 1.778
4.72108 1.8212
4.77026 1.86441
4.81943 1.90761
4.8693 1.90761
4.91917 1.90761
4.96903 1.90761
5.0189 1.90761
5.06877 1.90761
5.11863 1.90761
5.1685 1.90761
5.21836 1.90761
5.26823 1.90761
5.3181 1.90761
5.36796 1.90761
5.41783 1.90761
5.46769 1.90761
5.51756 1.90761
5.56743 1.90761
5.61729 1.90761
5.66716 1.90761
5.71703 1.90761
5.76689 1.90761
5.81676 1.90761
5.86662 1.90761
5.91649 1.90761
5.96636 1.90761
6.01622 1.90761
6.06609 1.90761
6.11596 1.90761
6.16582 1.90761
6.21569 1.90761
6.26555 1.90761
6.31542 1.90761
6.36529 1.90761
6.41515 1.90761
6.46502 1.90761
6.51488 1.90761
6.56475 1.90761
6.61462 1.90761
6.66448 1.90761
6.71435 1.90761
6.76422 1.90761
6.81408 1.90761
6.86395 1.90761
6.91381 1.90761
6.96368 1.90761
7.01355 1.90761
7.06341 1.90761
7.11328 1.90761
7.16314 1.90761
7.21301 1.90761
7.26288 1.90761
7.31274 1.90761
7.36261 1.90761
7.41248 1.90761
7.46234 1.90761
7.51221 1.90761
7.56207 1.90761
10.0414 5.88379
12.5207 5.88379
15.0 5.88379
0.0 0.455284
0.0495561 0.455284
0.0991123 0.4846
0.148668 0.513917
0.198225 0.543234
0.247781 0.57255
0.297337 0.601867
0.346893 0.631183
0.396449 0.6605
0.446005 0.689816
0.495561 0.719133
0.545118 0.748449
0.594715 0.748449
0.644313 0.750357
0.693911 0.752264
0.743508 0.754172
0.793106 0.756079
0.842703 0.757987
0.892301 0.759894
0.941899 0.761802
0.991496 0.763709
1.04109 0.765617
1.09069 0.767525
1.14029 0.769432
1.18989 0.77134
1.23948 0.773247
1.28908 0.775155
1.33868 0.777062
1.38828 0.77897
1.43788 0.780877
1.48747 0.782785
1.53707 0.784692
1.58667 0.7866
1.63627 0.788507
1.68586 0.790415
1.73546 0.792322
1.78506 0.79423
1.83681 0.79423
1.88855 0.80576
1.9403 0.81729
1.99205 0.828821
2.0438 0.840351
2.09555 0.851881
2.1473 0.863412
2.19904 0.874942
2.25079 0.886472
2.30254 0.898003
2.35429 0.909533
2.40604 0.921063
2.45579 0.921063
2.50554 0.94778
2.55529 0.974496
2.60504 1.00121
2.65479 1.02793
2.70454 1.05465
2.75429 1.08136
2.80405 1.10808
2.8538 1.13479
2.90355 1.16151
2.9533 1.18823
3.00305 1.21494
3.0528 1.24166
3.10255 1.26838
3.1523 1.29509
3.20205 1.32181
3.25181 1.34853
3.30156 1.37524
3.35131 1.40196
3.40106 1.42868
3.45081 1.45539
3.50056 1.48211
3.55031 1.50882
3.60006 1.53554
3.64981 1.56226
3.69957 1.58897
3.74932 1.61569
3.79907 1.64241
3.84882 1.66912
3.89857 1.69584
3.94832 1.72256
3.99807 1.74927
4.04782 1.77599
4.09758 1.80271
4.14733 1.82942
4.19708 1.85614
4.24683 1.88286
4.29658 1.90957
4.34633 1.93629
4.39673 1.93629
4.44713 1.93629
4.49753 1.93629
4.54793 1.93629
4.59832 1.93629
4.64872 1.93629
4.69912 1.93629
4.74952 1.93629
4.79992 1.93629
4.85032 1.93629
4.90072 1.93629
4.95111 1.93629
5.00151 1.93629
5.05191 1.93629
5.10231 1.93629
5.15271 1.93629
5.20311 1.93629
5.25351 1.93629
5.3039 1.93629
5.3543 1.93629
5.4047 1.93629
5.4551 1.93629
5.5055 1.93629
5.5559 1.93629
5.6063 1.93629
5.6567 1.93629
5.70709 1.93629
5.75749 1.93629
5.80789 1.93629
5.85829 1.93629
5.90869 1.93629
5.95909 1.93629
6.00949 1.93629
6.05988 1.93629
6.11028 1.93629
6.16068 1.93629
6.21108 1.93629
6.26148 1.93629
6.31188 1.93629
6.36228 1.93629
6.41267 1.93629
9.27512 5.88732
12.1376 5.88732
15.0 5.88732
0.0 0.446858
0.0477931 0.446858
0.0955862 0.477678
0.143379 0.508498
0.191172 0.539318
0.238965 0.570138
0.286759 0.600958
0.334552 0.631778
0.382345 0.662598
0.430138 0.693418
0.477931 0.724238
0.525724 0.755058
0.575721 0.755058
0.625719 0.756006
0.675716 0.756953
0.725713 0.7579
0.775711 0.758847
0.825708 0.759794
0.875706 0.760742
0.925703 0.761689
0.9757 0.762636
1.0257 0.763583
1.07569 0.764531
1.12569 0.765478
1.17569 0.766425
1.22569 0.767372
1.27568 0.768319
1.32568 0.769267
1.37568 0.770214
1.42568 0.771161
1.47567 0.772108
1.52567 0.773056
1.57567 0.774003
1.62567 0.77495
1.67566 0.775897
1.72566 0.776844
1.77566 0.777792
1.82566 0.778739
1.87565 0.779686
1.92565 0.780633
1.97565 0.781581
2.02565 0.782528
2.07542 0.782528
2.1252 0.8046
2.17498 0.826672
2.22476 0.848744
2.27454 0.870815
2.32432 0.892887
2.3741 0.914959
2.42388 0.937031
2.47366 0.959103
2.52344 0.981175
2.57322 1.00325
2.623 1.02532
2.67278 1.04739
2.72256 1.06946
2.77211 1.06946
2.82167 1.10216
2.87122 1.13487
2.92078 1.16757
2.97033 1.20027
3.01989 1.23297
3.06944 1.26567
3.119 1.29837
3.16855 1.33108
3.21811 1.36378
3.26767 1.39648
3.31722 1.42918
3.36678 1.46188
3.41633 1.49458
3.46589 1.52728
3.51544 1.55999
3.565 1.59269
3.61455 1.62539
3.66411 1.65809
3.71366 1.69079
3.76322 1.72349
3.81277 1.7562
3.86233 1.7889
3.91189 1.8216
3.96144 1.8543
4.011 1.887
4.06055 1.9197
4.10954 1.9197
4.15853 1.9197
4.20752 1.9197
4.25651 1.9197
4.3055 1.9197
4.35449 1.9197
4.40348 1.9197
4.45246 1.9197
4.50145 1.9197
4.55044 1.9197
4.59943 1.9197
4.64842 1.9197
4.69741 1.9197
4.7464 1.9197
4.79539 1.9197
4.84438 1.9197
4.89337 1.9197
4.94235 1.9197
4.99134 1.9197
5.04033 1.9197
5.08932 1.9197
5.13831 1.9197
5.1873 1.9197
7.64047 5.77337
10.0936 5.77337
12.5468 5.77337
15.0 5.77337
0.0 0.444695
0.0490507 0.444695
0.0981015 0.476725
0.147152 0.508755
0.196203 0.540785
0.245254 0.572816
0.294304 0.604846
0.343355 0.636876
0.392406 0.668906
0.441457 0.700937
0.490507 0.732967
0.540343 0.732967
0.590178 0.735401
0.640013 0.737835
0.689848 0.740269
0.739683 0.742702
0.789518 0.745136
0.839353 0.74757
0.889188 0.750004
0.939023 0.752438
0.988858 0.754872
1.03869 0.757306
1.08853 0.75974
1.13836 0.762174
1.1882 0.764607
1.23803 0.767041
1.28787 0.769475
1.3377 0.771909
1.38754 0.774343
1.43737 0.776777
1.48721 0.779211
1.53704 0.781645
1.58688 0.784078
1.63626 0.784078
1.68565 0.823312
1.73503 0.862546
1.78441 0.90178
1.8338 0.941014
1.88318 0.980248
1.93256 1.01948
1.98195 1.05872
2.0319 1.05872
2.08186 1.10344
2.13181 1.14817
2.18177 1.1929
2.23173 1.23762
2.28168 1.28235
2.33164 1.32708
2.3816 1.3718
2.43155 1.41653
2.48151 1.46126
2.53146 1.50598
2.58142 1.55071
2.63138 1.59544
2.68133 1.64016
2.73129 1.68489
2.78124 1.72962
2.8312 1.77434
2.88116 1.81907
2.93111 1.86379
2.98107 1.90852
3.03103 1.95325
3.0822 1.95325
3.13337 1.95325
3.18454 1.95325
3.23571 1.95325
3.28689 1.95325
3.33806 1.95325
3.38923 1.95325
3.4404 1.95325
3.49158 1.95325
3.54275 1.95325
3.59392 1.95325
3.64509 1.95325
3.69627 1.95325
3.74744 1.95325
3.79861 1.95325
3.84978 1.95325
3.90096 1.95325
3.95213 1.95325
4.0033 1.95325
4.05447 1.95325
6.79086 5.85117
9.52724 5.85117
12.2636 5.85117
15.0 5.85117
0.0 0.45571
0.0482357 0.45571
0.0964714 0.479956
0.144707 0.504203
0.192943 0.528449
0.241179 0.552696
0.289414 0.576943
0.33765 0.601189
0.385886 0.625436
0.434121 0.649683
0.482357 0.673929
0.530593 0.698176
0.578828 0.722423
0.627064 0.746669
0.6753 0.770916
0.725654 0.770916
0.776008 0.775133
0.826361 0.779349
0.876715 0.783566
0.927069 0.787782
0.977423 0.791999
1.02778 0.796215
1.07813 0.800432
1.12848 0.804648
1.17884 0.808865
1.22919 0.813081
1.27955 0.817298
1.3299 0.821514
1.38025 0.825731
1.43061 0.829948
1.48096 0.834164
1.53132 0.838381
1.58167 0.842597
1.63202 0.846814
1.68238 0.85103
1.73033 0.85103
1.77828 0.860299
1.82623 0.869569
1.87418 0.878838
1.92213 0.888107
1.97008 0.897376
2.01803 0.906646
2.06598 0.915915
2.11393 0.925184
2.16188 0.934453
2.20983 0.943723
2.25778 0.952992
2.30836 0.952992
2.35894 0.984922
2.40951 1.01685
2.46009 1.04878
2.51067 1.08071
2.56124 1.11264
2.61182 1.14457
2.6624 1.1765
2.71298 1.20843
2.76355 1.24036
2.81413 1.27229
2.86471 1.30422
2.91528 1.33615
2.96586 1.36808
3.01644 1.40001
3.06701 1.43194
3.11759 1.46387
3.16817 1.4958
3.21875 1.52773
3.26932 1.55967
3.3199 1.5916
3.37048 1.62353
3.42105 1.65546
3.47163 1.68739
3.52221 1.71932
3.57278 1.75125
3.62336 1.78318
3.67394 1.81511
3.72452 1.84704
3.77509 1.87897
3.82567 1.9109
3.87625 1.94283
3.92682 1.97476
3.9774 2.00669
4.02543 2.00669
4.07346 2.00669
4.1215 2.00669
4.16953 2.00669
4.21756 2.00669
4.26559 2.00669
4.31362 2.00669
4.36166 2.00669
4.40969 2.00669
4.45772 2.00669
7.09329 5.94348
9.72886 5.94348
12.3644 5.94348
15.0 5.94348
0.0 0.470123
0.0503751 0.470123
0.10075 0.492577
0.151125 0.515031
0.2015 0.537484
0.251875 0.559938
0.30225 0.582392
0.352626 0.604845
0.403001 0.627299
0.453376 0.649753
0.503751 0.672206
0.554126 0.69466
0.604501 0.717114
0.654876 0.739568
0.705251 0.762021
0.755626 0.784475
0.806001 0.806929
0.856376 0.829382
0.906208 0.829382
0.956039 0.830414
1.00587 0.831446
1.0557 0.832477
1.10553 0.833509
1.15536 0.834541
1.2052 0.835572
1.25503 0.836604
1.30486 0.837636
1.35469 0.838668
1.40452 0.839699
1.45435 0.840731
1.50418 0.841763
1.55401 0.842794
1.60385 0.843826
1.65368 0.844858
1.70351 0.845889
1.75334 0.846921
1.80317 0.847953
1.853 0.848985
1.90283 0.850016
1.95266 0.851048
2.00249 0.85208
2.05233 0.853111
2.10216 0.854143
2.15199 0.855175
2.20182 0.856206
2.25165 0.857238
2.30148 0.85827
2.35131 0.859302
2.40114 0.860333
2.45098 0.861365
2.50081 0.862397
2.55064 0.863428
2.60047 0.86446
2.64975 0.86446
2.69904 0.881812
2.74832 0.899163
2.7976 0.916515
2.84688 0.933867
2.89617 0.951218
2.94545 0.96857
2.99473 0.985922
3.04401 1.00327
3.0933 1.02062
3.14258 1.03798
3.19186 1.05533
3.24114 1.07268
3.29043 1.09003
3.33971 1.10738
3.38899 1.12473
3.43827 1.14209
3.48756 1.15944
3.53684 1.17679
3.58612 1.19414
3.6354 1.21149
3.68469 1.22884
3.73397 1.2462
3.78325 1.26355
3.83253 1.2809
3.88077 1.2809
3.929 1.46664
3.97724 1.65238
4.02547 1.83812
4.07371 2.02386
4.12194 2.2096
4.1716 2.2096
4.22126 2.2096
4.27092 2.2096
4.32057 2.2096
4.37023 2.2096
4.41989 2.2096
4.46955 2.2096
4.51921 2.2096
4.56886 2.2096
4.61852 2.2096
4.66818 2.2096
4.71784 2.2096
4.7675 2.2096
4.81715 2.2096
4.86681 2.2096
4.91647 2.2096
4.96613 2.2096
5.01578 2.2096
5.06544 2.2096
5.1151 2.2096
5.16476 2.2096
5.21442 2.2096
5.26407 2.2096
5.31373 2.2096
5.36339 2.2096
5.41305 2.2096
5.46271 2.2096
5.51236 2.2096
5.56202 2.2096
5.61168 2.2096
5.66134 2.2096
5.71099 2.2096
5.76065 2.2096
5.81031 2.2096
5.85997 2.2096
5.90963 2.2096
5.95928 2.2096
6.00894 2.2096
6.0586 2.2096
6.10826 2.2096
6.15792 2.2096
6.20757 2.2096
6.25723 2.2096
6.30689 2.2096
6.35655 2.2096
6.4062 2.2096
6.45586 2.2096
6.50552 2.2096
6.55518 2.2096
9.37012 6.18747
12.1851 6.18747
15.0 6.18747
0.0 0.461276
0.050568 0.461276
0.101136 0.491299
0.151704 0.521322
0.202272 0.551345
0.25284 0.581369
0.303408 0.611392
0.353976 0.641415
0.404544 0.671438
0.455112 0.701461
0.50568 0.731484
0.556248 0.761507
0.60651 0.761507
0.656772 0.761701
0.707034 0.761894
0.757296 0.762087
0.807558 0.76228
0.85782 0.762474
0.908082 0.762667
0.958344 0.76286
1.00861 0.763053
1.05887 0.763247
1.10913 0.76344
1.15939 0.763633
1.20965 0.763826
1.25992 0.76402
1.31018 0.764213
1.36044 0.764406
1.4107 0.764599
1.46096 0.764793
1.51123 0.764986
1.56149 0.765179
1.61175 0.765372
1.66201 0.765566
1.71227 0.765759
1.76254 0.765952
1.8128 0.766145
1.86306 0.766339
1.91332 0.766532
1.96358 0.766725
2.01385 0.766918
2.06411 0.767112
2.11437 0.767305
2.16463 0.767498
2.21489 0.767691
2.26422 0.767691
2.31355 0.782243
2.36288 0.796795
2.41221 0.811347
2.46154 0.825899
2.51087 0.840451
2.5602 0.855003
2.60953 0.869555
2.65885 0.884107
2.70818 0.898659
2.75751 0.913211
2.80684 0.927763
2.85617 0.942315
2.9055 0.956867
2.95483 0.971419
3.00416 0.985971
3.05349 1.00052
3.10282 1.01507
3.15215 1.02963
3.20147 1.04418
3.2508 1.05873
3.30013 1.07328
3.34946 1.08783
3.39879 1.10239
3.44812 1.11694
3.49745 1.13149
3.54678 1.14604
3.59611 1.16059
3.64544 1.17515
3.69476 1.1897
3.74409 1.20425
3.79342 1.2188
3.84275 1.23335
3.89208 1.24791
3.94141 1.26246
3.99083 1.26246
4.04025 1.29044
4.08967 1.31842
4.13908 1.3464
4.1885 1.37438
4.23792 1.40236
4.28734 1.43034
4.33676 1.45832
4.38618 1.4863
4.4356 1.51428
4.48501 1.54226
4.53443 1.57025
4.58385 1.59823
4.63327 1.62621
4.68269 1.65419
4.73211 1.68217
4.78153 1.71015
4.83094 1.73813
4.88036 1.76611
4.92978 1.79409
4.9792 1.82207
5.02862 1.85005
5.07804 1.87803
5.12746 1.90601
5.17687 1.93399
5.22629 1.96197
5.27571 1.98996
5.32513 2.01794
5.37455 2.04592
5.42397 2.0739
5.47339 2.10188
5.5228 2.12986
5.57222 2.12986
5.62164 2.12986
5.67105 2.12986
5.72047 2.12986
5.76988 2.12986
5.8193 2.12986
5.86871 2.12986
5.91813 2.12986
5.96755 2.12986
6.01696 2.12986
6.06638 2.12986
6.11579 2.12986
6.16521 2.12986
6.21463 2.12986
6.26404 2.12986
6.31346 2.12986
6.36287 2.12986
6.41229 2.12986
6.46171 2.12986
6.51112 2.12986
9.34075 6.18749
12.1704 6.18749
15.0 6.18749
0.0 0.448898
0.0477062 0.448898
0.0954124 0.483036
0.143119 0.517175
0.190825 0.551313
0.238531 0.585451
0.286237 0.61959
0.333943 0.653728
0.381649 0.687866
0.431022 0.687866
0.480395 0.693523
0.529768 0.69918
0.579141 0.704837
0.628514 0.710493
0.677887 0.71615
0.72726 0.721807
0.776633 0.727464
0.826006 0.733121
0.875379 0.738777
0.924751 0.744434
0.974124 0.750091
1.0235 0.755748
1.07287 0.761404
1.12224 0.767061
1.17162 0.772718
1.22099 0.778375
1.27036 0.784032
1.31973 0.789688
1.36911 0.795345
1.41848 0.801002
1.46785 0.806659
1.51723 0.812316
1.5666 0.817972
1.61597 0.823629
1.66535 0.829286
1.71472 0.834943
1.76409 0.8406
1.81346 0.846256
1.86284 0.851913
1.91221 0.85757
1.96158 0.863227
2.01096 0.868884
2.06033 0.87454
2.1097 0.880197
2.15907 0.885854
2.20845 0.891511
2.25782 0.897168
2.30877 0.897168
2.35973 0.916236
2.41068 0.935304
2.46164 0.954372
2.51259 0.97344
2.56355 0.992508
2.6145 1.01158
2.66545 1.03064
2.71641 1.04971
2.76736 1.06878
2.81832 1.08785
2.86927 1.10692
2.92023 1.12599
2.97118 1.14505
3.02214 1.16412
3.07309 1.18319
3.12404 1.20226
3.175 1.22133
3.22595 1.24039
3.27691 1.25946
3.32678 1.25946
3.37665 1.30863
3.42652 1.3578
3.47639 1.40696
3.52627 1.45613
3.57614 1.50529
3.62601 1.55446
3.67588 1.60363
3.72575 1.65279
3.77563 1.70196
3.8255 1.75112
3.87537 1.80029
3.92524 1.84946
3.97511 1.89862
4.02498 1.94779
4.07486 1.99696
4.12473 2.04612
4.1746 2.09529
4.22376 2.09529
4.27293 2.09529
4.32209 2.09529
4.37126 2.09529
4.42042 2.09529
4.46959 2.09529
4.51875 2.09529
4.56792 2.09529
4.61708 2.09529
4.66625 2.09529
4.71541 2.09529
4.76458 2.09529
4.81374 2.09529
4.86291 2.09529
4.91207 2.09529
4.96124 2.09529
5.0104 2.09529
5.05957 2.09529
5.10873 2.09529
5.1579 2.09529
7.61842 6.07906
10.0789 6.07906
12.5395 6.07906
15.0 6.07906
0.0 0.468306
0.0491176 0.468306
0.0982353 0.491271
0.147353 0.514237
0.196471 0.537202
0.245588 0.560167
0.294706 0.583133
0.343823 0.606098
0.392941 0.629063
0.442059 0.652029
0.491176 0.674994
0.540294 0.697959
0.589412 0.720925
0.639568 0.720925
0.689725 0.723546
0.739881 0.726167
0.790038 0.728787
0.840195 0.731408
0.890351 0.734029
0.940508 0.73665
0.990664 0.739271
1.04082 0.741892
1.09098 0.744513
1.14113 0.747134
1.19129 0.749755
1.24145 0.752376
1.2916 0.754997
1.34176 0.757618
1.39192 0.760239
1.44207 0.76286
1.49223 0.765481
1.54239 0.768102
1.59254 0.770723
1.6427 0.773344
1.69286 0.775964
1.74301 0.778585
1.79317 0.781206
1.84333 0.783827
1.89348 0.786448
1.94364 0.789069
1.9938 0.79169
2.04395 0.794311
2.09411 0.796932
2.14427 0.799553
2.19442 0.802174
2.24458 0.804795
2.29474 0.807416
2.34489 0.810037
2.39505 0.812658
2.44521 0.815279
2.49536 0.8179
2.54552 0.820521
2.59568 0.823141
2.64583 0.825762
2.69599 0.828383
2.74615 0.831004
2.7963 0.833625
2.84646 0.836246
2.89662 0.838867
2.94677 0.841488
2.99693 0.844109
3.04708 0.84673
3.09724 0.849351
3.14813 0.849351
3.19901 0.869124
3.2499 0.888898
3.30079 0.908672
3.35167 0.928445
3.40256 0.948219
3.45345 0.967992
3.50433 0.987766
3.55522 1.00754
3.60611 1.02731
3.65699 1.04709
3.70788 1.06686
3.75877 1.08663
3.80965 1.10641
3.86054 1.12618
3.91143 1.14595
3.96231 1.16573
4.0132 1.1855
4.06409 1.20528
4.11319 1.20528
4.1623 1.26183
4.21141 1.31838
4.26051 1.37493
4.30962 1.43149
4.35872 1.48804
4.40783 1.54459
4.45694 1.60115
4.50604 1.6577
4.55515 1.71425
4.60425 1.7708
4.65336 1.82736
4.70247 1.88391
4.75157 1.94046
4.80068 1.99702
4.84979 2.05357
4.89889 2.11012
4.94938 2.11012
4.99987 2.11012
5.05035 2.11012
5.10084 2.11012
5.15133 2.11012
5.20181 2.11012
5.2523 2.11012
5.30279 2.11012
5.35327 2.11012
5.40376 2.11012
5.45425 2.11012
5.50473 2.11012
5.55522 2.11012
5.60571 2.11012
5.6562 2.11012
5.70668 2.11012
5.75717 2.11012
5.80766 2.11012
5.85814 2.11012
5.90863 2.11012
5.95912 2.11012
6.0096 2.11012
6.06009 2.11012
6.11058 2.11012
6.16106 2.11012
6.21155 2.11012
6.26204 2.11012
9.17469 6.09599
12.0873 6.09599
15.0 6.09599
0.0 0.474609
0.0494826 0.474609
0.0989652 0.496679
0.148448 0.51875
0.19793 0.54082
0.247413 0.56289
0.296895 0.58496
0.346378 0.607031
0.395861 0.629101
0.445343 0.651171
0.494826 0.673242
0.544308 0.695312
0.593791 0.717382
0.643274 0.739452
0.692416 0.739452
0.741559 0.741947
0.790701 0.744442
0.839844 0.746937
0.888987 0.749432
0.938129 0.751926
0.987272 0.754421
1.03641 0.756916
1.08556 0.759411
1.1347 0.761906
1.18384 0.764401
1.23298 0.766895
1.28213 0.76939
1.33127 0.771885
1.38041 0.77438
1.42956 0.776875
1.4787 0.77937
1.52784 0.781864
1.57698 0.784359
1.62613 0.786854
1.67527 0.789349
1.72441 0.791844
1.77355 0.794339
1.8227 0.796833
1.87184 0.799328
1.92098 0.801823
1.97012 0.804318
2.01927 0.806813
2.06853 0.806813
2.11778 0.826513
2.16704 0.846213
2.2163 0.865913
2.26556 0.885613
2.31482 0.905313
2.36408 0.925013
2.41334 0.944713
2.4626 0.964413
2.51186 0.984113
2.56112 1.00381
2.61038 1.02351
2.65964 1.04321
2.7089 1.06291
2.75815 1.08261
2.80741 1.10231
2.85667 1.12201
2.90593 1.14171
2.95519 1.16141
3.00445 1.18111
3.05446 1.18111
3.10448 1.24812
3.15449 1.31512
3.20451 1.38213
3.25452 1.44913
3.30453 1.51614
3.35455 1.58314
3.40456 1.65015
3.45458 1.71715
3.50459 1.78415
3.5546 1.85116
3.60462 1.91816
3.65463 1.98517
3.70465 2.05217
3.75466 2.11918
3.80467 2.18618
3.8547 2.18618
3.90472 2.18618
3.95474 2.18618
4.00476 2.18618
4.05479 2.18618
4.10481 2.18618
4.15483 2.18618
4.20486 2.18618
4.25488 2.18618
4.3049 2.18618
4.35492 2.18618
4.40495 2.18618
4.45497 2.18618
4.50499 2.18618
4.55502 2.18618
4.60504 2.18618
4.65506 2.18618
4.70508 2.18618
4.75511 2.18618
4.80513 2.18618
4.85515 2.18618
4.90517 2.18618
4.9552 2.18618
5.00522 2.18618
5.05524 2.18618
5.10527 2.18618
5.15529 2.18618
5.20531 2.18618
5.25533 2.18618
5.30536 2.18618
5.35538 2.18618
5.4054 2.18618
5.45543 2.18618
5.50545 2.18618
5.55547 2.18618
5.60549 2.18618
5.65552 2.18618
5.70554 2.18618
5.75556 2.18618
5.80559 2.18618
5.85561 2.18618
5.90563 2.18618
5.95565 2.18618
6.00568 2.18618
6.0557 2.18618
6.10572 2.18618
6.15574 2.18618
6.20577 2.18618
6.25579 2.18618
6.30581 2.18618
6.35584 2.18618
6.40586 2.18618
6.45588 2.18618
6.5059 2.18618
6.55593 2.18618
6.60595 2.18618
6.65597 2.18618
9.43732 6.15577
12.2187 6.15577
15.0 6.15577
0.0 0.48552
0.0510067 0.48552
0.102013 0.505222
0.15302 0.524924
0.204027 0.544626
0.255034 0.564328
0.30604 0.58403
0.357047 0.603732
0.408054 0.623434
0.45906 0.643136
0.510067 0.662838
0.561074 0.682541
0.611559 0.682541
0.662044 0.689643
0.71253 0.696746
0.763015 0.703848
0.8135 0.710951
0.863986 0.718054
0.914471 0.725156
0.964956 0.732259
1.01544 0.739361
1.06593 0.746464
1.11641 0.753567
1.1669 0.760669
1.21738 0.767772
1.26787 0.774874
1.31835 0.781977
1.36884 0.78908
1.41932 0.796182
1.46981 0.803285
1.52029 0.810387
1.56937 0.810387
1.61844 0.835648
1.66752 0.860909
1.71659 0.88617
1.76567 0.911431
1.81474 0.936692
1.86382 0.961953
1.91289 0.987214
1.96197 1.01248
2.01104 1.03774
2.06012 1.063
2.10919 1.08826
2.15826 1.11352
2.20734 1.13878
2.25641 1.16404
2.30549 1.1893
2.35456 1.21456
2.40364 1.23982
2.45271 1.26509
2.50232 1.26509
2.55193 1.28754
2.60154 1.31
2.65115 1.33245
2.70076 1.35491
2.75037 1.37736
2.79998 1.39982
2.8496 1.42227
2.89921 1.44473
2.94882 1.46718
2.99843 1.48964
3.04804 1.51209
3.09765 1.53455
3.14726 1.557
3.19687 1.57945
3.24648 1.60191
3.29609 1.62436
3.3457 1.64682
3.39531 1.66927
3.44492 1.69173
3.49453 1.71418
3.54414 1.73664
3.59375 1.75909
3.64336 1.78155
3.69297 1.804
3.74258 1.82646
3.79219 1.84891
3.8418 1.87137
3.89141 1.89382
3.94102 1.91628
3.99064 1.93873
4.04025 1.96119
4.08986 1.98364
4.13947 2.0061
4.18908 2.02855
4.23869 2.05101
4.2883 2.07346
4.33791 2.09592
4.38752 2.11837
4.43713 2.14083
4.48674 2.16328
4.53674 2.16328
4.58675 2.16328
4.63675 2.16328
4.68676 2.16328
4.73676 2.16328
4.78677 2.16328
4.83677 2.16328
4.88678 2.16328
4.93678 2.16328
4.98678 2.16328
5.03679 2.16328
5.08679 2.16328
5.1368 2.16328
5.1868 2.16328
5.23681 2.16328
5.28681 2.16328
5.33682 2.16328
5.38682 2.16328
5.43682 2.16328
5.48683 2.16328
5.53683 2.16328
5.58684 2.16328
5.63684 2.16328
5.68685 2.16328
5.73685 2.16328
5.78686 2.16328
5.83686 2.16328
5.88686 2.16328
5.93687 2.16328
5.98687 2.16328
6.03688 2.16328
6.08688 2.16328
6.13689 2.16328
6.18689 2.16328
6.2369 2.16328
6.2869 2.16328
6.3369 2.16328
6.38691 2.16328
6.43691 2.16328
9.29128 6.18136
12.1456 6.18136
15.0 6.18136
0.0 0.479124
0.0522024 0.479124
0.104405 0.505831
0.156607 0.532538
0.20881 0.559245
0.261012 0.585953
0.313214 0.61266
0.365417 0.639367
0.417619 0.666075
0.469822 0.692782
0.522024 0.719489
0.573334 0.719489
0.624643 0.723404
0.675953 0.727319
0.727263 0.731234
0.778573 0.735149
0.829882 0.739064
0.881192 0.742979
0.932502 0.746894
0.983812 0.750808
1.03512 0.754723
1.08643 0.758638
1.13774 0.762553
1.18905 0.766468
1.24036 0.770383
1.29167 0.774298
1.34298 0.778213
1.39429 0.782128
1.4456 0.786043
1.49645 0.786043
1.5473 0.802715
1.59815 0.819388
1.649 0.836061
1.69985 0.852734
1.7507 0.869407
1.80154 0.886079
1.85239 0.902752
1.90324 0.919425
1.95409 0.936098
2.00494 0.952771
2.05579 0.969444
2.10664 0.986116
2.15749 1.00279
2.20834 1.01946
2.25919 1.03613
2.31004 1.05281
2.36089 1.06948
2.41174 1.08615
2.46258 1.10283
2.51343 1.1195
2.56428 1.13617
2.61513 1.15284
2.66598 1.16952
2.71683 1.18619
2.76768 1.20286
2.81853 1.21954
2.86938 1.23621
2.92023 1.25288
2.97088 1.25288
3.02154 1.27953
3.07219 1.30618
3.12284 1.33284
3.1735 1.35949
3.22415 1.38614
3.27481 1.41279
3.32546 1.43944
3.37611 1.46609
3.42677 1.49274
3.47742 1.51939
3.52808 1.54605
3.57873 1.5727
3.62938 1.59935
3.68004 1.626
3.73069 1.65265
3.78135 1.6793
3.832 1.70595
3.88265 1.7326
3.93331 1.75926
3.98396 1.78591
4.03462 1.81256
4.08527 1.83921
4.13592 1.86586
4.18658 1.89251
4.23723 1.91916
4.28789 1.94581
4.33854 1.97247
4.38919 1.99912
4.43985 2.02577
4.4905 2.05242
4.54116 2.07907
4.59181 2.10572
4.64246 2.13237
4.69389 2.13237
4.74532 2.13237
4.79676 2.13237
4.84819 2.13237
4.89962 2.13237
4.95105 2.13237
5.00248 2.13237
5.05391 2.13237
5.10534 2.13237
5.15677 2.13237
5.2082 2.13237
5.25963 2.13237
5.31106 2.13237
5.36249 2.13237
5.41392 2.13237
5.46535 2.13237
7.84901 6.10599
10.2327 6.10599
12.6163 6.10599
15.0 6.10599
0.0 0.461879
0.0512588 0.461879
0.102518 0.488679
0.153776 0.515479
0.205035 0.542279
0.256294 0.569079
0.307553 0.595879
0.358811 0.622679
0.41007 0.649479
0.461329 0.676279
0.512588 0.703079
0.561939 0.703079
0.611291 0.707992
0.660643 0.712906
0.709995 0.717819
0.759346 0.722732
0.808698 0.727646
0.85805 0.732559
0.907402 0.737473
0.956753 0.742386
1.00611 0.7473
1.05546 0.752213
1.10481 0.757127
1.15416 0.76204
1.20351 0.766954
1.25286 0.771867
1.30222 0.77678
1.35157 0.781694
1.40092 0.786607
1.45027 0.791521
1.49962 0.796434
1.54897 0.801348
1.59833 0.806261
1.64768 0.811175
1.69703 0.816088
1.74638 0.821002
1.79573 0.825915
1.84508 0.830829
1.89444 0.835742
1.94379 0.840655
1.99314 0.845569
2.04249 0.850482
2.09184 0.855396
2.1411 0.855396
2.19035 0.876968
2.2396 0.89854
2.28885 0.920112
2.3381 0.941684
2.38736 0.963257
2.43661 0.984829
2.48586 1.0064
2.53511 1.02797
2.58437 1.04955
2.63362 1.07112
2.68287 1.09269
2.73212 1.11426
2.78138 1.13583
2.83063 1.15741
2.87988 1.17898
2.92913 1.20055
2.97838 1.22212
3.02764 1.24369
3.07689 1.26527
3.12763 1.26527
3.17838 1.37465
3.22913 1.48404
3.27987 1.59342
3.33062 1.70281
3.38137 1.8122
3.43211 1.92158
3.48286 2.03097
3.5336 2.14035
3.58435 2.24974
3.63396 2.24974
3.68357 2.24974
3.73317 2.24974
3.78278 2.24974
3.83239 2.24974
3.882 2.24974
3.9316 2.24974
3.98121 2.24974
4.03082 2.24974
4.08043 2.24974
4.13003 2.24974
6.84753 6.04482
9.56502 6.04482
12.2825 6.04482
15.0 6.04482
0.0 0.474625
0.0503837 0.474625
0.100767 0.493259
0.151151 0.511892
0.201535 0.530525
0.251919 0.549158
0.302302 0.567791
0.352686 0.586424
0.40307 0.605058
0.453454 0.623691
0.503837 0.642324
0.554221 0.660957
0.604605 0.67959
0.654988 0.698224
0.705372 0.716857
0.755756 0.73549
0.80614 0.754123
0.856523 0.772756
0.906907 0.79139
0.957291 0.810023
1.00767 0.828656
1.05806 0.847289
1.10844 0.865922
1.15883 0.884555
1.20921 0.903189
1.25959 0.921822
1.30998 0.940455
1.36036 0.959088
1.41074 0.977721
1.46113 0.996355
1.51151 1.01499
1.5619 1.03362
1.61228 1.05225
1.66266 1.07089
1.71393 1.07089
1.7652 1.08405
1.81646 1.09722
1.86773 1.11039
1.91899 1.12356
1.97026 1.13672
2.02153 1.14989
2.07096 1.14989
2.12039 1.16016
2.16981 1.17043
2.21924 1.1807
2.26867 1.19097
2.3181 1.20124
2.36753 1.21151
2.41696 1.22178
2.46639 1.23205
2.51582 1.24232
2.56525 1.25259
2.61468 1.26286
2.66411 1.27313
2.71354 1.2834
2.76297 1.29367
2.8124 1.30394
2.86183 1.31421
2.91126 1.32448
2.96069 1.33475
3.01012 1.34502
3.05955 1.35529
3.10898 1.36556
3.15841 1.37583
3.20784 1.3861
3.25727 1.39637
3.3067 1.40664
3.35613 1.41691
3.40556 1.42718
3.45499 1.43745
3.50442 1.44772
3.55385 1.45799
3.60328 1.46826
3.65271 1.47853
3.70214 1.4888
3.75157 1.49907
3.801 1.50934
3.85043 1.51961
3.90034 1.51961
3.95025 1.54667
4.00016 1.57373
4.05008 1.60079
4.09999 1.62785
4.1499 1.65492
4.19981 1.68198
4.24972 1.70904
4.29963 1.7361
4.34955 1.76316
4.39946 1.79022
4.44937 1.81728
4.49928 1.84434
4.54919 1.8714
4.59911 1.89847
4.64902 1.92553
4.69893 1.95259
4.74884 1.97965
4.79875 2.00671
4.84867 2.03377
4.89858 2.06083
4.94849 2.08789
4.9984 2.11496
5.04831 2.14202
5.09787 2.14202
5.14744 2.14202
5.197 2.14202
5.24656 2.14202
5.29612 2.14202
5.34568 2.14202
5.39524 2.14202
5.44481 2.14202
5.49437 2.14202
5.54393 2.14202
7.90795 5.85951
10.272 5.85951
12.636 5.85951
15.0 5.85951
0.0 0.478874
0.0497018 0.478874
0.0994037 0.498927
0.149106 0.51898
0.198807 0.539033
0.248509 0.559086
0.298211 0.579138
0.347913 0.599191
0.397615 0.619244
0.447317 0.639297
0.497018 0.659349
0.54672 0.679402
0.596422 0.699455
0.646124 0.719508
0.695826 0.739561
0.745528 0.759613
0.79523 0.779666
0.844931 0.799719
0.894633 0.819772
0.944335 0.839824
0.994037 0.859877
1.04374 0.87993
1.09344 0.899983
1.14314 0.920036
1.19284 0.940088
1.24255 0.960141
1.29225 0.980194
1.34195 1.00025
1.39165 1.0203
1.44135 1.04035
1.49106 1.06041
1.54076 1.08046
1.59046 1.10051
1.64016 1.12056
1.68988 1.12056
1.7396 1.14505
1.78932 1.16953
1.83904 1.19402
1.88876 1.2185
1.93848 1.24298
1.9882 1.26747
2.0385 1.26747
2.08881 1.27539
2.13911 1.28332
2.18942 1.29125
2.23972 1.29918
2.29003 1.3071
2.34033 1.31503
2.39064 1.32296
2.44094 1.33089
2.49125 1.33881
2.54155 1.34674
2.59185 1.35467
2.64216 1.3626
2.69246 1.37052
2.74277 1.37845
2.79307 1.38638
2.84338 1.3943
2.89368 1.40223
2.94399 1.41016
2.99429 1.41809
3.0446 1.42601
3.0949 1.43394
3.14521 1.44187
3.19551 1.4498
3.24582 1.45772
3.29612 1.46565
3.34643 1.47358
3.39673 1.48151
3.44704 1.48943
3.49734 1.49736
3.54765 1.50529
3.59795 1.51321
3.64825 1.52114
3.69856 1.52907
3.74886 1.537
3.79917 1.54492
3.84947 1.55285
3.89978 1.56078
3.94953 1.56078
3.99929 1.58601
4.04904 1.61124
4.09879 1.63647
4.14855 1.6617
4.1983 1.68693
4.24805 1.71216
4.29781 1.73739
4.34756 1.76262
4.39732 1.78785
4.44707 1.81308
4.49682 1.83831
4.54658 1.86354
4.59633 1.88877
4.64608 1.914
4.69584 1.93923
4.74559 1.96446
4.79535 1.98969
4.8451 2.01492
4.89485 2.04015
4.94461 2.06538
4.99436 2.09061
5.04411 2.11584
5.09617 2.11584
5.14823 2.11584
5.20029 2.11584
5.25235 2.11584
5.30441 2.11584
5.35647 2.11584
5.40853 2.11584
7.8064 5.82084
10.2043 5.82084
12.6021 5.82084
15.0 5.82084
0.0 0.482764
0.049783 0.482764
0.0995659 0.502171
0.149349 0.521578
0.199132 0.540985
0.248915 0.560392
0.298698 0.579799
0.348481 0.599206
0.398264 0.618613
0.448047 0.63802
0.49783 0.657427
0.547613 0.676834
0.597395 0.696241
0.647178 0.715648
0.696961 0.735055
0.746744 0.754462
0.796527 0.773869
0.84631 0.793276
0.896093 0.812683
0.945876 0.83209
0.995659 0.851497
1.04544 0.870904
1.09523 0.890311
1.14501 0.909718
1.19479 0.929125
1.24457 0.948532
1.29436 0.967939
1.34414 0.987347
1.39392 1.00675
1.44371 1.02616
1.49349 1.04557
1.54327 1.06497
1.59305 1.08438
1.64284 1.10379
1.69262 1.1232
1.7424 1.1426
1.79219 1.16201
1.84197 1.18142
1.89175 1.20082
1.94154 1.22023
1.99425 1.22023
2.04697 1.25664
2.09737 1.25664
2.14778 1.28297
2.19818 1.30931
2.24859 1.33565
2.29899 1.36198
2.34939 1.38832
2.3998 1.41465
2.4502 1.44099
2.5006 1.46733
2.55101 1.49366
2.60141 1.52
2.65182 1.54633
2.70222 1.57267
2.75262 1.59901
2.80237 1.59901
2.85211 1.61158
2.90185 1.62416
2.9516 1.63673
3.00134 1.64931
3.05108 1.66188
3.10083 1.67446
3.15057 1.68703
3.20031 1.69961
3.25006 1.71219
3.2998 1.72476
3.34954 1.73734
3.39929 1.74991
3.44903 1.76249
3.49877 1.77506
3.54851 1.78764
3.59826 1.80021
3.648 1.81279
3.69774 1.82536
3.74749 1.83794
3.79723 1.85052
3.84697 1.86309
3.89672 1.87567
3.94646 1.88824
3.9962 1.90082
4.04595 1.91339
4.09569 1.92597
4.14543 1.93854
4.19518 1.95112
4.24492 1.9637
4.29466 1.97627
4.34441 1.98885
4.39492 1.98885
4.44543 1.98885
4.49594 1.98885
4.54645 1.98885
4.59695 1.98885
4.64746 1.98885
4.69797 1.98885
4.74848 1.98885
4.79899 1.98885
7.34924 5.87103
9.8995 5.87103
12.4497 5.87103
15.0 5.87103
0.0 0.477671
0.0507697 0.477671
0.101539 0.499643
0.152309 0.521616
0.203079 0.543588
0.253849 0.56556
0.304618 0.587532
0.355388 0.609504
0.406158 0.631476
0.456928 0.653448
0.507697 0.67542
0.558467 0.697392
0.609237 0.719364
0.660007 0.741337
0.710776 0.763309
0.761546 0.785281
0.812316 0.807253
0.863086 0.829225
0.913855 0.851197
0.964625 0.873169
1.01539 0.895141
1.06616 0.917113
1.11693 0.939086
1.1677 0.961058
1.21847 0.98303
1.26924 1.005
1.32001 1.02697
1.37078 1.04895
1.42155 1.07092
1.47232 1.09289
1.52309 1.11486
1.57386 1.13683
1.62463 1.15881
1.67158 1.15881
1.71852 1.19905
1.76546 1.2393
1.81241 1.27954
1.8619 1.27954
1.9114 1.29567
1.96089 1.31179
2.01039 1.32792
2.05988 1.34404
2.10938 1.36017
2.15888 1.37629
2.20837 1.39241
2.25787 1.40854
2.30736 1.42466
2.35686 1.44079
2.40635 1.45691
2.45585 1.47304
2.50534 1.48916
2.55484 1.50529
2.60433 1.52141
2.65383 1.53754
2.70333 1.55366
2.75282 1.56978
2.80232 1.58591
2.85181 1.60203
2.90097 1.60203
2.95013 1.61368
2.99928 1.62533
3.04844 1.63698
3.0976 1.64862
3.14676 1.66027
3.19591 1.67192
3.24507 1.68357
3.29423 1.69522
3.34339 1.70686
3.39254 1.71851
3.4417 1.73016
3.49086 1.74181
3.54001 1.75345
3.58917 1.7651
3.63833 1.77675
3.68749 1.7884
3.73664 1.80005
3.7858 1.81169
3.83496 1.82334
3.88412 1.83499
3.93327 1.84664
3.98243 1.85828
4.03159 1.86993
4.08074 1.88158
4.1299 1.89323
4.17906 1.90488
4.22822 1.91652
4.27905 1.91652
4.32988 1.91652
4.38071 1.91652
4.43155 1.91652
4.48238 1.91652
4.53321 1.91652
4.58405 1.91652
4.63488 1.91652
4.68571 1.91652
4.73654 1.91652
4.78738 1.91652
4.83821 1.91652
4.88904 1.91652
4.93987 1.91652
4.99071 1.91652
5.04154 1.91652
5.09237 1.91652
5.1432 1.91652
5.19404 1.91652
5.24487 1.91652
5.2957 1.91652
7.72178 5.77962
10.1479 5.77962
12.5739 5.77962
15.0 5.77962
0.0 0.475546
0.0498615 0.475546
0.099723 0.496342
0.149584 0.517138
0.199446 0.537934
0.249307 0.558729
0.299169 0.579525
0.34903 0.600321
0.398892 0.621117
0.448753 0.641913
0.498615 0.662709
0.548476 0.683504
0.598338 0.7043
0.648199 0.725096
0.698061 0.745892
0.747922 0.766688
0.797784 0.787484
0.847645 0.80828
0.897507 0.829075
0.947368 0.849871
0.99723 0.870667
1.04709 0.891463
1.09695 0.912259
1.14681 0.933055
1.19668 0.95385
1.24654 0.974646
1.2964 0.995442
1.34626 1.01624
1.39612 1.03703
1.44598 1.05783
1.49584 1.07863
1.54571 1.09942
1.59589 1.09942
1.64608 1.13374
1.69627 1.16806
1.74646 1.20238
1.79665 1.23669
1.84707 1.23669
1.89749 1.25531
1.94791 1.27393
1.99833 1.29255
2.04875 1.31117
2.09917 1.32979
2.14959 1.34841
2.20001 1.36703
2.25044 1.38565
2.30086 1.40427
2.35128 1.42289
2.4017 1.44151
2.45212 1.46013
2.50254 1.47875
2.55296 1.49737
2.60338 1.51599
2.6538 1.53461
2.70422 1.55323
2.75464 1.57185
2.80506 1.59047
2.85503 1.59047
2.905 1.59924
2.95496 1.60801
3.00493 1.61678
3.0549 1.62555
3.10486 1.63432
3.15483 1.64309
3.20479 1.65186
3.25476 1.66063
3.30473 1.6694
3.35469 1.67817
3.40466 1.68694
3.45463 1.69571
3.50459 1.70448
3.55456 1.71325
3.60453 1.72202
3.65449 1.73079
3.70446 1.73956
3.75442 1.74833
3.80439 1.7571
3.85436 1.76587
3.90432 1.77464
3.95429 1.78341
4.00426 1.79218
4.05422 1.80095
4.10419 1.80972
4.15416 1.81849
4.20412 1.82726
4.25409 1.83604
4.30406 1.84481
4.35402 1.85358
4.40399 1.86235
4.45395 1.87112
4.50392 1.87989
4.55389 1.88866
4.60271 1.88866
4.65153 1.88866
4.70035 1.88866
4.74917 1.88866
4.79799 1.88866
4.84681 1.88866
4.89563 1.88866
4.94444 1.88866
4.99326 1.88866
5.04208 1.88866
5.0909 1.88866
5.13972 1.88866
5.18854 1.88866
5.23736 1.88866
5.28618 1.88866
5.335 1.88866
5.38382 1.88866
5.43264 1.88866
5.48146 1.88866
5.53028 1.88866
5.5791 1.88866
7.93433 5.80581
10.2896 5.80581
12.6448 5.80581
15.0 5.80581
0.0 0.47682
0.0507535 0.47682
0.101507 0.496818
0.152261 0.516816
0.203014 0.536814
0.253768 0.556812
0.304521 0.576809
0.355275 0.596807
0.406028 0.616805
0.456782 0.636803
0.507535 0.656801
0.558289 0.676798
0.609042 0.696796
0.659796 0.716794
0.710549 0.736792
0.761303 0.75679
0.812056 0.776787
0.86281 0.796785
0.913563 0.816783
0.964317 0.836781
1.01507 0.856779
1.06582 0.876776
1.11658 0.896774
1.16733 0.916772
1.21808 0.93677
1.26884 0.956768
1.31959 0.976765
1.37035 0.996763
1.4211 1.01676
1.47185 1.03676
1.52261 1.05676
1.57351 1.05676
1.62441 1.09196
1.67531 1.12716
1.72621 1.16236
1.77711 1.19757
1.82801 1.23277
1.87892 1.26797
1.92982 1.30318
1.9799 1.30318
2.02998 1.31564
2.08007 1.32811
2.13015 1.34058
2.18023 1.35305
2.23031 1.36552
2.2804 1.37799
2.33048 1.39045
2.38056 1.40292
2.43065 1.41539
2.48073 1.42786
2.53081 1.44033
2.5809 1.45279
2.63098 1.46526
2.68106 1.47773
2.73114 1.4902
2.78123 1.50267
2.83131 1.51514
2.88139 1.5276
2.93148 1.54007
2.98156 1.55254
3.03164 1.56501
3.08173 1.57748
3.13181 1.58995
3.18189 1.60241
3.23197 1.61488
3.28206 1.62735
3.33214 1.63982
3.38172 1.63982
3.4313 1.64795
3.48088 1.65608
3.53045 1.66421
3.58003 1.67234
3.62961 1.68047
3.67919 1.6886
3.72877 1.69673
3.77834 1.70486
3.82792 1.71299
3.8775 1.72112
3.92708 1.72925
3.97666 1.73738
4.02624 1.74551
4.07581 1.75364
4.12539 1.76178
4.17497 1.76991
4.22455 1.77804
4.27413 1.78617
4.32371 1.7943
4.37328 1.80243
4.42286 1.81056
4.47244 1.81869
4.52202 1.82682
4.5716 1.83495
4.62118 1.84308
4.67075 1.85121
4.72033 1.85934
4.76991 1.86747
4.81949 1.8756
4.86907 1.88373
4.91865 1.89186
4.96822 1.89999
5.0178 1.90812
5.06535 1.90812
5.11289 1.90812
5.16043 1.90812
7.62032 5.82327
10.0802 5.82327
12.5401 5.82327
15.0 5.82327
0.0 0.47475
0.049597 0.47475
0.099194 0.495063
0.148791 0.515376
0.198388 0.53569
0.247985 0.556003
0.297582 0.576316
0.347179 0.596629
0.396776 0.616942
0.446373 0.637255
0.49597 0.657569
0.545567 0.677882
0.595164 0.698195
0.644761 0.718508
0.694358 0.738821
0.743955 0.759134
0.793552 0.779448
0.843149 0.799761
0.892746 0.820074
0.942343 0.840387
0.99194 0.8607
1.04154 0.881014
1.09113 0.901327
1.14073 0.92164
1.19033 0.941953
1.23992 0.962266
1.28952 0.982579
1.33912 1.00289
1.38872 1.02321
1.43831 1.04352
1.48855 1.04352
1.53878 1.05704
1.58902 1.07055
1.63925 1.08407
1.68949 1.09758
1.73972 1.1111
1.78996 1.12462
1.84019 1.13813
1.89042 1.15165
1.94066 1.16517
1.99089 1.17868
2.04113 1.1922
2.09136 1.20572
2.1416 1.21923
2.19183 1.23275
2.24207 1.24626
2.2923 1.25978
2.34254 1.2733
2.39272 1.2733
2.44291 1.29235
2.49309 1.31139
2.54328 1.33044
2.59346 1.34949
2.64365 1.36854
2.69383 1.38758
2.74402 1.40663
2.7942 1.42568
2.84439 1.44473
2.89457 1.46378
2.94476 1.48282
2.99494 1.50187
3.04513 1.52092
3.09531 1.53997
3.1455 1.55902
3.19568 1.57806
3.24587 1.59711
3.29605 1.61616
3.34624 1.63521
3.39642 1.65426
3.44661 1.6733
3.49624 1.6733
3.54587 1.67993
3.59551 1.68655
3.64514 1.69318
3.69477 1.6998
3.74441 1.70642
3.79404 1.71305
3.84367 1.71967
3.89331 1.7263
3.94294 1.73292
3.99257 1.73954
4.04221 1.74617
4.09184 1.75279
4.14147 1.75942
4.1911 1.76604
4.24074 1.77266
4.29037 1.77929
4.34 1.78591
4.38964 1.79254
4.43927 1.79916
4.4889 1.80579
4.53854 1.81241
4.58817 1.81903
4.6378 1.82566
4.68744 1.83228
4.73707 1.83891
4.78822 1.83891
4.83938 1.83891
4.89053 1.83891
4.94169 1.83891
4.99284 1.83891
5.04399 1.83891
5.09515 1.83891
5.1463 1.83891
5.19746 1.83891
5.24861 1.83891
5.29976 1.83891
5.35092 1.83891
5.40207 1.83891
5.45323 1.83891
5.50438 1.83891
7.87828 5.85549
10.2522 5.85549
12.6261 5.85549
15.0 5.85549
0.0 0.477601
0.0493188 0.477601
0.0986376 0.499174
0.147956 0.520748
0.197275 0.542322
0.246594 0.563895
0.295913 0.585469
0.345232 0.607043
0.394551 0.628616
0.443869 0.65019
0.493188 0.671764
0.542507 0.693337
0.591826 0.714911
0.641145 0.736485
0.690463 0.758058
0.739782 0.779632
0.789101 0.801206
0.83842 0.822779
0.887739 0.844353
0.937058 0.865927
0.986376 0.8875
1.0357 0.909074
1.08501 0.930648
1.13433 0.952221
1.18365 0.973795
1.23297 0.995369
1.28229 1.01694
1.33161 1.03852
1.38185 1.03852
1.4321 1.05807
1.48234 1.07762
1.53259 1.09717
1.58283 1.11672
1.63307 1.13627
1.68332 1.15582
1.73356 1.17537
1.78381 1.19492
1.83405 1.21447
1.8843 1.23402
1.93454 1.25357
1.98478 1.27312
2.03503 1.29267
2.08527 1.31222
2.1343 1.31222
2.18333 1.33041
2.23236 1.3486
2.28139 1.36679
2.33042 1.38499
2.37945 1.40318
2.42847 1.42137
2.4775 1.43956
2.52653 1.45775
2.57556 1.47594
2.62459 1.49413
2.67362 1.51232
2.72265 1.53051
2.77167 1.5487
2.8207 1.56689
2.86973 1.58508
2.91876 1.60327
2.96779 1.62146
3.01682 1.63965
3.06585 1.65784
3.11487 1.67603
3.1639 1.69422
3.21293 1.71241
3.26196 1.7306
3.31099 1.74879
3.36029 1.74879
3.40959 1.75799
3.4589 1.76719
3.5082 1.77639
3.5575 1.78559
3.6068 1.79479
3.65611 1.80399
3.70541 1.81319
3.75471 1.82239
3.80401 1.83159
3.85331 1.84079
3.90262 1.84999
3.95192 1.85919
4.00122 1.86839
4.05052 1.87759
4.09983 1.88679
4.14913 1.89599
4.19843 1.90519
4.24773 1.91439
4.29704 1.92359
4.34634 1.93279
4.39564 1.94199
4.44494 1.95119
4.49576 1.95119
4.54659 1.95119
4.59741 1.95119
4.64823 1.95119
4.69905 1.95119
4.74987 1.95119
4.8007 1.95119
4.85152 1.95119
4.90234 1.95119
4.95316 1.95119
5.00398 1.95119
5.05481 1.95119
7.5411 5.89641
10.0274 5.89641
12.5137 5.89641
15.0 5.89641
0.0 0.482412
0.0493293 0.482412
0.0986585 0.502442
0.147988 0.522472
0.197317 0.542503
0.246646 0.562533
0.295976 0.582563
0.345305 0.602593
0.394634 0.622624
0.443963 0.642654
0.493293 0.662684
0.542622 0.682714
0.591951 0.702744
0.64128 0.722775
0.69061 0.742805
0.739939 0.762835
0.789268 0.782865
0.838597 0.802896
0.887927 0.822926
0.937256 0.842956
0.986585 0.862986
1.03591 0.883016
1.08524 0.903047
1.13457 0.923077
1.1839 0.943107
1.23323 0.963137
1.28256 0.983168
1.33189 1.0032
1.38122 1.02323
1.43055 1.04326
1.47988 1.06329
1.52921 1.08332
1.58059 1.08332
1.63197 1.09368
1.68335 1.10405
1.73473 1.11441
1.78611 1.12477
1.83749 1.13514
1.88887 1.1455
1.94026 1.15587
1.99164 1.16623
2.04302 1.17659
2.0944 1.18696
2.14578 1.19732
2.19716 1.20769
2.24854 1.21805
2.29992 1.22841
2.3513 1.23878
2.40269 1.24914
2.45407 1.25951
2.50202 1.25951
2.54997 1.32269
2.59792 1.38587
2.64587 1.44905
2.69382 1.51224
2.74248 1.51224
2.79113 1.60526
2.83978 1.69829
2.88843 1.79132
2.93708 1.88434
2.98573 1.97737
3.03439 2.07039
3.08304 2.16342
3.13373 2.16342
3.18443 2.16342
3.23513 2.16342
3.28582 2.16342
3.33652 2.16342
3.38721 2.16342
3.43791 2.16342
3.4886 2.16342
3.5393 2.16342
3.59 2.16342
3.64069 2.16342
3.69139 2.16342
3.74208 2.16342
3.79278 2.16342
3.84347 2.16342
3.89417 2.16342
3.94487 2.16342
3.99556 2.16342
4.04626 2.16342
4.09695 2.16342
4.14765 2.16342
6.86074 5.91299
9.57382 5.91299
12.2869 5.91299
15.0 5.91299
0.0 0.47604
0.0495146 0.47604
0.0990292 0.495676
0.148544 0.515313
0.198058 0.534949
0.247573 0.554586
0.297088 0.574222
0.346602 0.593859
0.396117 0.613496
0.445632 0.633132
0.495146 0.652769
0.544661 0.672405
0.594175 0.692042
0.64369 0.711678
0.693205 0.731315
0.742719 0.750951
0.792234 0.770588
0.841749 0.790224
0.891263 0.809861
0.940778 0.829497
0.990292 0.849134
1.03981 0.86877
1.08932 0.888407
1.13884 0.908043
1.18835 0.92768
1.23787 0.947316
1.28738 0.966953
1.33689 0.98659
1.38641 1.00623
1.43592 1.02586
1.48544 1.0455
1.53495 1.06514
1.58587 1.06514
1.63679 1.07641
1.68771 1.08768
1.73862 1.09895
1.78954 1.11023
1.84046 1.1215
1.89137 1.13277
1.94229 1.14404
1.99321 1.15532
2.04413 1.16659
2.09504 1.17786
2.14596 1.18913
2.19688 1.20041
2.24779 1.21168
2.29871 1.22295
2.34963 1.23423
2.40055 1.2455
2.44876 1.2455
2.49697 1.30521
2.54519 1.36491
2.5934 1.42462
2.64161 1.48433
2.69214 1.48433
2.74266 1.51902
2.79319 1.55371
2.84372 1.5884
2.89424 1.62309
2.94477 1.65778
2.99529 1.69246
3.04582 1.72715
3.09635 1.76184
3.14687 1.79653
3.1974 1.83122
3.24792 1.86591
3.29845 1.9006
3.34898 1.93529
3.3995 1.96998
3.45003 2.00467
3.50055 2.03936
3.55108 2.07404
3.60161 2.10873
3.65213 2.14342
3.70266 2.17811
3.7537 2.17811
3.80474 2.17811
3.85579 2.17811
3.90683 2.17811
3.95787 2.17811
4.00892 2.17811
4.05996 2.17811
4.111 2.17811
4.16205 2.17811
4.21309 2.17811
4.26413 2.17811
4.31517 2.17811
4.36622 2.17811
4.41726 2.17811
4.4683 2.17811
4.51935 2.17811
7.13951 5.99269
9.75967 5.99269
12.3798 5.99269
15.0 5.99269
0.0 0.481829
0.0496273 0.481829
0.0992547 0.501148
0.148882 0.520467
0.198509 0.539786
0.248137 0.559105
0.297764 0.578424
0.347391 0.597743
0.397019 0.617062
0.446646 0.636381
0.496273 0.6557
0.545901 0.675019
0.595528 0.694338
0.645156 0.713657
0.694783 0.732976
0.74441 0.752295
0.794038 0.771614
0.843665 0.790933
0.893292 0.810252
0.94292 0.829571
0.992547 0.84889
1.04217 0.868209
1.0918 0.887528
1.14143 0.906847
1.19106 0.926166
1.24068 0.945485
1.29031 0.964804
1.33994 0.984123
1.38957 1.00344
1.4389 1.00344
1.48823 1.01271
1.53756 1.02199
1.58689 1.03126
1.63622 1.04053
1.68555 1.0498
1.73488 1.05907
1.78676 1.05907
1.83863 1.10574
1.89051 1.1524
1.94238 1.19907
1.99425 1.24573
2.04613 1.2924
2.098 1.33906
2.14988 1.38572
2.20175 1.43239
2.25363 1.47905
2.3055 1.52572
2.35737 1.57238
2.40925 1.61905
2.45966 1.61905
2.51007 1.64079
2.56048 1.66253
2.6109 1.68427
2.66131 1.70601
2.71172 1.72776
2.76213 1.7495
2.81254 1.77124
2.86296 1.79298
2.91337 1.81472
2.96378 1.83647
3.01419 1.85821
3.0646 1.87995
3.11501 1.90169
3.16543 1.92343
3.21584 1.94518
3.26625 1.96692
3.31666 1.98866
3.36707 2.0104
3.41749 2.03214
3.4679 2.05389
3.51831 2.07563
3.56872 2.09737
3.61913 2.11911
3.6691 2.11911
3.71907 2.11911
3.76904 2.11911
3.81901 2.11911
3.86898 2.11911
3.91895 2.11911
3.96892 2.11911
4.01889 2.11911
4.06886 2.11911
4.11883 2.11911
4.1688 2.11911
4.21877 2.11911
4.26874 2.11911
4.31871 2.11911
4.36868 2.11911
4.41865 2.11911
4.46862 2.11911
4.51859 2.11911
4.56856 2.11911
4.61853 2.11911
4.6685 2.11911
4.71847 2.11911
4.76844 2.11911
4.81841 2.11911
4.86838 2.11911
4.91835 2.11911
4.96832 2.11911
5.01829 2.11911
5.06826 2.11911
5.11823 2.11911
5.1682 2.11911
5.21817 2.11911
5.26814 2.11911
5.31811 2.11911
5.36808 2.11911
5.41805 2.11911
5.46801 2.11911
5.51798 2.11911
5.56795 2.11911
5.61792 2.11911
5.66789 2.11911
5.71786 2.11911
5.76783 2.11911
5.8178 2.11911
5.86777 2.11911
5.91774 2.11911
5.96771 2.11911
6.01768 2.11911
6.06765 2.11911
6.11762 2.11911
6.16759 2.11911
6.21756 2.11911
6.26753 2.11911
6.3175 2.11911
6.36747 2.11911
6.41744 2.11911
6.46741 2.11911
6.51738 2.11911
6.56735 2.11911
6.61732 2.11911
6.66729 2.11911
6.71726 2.11911
6.76723 2.11911
6.8172 2.11911
6.86717 2.11911
6.91714 2.11911
6.96711 2.11911
7.01708 2.11911
7.06705 2.11911
9.71137 6.04899
12.3557 6.04899
15.0 6.04899
0.0 0.48161
0.0495898 0.48161
0.0991796 0.500646
0.148769 0.519683
0.198359 0.538719
0.247949 0.557755
0.297539 0.576792
0.347128 0.595828
0.396718 0.614865
0.446308 0.633901
0.495898 0.652937
0.545488 0.671974
0.595077 0.69101
0.644667 0.710047
0.694257 0.729083
0.743847 0.748119
0.793436 0.767156
0.843026 0.786192
0.892616 0.805229
0.942206 0.824265
0.991796 0.843302
1.04139 0.862338
1.09098 0.881374
1.14056 0.900411
1.19015 0.919447
1.23974 0.938484
1.28732 0.938484
1.3349 0.952405
1.38248 0.966326
1.43006 0.980247
1.47763 0.994168
1.52521 1.00809
1.57279 1.02201
1.62037 1.03593
1.66794 1.04985
1.71853 1.04985
1.76912 1.08714
1.8197 1.12443
1.87029 1.16171
1.92087 1.199
1.97146 1.23629
2.02204 1.27358
2.07263 1.31086
2.12321 1.34815
2.1738 1.38544
2.22438 1.42273
2.27497 1.46001
2.32555 1.4973
2.37614 1.53459
2.42672 1.57188
2.47731 1.60916
2.52789 1.64645
2.57687 1.64645
2.62585 1.66592
2.67482 1.6854
2.7238 1.70487
2.77278 1.72434
2.82175 1.74382
2.87073 1.76329
2.91971 1.78276
2.96868 1.80224
3.01766 1.82171
3.06664 1.84118
3.11561 1.86065
3.16459 1.88013
3.21357 1.8996
3.26254 1.91907
3.31152 1.93855
3.3605 1.95802
3.40947 1.97749
3.45845 1.99696
3.50743 2.01644
3.5564 2.03591
3.60538 2.05538
3.65436 2.07486
3.70334 2.09433
3.75316 2.09433
3.80299 2.09433
3.85282 2.09433
3.90265 2.09433
3.95248 2.09433
4.00231 2.09433
4.05214 2.09433
4.10196 2.09433
4.15179 2.09433
4.20162 2.09433
4.25145 2.09433
4.30128 2.09433
4.35111 2.09433
4.40094 2.09433
4.45077 2.09433
4.50059 2.09433
4.55042 2.09433
4.60025 2.09433
4.65008 2.09433
4.69991 2.09433
4.74974 2.09433
4.79957 2.09433
4.84939 2.09433
4.89922 2.09433
4.94905 2.09433
4.99888 2.09433
5.04871 2.09433
5.09854 2.09433
5.14837 2.09433
5.1982 2.09433
5.24802 2.09433
5.29785 2.09433
5.34768 2.09433
5.39751 2.09433
5.44734 2.09433
5.49717 2.09433
5.547 2.09433
5.59683 2.09433
5.64665 2.09433
5.69648 2.09433
5.74631 2.09433
5.79614 2.09433
5.84597 2.09433
5.8958 2.09433
5.94563 2.09433
5.99545 2.09433
6.04528 2.09433
6.09511 2.09433
6.14494 2.09433
6.19477 2.09433
6.2446 2.09433
6.29443 2.09433
6.34426 2.09433
6.39408 2.09433
6.44391 2.09433
6.49374 2.09433
6.54357 2.09433
6.5934 2.09433
6.64323 2.09433
6.69306 2.09433
6.74288 2.09433
6.79271 2.09433
6.84254 2.09433
6.89237 2.09433
6.9422 2.09433
6.99203 2.09433
7.04186 2.09433
7.09169 2.09433
7.14151 2.09433
7.19134 2.09433
7.24117 2.09433
7.291 2.09433
9.86067 6.07361
12.4303 6.07361
15.0 6.07361
0.0 0.473665
0.050882 0.473665
0.101764 0.49482
0.152646 0.515974
0.203528 0.537129
0.25441 0.558283
0.305292 0.579438
0.356174 0.600592
0.407056 0.621746
0.457938 0.642901
0.50882 0.664055
0.559702 0.68521
0.610584 0.706364
0.661466 0.727519
0.712348 0.748673
0.76323 0.769828
0.814112 0.790982
0.864994 0.812136
0.915876 0.833291
0.966758 0.854445
1.01669 0.854445
1.06662 0.858271
1.11654 0.862097
1.16647 0.865923
1.2164 0.869749
1.26633 0.873575
1.31626 0.877401
1.36619 0.881227
1.41611 0.885052
1.46604 0.888878
1.51597 0.892704
1.5659 0.89653
1.61583 0.900356
1.66576 0.904182
1.71569 0.908008
1.76561 0.911834
1.81554 0.91566
1.86547 0.919485
1.9154 0.923311
1.96533 0.927137
2.01526 0.930963
2.06518 0.934789
2.11511 0.938615
2.16504 0.942441
2.21497 0.946267
2.2649 0.950093
2.31483 0.953918
2.36476 0.957744
2.41468 0.96157
2.46461 0.965396
2.51454 0.969222
2.56447 0.973048
2.6144 0.976874
2.66433 0.9807
2.71425 0.984526
2.76418 0.988351
2.81411 0.992177
2.86404 0.996003
2.91397 0.999829
2.9639 1.00365
3.01383 1.00748
3.06375 1.01131
3.11368 1.01513
3.16361 1.01896
3.21354 1.02278
3.26347 1.02661
3.3134 1.03044
3.36332 1.03426
3.41325 1.03809
3.46318 1.04191
3.51311 1.04574
3.56304 1.04957
3.61297 1.05339
3.6629 1.05722
3.71282 1.06104
3.76275 1.06487
3.81268 1.0687
3.86261 1.07252
3.91254 1.07635
3.96247 1.08017
4.01239 1.084
4.06232 1.08782
4.11225 1.09165
4.16218 1.09548
4.21211 1.0993
4.26204 1.10313
4.31197 1.10695
4.36189 1.11078
4.41087 1.11078
4.45984 1.12608
4.50882 1.14138
4.5578 1.15668
4.60677 1.17198
4.65575 1.18728
4.70472 1.20258
4.7537 1.21788
4.80267 1.23318
4.85165 1.24848
4.90062 1.26378
4.9496 1.27908
4.99858 1.29438
5.04755 1.30968
5.09653 1.32498
5.1455 1.34028
5.19523 1.34028
5.24495 1.38822
5.29468 1.43616
5.34441 1.4841
5.39413 1.53205
5.44386 1.57999
5.49358 1.62793
5.54331 1.67587
5.59304 1.72381
5.64276 1.77175
5.69249 1.81969
5.74221 1.86763
5.79194 1.91557
5.84167 1.96351
5.89139 2.01145
5.94112 2.05939
5.99084 2.10734
6.04057 2.15528
6.0903 2.20322
6.14002 2.25116
6.18975 2.2991
6.23948 2.34704
6.2892 2.39498
6.33893 2.44292
6.38956 2.44292
6.44019 2.44292
6.49082 2.44292
6.54145 2.44292
6.59209 2.44292
6.64272 2.44292
6.69335 2.44292
6.74398 2.44292
6.79461 2.44292
6.84524 2.44292
6.89587 2.44292
6.94651 2.44292
6.99714 2.44292
7.04777 2.44292
7.0984 2.44292
7.14903 2.44292
7.19966 2.44292
7.2503 2.44292
7.30093 2.44292
7.35156 2.44292
7.40219 2.44292
7.45282 2.44292
7.50345 2.44292
7.55409 2.44292
7.60472 2.44292
7.65535 2.44292
7.70598 2.44292
7.75661 2.44292
10.1711 5.97807
12.5855 5.97807
15.0 5.97807
0.0 0.468629
0.0500459 0.468629
0.100092 0.49439
0.150138 0.520151
0.200184 0.545912
0.25023 0.571672
0.300275 0.597433
0.350321 0.623194
0.400367 0.648954
0.450413 0.674715
0.500459 0.700476
0.550505 0.726236
0.600551 0.751997
0.650597 0.777758
0.700643 0.803519
0.750689 0.829279
0.800735 0.85504
0.851259 0.85504
0.901783 0.855879
0.952308 0.856719
1.00283 0.857558
1.05336 0.858398
1.10388 0.859237
1.15441 0.860077
1.20493 0.860916
1.25545 0.861756
1.30598 0.862595
1.3565 0.863435
1.40703 0.864274
1.45755 0.865114
1.50808 0.865953
1.5586 0.866793
1.60913 0.867632
1.65965 0.868472
1.71017 0.869311
1.7607 0.870151
1.81122 0.87099
1.86175 0.871829
1.91227 0.872669
1.9628 0.873508
2.01332 0.874348
2.06385 0.875187
2.11836 0.875187
2.17288 1.06585
2.2274 1.25652
2.28191 1.44719
2.33163 1.44719
2.38135 1.47385
2.43107 1.50051
2.48079 1.52717
2.53051 1.55383
2.58023 1.58049
2.62994 1.60715
2.67966 1.63381
2.72938 1.66046
2.7791 1.68712
2.82882 1.71378
2.87854 1.74044
2.92826 1.7671
2.97798 1.79376
3.02769 1.82042
3.07741 1.84708
3.12713 1.87374
3.17685 1.9004
3.22657 1.92706
3.27629 1.95372
3.32601 1.98038
3.37573 2.00704
3.42545 2.0337
3.47516 2.06036
3.52488 2.08702
3.5746 2.11368
3.62432 2.14034
3.67404 2.167
3.72376 2.19365
3.77348 2.22031
3.8232 2.24697
3.87291 2.27363
3.92263 2.30029
3.97235 2.32695
4.02207 2.35361
4.07179 2.38027
4.12151 2.40693
4.17123 2.43359
4.22095 2.46025
4.27067 2.48691
4.32038 2.51357
4.3701 2.54023
4.41982 2.56689
4.46868 2.56689
4.51754 2.56689
4.5664 2.56689
4.61526 2.56689
4.66412 2.56689
4.71298 2.56689
4.76184 2.56689
4.8107 2.56689
4.85956 2.56689
4.90842 2.56689
4.95728 2.56689
5.00613 2.56689
5.05499 2.56689
5.10385 2.56689
5.15271 2.56689
5.20157 2.56689
7.65118 6.13237
10.1008 6.13237
12.5504 6.13237
15.0 6.13237
0.0 0.480188
0.0496462 0.480188
0.0992925 0.499659
0.148939 0.51913
0.198585 0.5386
0.248231 0.558071
0.297877 0.577542
0.347524 0.597012
0.39717 0.616483
0.446816 0.635954
0.496462 0.655424
0.546109 0.674895
0.595755 0.694366
0.645401 0.713836
0.695047 0.733307
0.744694 0.752778
0.79434 0.772249
0.843986 0.791719
0.893632 0.81119
0.944403 0.81119
0.995173 0.813795
1.04594 0.8164
1.09671 0.819005
1.14748 0.82161
1.19825 0.824215
1.24902 0.82682
1.29979 0.829425
1.35056 0.83203
1.40133 0.834636
1.4521 0.837241
1.50287 0.839846
1.55364 0.842451
1.60441 0.845056
1.65518 0.847661
1.70595 0.850266
1.75672 0.852871
1.8075 0.855476
1.85827 0.858081
1.90904 0.860686
1.95981 0.863291
2.01049 0.863291
2.06117 0.884247
2.11185 0.905203
2.16254 0.926159
2.21322 0.947115
2.2639 0.968071
2.31459 0.989027
2.36527 1.00998
2.41595 1.03094
2.46664 1.05189
2.51732 1.07285
2.568 1.09381
2.61869 1.11476
2.66937 1.13572
2.72005 1.15667
2.77073 1.17763
2.82142 1.19859
2.8721 1.21954
2.92278 1.2405
2.97347 1.26145
3.02415 1.28241
3.07483 1.30337
3.12552 1.32432
3.1762 1.34528
3.22688 1.36623
3.27757 1.38719
3.32825 1.40815
3.37893 1.4291
3.42961 1.45006
3.4803 1.47101
3.53098 1.49197
3.58196 1.49197
3.63293 1.54201
3.68391 1.59206
3.73488 1.6421
3.78586 1.69215
3.83683 1.74219
3.88781 1.79224
3.93878 1.84228
3.98976 1.89233
4.04073 1.94238
4.09171 1.99242
4.14268 2.04247
4.19366 2.09251
4.24463 2.14256
4.29561 2.1926
4.34658 2.24265
4.39756 2.29269
4.44853 2.34274
4.49951 2.39278
4.55048 2.44283
4.60146 2.49287
4.65243 2.54292
4.70341 2.59296
4.75389 2.59296
4.80437 2.59296
4.85485 2.59296
4.90533 2.59296
4.95581 2.59296
5.00629 2.59296
5.05677 2.59296
5.10725 2.59296
5.15773 2.59296
5.20821 2.59296
5.25869 2.59296
5.30918 2.59296
5.35966 2.59296
5.41014 2.59296
5.46062 2.59296
7.84546 6.12714
10.2303 6.12714
12.6152 6.12714
15.0 6.12714
0.0 0.476825
0.0502339 0.476825
0.100468 0.49638
0.150702 0.515936
0.200936 0.535491
0.25117 0.555046
0.301404 0.574601
0.351638 0.594156
0.401872 0.613711
0.452105 0.633266
0.502339 0.652822
0.552573 0.672377
0.602807 0.691932
0.653041 0.711487
0.703275 0.731042
0.753509 0.750597
0.803743 0.770152
0.853977 0.789707
0.904211 0.809263
0.954445 0.828818
1.00468 0.848373
1.05588 0.848373
1.10709 0.848924
1.1583 0.849475
1.2095 0.850026
1.26071 0.850577
1.31191 0.851128
1.36312 0.851679
1.41433 0.85223
1.46553 0.852781
1.51674 0.853331
1.56794 0.853882
1.61915 0.854433
1.67036 0.854984
1.72156 0.855535
1.77277 0.856086
1.82397 0.856637
1.87518 0.857188
1.92639 0.857739
1.97759 0.85829
2.0288 0.858841
2.07826 0.858841
2.12771 0.87387
2.17717 0.8889
2.22663 0.903929
2.27608 0.918958
2.32554 0.933987
2.375 0.949016
2.42445 0.964046
2.47391 0.979075
2.52337 0.994104
2.57283 1.00913
2.62228 1.02416
2.67174 1.03919
2.7212 1.05422
2.77065 1.06925
2.82011 1.08428
2.86957 1.09931
2.91902 1.11434
2.96848 1.12937
3.01794 1.1444
3.06739 1.15943
3.11685 1.17445
3.16631 1.18948
3.21577 1.20451
3.26522 1.21954
3.31468 1.23457
3.36414 1.2496
3.41359 1.26463
3.46305 1.27966
3.51251 1.29469
3.56196 1.30972
3.61142 1.32475
3.66088 1.33978
3.71033 1.35481
3.75979 1.36983
3.80925 1.38486
3.85871 1.39989
3.90816 1.41492
3.95762 1.42995
4.00708 1.44498
4.05653 1.46001
4.10599 1.47504
4.15545 1.49007
4.2049 1.5051
4.25436 1.52013
4.30382 1.53516
4.35491 1.53516
4.406 1.59934
4.4571 1.66353
4.50819 1.72772
4.55928 1.7919
4.61037 1.85609
4.66147 1.92028
4.71256 1.98446
4.76365 2.04865
4.81474 2.11284
4.86584 2.17703
4.91693 2.24121
4.96802 2.3054
5.01911 2.36959
5.07021 2.43377
5.1213 2.49796
5.17239 2.56215
5.22348 2.62633
5.27477 2.62633
5.32605 2.62633
5.37734 2.62633
5.42863 2.62633
5.47991 2.62633
5.5312 2.62633
5.58248 2.62633
5.63377 2.62633
5.68506 2.62633
5.73634 2.62633
5.78763 2.62633
5.83891 2.62633
5.8902 2.62633
5.94148 2.62633
5.99277 2.62633
8.24458 6.06393
10.4964 6.06393
12.7482 6.06393
15.0 6.06393
0.0 0.473463
0.0486616 0.473463
0.0973233 0.496212
0.145985 0.51896
0.194647 0.541708
0.243308 0.564457
0.29197 0.587205
0.340631 0.609953
0.389293 0.632702
0.437955 0.65545
0.486616 0.678199
0.535278 0.700947
0.58394 0.723695
0.632601 0.746444
0.681263 0.769192
0.729924 0.791941
0.778586 0.814689
0.827248 0.837437
0.877564 0.837437
0.927881 0.838319
0.978197 0.839201
1.02851 0.840082
1.07883 0.840964
1.12915 0.841846
1.17946 0.842727
1.22978 0.843609
1.2801 0.84449
1.33041 0.845372
1.38073 0.846254
1.43105 0.847135
1.48136 0.848017
1.53168 0.848899
1.58199 0.84978
1.63231 0.850662
1.68263 0.851544
1.73294 0.852425
1.78326 0.853307
1.83358 0.854189
1.88389 0.85507
1.93421 0.855952
1.98453 0.856833
2.03484 0.857715
2.08516 0.858597
2.13548 0.859478
2.18579 0.86036
2.23611 0.861242
2.28642 0.862123
2.33674 0.863005
2.38706 0.863887
2.43737 0.864768
2.48769 0.86565
2.53801 0.866532
2.58832 0.867413
2.63846 0.867413
2.6886 0.88597
2.73874 0.904527
2.78888 0.923083
2.83902 0.94164
2.88916 0.960197
2.9393 0.978753
2.98944 0.99731
3.03957 1.01587
3.08971 1.03442
3.13985 1.05298
3.18999 1.07154
3.24013 1.09009
3.29027 1.10865
3.34041 1.12721
3.39055 1.14576
3.44069 1.16432
3.49082 1.18288
3.54096 1.20143
3.5911 1.21999
3.64124 1.23855
3.69138 1.2571
3.74152 1.27566
3.79166 1.29422
3.8418 1.31277
3.89194 1.33133
3.94208 1.34989
3.99221 1.36844
4.04235 1.387
4.09249 1.40556
4.14263 1.42411
4.19277 1.44267
4.24291 1.46123
4.29305 1.47978
4.34319 1.49834
4.39333 1.5169
4.44347 1.53545
4.49341 1.53545
4.54336 1.63939
4.59331 1.74332
4.64326 1.84726
4.69321 1.95119
4.74315 2.05512
4.7931 2.15906
4.84305 2.26299
4.893 2.36693
4.94295 2.47086
4.99289 2.57479
5.04322 2.57479
5.09355 2.57479
5.14388 2.57479
5.19421 2.57479
5.24454 2.57479
5.29487 2.57479
5.34521 2.57479
5.39554 2.57479
5.44587 2.57479
5.4962 2.57479
5.54653 2.57479
5.59686 2.57479
5.64719 2.57479
5.69752 2.57479
5.74785 2.57479
5.79818 2.57479
5.84851 2.57479
5.89884 2.57479
5.94917 2.57479
5.9995 2.57479
6.04983 2.57479
6.10016 2.57479
6.15049 2.57479
6.20082 2.57479
8.40061 6.10416
10.6004 6.10416
12.8002 6.10416
15.0 6.10416
0.0 0.483944
0.0492878 0.483944
0.0985756 0.503292
0.147863 0.52264
0.197151 0.541988
0.246439 0.561337
0.295727 0.580685
0.345015 0.600033
0.394302 0.619381
0.44359 0.638729
0.492878 0.658077
0.542166 0.677425
0.591454 0.696773
0.640741 0.716122
0.690029 0.73547
0.739317 0.754818
0.788605 0.774166
0.838061 0.774166
0.887517 0.777142
0.936973 0.780118
0.986429 0.783094
1.03589 0.786071
1.08534 0.789047
1.1348 0.792023
1.18425 0.794999
1.23371 0.797975
1.28317 0.800952
1.33262 0.803928
1.38208 0.806904
1.43153 0.80988
1.48099 0.812856
1.53045 0.815833
1.5799 0.818809
1.62936 0.821785
1.67882 0.824761
1.72827 0.827737
1.77773 0.830714
1.82718 0.83369
1.87664 0.836666
1.9261 0.839642
1.97555 0.842618
2.02501 0.845594
2.07446 0.848571
2.12392 0.851547
2.17338 0.854523
2.22283 0.857499
2.27229 0.860475
2.32174 0.863452
2.3712 0.866428
2.42066 0.869404
2.47011 0.87238
2.51957 0.875356
2.56903 0.878333
2.61848 0.881309
2.66772 0.881309
2.71697 0.906251
2.76621 0.931194
2.81545 0.956137
2.86469 0.98108
2.91394 1.00602
2.96318 1.03097
3.01242 1.05591
3.06166 1.08085
3.11091 1.10579
3.16015 1.13074
3.20939 1.15568
3.25863 1.18062
3.30788 1.20556
3.35712 1.23051
3.40636 1.25545
3.4556 1.28039
3.50484 1.30534
3.55409 1.33028
3.60333 1.35522
3.65257 1.38016
3.70181 1.40511
3.75106 1.43005
3.8003 1.45499
3.84954 1.47993
3.89878 1.50488
3.94803 1.52982
3.99727 1.55476
4.04651 1.57971
4.09575 1.60465
4.14668 1.60465
4.19761 1.65018
4.24854 1.69571
4.29947 1.74124
4.3504 1.78678
4.40133 1.83231
4.45226 1.87784
4.50319 1.92337
4.55411 1.9689
4.60504 2.01443
4.65597 2.05997
4.7069 2.1055
4.75783 2.15103
4.80876 2.19656
4.85969 2.24209
4.91062 2.28763
4.96155 2.33316
5.01248 2.37869
5.0634 2.42422
5.11433 2.46975
5.16483 2.46975
5.21534 2.46975
5.26584 2.46975
5.31634 2.46975
5.36684 2.46975
5.41734 2.46975
5.46784 2.46975
5.51834 2.46975
5.56884 2.46975
5.61935 2.46975
5.66985 2.46975
5.72035 2.46975
5.77085 2.46975
5.82135 2.46975
5.87185 2.46975
5.92235 2.46975
5.97285 2.46975
6.02336 2.46975
8.26752 6.04892
10.5117 6.04892
12.7558 6.04892
15.0 6.04892
0.0 0.482305
0.0508021 0.482305
0.101604 0.506137
0.152406 0.529969
0.203208 0.553801
0.25401 0.577633
0.304812 0.601465
0.355614 0.625297
0.406416 0.649129
0.457219 0.672961
0.508021 0.696793
0.558823 0.720625
0.609625 0.744457
0.660427 0.768289
0.711229 0.792121
0.762031 0.815953
0.811993 0.815953
0.861955 0.819222
0.911918 0.82249
0.96188 0.825758
1.01184 0.829026
1.0618 0.832294
1.11177 0.835562
1.16173 0.83883
1.21169 0.842098
1.26165 0.845366
1.31162 0.848634
1.36158 0.851902
1.41154 0.85517
1.4615 0.858439
1.51147 0.861707
1.56143 0.864975
1.61139 0.868243
1.66135 0.871511
1.71131 0.874779
1.76128 0.878047
1.81124 0.881315
1.8612 0.884583
1.91116 0.887851
1.96113 0.891119
2.01109 0.894387
2.06105 0.897655
2.11101 0.900924
2.16098 0.904192
2.21094 0.90746
2.2609 0.910728
2.31086 0.913996
2.36082 0.917264
2.41079 0.920532
2.46075 0.9238
2.51071 0.927068
2.56067 0.930336
2.61064 0.933604
2.6606 0.936872
2.71056 0.94014
2.76052 0.943409
2.81048 0.946677
2.86045 0.949945
2.91041 0.953213
2.96037 0.956481
3.01033 0.959749
3.0603 0.963017
3.11026 0.966285
3.16022 0.969553
3.21018 0.972821
3.26015 0.976089
3.31011 0.979357
3.36007 0.982625
3.41003 0.985894
3.45935 0.985894
3.50866 1.00784
3.55797 1.02978
3.60729 1.05173
3.6566 1.07367
3.70591 1.09561
3.75522 1.11756
3.80454 1.1395
3.85385 1.16144
3.90316 1.18339
3.95248 1.20533
4.00179 1.22728
4.0511 1.24922
4.10042 1.27116
4.14973 1.29311
4.19904 1.31505
4.24836 1.337
4.29767 1.35894
4.34698 1.38088
4.3963 1.40283
4.44561 1.42477
4.49492 1.44671
4.54424 1.46866
4.59355 1.4906
4.64286 1.51255
4.69218 1.53449
4.74149 1.55643
4.7908 1.57838
4.84012 1.60032
4.89118 1.60032
4.94224 1.65692
4.99331 1.71352
5.04437 1.77011
5.09543 1.82671
5.1465 1.88331
5.19756 1.9399
5.24862 1.9965
5.29969 2.0531
5.35075 2.10969
5.40181 2.16629
5.45288 2.22289
5.50394 2.27949
5.555 2.33608
5.60607 2.39268
5.65408 2.39268
5.70209 2.39268
5.7501 2.39268
5.79811 2.39268
5.84612 2.39268
5.89413 2.39268
5.94214 2.39268
5.99016 2.39268
6.03817 2.39268
8.27862 5.95717
10.5191 5.95717
12.7595 5.95717
15.0 5.95717
0.0 0.494636
0.0487936 0.494636
0.0975872 0.513464
0.146381 0.532293
0.195174 0.551121
0.243968 0.56995
0.292762 0.588778
0.341555 0.607607
0.390349 0.626436
0.439142 0.645264
0.487936 0.664093
0.53673 0.682921
0.585523 0.70175
0.634317 0.720578
0.683111 0.739407
0.731904 0.758236
0.780698 0.777064
0.829491 0.795893
0.878285 0.814721
0.927079 0.83355
0.975872 0.852378
1.02578 0.852378
1.0757 0.856264
1.12561 0.86015
1.17552 0.864036
1.22543 0.867922
1.27534 0.871808
1.32526 0.875694
1.37517 0.87958
1.42508 0.883465
1.47499 0.887351
1.5249 0.891237
1.57481 0.895123
1.62473 0.899009
1.67464 0.902895
1.72455 0.906781
1.77446 0.910667
1.82437 0.914552
1.87429 0.918438
1.9242 0.922324
1.97411 0.92621
2.02402 0.930096
2.07393 0.933982
2.12385 0.937868
2.17376 0.941754
2.22367 0.945639
2.27358 0.949525
2.32349 0.953411
2.37341 0.957297
2.42332 0.961183
2.47323 0.965069
2.52314 0.968955
2.57305 0.972841
2.62296 0.976726
2.67288 0.980612
2.72365 0.980612
2.77442 1.01152
2.8252 1.04243
2.87597 1.07333
2.92675 1.10424
2.97752 1.13515
3.02829 1.16606
3.07907 1.19696
3.12984 1.22787
3.18061 1.25878
3.23139 1.28969
3.28216 1.32059
3.33294 1.3515
3.38371 1.38241
3.43448 1.41332
3.48526 1.44422
3.53603 1.47513
3.58681 1.50604
3.63758 1.53695
3.68835 1.56785
3.73849 1.56785
3.78863 1.62254
3.83876 1.67722
3.8889 1.73191
3.93903 1.78659
3.98917 1.84128
4.03931 1.89596
4.08944 1.95064
4.13958 2.00533
4.18971 2.06001
4.23985 2.1147
4.28999 2.16938
4.34012 2.22407
4.39026 2.27875
4.4404 2.33344
4.49053 2.38812
4.53768 2.38812
4.58483 2.38812
4.63198 2.38812
4.67913 2.38812
4.72629 2.38812
4.77344 2.38812
4.82059 2.38812
7.36544 5.87752
9.91029 5.87752
12.4551 5.87752
15.0 5.87752
0.0 0.485863
0.0500952 0.485863
0.10019 0.504104
0.150286 0.522345
0.200381 0.540586
0.250476 0.558827
0.300571 0.577068
0.350666 0.595309
0.400762 0.61355
0.450857 0.631791
0.500952 0.650031
0.551047 0.668272
0.601142 0.686513
0.651237 0.704754
0.701333 0.722995
0.751428 0.741236
0.801523 0.759477
0.851618 0.777718
0.901713 0.795959
0.951809 0.8142
1.0019 0.832441
1.052 0.850682
1.10209 0.868923
1.15219 0.887164
1.20228 0.905405
1.25169 0.905405
1.30109 0.912366
1.35049 0.919326
1.39989 0.926287
1.44929 0.933247
1.49869 0.940208
1.54809 0.947169
1.59749 0.954129
1.64725 0.954129
1.69701 0.995877
1.74676 1.03763
1.79652 1.07937
1.84628 1.12112
1.89604 1.16287
1.94579 1.20462
1.99555 1.24637
2.04531 1.28811
2.09507 1.32986
2.14483 1.37161
2.19458 1.41336
2.24434 1.45511
2.2941 1.49686
2.34386 1.5386
2.39274 1.5386
2.44163 1.60349
2.49052 1.66838
2.53941 1.73326
2.5883 1.79815
2.63718 1.86304
2.68607 1.92793
2.73496 1.99281
2.78385 2.0577
2.83274 2.12259
2.88162 2.18747
2.93051 2.25236
2.9794 2.31725
3.02829 2.38213
3.07764 2.38213
3.12699 2.38213
3.17635 2.38213
3.2257 2.38213
3.27505 2.38213
3.32441 2.38213
3.37376 2.38213
3.42311 2.38213
3.47247 2.38213
3.52182 2.38213
3.57117 2.38213
3.62053 2.38213
5.89642 5.8228
8.17232 5.8228
10.4482 5.8228
12.7241 5.8228
15.0 5.8228
0.0 0.478169
0.0501608 0.478169
0.100322 0.500127
0.150482 0.522086
0.200643 0.544044
0.250804 0.566002
0.300965 0.58796
0.351126 0.609919
0.401286 0.631877
0.451447 0.653835
0.501608 0.675793
0.551769 0.697752
0.60193 0.71971
0.65209 0.741668
0.702251 0.763626
0.752412 0.785585
0.802573 0.807543
0.852733 0.829501
0.902894 0.851459
0.953055 0.873418
1.00322 0.895376
1.05338 0.917334
1.10241 0.917334
1.15145 0.920477
1.20048 0.923619
1.24951 0.926762
1.29855 0.929904
1.34758 0.933047
1.39662 0.93619
1.44565 0.939332
1.49469 0.942475
1.54372 0.945617
1.59591 0.945617
1.6481 1.00491
1.70029 1.0642
1.75248 1.1235
1.80467 1.18279
1.85686 1.24208
1.90905 1.30138
1.96123 1.36067
2.01342 1.41996
2.06561 1.47926
2.11587 1.47926
2.16613 1.52355
2.21638 1.56784
2.26664 1.61214
2.31689 1.65643
2.36715 1.70073
2.41741 1.74502
2.46766 1.78931
2.51792 1.83361
2.56818 1.8779
2.61843 1.9222
2.66869 1.96649
2.71894 2.01079
2.7692 2.05508
2.81946 2.09937
2.86971 2.14367
2.91997 2.18796
2.97023 2.23226
3.02048 2.27655
3.07074 2.32085
3.12099 2.36514
3.17125 2.40943
3.22179 2.40943
3.27232 2.40943
3.32286 2.40943
3.3734 2.40943
3.42393 2.40943
3.47447 2.40943
3.525 2.40943
3.57554 2.40943
3.62608 2.40943
3.67661 2.40943
3.72715 2.40943
3.77768 2.40943
3.82822 2.40943
3.87876 2.40943
3.92929 2.40943
6.69697 5.89785
9.46465 5.89785
12.2323 5.89785
15.0 5.89785
0.0 0.487462
0.0496287 0.487462
0.0992574 0.504643
0.148886 0.521824
0.198515 0.539005
0.248144 0.556186
0.297772 0.573367
0.347401 0.590548
0.39703 0.607729
0.446658 0.62491
0.496287 0.642091
0.545916 0.659272
0.595545 0.676453
0.645173 0.693634
0.694802 0.710814
0.744431 0.727995
0.794059 0.745176
0.843688 0.762357
0.893317 0.779538
0.942946 0.796719
0.992574 0.8139
1.0422 0.831081
1.09183 0.848262
1.14146 0.865443
1.19176 0.865443
1.24206 0.876535
1.29237 0.887627
1.34267 0.898719
1.39297 0.909811
1.44327 0.920902
1.49357 0.931994
1.54387 0.943086
1.59353 0.943086
1.64319 0.972745
1.69285 1.0024
1.7425 1.03206
1.79216 1.06172
1.84182 1.09138
1.89147 1.12104
1.94113 1.1507
1.99079 1.18036
2.04045 1.21002
2.0901 1.23968
2.13976 1.26934
2.18942 1.299
2.23907 1.32865
2.28873 1.35831
2.33839 1.38797
2.38805 1.41763
2.4377 1.44729
2.48736 1.47695
2.53702 1.50661
2.58622 1.50661
2.63541 1.5608
2.68461 1.61498
2.73381 1.66917
2.78301 1.72336
2.83221 1.77755
2.88141 1.83173
2.93061 1.88592
2.9798 1.94011
3.029 1.9943
3.0782 2.04848
3.1274 2.10267
3.1766 2.15686
3.2258 2.21105
3.275 2.26523
3.32419 2.31942
3.37339 2.37361
3.42325 2.37361
3.4731 2.37361
3.52296 2.37361
3.57281 2.37361
3.62266 2.37361
3.67252 2.37361
3.72237 2.37361
3.77223 2.37361
3.82208 2.37361
3.87193 2.37361
3.92179 2.37361
3.97164 2.37361
4.0215 2.37361
4.07135 2.37361
4.1212 2.37361
4.17106 2.37361
4.22091 2.37361
4.27077 2.37361
4.32062 2.37361
4.37047 2.37361
7.02786 5.88335
9.68524 5.88335
12.3426 5.88335
15.0 5.88335
0.0 0.47491
0.0508581 0.47491
0.101716 0.497985
0.152574 0.52106
0.203433 0.544136
0.254291 0.567211
0.305149 0.590286
0.356007 0.613361
0.406865 0.636436
0.457723 0.659511
0.508581 0.682587
0.559439 0.705662
0.610298 0.728737
0.661156 0.751812
0.712014 0.774887
0.761343 0.774887
0.810672 0.78499
0.860001 0.795093
0.90933 0.805196
0.958659 0.815299
1.00799 0.825402
1.05732 0.835505
1.10665 0.845608
1.15598 0.855711
1.2053 0.865814
1.25463 0.875916
1.30396 0.886019
1.35329 0.896122
1.40262 0.906225
1.45195 0.916328
1.50128 0.926431
1.55427 0.926431
1.60727 1.00706
1.66027 1.08769
1.71326 1.16832
1.76626 1.24895
1.81925 1.32959
1.87225 1.41022
1.92524 1.49085
1.97554 1.49085
2.02584 1.55463
2.07613 1.61841
2.12643 1.6822
2.17673 1.74598
2.22702 1.80976
2.27732 1.87354
2.32761 1.93733
2.37791 2.00111
2.42821 2.06489
2.4785 2.12868
2.5288 2.19246
2.5791 2.25624
2.62939 2.32003
2.67969 2.38381
2.72998 2.44759
2.77758 2.44759
2.82518 2.44759
2.87278 2.44759
2.92038 2.44759
2.96798 2.44759
3.01558 2.44759
3.06318 2.44759
3.11078 2.44759
3.15838 2.44759
3.20598 2.44759
5.56479 6.02228
7.92359 6.02228
10.2824 6.02228
12.6412 6.02228
15.0 6.02228
0.0 0.468345
0.0497215 0.468345
0.0994431 0.490198
0.149165 0.512051
0.198886 0.533905
0.248608 0.555758
0.298329 0.577611
0.348051 0.599464
0.397772 0.621317
0.447494 0.643171
0.497215 0.665024
0.546937 0.686877
0.596659 0.70873
0.64638 0.730584
0.696102 0.752437
0.745823 0.77429
0.795545 0.796143
0.845266 0.817997
0.894988 0.83985
0.944709 0.861703
0.994431 0.883556
1.04306 0.883556
1.09169 0.886401
1.14032 0.889245
1.18895 0.892089
1.23758 0.894933
1.28621 0.897777
1.33483 0.900622
1.38346 0.903466
1.43209 0.90631
1.48072 0.909154
1.52935 0.911998
1.57798 0.914842
1.62661 0.917687
1.67524 0.920531
1.72387 0.923375
1.77334 0.923375
1.8228 0.958331
1.87227 0.993287
1.92174 1.02824
1.97121 1.0632
2.02068 1.09816
2.07014 1.13311
2.11961 1.16807
2.16908 1.20302
2.21855 1.23798
2.26802 1.27294
2.31749 1.30789
2.36695 1.34285
2.41642 1.3778
2.46589 1.41276
2.51536 1.44772
2.56483 1.48267
2.61429 1.51763
2.66481 1.51763
2.71533 1.55294
2.76585 1.58826
2.81637 1.62357
2.86689 1.65889
2.91741 1.6942
2.96793 1.72952
3.01845 1.76483
3.06897 1.80015
3.11949 1.83547
3.17001 1.87078
3.22053 1.9061
3.27105 1.94141
3.32157 1.97673
3.37209 2.01204
3.42261 2.04736
3.47313 2.08267
3.52365 2.11799
3.57417 2.1533
3.62469 2.18862
3.67521 2.22393
3.72573 2.25925
3.77625 2.29456
3.82677 2.32988
3.87729 2.36519
3.92781 2.40051
3.97833 2.43583
4.02787 2.43583
4.07741 2.43583
4.12695 2.43583
4.17649 2.43583
4.22604 2.43583
4.27558 2.43583
4.32512 2.43583
4.37466 2.43583
4.4242 2.43583
7.06815 6.16725
9.7121 6.16725
12.356 6.16725
15.0 6.16725
0.0 0.473404
0.0499833 0.473404
0.0999665 0.495941
0.14995 0.518478
0.199933 0.541015
0.249916 0.563552
0.2999 0.586089
0.349883 0.608626
0.399866 0.631163
0.449849 0.6537
0.499833 0.676237
0.549816 0.698774
0.599799 0.721311
0.649782 0.743848
0.699766 0.766385
0.749749 0.788922
0.799732 0.811459
0.849715 0.833996
0.899699 0.856533
0.949682 0.87907
0.999283 0.87907
1.04888 0.886901
1.09848 0.894731
1.14809 0.902561
1.19769 0.910391
1.24729 0.918221
1.29689 0.926051
1.34649 0.933881
1.39609 0.941712
1.44569 0.949542
1.49529 0.957372
1.54489 0.965202
1.59449 0.973032
1.64409 0.980862
1.69369 0.988692
1.74329 0.996523
1.7929 1.00435
1.8425 1.01218
1.8921 1.02001
1.9417 1.02784
1.9913 1.03567
2.0409 1.0435
2.09182 1.0435
2.14275 1.06641
2.19367 1.08931
2.24459 1.11221
2.29552 1.13511
2.34644 1.15802
2.39736 1.18092
2.44829 1.20382
2.49921 1.22672
2.55013 1.24962
2.60106 1.27253
2.65198 1.29543
2.7029 1.31833
2.75383 1.34123
2.80475 1.36414
2.85567 1.38704
2.9066 1.40994
2.95752 1.43284
3.0071 1.43284
3.05667 1.47219
3.10625 1.51154
3.15582 1.55089
3.2054 1.59024
3.25497 1.62959
3.30455 1.66894
3.35412 1.70829
3.4037 1.74763
3.45327 1.78698
3.50285 1.82633
3.55243 1.86568
3.602 1.90503
3.65158 1.94438
3.70115 1.98373
3.75073 2.02308
3.8003 2.06243
3.84988 2.10177
3.89945 2.14112
3.94903 2.18047
3.9986 2.21982
4.04818 2.25917
4.09775 2.29852
4.14733 2.33787
4.1969 2.37722
4.24648 2.41656
4.29605 2.45591
4.34563 2.49526
4.3952 2.53461
4.44478 2.57396
4.49436 2.61331
4.54284 2.61331
4.59133 2.61331
4.63982 2.61331
4.68831 2.61331
4.7368 2.61331
4.78528 2.61331
4.83377 2.61331
7.37533 6.08376
9.91689 6.08376
12.4584 6.08376
15.0 6.08376
0.0 0.470937
0.0493144 0.470937
0.0986288 0.491771
0.147943 0.512604
0.197258 0.533438
0.246572 0.554272
0.295886 0.575106
0.345201 0.59594
0.394515 0.616774
0.443829 0.637608
0.493144 0.658442
0.542458 0.679276
0.591773 0.70011
0.641087 0.720944
0.690401 0.741778
0.739716 0.762612
0.78903 0.783446
0.838345 0.804279
0.887659 0.825113
0.936973 0.845947
0.986288 0.866781
1.0356 0.887615
1.08492 0.908449
1.13423 0.929283
1.18355 0.950117
1.23286 0.970951
1.28409 0.970951
1.33533 0.980683
1.38656 0.990415
1.4378 1.00015
1.48903 1.00988
1.54027 1.01961
1.5915 1.02934
1.64274 1.03908
1.69397 1.04881
1.74521 1.05854
1.79644 1.06827
1.84587 1.06827
1.89529 1.07815
1.94472 1.08802
1.99415 1.09789
2.04357 1.10776
2.093 1.11764
2.14243 1.12751
2.19185 1.13738
2.24128 1.14725
2.29071 1.15712
2.34013 1.167
2.38956 1.17687
2.43898 1.18674
2.48841 1.19661
2.53784 1.20649
2.58726 1.21636
2.63669 1.22623
2.68612 1.2361
2.73554 1.24598
2.78497 1.25585
2.8344 1.26572
2.88382 1.27559
2.93325 1.28547
2.98268 1.29534
3.0321 1.30521
3.08153 1.31508
3.13095 1.32496
3.18038 1.33483
3.22981 1.3447
3.27923 1.35457
3.32866 1.36445
3.37809 1.37432
3.42751 1.38419
3.47694 1.39406
3.52637 1.40394
3.57579 1.41381
3.62522 1.42368
3.67464 1.43355
3.72407 1.44343
3.7735 1.4533
3.82283 1.4533
3.87216 1.49527
3.92149 1.53724
3.97081 1.57922
4.02014 1.62119
4.06947 1.66316
4.1188 1.70514
4.16813 1.74711
4.21746 1.78908
4.26679 1.83106
4.31612 1.87303
4.36545 1.915
4.41478 1.95697
4.46411 1.99895
4.51344 2.04092
4.56277 2.08289
4.6121 2.12487
4.66143 2.16684
4.71075 2.20881
4.76008 2.25079
4.80941 2.29276
4.85874 2.33473
4.90807 2.37671
4.9574 2.41868
5.00673 2.46065
5.05606 2.50262
5.10539 2.5446
5.15472 2.58657
5.20405 2.62854
5.25349 2.62854
5.30294 2.62854
5.35238 2.62854
5.40183 2.62854
5.45128 2.62854
5.50072 2.62854
5.55017 2.62854
5.59961 2.62854
5.64906 2.62854
5.6985 2.62854
5.74795 2.62854
5.79739 2.62854
5.84684 2.62854
5.89628 2.62854
5.94573 2.62854
5.99517 2.62854
6.04462 2.62854
6.09407 2.62854
6.14351 2.62854
6.19296 2.62854
6.2424 2.62854
6.29185 2.62854
6.34129 2.62854
6.39074 2.62854
6.44018 2.62854
6.48963 2.62854
9.32642 6.00976
12.1632 6.00976
15.0 6.00976
0.0 0.463154
0.0490084 0.463154
0.0980169 0.485144
0.147025 0.507134
0.196034 0.529123
0.245042 0.551113
0.294051 0.573103
0.343059 0.595093
0.392067 0.617083
0.441076 0.639073
0.490084 0.661063
0.539093 0.683053
0.588101 0.705043
0.63711 0.727032
0.686118 0.749022
0.735127 0.771012
0.784135 0.793002
0.833143 0.814992
0.882152 0.836982
0.93116 0.858972
0.980169 0.880962
1.03077 0.880962
1.08137 0.888883
1.13197 0.896804
1.18257 0.904726
1.23316 0.912647
1.28376 0.920568
1.33436 0.92849
1.38496 0.936411
1.43556 0.944332
1.48616 0.952254
1.53676 0.960175
1.58736 0.968097
1.63796 0.976018
1.68856 0.983939
1.73916 0.991861
1.78976 0.999782
1.84036 1.0077
1.89095 1.01562
1.94155 1.02355
1.99215 1.03147
2.04275 1.03939
2.09335 1.04731
2.14395 1.05523
2.19455 1.06315
2.24515 1.07107
2.29575 1.079
2.3477 1.079
2.39965 1.1238
2.4516 1.16861
2.50355 1.21342
2.5555 1.25823
2.60745 1.30303
2.65941 1.34784
2.71136 1.39265
2.76331 1.43746
2.81526 1.48226
2.86721 1.52707
2.918 1.52707
2.96879 1.57282
3.01958 1.61857
3.07037 1.66432
3.12117 1.71007
3.17196 1.75582
3.22275 1.80157
3.27354 1.84732
3.32433 1.89306
3.37512 1.93881
3.42591 1.98456
3.4767 2.03031
3.5275 2.07606
3.57829 2.12181
3.62908 2.16756
3.67987 2.21331
3.73066 2.25906
3.78145 2.30481
3.83224 2.35056
3.88303 2.39631
3.93383 2.44206
3.98462 2.4878
4.03541 2.53355
4.0862 2.5793
4.13647 2.5793
4.18674 2.5793
4.237 2.5793
4.28727 2.5793
4.33754 2.5793
4.38781 2.5793
4.43807 2.5793
4.48834 2.5793
4.53861 2.5793
4.58888 2.5793
4.63915 2.5793
4.68941 2.5793
4.73968 2.5793
4.78995 2.5793
4.84022 2.5793
4.89049 2.5793
4.94075 2.5793
4.99102 2.5793
5.04129 2.5793
5.09156 2.5793
5.14182 2.5793
5.19209 2.5793
5.24236 2.5793
5.29263 2.5793
5.3429 2.5793
5.39316 2.5793
5.44343 2.5793
5.4937 2.5793
5.54397 2.5793
5.59424 2.5793
5.6445 2.5793
5.69477 2.5793
5.74504 2.5793
5.79531 2.5793
5.84557 2.5793
5.89584 2.5793
5.94611 2.5793
5.99638 2.5793
8.24728 6.0353
10.4982 6.0353
12.7491 6.0353
15.0 6.0353
0.0 0.467444
0.0501341 0.467444
0.100268 0.489027
0.150402 0.51061
0.200536 0.532193
0.25067 0.553776
0.300804 0.575359
0.350938 0.596942
0.401072 0.618525
0.451207 0.640108
0.501341 0.661692
0.551475 0.683275
0.601609 0.704858
0.651743 0.726441
0.701877 0.748024
0.752011 0.769607
0.802145 0.79119
0.852279 0.812773
0.902911 0.812773
0.953542 0.818038
1.00417 0.823303
1.05481 0.828569
1.10544 0.833834
1.15607 0.839099
1.2067 0.844364
1.25733 0.849629
1.30796 0.854895
1.3586 0.86016
1.40923 0.865425
1.45986 0.87069
1.51049 0.875955
1.56112 0.881221
1.61175 0.886486
1.66239 0.891751
1.71302 0.897016
1.76365 0.902281
1.81428 0.907547
1.86491 0.912812
1.91554 0.918077
1.96618 0.923342
2.01681 0.928607
2.06744 0.933873
2.11807 0.939138
2.1687 0.944403
2.21933 0.949668
2.26997 0.954933
2.3206 0.960199
2.37123 0.965464
2.42217 0.965464
2.4731 0.973604
2.52404 0.981744
2.57498 0.989884
2.62591 0.998024
2.67685 1.00616
2.72779 1.0143
2.77873 1.02244
2.82966 1.03058
2.8806 1.03872
2.93154 1.04686
2.98247 1.055
3.03341 1.06314
3.08435 1.07128
3.13529 1.07942
3.18622 1.08756
3.23716 1.0957
3.2881 1.10384
3.33903 1.11198
3.38997 1.12012
3.43958 1.12012
3.48919 1.20418
3.53879 1.28824
3.5884 1.3723
3.63801 1.45635
3.68762 1.54041
3.73722 1.62447
3.78683 1.70853
3.83644 1.79258
3.88605 1.87664
3.93566 1.9607
3.98526 2.04476
4.03487 2.12882
4.08448 2.21287
4.13409 2.29693
4.18369 2.38099
4.2333 2.46505
4.28291 2.5491
4.33343 2.5491
4.38394 2.5491
4.43446 2.5491
4.48497 2.5491
4.53549 2.5491
4.58601 2.5491
4.63652 2.5491
4.68704 2.5491
4.73755 2.5491
4.78807 2.5491
4.83859 2.5491
4.8891 2.5491
4.93962 2.5491
7.45471 5.98629
9.96981 5.98629
12.4849 5.98629
15.0 5.98629
0.0 0.475536
0.0484938 0.475536
0.0969876 0.497308
0.145481 0.519079
0.193975 0.54085
0.242469 0.562622
0.290963 0.584393
0.339457 0.606164
0.38795 0.627936
0.436444 0.649707
0.484938 0.671479
0.533432 0.69325
0.581926 0.715021
0.630419 0.736793
0.678913 0.758564
0.727407 0.780335
0.775901 0.802107
0.82632 0.802107
0.876739 0.804633
0.927158 0.807159
0.977577 0.809685
1.028 0.812211
1.07841 0.814738
1.12883 0.817264
1.17925 0.81979
1.22967 0.822316
1.28009 0.824842
1.33051 0.827369
1.38093 0.829895
1.43135 0.832421
1.48177 0.834947
1.53219 0.837473
1.5826 0.84
1.63302 0.842526
1.68344 0.845052
1.73386 0.847578
1.78428 0.850104
1.8347 0.85263
1.88512 0.855157
1.93554 0.857683
1.98596 0.860209
2.03638 0.862735
2.08679 0.865261
2.13721 0.867788
2.18763 0.870314
2.23805 0.87284
2.28847 0.875366
2.33889 0.877892
2.38931 0.880419
2.43973 0.882945
2.49015 0.885471
2.54057 0.887997
2.59098 0.890523
2.6414 0.89305
2.69182 0.895576
2.74224 0.898102
2.79266 0.900628
2.84308 0.903154
2.8935 0.90568
2.94392 0.908207
2.99434 0.910733
3.04174 0.910733
3.08915 0.966969
3.13656 1.0232
3.18396 1.07944
3.23137 1.13568
3.28215 1.13568
3.33293 1.1967
3.38371 1.25772
3.43449 1.31874
3.48528 1.37976
3.53606 1.44078
3.58684 1.5018
3.63762 1.56282
3.6884 1.62384
3.73918 1.68486
3.78996 1.74588
3.84074 1.8069
3.89152 1.86792
3.9423 1.92894
3.99308 1.98997
4.04387 2.05099
4.09465 2.11201
4.14543 2.17303
4.19621 2.23405
4.24699 2.29507
4.29777 2.35609
4.34855 2.41711
4.39933 2.47813
4.45011 2.53915
4.50214 2.53915
4.55417 2.53915
4.60619 2.53915
4.65822 2.53915
4.71025 2.53915
4.76228 2.53915
4.8143 2.53915
4.86633 2.53915
4.91836 2.53915
4.97039 2.53915
5.02241 2.53915
5.07444 2.53915
7.55583 5.85392
10.0372 5.85392
12.5186 5.85392
15.0 5.85392
0.0 0.489129
0.0489849 0.489129
0.0979698 0.51716
0.146955 0.545191
0.19594 0.573223
0.244924 0.601254
0.293909 0.629285
0.342894 0.657316
0.391879 0.685347
0.440864 0.713379
0.489849 0.74141
0.538834 0.769441
0.588753 0.769441
0.638672 0.773273
0.688591 0.777106
0.73851 0.780938
0.788429 0.784771
0.838348 0.788603
0.888267 0.792436
0.938186 0.796268
0.988105 0.800101
1.03802 0.803933
1.08794 0.807765
1.13786 0.811598
1.18778 0.81543
1.2377 0.819263
1.28762 0.823095
1.33754 0.826928
1.38746 0.83076
1.43738 0.834593
1.4873 0.838425
1.53721 0.842257
1.58713 0.84609
1.63705 0.849922
1.68697 0.853755
1.73689 0.857587
1.78681 0.86142
1.83673 0.865252
1.88665 0.869085
1.93657 0.872917
1.98649 0.876749
2.0364 0.880582
2.08632 0.884414
2.13624 0.888247
2.18616 0.892079
2.23608 0.895912
2.286 0.899744
2.33592 0.903577
2.38584 0.907409
2.43576 0.911242
2.48568 0.915074
2.5356 0.918906
2.58551 0.922739
2.63543 0.926571
2.68535 0.930404
2.73527 0.934236
2.78519 0.938069
2.83511 0.941901
2.88503 0.945734
2.93495 0.949566
2.98487 0.953398
3.03479 0.957231
3.0847 0.961063
3.13255 0.961063
3.18039 0.965975
3.22823 0.970886
3.27607 0.975798
3.32392 0.980709
3.37176 0.985621
3.4196 0.990532
3.46744 0.995444
3.51529 1.00036
3.56313 1.00527
3.61097 1.01018
3.66176 1.01018
3.71255 1.24024
3.76334 1.47031
3.81413 1.70038
3.86492 1.93044
3.91571 2.16051
3.9665 2.39057
4.01759 2.39057
4.06868 2.39057
4.11976 2.39057
4.17085 2.39057
4.22194 2.39057
4.27303 2.39057
4.32411 2.39057
4.3752 2.39057
4.42629 2.39057
4.47738 2.39057
4.52847 2.39057
4.57955 2.39057
4.63064 2.39057
4.68173 2.39057
7.2613 5.8507
9.84086 5.8507
12.4204 5.8507
15.0 5.8507
0.0 0.485634
0.0514387 0.485634
0.102877 0.512715
0.154316 0.539796
0.205755 0.566877
0.257193 0.593957
0.308632 0.621038
0.360071 0.648119
0.41151 0.6752
0.462948 0.702281
0.512873 0.702281
0.562797 0.708803
0.612722 0.715325
0.662647 0.721848
0.712571 0.72837
0.762496 0.734892
0.812421 0.741415
0.862345 0.747937
0.91227 0.754459
0.962194 0.760982
1.01212 0.767504
1.06204 0.774026
1.11197 0.780549
1.16189 0.787071
1.21182 0.793593
1.26174 0.800116
1.31167 0.806638
1.36159 0.81316
1.41152 0.819683
1.46144 0.826205
1.51137 0.832727
1.56129 0.83925
1.61121 0.845772
1.66114 0.852294
1.71106 0.858817
1.76099 0.865339
1.81091 0.871861
1.86084 0.878384
1.91076 0.884906
1.96069 0.891428
2.01061 0.897951
2.06054 0.904473
2.11046 0.910995
2.16143 0.910995
2.21241 0.919575
2.26338 0.928155
2.31436 0.936735
2.36533 0.945315
2.41631 0.953894
2.46728 0.962474
2.51825 0.971054
2.56923 0.979634
2.6202 0.988214
2.67118 0.996794
2.72215 1.00537
2.77312 1.01395
2.8241 1.02253
2.87507 1.03111
2.92605 1.03969
2.97702 1.04827
3.02391 1.04827
3.07081 1.31179
3.1177 1.57531
3.1646 1.83883
3.21149 2.10235
3.25838 2.36587
3.30897 2.36587
3.35956 2.36587
3.41015 2.36587
3.46074 2.36587
3.51133 2.36587
3.56191 2.36587
3.6125 2.36587
3.66309 2.36587
3.71368 2.36587
3.76427 2.36587
3.81486 2.36587
3.86544 2.36587
3.91603 2.36587
3.96662 2.36587
4.01721 2.36587
4.0678 2.36587
4.11839 2.36587
4.16897 2.36587
4.21956 2.36587
4.27015 2.36587
4.32074 2.36587
4.37133 2.36587
4.42192 2.36587
4.4725 2.36587
7.10438 5.87854
9.73625 5.87854
12.3681 5.87854
15.0 5.87854
0.0 0.47728
0.0517754 0.47728
0.103551 0.503103
0.155326 0.528927
0.207102 0.55475
0.258877 0.580573
0.310653 0.606397
0.362428 0.63222
0.414203 0.658043
0.465979 0.683867
0.517754 0.70969
0.56953 0.735513
0.618952 0.735513
0.668374 0.737652
0.717795 0.739791
0.767217 0.741929
0.816639 0.744068
0.866061 0.746207
0.915483 0.748345
0.964905 0.750484
1.01433 0.752623
1.06375 0.754761
1.11317 0.7569
1.16259 0.759039
1.21201 0.761177
1.26144 0.763316
1.31086 0.765455
1.36028 0.767593
1.4097 0.769732
1.45912 0.771871
1.50855 0.774009
1.55797 0.776148
1.60739 0.778287
1.65681 0.780425
1.70623 0.782564
1.75565 0.784703
1.80508 0.786842
1.8545 0.78898
1.90392 0.791119
1.95334 0.793258
2.00276 0.795396
2.05219 0.797535
2.10161 0.799674
2.15103 0.801812
2.20045 0.803951
2.24987 0.80609
2.2993 0.808228
2.34872 0.810367
2.39814 0.812506
2.44756 0.814644
2.49698 0.816783
2.54831 0.816783
2.59964 0.841022
2.65097 0.865262
2.7023 0.889501
2.75362 0.913741
2.80495 0.93798
2.85628 0.96222
2.90761 0.986459
2.95894 1.0107
3.01026 1.03494
3.06022 1.03494
3.11018 1.07278
3.16014 1.11062
3.2101 1.14847
3.26006 1.18631
3.31002 1.22415
3.35998 1.262
3.40994 1.29984
3.4599 1.33768
3.50986 1.37553
3.55982 1.41337
3.60978 1.45121
3.65974 1.48906
3.7097 1.5269
3.75966 1.56474
3.80962 1.60258
3.85958 1.64043
3.90954 1.67827
3.9595 1.71611
4.00946 1.75396
4.05942 1.7918
4.10938 1.82964
4.15934 1.86749
4.2093 1.90533
4.25926 1.94317
4.30921 1.98102
4.35917 2.01886
4.40913 2.0567
4.45909 2.09455
4.50905 2.13239
4.55901 2.17023
4.60897 2.20807
4.65893 2.24592
4.70908 2.24592
4.75923 2.24592
4.80938 2.24592
4.85953 2.24592
4.90969 2.24592
4.95984 2.24592
5.00999 2.24592
5.06014 2.24592
5.11029 2.24592
5.16044 2.24592
5.21059 2.24592
5.26074 2.24592
5.31089 2.24592
5.36104 2.24592
5.41119 2.24592
5.46134 2.24592
5.51149 2.24592
5.56164 2.24592
5.61179 2.24592
5.66194 2.24592
5.71209 2.24592
5.76225 2.24592
5.8124 2.24592
5.86255 2.24592
5.9127 2.24592
5.96285 2.24592
6.013 2.24592
6.06315 2.24592
6.1133 2.24592
6.16345 2.24592
6.2136 2.24592
8.4102 5.89592
10.6068 5.89592
12.8034 5.89592
15.0 5.89592
0.0 0.485025
0.0518756 0.485025
0.103751 0.510227
0.155627 0.535429
0.207502 0.560631
0.259378 0.585834
0.311253 0.611036
0.363129 0.636238
0.415005 0.661441
0.46688 0.686643
0.518756 0.711845
0.570631 0.737048
0.621243 0.737048
0.671854 0.737163
0.722466 0.737278
0.773077 0.737393
0.823688 0.737508
0.8743 0.737623
0.924911 0.737738
0.975522 0.737853
1.02613 0.737968
1.07675 0.738083
1.12736 0.738199
1.17797 0.738314
1.22858 0.738429
1.27919 0.738544
1.3298 0.738659
1.38041 0.738774
1.43103 0.738889
1.48164 0.739004
1.53225 0.739119
1.58286 0.739234
1.63347 0.73935
1.68408 0.739465
1.73469 0.73958
1.7853 0.739695
1.83592 0.73981
1.88653 0.739925
1.93714 0.74004
1.98775 0.740155
2.03836 0.74027
2.08897 0.740385
2.13958 0.740501
2.1902 0.740616
2.24045 0.740616
2.2907 0.769723
2.34095 0.798831
2.3912 0.827939
2.44145 0.857046
2.4917 0.886154
2.54195 0.915262
2.5922 0.94437
2.64245 0.973477
2.6927 1.00258
2.74295 1.03169
2.7932 1.0608
2.84345 1.08991
2.8937 1.11902
2.94395 1.14812
2.99437 1.14812
3.04479 1.17096
3.0952 1.19379
3.14562 1.21663
3.19604 1.23946
3.24646 1.2623
3.29687 1.28514
3.34729 1.30797
3.39771 1.33081
3.44813 1.35364
3.49854 1.37648
3.54896 1.39931
3.59938 1.42215
3.6498 1.44498
3.70021 1.46782
3.75063 1.49065
3.80105 1.51349
3.85147 1.53632
3.90188 1.55916
3.9523 1.582
4.00272 1.60483
4.05314 1.62767
4.10355 1.6505
4.15397 1.67334
4.20439 1.69617
4.25481 1.71901
4.30522 1.74184
4.35564 1.76468
4.40606 1.78751
4.45648 1.81035
4.50689 1.83318
4.55731 1.85602
4.60773 1.87886
4.65815 1.90169
4.70856 1.92453
4.75898 1.94736
4.8094 1.9702
4.85982 1.99303
4.91023 2.01587
4.96065 2.0387
5.01107 2.06154
5.06149 2.08437
5.1119 2.10721
5.16232 2.13004
5.21274 2.15288
5.26316 2.17572
5.31239 2.17572
5.36163 2.17572
5.41087 2.17572
5.46011 2.17572
5.50934 2.17572
5.55858 2.17572
5.60782 2.17572
5.65705 2.17572
5.70629 2.17572
5.75553 2.17572
5.80477 2.17572
5.854 2.17572
5.90324 2.17572
5.95248 2.17572
6.00171 2.17572
6.05095 2.17572
6.10019 2.17572
6.14943 2.17572
6.19866 2.17572
6.2479 2.17572
6.29714 2.17572
6.34637 2.17572
6.39561 2.17572
6.44485 2.17572
6.49409 2.17572
6.54332 2.17572
9.36222 5.88137
12.1811 5.88137
15.0 5.88137
0.0 0.483173
0.0523217 0.483173
0.104643 0.51076
0.156965 0.538347
0.209287 0.565934
0.261608 0.593522
0.31393 0.621109
0.366252 0.648696
0.418573 0.676283
0.470895 0.70387
0.523217 0.731458
0.573998 0.731458
0.624779 0.733103
0.67556 0.734749
0.726341 0.736394
0.777122 0.73804
0.827903 0.739685
0.878684 0.741331
0.929465 0.742977
0.980247 0.744622
1.03103 0.746268
1.08181 0.747913
1.13259 0.749559
1.18337 0.751204
1.23415 0.75285
1.28493 0.754495
1.33571 0.756141
1.3865 0.757787
1.43728 0.759432
1.48806 0.761078
1.53884 0.762723
1.58962 0.764369
1.63945 0.764369
1.68929 0.784285
1.73912 0.804201
1.78896 0.824117
1.83879 0.844033
1.88862 0.863949
1.93846 0.883865
1.98829 0.903781
2.03812 0.923697
2.08796 0.943613
2.13779 0.963529
2.18763 0.983445
2.23746 1.00336
2.28729 1.02328
2.33713 1.04319
2.38696 1.06311
2.43679 1.08303
2.48663 1.10294
2.53646 1.12286
2.5863 1.14277
2.63639 1.14277
2.68649 1.16554
2.73659 1.18831
2.78669 1.21108
2.83679 1.23385
2.88689 1.25662
2.93699 1.27939
2.98709 1.30216
3.03719 1.32493
3.08729 1.3477
3.13738 1.37047
3.18748 1.39324
3.23758 1.41601
3.28768 1.43878
3.33778 1.46155
3.38788 1.48432
3.43798 1.50709
3.48808 1.52986
3.53818 1.55263
3.58828 1.5754
3.63837 1.59817
3.68847 1.62094
3.73857 1.64371
3.78867 1.66648
3.83877 1.68925
3.88887 1.71202
3.93897 1.73478
3.98907 1.75755
4.03917 1.78032
4.08927 1.80309
4.13936 1.82586
4.18946 1.84863
4.23956 1.8714
4.28966 1.89417
4.33976 1.91694
4.38986 1.93971
4.43996 1.96248
4.49006 1.98525
4.54016 2.00802
4.59026 2.03079
4.64035 2.05356
4.69045 2.07633
4.74055 2.0991
4.79065 2.12187
4.84075 2.14464
4.89085 2.16741
4.9412 2.16741
4.99155 2.16741
5.04189 2.16741
5.09224 2.16741
5.14259 2.16741
5.19294 2.16741
5.24329 2.16741
5.29364 2.16741
5.34398 2.16741
5.39433 2.16741
5.44468 2.16741
5.49503 2.16741
5.54538 2.16741
5.59573 2.16741
5.64607 2.16741
5.69642 2.16741
5.74677 2.16741
5.79712 2.16741
5.84747 2.16741
5.89782 2.16741
5.94817 2.16741
5.99851 2.16741
6.04886 2.16741
6.09921 2.16741
6.14956 2.16741
6.19991 2.16741
6.25026 2.16741
6.3006 2.16741
6.35095 2.16741
6.4013 2.16741
6.45165 2.16741
6.502 2.16741
6.55235 2.16741
9.36823 5.85399
12.1841 5.85399
15.0 5.85399
0.0 0.464559
0.0521568 0.464559
0.104314 0.499536
0.15647 0.534513
0.208627 0.569491
0.260784 0.604468
0.312941 0.639445
0.365097 0.674422
0.414915 0.674422
0.464732 0.678399
0.514549 0.682375
0.564366 0.686352
0.614183 0.690329
0.664001 0.694305
0.713818 0.698282
0.763635 0.702259
0.813452 0.706235
0.863269 0.710212
0.913087 0.714189
0.962904 0.718165
1.01272 0.722142
1.06315 0.722142
1.11359 0.733531
1.16402 0.74492
1.21445 0.756309
1.26489 0.767698
1.31532 0.779086
1.36575 0.790475
1.41619 0.801864
1.46662 0.813253
1.51705 0.824642
1.56749 0.836031
1.61792 0.84742
1.66836 0.858809
1.71879 0.870198
1.76922 0.881587
1.81966 0.892976
1.87009 0.904364
1.92052 0.915753
1.97096 0.927142
2.02139 0.938531
2.07182 0.94992
2.12226 0.961309
2.17269 0.972698
2.22312 0.984087
2.27356 0.995476
2.32399 1.00686
2.37442 1.01825
2.42486 1.02964
2.47529 1.04103
2.52572 1.05242
2.57616 1.06381
2.62659 1.0752
2.67702 1.08659
2.72746 1.09798
2.77789 1.10936
2.82832 1.12075
2.87876 1.13214
2.92919 1.14353
2.97962 1.15492
3.03006 1.16631
3.08049 1.1777
3.13019 1.1777
3.17989 1.22402
3.22959 1.27035
3.27929 1.31667
3.32899 1.363
3.37869 1.40932
3.42839 1.45565
3.47809 1.50197
3.52779 1.5483
3.57749 1.59462
3.62719 1.64095
3.67689 1.68727
3.72659 1.7336
3.77629 1.77992
3.82599 1.82625
3.87569 1.87257
3.92539 1.9189
3.97509 1.96522
4.02479 2.01154
4.07449 2.05787
4.12419 2.10419
4.17389 2.15052
4.22359 2.19684
4.27456 2.19684
4.32552 2.19684
4.37649 2.19684
4.42746 2.19684
4.47842 2.19684
4.52939 2.19684
4.58036 2.19684
4.63132 2.19684
4.68229 2.19684
4.73326 2.19684
4.78423 2.19684
4.83519 2.19684
4.88616 2.19684
4.93713 2.19684
4.98809 2.19684
5.03906 2.19684
5.09003 2.19684
7.56752 5.7725
10.045 5.7725
12.5225 5.7725
15.0 5.7725
0.0 0.485665
0.0493616 0.485665
0.0987231 0.506708
0.148085 0.527751
0.197446 0.548795
0.246808 0.569838
0.296169 0.590881
0.345531 0.611925
0.394892 0.632968
0.444254 0.654011
0.493616 0.675055
0.542977 0.696098
0.592339 0.717141
0.6417 0.738185
0.692694 0.738185
0.743688 0.74385
0.794682 0.749516
0.845676 0.755181
0.89667 0.760847
0.947006 0.760847
0.997341 0.783186
1.04768 0.805525
1.09801 0.827864
1.14835 0.850203
1.19868 0.872542
1.24902 0.894881
1.29935 0.917221
1.34969 0.93956
1.40002 0.961899
1.45036 0.984238
1.5007 1.00658
1.55103 1.02892
1.60137 1.05126
1.6517 1.07359
1.70204 1.09593
1.75189 1.09593
1.80174 1.13868
1.85159 1.18143
1.90143 1.22418
1.95128 1.26693
2.00113 1.30968
2.05098 1.35243
2.10083 1.39518
2.15068 1.43793
2.20053 1.48068
2.25038 1.52343
2.30023 1.56618
2.35008 1.60892
2.39993 1.65167
2.44978 1.69442
2.49963 1.73717
2.54948 1.77992
2.59933 1.82267
2.64918 1.86542
2.69902 1.90817
2.74887 1.95092
2.79872 1.99367
2.84857 2.03642
2.89842 2.07917
2.94827 2.12192
2.99812 2.16467
3.04761 2.16467
3.09709 2.16467
3.14658 2.16467
3.19607 2.16467
3.24555 2.16467
3.29504 2.16467
3.34452 2.16467
3.39401 2.16467
3.4435 2.16467
3.49298 2.16467
3.54247 2.16467
3.59196 2.16467
3.64144 2.16467
3.69093 2.16467
3.74041 2.16467
3.7899 2.16467
3.83939 2.16467
3.88887 2.16467
3.93836 2.16467
3.98785 2.16467
4.03733 2.16467
4.08682 2.16467
4.1363 2.16467
4.18579 2.16467
4.23528 2.16467
4.28476 2.16467
4.33425 2.16467
4.38374 2.16467
4.43322 2.16467
4.48271 2.16467
4.53219 2.16467
4.58168 2.16467
4.63117 2.16467
4.68065 2.16467
4.73014 2.16467
7.2976 5.78794
9.86507 5.78794
12.4325 5.78794
15.0 5.78794
0.0 0.489082
0.0499757 0.489082
0.0999514 0.510868
0.149927 0.532653
0.199903 0.554439
0.249879 0.576224
0.299854 0.59801
0.34983 0.619795
0.399806 0.641581
0.449781 0.663366
0.499757 0.685152
0.549733 0.706938
0.599708 0.728723
0.650158 0.728723
0.700608 0.729443
0.751058 0.730162
0.801507 0.730882
0.851957 0.731601
0.902407 0.732321
0.952857 0.73304
1.00331 0.73376
1.05376 0.734479
1.10421 0.735199
1.15466 0.735918
1.20511 0.736638
1.25556 0.737357
1.30601 0.738077
1.35645 0.738797
1.4069 0.739516
1.45735 0.740236
1.5078 0.740955
1.5581 0.740955
1.60839 0.770045
1.65868 0.799136
1.70897 0.828226
1.75926 0.857317
1.80955 0.886407
1.85984 0.915497
1.91013 0.944588
1.96042 0.973678
2.01071 1.00277
2.06101 1.03186
2.1113 1.06095
2.16159 1.09004
2.21188 1.11913
2.26217 1.14822
2.31236 1.14822
2.36255 1.17311
2.41274 1.19801
2.46293 1.2229
2.51311 1.24779
2.5633 1.27269
2.61349 1.29758
2.66368 1.32247
2.71387 1.34736
2.76406 1.37226
2.81425 1.39715
2.86444 1.42204
2.91463 1.44694
2.96482 1.47183
3.015 1.49672
3.06519 1.52162
3.11538 1.54651
3.16557 1.5714
3.21576 1.5963
3.26595 1.62119
3.31614 1.64608
3.36633 1.67098
3.41652 1.69587
3.4667 1.72076
3.51689 1.74565
3.56708 1.77055
3.61727 1.79544
3.66746 1.82033
3.71765 1.84523
3.76784 1.87012
3.81803 1.89501
3.86822 1.91991
3.9184 1.9448
3.96859 1.96969
4.01878 1.99459
4.06897 2.01948
4.11916 2.04437
4.16935 2.06926
4.21954 2.09416
4.27008 2.09416
4.32062 2.09416
4.37115 2.09416
4.42169 2.09416
4.47223 2.09416
4.52277 2.09416
4.57331 2.09416
4.62385 2.09416
4.67439 2.09416
4.72492 2.09416
4.77546 2.09416
4.826 2.09416
4.87654 2.09416
4.92708 2.09416
4.97762 2.09416
5.02816 2.09416
5.07869 2.09416
5.12923 2.09416
5.17977 2.09416
5.23031 2.09416
5.28085 2.09416
5.33139 2.09416
5.38193 2.09416
5.43246 2.09416
5.483 2.09416
5.53354 2.09416
5.58408 2.09416
5.63462 2.09416
5.68516 2.09416
5.7357 2.09416
8.05177 5.79188
10.3678 5.79188
12.6839 5.79188
15.0 5.79188
0.0 0.469797
0.0487511 0.469797
0.0975021 0.502105
0.146253 0.534414
0.195004 0.566722
0.243755 0.599031
0.292506 0.63134
0.341257 0.663648
0.390009 0.695957
0.43876 0.728265
0.487978 0.728265
0.537196 0.731524
0.586414 0.734782
0.635632 0.73804
0.68485 0.741298
0.734068 0.744556
0.783286 0.747814
0.832505 0.751072
0.881723 0.75433
0.930941 0.757588
0.980159 0.760846
1.02938 0.764104
1.0786 0.767362
1.12781 0.77062
1.17703 0.773878
1.22625 0.777136
1.27547 0.780395
1.32469 0.783653
1.3739 0.786911
1.42312 0.790169
1.4724 0.790169
1.52167 0.801159
1.57095 0.812149
1.62022 0.823139
1.6695 0.834129
1.71877 0.84512
1.76805 0.85611
1.81732 0.8671
1.8666 0.87809
1.91588 0.88908
1.96515 0.90007
2.01443 0.911061
2.0637 0.922051
2.11298 0.933041
2.16225 0.944031
2.21153 0.955021
2.2608 0.966011
2.31008 0.977001
2.35935 0.987992
2.40863 0.998982
2.4579 1.00997
2.50718 1.02096
2.55645 1.03195
2.60573 1.04294
2.65501 1.05393
2.70428 1.06492
2.75356 1.07591
2.80283 1.0869
2.85211 1.09789
2.90138 1.10888
2.95066 1.11987
2.99993 1.13086
3.04921 1.14185
3.09848 1.15284
3.14794 1.15284
3.19739 1.1829
3.24684 1.21296
3.2963 1.24302
3.34575 1.27307
3.3952 1.30313
3.44466 1.33319
3.49411 1.36325
3.54356 1.3933
3.59302 1.42336
3.64247 1.45342
3.69192 1.48348
3.74137 1.51353
3.79083 1.54359
3.84028 1.57365
3.88973 1.60371
3.93919 1.63376
3.98864 1.66382
4.03809 1.69388
4.08755 1.72393
4.137 1.75399
4.18645 1.78405
4.23591 1.81411
4.28536 1.84416
4.33481 1.87422
4.38427 1.90428
4.43372 1.93434
4.48317 1.96439
4.53263 1.99445
4.58208 2.02451
4.63153 2.05457
4.68098 2.08462
4.73044 2.11468
4.78046 2.11468
4.83047 2.11468
4.88049 2.11468
4.93051 2.11468
4.98053 2.11468
5.03054 2.11468
5.08056 2.11468
5.13058 2.11468
5.1806 2.11468
5.23061 2.11468
5.28063 2.11468
5.33065 2.11468
5.38067 2.11468
5.43069 2.11468
5.4807 2.11468
5.53072 2.11468
5.58074 2.11468
5.63076 2.11468
5.68077 2.11468
5.73079 2.11468
5.78081 2.11468
5.83083 2.11468
5.88084 2.11468
5.93086 2.11468
8.19815 5.79251
10.4654 5.79251
12.7327 5.79251
15.0 5.79251
0.0 0.474085
0.0480443 0.474085
0.0960886 0.499536
0.144133 0.524986
0.192177 0.550437
0.240222 0.575887
0.288266 0.601338
0.33631 0.626788
0.384355 0.652238
0.432399 0.677689
0.480443 0.703139
0.528488 0.72859
0.576532 0.75404
0.626402 0.75404
0.676272 0.760916
0.726142 0.767791
0.776013 0.774667
0.825883 0.781542
0.875753 0.788418
0.925623 0.795293
0.975493 0.802169
1.02536 0.809045
1.07523 0.81592
1.1251 0.822796
1.17497 0.829671
1.22484 0.836547
1.27471 0.843422
1.32458 0.850298
1.37445 0.857173
1.42433 0.864049
1.4742 0.870925
1.52316 0.870925
1.57212 0.889513
1.62108 0.908101
1.67004 0.92669
1.719 0.945278
1.76796 0.963867
1.81692 0.982455
1.86588 1.00104
1.91484 1.01963
1.9638 1.03822
2.01254 1.03822
2.06129 1.10221
2.11003 1.16621
2.15877 1.2302
2.20752 1.2942
2.25626 1.35819
2.30501 1.42219
2.35375 1.48618
2.4025 1.55017
2.45124 1.61417
2.49999 1.67816
2.54873 1.74216
2.59747 1.80615
2.64622 1.87014
2.69496 1.93414
2.74371 1.99813
2.79245 2.06213
2.8412 2.12612
2.89171 2.12612
2.94222 2.12612
2.99274 2.12612
3.04325 2.12612
3.09377 2.12612
3.14428 2.12612
3.19479 2.12612
3.24531 2.12612
3.29582 2.12612
3.34634 2.12612
3.39685 2.12612
3.44736 2.12612
3.49788 2.12612
3.54839 2.12612
3.5989 2.12612
5.87912 5.94871
8.15934 5.94871
10.4396 5.94871
12.7198 5.94871
15.0 5.94871
0.0 0.475481
0.0498198 0.475481
0.0996395 0.496898
0.149459 0.518316
0.199279 0.539733
0.249099 0.56115
0.298919 0.582568
0.348738 0.603985
0.398558 0.625402
0.448378 0.646819
0.498198 0.668237
0.548017 0.689654
0.597837 0.711071
0.647657 0.732489
0.697477 0.753906
0.747296 0.775323
0.797116 0.79674
0.846936 0.818158
0.896412 0.818158
0.945888 0.826099
0.995364 0.834041
1.04484 0.841982
1.09432 0.849924
1.14379 0.857865
1.19327 0.865807
1.24274 0.873748
1.29222 0.88169
1.3417 0.889631
1.39117 0.897573
1.44065 0.905514
1.49012 0.913456
1.5396 0.921397
1.58908 0.929339
1.63855 0.93728
1.68803 0.945222
1.7375 0.953163
1.78698 0.961105
1.83646 0.969046
1.88593 0.976988
1.93541 0.984929
1.98488 0.992871
2.03436 1.00081
2.08384 1.00875
2.13331 1.0167
2.18279 1.02464
2.23362 1.02464
2.28446 1.03632
2.33529 1.04801
2.38613 1.05969
2.43696 1.07138
2.48779 1.08306
2.53863 1.09475
2.58946 1.10643
2.6403 1.11812
2.69113 1.1298
2.74196 1.14149
2.7928 1.15317
2.84363 1.16486
2.89447 1.17654
2.9453 1.18823
2.99613 1.19991
3.04697 1.2116
3.0978 1.22328
3.14864 1.23497
3.19901 1.23497
3.24939 1.29358
3.29977 1.35219
3.35014 1.41081
3.40052 1.46942
3.4509 1.52803
3.50127 1.58665
3.55165 1.64526
3.60203 1.70387
3.6524 1.76248
3.70278 1.8211
3.75316 1.87971
3.80354 1.93832
3.85391 1.99693
3.90429 2.05555
3.95467 2.11416
4.00504 2.17277
4.05542 2.23139
4.1058 2.29
4.15617 2.34861
4.20663 2.34861
4.25709 2.34861
4.30755 2.34861
4.35801 2.34861
4.40846 2.34861
4.45892 2.34861
4.50938 2.34861
4.55984 2.34861
4.61029 2.34861
4.66075 2.34861
4.71121 2.34861
4.76167 2.34861
4.81213 2.34861
4.86258 2.34861
4.91304 2.34861
4.9635 2.34861
5.01396 2.34861
5.06441 2.34861
5.11487 2.34861
5.16533 2.34861
5.21579 2.34861
5.26624 2.34861
5.3167 2.34861
5.36716 2.34861
5.41762 2.34861
5.46808 2.34861
5.51853 2.34861
5.56899 2.34861
5.61945 2.34861
5.66991 2.34861
5.72036 2.34861
5.77082 2.34861
5.82128 2.34861
5.87174 2.34861
5.9222 2.34861
8.19165 5.75894
10.4611 5.75894
12.7305 5.75894
15.0 5.75894
0.0 0.471736
0.0512648 0.471736
0.10253 0.495593
0.153794 0.51945
0.205059 0.543307
0.256324 0.567165
0.307589 0.591022
0.358853 0.614879
0.410118 0.638736
0.461383 0.662594
0.512648 0.686451
0.563912 0.710308
0.615177 0.734165
0.666442 0.758023
0.717707 0.78188
0.768971 0.805737
0.820236 0.829594
0.869863 0.829594
0.91949 0.836651
0.969117 0.843709
1.01874 0.850766
1.06837 0.857823
1.118 0.86488
1.16762 0.871937
1.21725 0.878994
1.26688 0.886051
1.31651 0.893108
1.36613 0.900165
1.41576 0.907222
1.46539 0.914279
1.51501 0.921336
1.56464 0.928393
1.61427 0.93545
1.66389 0.942507
1.71352 0.949564
1.76315 0.956621
1.81277 0.963678
1.8624 0.970735
1.91203 0.977792
1.96166 0.984849
2.01128 0.991906
2.06091 0.998963
2.11054 1.00602
2.16016 1.01308
2.20979 1.02013
2.25963 1.02013
2.30947 1.03544
2.35931 1.05075
2.40915 1.06605
2.45899 1.08136
2.50883 1.09666
2.55867 1.11197
2.60851 1.12727
2.65835 1.14258
2.70819 1.15788
2.75803 1.17319
2.80787 1.1885
2.85771 1.2038
2.90755 1.21911
2.95739 1.23441
3.00723 1.24972
3.05706 1.26502
3.10717 1.26502
3.15727 1.28857
3.20737 1.31212
3.25747 1.33567
3.30757 1.35922
3.35767 1.38277
3.40777 1.40633
3.45787 1.42988
3.50797 1.45343
3.55807 1.47698
3.60817 1.50053
3.65827 1.52408
3.70837 1.54763
3.75847 1.57118
3.80857 1.59473
3.85867 1.61828
3.90877 1.64183
3.95887 1.66538
4.00897 1.68893
4.05907 1.71248
4.10917 1.73603
4.15927 1.75958
4.20937 1.78313
4.25947 1.80668
4.30958 1.83023
4.35968 1.85378
4.40978 1.87733
4.45988 1.90088
4.50998 1.92443
4.56008 1.94798
4.61018 1.97153
4.66028 1.99508
4.71038 2.01863
4.76048 2.04218
4.81058 2.06573
4.86068 2.08928
4.91078 2.11283
4.96088 2.13638
5.01098 2.15993
5.06108 2.18348
5.11118 2.20703
5.16128 2.23058
5.21138 2.25413
5.2616 2.25413
5.31181 2.25413
5.36202 2.25413
5.41223 2.25413
5.46245 2.25413
5.51266 2.25413
5.56287 2.25413
5.61309 2.25413
5.6633 2.25413
5.71351 2.25413
5.76372 2.25413
5.81394 2.25413
5.86415 2.25413
5.91436 2.25413
5.96458 2.25413
6.01479 2.25413
6.065 2.25413
6.11521 2.25413
6.16543 2.25413
6.21564 2.25413
6.26585 2.25413
6.31606 2.25413
9.21071 5.83981
12.1054 5.83981
15.0 5.83981
0.0 0.493868
0.0503215 0.493868
0.100643 0.51224
0.150965 0.530613
0.201286 0.548986
0.251608 0.567359
0.301929 0.585732
0.352251 0.604104
0.402572 0.622477
0.452894 0.64085
0.503215 0.659223
0.553537 0.677595
0.603858 0.695968
0.65418 0.714341
0.704501 0.732714
0.754823 0.751086
0.805144 0.769459
0.855466 0.787832
0.905787 0.806205
0.956109 0.824578
1.00643 0.84295
1.05675 0.861323
1.10707 0.879696
1.15739 0.898069
1.20713 0.898069
1.25686 0.901767
1.3066 0.905465
1.35633 0.909164
1.40607 0.912862
1.4558 0.91656
1.50554 0.920259
1.55527 0.923957
1.60501 0.927655
1.65474 0.931354
1.70448 0.935052
1.75421 0.93875
1.80395 0.942449
1.85368 0.946147
1.90341 0.949845
1.95315 0.953544
2.00288 0.957242
2.05262 0.96094
2.10235 0.964639
2.15209 0.968337
2.20182 0.972035
2.25156 0.975734
2.30129 0.979432
2.35103 0.983131
2.40076 0.986829
2.4505 0.990527
2.50023 0.994226
2.54997 0.997924
2.5997 1.00162
2.64943 1.00532
2.69917 1.00902
2.7489 1.01272
2.79864 1.01642
2.84837 1.02011
2.89811 1.02381
2.94784 1.02751
2.99758 1.03121
3.04731 1.03491
3.09705 1.03861
3.14678 1.0423
3.19652 1.046
3.24625 1.0497
3.29599 1.0534
3.34572 1.0571
3.39546 1.0608
3.44519 1.06449
3.49492 1.06819
3.54466 1.07189
3.59439 1.07559
3.64413 1.07929
3.69591 1.07929
3.74768 1.10231
3.79946 1.12534
3.85124 1.14836
3.90302 1.17139
3.9548 1.19441
4.00658 1.21744
4.05835 1.24046
4.11013 1.26349
4.16191 1.28651
4.21369 1.30954
4.26547 1.33256
4.31724 1.35559
4.3677 1.35559
4.41815 1.38251
4.46861 1.40942
4.51906 1.43634
4.56951 1.46326
4.61997 1.49017
4.67042 1.51709
4.72088 1.544
4.77133 1.57092
4.82179 1.59784
4.87224 1.62475
4.92269 1.65167
4.97315 1.67859
5.0236 1.7055
5.07406 1.73242
5.12451 1.75933
5.17496 1.78625
5.22542 1.81317
5.27587 1.84008
5.32633 1.867
5.37678 1.89392
5.42723 1.92083
5.47769 1.94775
5.52814 1.97467
5.5786 2.00158
5.62905 2.0285
5.67951 2.05541
5.72996 2.08233
5.78041 2.10925
5.83087 2.13616
5.88132 2.16308
5.93178 2.19
5.98223 2.21691
6.03268 2.24383
6.08314 2.27074
6.13304 2.27074
6.18294 2.27074
6.23284 2.27074
6.28274 2.27074
6.33264 2.27074
6.38254 2.27074
6.43244 2.27074
6.48234 2.27074
9.32156 5.83159
12.1608 5.83159
15.0 5.83159
0.0 0.49057
0.0509964 0.49057
0.101993 0.511021
0.152989 0.531473
0.203986 0.551924
0.254982 0.572376
0.305979 0.592827
0.356975 0.613278
0.407972 0.63373
0.458968 0.654181
0.509964 0.674633
0.560961 0.695084
0.611957 0.715535
0.662954 0.735987
0.71395 0.756438
0.764947 0.77689
0.815943 0.797341
0.86694 0.817792
0.91841 0.817792
0.96988 0.838688
1.02135 0.859584
1.07282 0.88048
1.12429 0.901376
1.17576 0.922272
1.22723 0.943168
1.2787 0.964064
1.33017 0.98496
1.38164 1.00586
1.43311 1.02675
1.48458 1.04765
1.53605 1.06854
1.58593 1.06854
1.6358 1.07433
1.68568 1.08012
1.73555 1.08591
1.78543 1.0917
1.8353 1.09748
1.88518 1.10327
1.93506 1.10906
1.98493 1.11485
2.03481 1.12064
2.08468 1.12642
2.13456 1.13221
2.18443 1.138
2.23431 1.14379
2.28419 1.14958
2.33406 1.15536
2.38394 1.16115
2.43381 1.16694
2.48369 1.17273
2.53356 1.17852
2.58344 1.1843
2.63331 1.19009
2.68319 1.19588
2.73307 1.20167
2.78294 1.20746
2.83282 1.21325
2.88269 1.21903
2.93257 1.22482
2.98244 1.23061
3.03232 1.2364
3.0822 1.24219
3.13207 1.24797
3.18195 1.25376
3.23182 1.25955
3.2817 1.26534
3.33157 1.27113
3.38145 1.27691
3.43133 1.2827
3.4812 1.28849
3.53108 1.29428
3.58095 1.30007
3.63083 1.30585
3.6807 1.31164
3.73058 1.31743
3.78045 1.32322
3.83017 1.32322
3.87988 1.38139
3.9296 1.43957
3.97931 1.49775
4.02903 1.55592
4.07875 1.6141
4.12846 1.67227
4.17818 1.73045
4.22789 1.78863
4.27761 1.8468
4.32732 1.90498
4.37704 1.96315
4.42675 2.02133
4.47647 2.07951
4.52618 2.13768
4.5759 2.19586
4.62561 2.25403
4.67533 2.31221
4.72481 2.31221
4.7743 2.31221
4.82379 2.31221
4.87328 2.31221
4.92277 2.31221
4.97225 2.31221
5.02174 2.31221
5.07123 2.31221
5.12072 2.31221
5.17021 2.31221
5.21969 2.31221
5.26918 2.31221
5.31867 2.31221
5.36816 2.31221
5.41765 2.31221
5.46714 2.31221
5.51662 2.31221
5.56611 2.31221
5.6156 2.31221
5.66509 2.31221
5.71458 2.31221
5.76406 2.31221
5.81355 2.31221
5.86304 2.31221
5.91253 2.31221
5.96202 2.31221
6.0115 2.31221
6.06099 2.31221
6.11048 2.31221
6.15997 2.31221
6.20946 2.31221
6.25895 2.31221
6.30843 2.31221
6.35792 2.31221
6.40741 2.31221
9.27161 5.86158
12.1358 5.86158
15.0 5.86158
0.0 0.477619
0.0505298 0.477619
0.10106 0.499691
0.15159 0.521763
0.202119 0.543834
0.252649 0.565906
0.303179 0.587978
0.353709 0.61005
0.404239 0.632122
0.454769 0.654194
0.505298 0.676266
0.555828 0.698338
0.606358 0.72041
0.656888 0.742482
0.707418 0.764554
0.757948 0.786626
0.808478 0.808698
0.859007 0.83077
0.908962 0.83077
0.958916 0.842158
1.00887 0.853547
1.05883 0.864936
1.10878 0.876324
1.15873 0.887713
1.20869 0.899101
1.25864 0.91049
1.3086 0.921879
1.35855 0.933267
1.40851 0.944656
1.45846 0.956045
1.50841 0.967433
1.55837 0.978822
1.60832 0.990211
1.65828 1.0016
1.70823 1.01299
1.75819 1.02438
1.80814 1.03577
1.8581 1.04715
1.90805 1.05854
1.958 1.06993
2.00796 1.08132
2.05752 1.08132
2.10709 1.08815
2.15665 1.09497
2.20622 1.1018
2.25578 1.10862
2.30535 1.11545
2.35491 1.12227
2.40448 1.1291
2.45404 1.13592
2.50361 1.14275
2.55317 1.14958
2.60274 1.1564
2.6523 1.16323
2.70187 1.17005
2.75143 1.17688
2.80099 1.1837
2.85056 1.19053
2.90012 1.19736
2.94969 1.20418
2.99925 1.21101
3.04882 1.21783
3.09838 1.22466
3.14795 1.23148
3.19751 1.23831
3.24708 1.24513
3.29664 1.25196
3.34621 1.25879
3.39577 1.26561
3.44534 1.27244
3.4949 1.27926
3.54447 1.28609
3.59403 1.29291
3.6436 1.29974
3.69316 1.30656
3.74272 1.31339
3.79229 1.32022
3.84185 1.32704
3.89143 1.32704
3.94102 1.35742
3.9906 1.38781
4.04018 1.41819
4.08976 1.44857
4.13934 1.47896
4.18892 1.50934
4.2385 1.53972
4.28808 1.5701
4.33766 1.60049
4.38724 1.63087
4.43682 1.66125
4.48641 1.69164
4.53599 1.72202
4.58557 1.7524
4.63515 1.78279
4.68473 1.81317
4.73431 1.84355
4.78389 1.87393
4.83347 1.90432
4.88305 1.9347
4.93263 1.96508
4.98221 1.99547
5.0318 2.02585
5.08138 2.05623
5.13096 2.08661
5.18054 2.117
5.23012 2.14738
5.2797 2.17776
5.32928 2.20815
5.37886 2.23853
5.42844 2.26891
5.47802 2.2993
5.5276 2.32968
5.57797 2.32968
5.62834 2.32968
5.6787 2.32968
5.72907 2.32968
5.77944 2.32968
5.8298 2.32968
5.88017 2.32968
5.93054 2.32968
5.9809 2.32968
6.03127 2.32968
6.08164 2.32968
6.132 2.32968
6.18237 2.32968
6.23274 2.32968
6.2831 2.32968
6.33347 2.32968
6.38384 2.32968
6.4342 2.32968
6.48457 2.32968
6.53494 2.32968
6.5853 2.32968
6.63567 2.32968
6.68604 2.32968
6.7364 2.32968
6.78677 2.32968
6.83714 2.32968
6.8875 2.32968
6.93787 2.32968
6.98824 2.32968
7.0386 2.32968
7.08897 2.32968
7.13934 2.32968
7.1897 2.32968
7.24007 2.32968
7.29044 2.32968
9.86029 5.87645
12.4301 5.87645
15.0 5.87645
0.0 0.48766
0.0492456 0.48766
0.0984912 0.506576
0.147737 0.525492
0.196982 0.544408
0.246228 0.563325
0.295474 0.582241
0.344719 0.601157
0.393965 0.620073
0.44321 0.638989
0.492456 0.657906
0.541702 0.676822
0.590947 0.695738
0.640193 0.714654
0.689438 0.73357
0.738684 0.752486
0.78793 0.771403
0.837175 0.790319
0.886421 0.809235
0.935666 0.828151
0.984912 0.847067
1.03416 0.865983
1.0834 0.8849
1.13265 0.903816
1.18175 0.903816
1.23085 0.91546
1.27995 0.927103
1.32905 0.938747
1.37815 0.950391
1.42725 0.962034
1.47635 0.973678
1.52545 0.985322
1.57455 0.996966
1.62365 1.00861
1.67275 1.02025
1.72185 1.0319
1.77095 1.04354
1.82005 1.05518
1.86915 1.06683
1.91861 1.06683
1.96807 1.07533
2.01753 1.08383
2.06699 1.09233
2.11645 1.10083
2.16591 1.10933
2.21538 1.11783
2.26484 1.12633
2.3143 1.13483
2.36376 1.14333
2.41322 1.15183
2.46268 1.16033
2.51214 1.16883
2.5616 1.17733
2.61106 1.18583
2.66053 1.19432
2.70999 1.20282
2.75945 1.21132
2.80891 1.21982
2.85837 1.22832
2.90783 1.23682
2.95729 1.24532
3.00675 1.25382
3.05622 1.26232
3.10568 1.27082
3.15514 1.27932
3.2046 1.28782
3.25406 1.29632
3.30352 1.30482
3.35298 1.31332
3.40244 1.32182
3.4519 1.33032
3.50158 1.33032
3.55126 1.35941
3.60094 1.3885
3.65062 1.41759
3.7003 1.44669
3.74998 1.47578
3.79966 1.50487
3.84934 1.53396
3.89902 1.56305
3.9487 1.59214
3.99838 1.62123
4.04806 1.65032
4.09774 1.67941
4.14742 1.7085
4.19711 1.73759
4.24679 1.76669
4.29647 1.79578
4.34615 1.82487
4.39583 1.85396
4.44551 1.88305
4.49519 1.91214
4.54487 1.94123
4.59455 1.97032
4.64423 1.99941
4.69391 2.0285
4.74359 2.0576
4.79327 2.08669
4.84295 2.11578
4.89263 2.14487
4.94231 2.17396
4.99199 2.20305
5.04167 2.23214
5.09135 2.23214
5.14104 2.23214
5.19073 2.23214
5.24042 2.23214
5.2901 2.23214
5.33979 2.23214
5.38948 2.23214
5.43917 2.23214
5.48885 2.23214
5.53854 2.23214
5.58823 2.23214
5.63792 2.23214
5.6876 2.23214
5.73729 2.23214
5.78698 2.23214
5.83667 2.23214
5.88635 2.23214
5.93604 2.23214
5.98573 2.23214
6.03542 2.23214
6.0851 2.23214
6.13479 2.23214
6.18448 2.23214
6.23417 2.23214
6.28385 2.23214
6.33354 2.23214
6.38323 2.23214
6.43292 2.23214
6.4826 2.23214
6.53229 2.23214
6.58198 2.23214
6.63167 2.23214
6.68136 2.23214
6.73104 2.23214
6.78073 2.23214
6.83042 2.23214
6.88011 2.23214
6.92979 2.23214
6.97948 2.23214
7.02917 2.23214
7.07886 2.23214
7.12854 2.23214
9.75236 5.87963
12.3762 5.87963
15.0 5.87963
0.0 0.48549
0.0493462 0.48549
0.0986924 0.504021
0.148039 0.522552
0.197385 0.541083
0.246731 0.559613
0.296077 0.578144
0.345423 0.596675
0.39477 0.615206
0.444116 0.633737
0.493462 0.652267
0.542808 0.670798
0.592154 0.689329
0.641501 0.70786
0.690847 0.726391
0.740193 0.744921
0.789539 0.763452
0.838886 0.781983
0.888232 0.800514
0.937578 0.819045
0.986924 0.837575
1.03627 0.856106
1.08562 0.874637
1.13496 0.893168
1.18431 0.911699
1.23366 0.930229
1.283 0.94876
1.33105 0.94876
1.37909 0.966153
1.42713 0.983545
1.47518 1.00094
1.52322 1.01833
1.57127 1.03572
1.62117 1.03572
1.67107 1.04324
1.72098 1.05076
1.77088 1.05829
1.82078 1.06581
1.87069 1.07333
1.92059 1.08085
1.97049 1.08837
2.0204 1.09589
2.0703 1.10341
2.1202 1.11093
2.17011 1.11846
2.22001 1.12598
2.26992 1.1335
2.31982 1.14102
2.36972 1.14854
2.41963 1.15606
2.46953 1.16358
2.51943 1.1711
2.56934 1.17863
2.61924 1.18615
2.66914 1.19367
2.71905 1.20119
2.76895 1.20871
2.81885 1.21623
2.86876 1.22375
2.91866 1.23127
2.96927 1.23127
3.01988 1.26488
3.07049 1.29849
3.1211 1.3321
3.17171 1.36571
3.22231 1.39932
3.27292 1.43293
3.32353 1.46653
3.37414 1.50014
3.42475 1.53375
3.47536 1.56736
3.52597 1.60097
3.57658 1.63458
3.62718 1.66819
3.67779 1.70179
3.7284 1.7354
3.77901 1.76901
3.82962 1.80262
3.88023 1.83623
3.93084 1.86984
3.98145 1.90345
4.03205 1.93705
4.08266 1.97066
4.13327 2.00427
4.18388 2.03788
4.23449 2.07149
4.2851 2.1051
4.33571 2.13871
4.38632 2.17231
4.43692 2.20592
4.48753 2.23953
4.53814 2.27314
4.58828 2.27314
4.63841 2.27314
4.68855 2.27314
4.73869 2.27314
4.78882 2.27314
4.83896 2.27314
4.8891 2.27314
4.93923 2.27314
4.98937 2.27314
5.0395 2.27314
5.08964 2.27314
5.13978 2.27314
5.18991 2.27314
5.24005 2.27314
5.29019 2.27314
5.34032 2.27314
5.39046 2.27314
5.4406 2.27314
5.49073 2.27314
5.54087 2.27314
5.591 2.27314
5.64114 2.27314
5.69128 2.27314
5.74141 2.27314
5.79155 2.27314
5.84169 2.27314
5.89182 2.27314
5.94196 2.27314
5.9921 2.27314
6.04223 2.27314
6.09237 2.27314
6.1425 2.27314
6.19264 2.27314
6.24278 2.27314
6.29291 2.27314
6.34305 2.27314
6.39319 2.27314
6.44332 2.27314
6.49346 2.27314
6.5436 2.27314
6.59373 2.27314
6.64387 2.27314
6.694 2.27314
9.46267 5.91095
12.2313 5.91095
15.0 5.91095
0.0 0.476715
0.0509957 0.476715
0.101991 0.499297
0.152987 0.521879
0.203983 0.544461
0.254979 0.567043
0.305974 0.589625
0.35697 0.612207
0.407966 0.634789
0.458961 0.657371
0.509957 0.679952
0.560953 0.702534
0.611949 0.725116
0.662944 0.747698
0.71394 0.77028
0.764936 0.792862
0.815932 0.815444
0.866927 0.838026
0.917923 0.860608
0.968919 0.88319
1.01991 0.905772
1.07091 0.928354
1.11906 0.928354
1.1672 0.93241
1.21535 0.936466
1.26349 0.940523
1.31164 0.944579
1.35978 0.948635
1.40793 0.952691
1.45607 0.956748
1.50422 0.960804
1.55237 0.96486
1.60051 0.968916
1.64857 0.968916
1.69664 0.994703
1.7447 1.02049
1.79276 1.04628
1.84082 1.07206
1.88889 1.09785
1.93695 1.12364
1.98501 1.14942
2.03308 1.17521
2.08114 1.201
2.1292 1.22678
2.17726 1.25257
2.22598 1.25257
2.27469 1.3235
2.32341 1.39442
2.37212 1.46535
2.42084 1.53628
2.46955 1.60721
2.51826 1.67813
2.56698 1.74906
2.61569 1.81999
2.66441 1.89091
2.71312 1.96184
2.76184 2.03277
2.81055 2.1037
2.85927 2.17462
2.90911 2.17462
2.95895 2.17462
3.00879 2.17462
3.05863 2.17462
3.10847 2.17462
3.15831 2.17462
3.20815 2.17462
3.25799 2.17462
3.30783 2.17462
3.35767 2.17462
3.40752 2.17462
3.45736 2.17462
3.5072 2.17462
3.55704 2.17462
3.60688 2.17462
3.65672 2.17462
3.70656 2.17462
3.7564 2.17462
3.80624 2.17462
3.85608 2.17462
3.90592 2.17462
3.95576 2.17462
4.00561 2.17462
6.7542 5.91458
9.5028 5.91458
12.2514 5.91458
15.0 5.91458
0.0 0.481268
0.0493514 0.481268
0.0987029 0.502411
0.148054 0.523555
0.197406 0.544698
0.246757 0.565841
0.296109 0.586984
0.34546 0.608128
0.394812 0.629271
0.444163 0.650414
0.493514 0.671558
0.542866 0.692701
0.592217 0.713844
0.641569 0.734988
0.69092 0.756131
0.740272 0.777274
0.789623 0.798418
0.838975 0.819561
0.888326 0.840704
0.937677 0.861848
0.987029 0.882991
1.03638 0.904134
1.08573 0.925278
1.13508 0.946421
1.18443 0.967564
1.2344 0.967564
1.28436 0.96758
1.33432 0.967597
1.38428 0.967613
1.43424 0.967629
1.4842 0.967645
1.53416 0.967661
1.58412 0.967677
1.63408 0.967693
1.68405 0.967709
1.73401 0.967725
1.78397 0.967741
1.83393 0.967757
1.88389 0.967773
1.93385 0.967789
1.98381 0.967806
2.03377 0.967822
2.08373 0.967838
2.1346 0.967838
2.18546 1.02757
2.23633 1.08731
2.28719 1.14705
2.33806 1.20678
2.38788 1.20678
2.4377 1.27634
2.48752 1.3459
2.53735 1.41547
2.58717 1.48503
2.63699 1.55459
2.68681 1.62415
2.73663 1.69371
2.78645 1.76327
2.83628 1.83283
2.8861 1.90239
2.93592 1.97195
2.98574 2.04151
3.03556 2.11107
3.08538 2.18063
3.13421 2.18063
3.18304 2.18063
3.23187 2.18063
3.2807 2.18063
3.32953 2.18063
3.37836 2.18063
3.42718 2.18063
3.47601 2.18063
3.52484 2.18063
3.57367 2.18063
3.6225 2.18063
3.67133 2.18063
3.72016 2.18063
3.76898 2.18063
3.81781 2.18063
3.86664 2.18063
3.91547 2.18063
3.9643 2.18063
6.72322 5.92959
9.48215 5.92959
12.2411 5.92959
15.0 5.92959
0.0 0.477611
0.0500493 0.477611
0.100099 0.50062
0.150148 0.523628
0.200197 0.546637
0.250246 0.569646
0.300296 0.592654
0.350345 0.615663
0.400394 0.638672
0.450443 0.66168
0.500493 0.684689
0.550542 0.707698
0.600591 0.730706
0.65064 0.753715
0.70069 0.776724
0.750739 0.799732
0.800788 0.822741
0.850837 0.84575
0.900887 0.868758
0.950936 0.891767
1.00099 0.914776
1.05103 0.937784
1.10108 0.960793
1.1507 0.960793
1.20032 0.963043
1.24994 0.965293
1.29955 0.967543
1.34917 0.969792
1.39879 0.972042
1.44841 0.974292
1.49802 0.976542
1.54764 0.978792
1.59726 0.981042
1.64688 0.983291
1.6965 0.985541
1.74611 0.987791
1.79573 0.990041
1.84666 0.990041
1.89759 1.02793
1.94852 1.06582
1.99945 1.10371
2.05038 1.1416
2.10131 1.17949
2.15224 1.21738
2.20317 1.25527
2.2541 1.29316
2.30487 1.29316
2.35563 1.36481
2.40639 1.43646
2.45715 1.50811
2.50791 1.57976
2.55867 1.65141
2.60944 1.72306
2.6602 1.79471
2.71096 1.86636
2.76172 1.93801
2.81248 2.00967
2.86324 2.08132
2.914 2.15297
2.96477 2.22462
3.01363 2.22462
3.06249 2.22462
3.11135 2.22462
3.16021 2.22462
3.20907 2.22462
3.25793 2.22462
3.30679 2.22462
3.35565 2.22462
3.40451 2.22462
3.45337 2.22462
3.50223 2.22462
3.55109 2.22462
3.59995 2.22462
3.64881 2.22462
3.69767 2.22462
3.74653 2.22462
3.79539 2.22462
6.59655 5.86073
9.3977 5.86073
12.1988 5.86073
15.0 5.86073
0.0 0.478627
0.0504532 0.478627
0.100906 0.497572
0.15136 0.516517
0.201813 0.535461
0.252266 0.554406
0.302719 0.573351
0.353172 0.592295
0.403625 0.61124
0.454079 0.630185
0.504532 0.649129
0.554985 0.668074
0.605438 0.687019
0.655891 0.705963
0.706344 0.724908
0.756798 0.743853
0.807251 0.762797
0.857704 0.781742
0.908157 0.800687
0.95861 0.819632
1.00906 0.838576
1.05952 0.857521
1.10997 0.876466
1.16042 0.89541
1.21088 0.914355
1.26133 0.9333
1.30903 0.9333
1.35674 0.94415
1.40444 0.955001
1.45214 0.965852
1.49985 0.976703
1.54755 0.987553
1.59526 0.998404
1.64568 0.998404
1.69611 1.00385
1.74654 1.0093
1.79696 1.01475
1.84739 1.0202
1.89782 1.02565
1.94825 1.0311
1.99867 1.03655
2.0491 1.042
2.09953 1.04745
2.14996 1.0529
2.20038 1.05835
2.25081 1.0638
2.30124 1.06925
2.35167 1.0747
2.40209 1.08015
2.45252 1.0856
2.50295 1.09105
2.55338 1.0965
2.6038 1.10195
2.65423 1.1074
2.70466 1.11285
2.75509 1.1183
2.80551 1.12375
2.85594 1.1292
2.90637 1.13465
2.9568 1.1401
3.00722 1.14555
3.05765 1.151
3.10808 1.15645
3.15851 1.1619
3.20893 1.16735
3.25936 1.1728
3.30979 1.17825
3.36022 1.1837
3.41064 1.18915
3.46107 1.1946
3.5115 1.20005
3.56193 1.2055
3.61235 1.21095
3.66278 1.2164
3.71321 1.22185
3.75865 1.22185
3.80408 1.5214
3.84952 1.82094
3.89496 2.12048
3.9404 2.42003
3.99021 2.42003
4.04002 2.42003
4.08983 2.42003
4.13964 2.42003
4.18945 2.42003
4.23926 2.42003
4.28907 2.42003
4.33888 2.42003
4.38869 2.42003
4.4385 2.42003
4.48831 2.42003
4.53812 2.42003
4.58793 2.42003
4.63774 2.42003
4.68755 2.42003
4.73736 2.42003
4.78717 2.42003
4.83697 2.42003
4.88678 2.42003
4.93659 2.42003
4.9864 2.42003
7.4898 5.98098
9.9932 5.98098
12.4966 5.98098
15.0 5.98098
0.0 0.476658
0.0511451 0.476658
0.10229 0.501507
0.153435 0.526355
0.204581 0.551203
0.255726 0.576051
0.306871 0.600899
0.358016 0.625747
0.409161 0.650595
0.460306 0.675443
0.511451 0.700291
0.562597 0.725139
0.613742 0.749988
0.664887 0.774836
0.716032 0.799684
0.767177 0.824532
0.818322 0.84938
0.869467 0.874228
0.921218 0.874228
0.972969 0.874364
1.02472 0.8745
1.07647 0.874636
1.12822 0.874773
1.17997 0.874909
1.23172 0.875045
1.28122 0.875045
1.33072 0.893558
1.38022 0.912071
1.42972 0.930584
1.47922 0.949097
1.52872 0.96761
1.57822 0.986123
1.62772 1.00464
1.67722 1.02315
1.72672 1.04166
1.77622 1.06017
1.82572 1.07869
1.87522 1.0972
1.92472 1.11571
1.97422 1.13423
2.02372 1.15274
2.07322 1.17125
2.12272 1.18977
2.17222 1.20828
2.22172 1.22679
2.27122 1.2453
2.32072 1.26382
2.37066 1.26382
2.4206 1.28028
2.47055 1.29674
2.52049 1.31321
2.57043 1.32967
2.62037 1.34613
2.67031 1.36259
2.72025 1.37905
2.7702 1.39552
2.82014 1.41198
2.87008 1.42844
2.92002 1.4449
2.96996 1.46137
3.01991 1.47783
3.06985 1.49429
3.11979 1.51075
3.16973 1.52722
3.21967 1.54368
3.26962 1.56014
3.31956 1.5766
3.3695 1.59307
3.41944 1.60953
3.46938 1.62599
3.51933 1.64245
3.56927 1.65892
3.61921 1.67538
3.66915 1.69184
3.71909 1.7083
3.76904 1.72477
3.81898 1.74123
3.86892 1.75769
3.91886 1.77415
3.9688 1.79062
4.01875 1.80708
4.06869 1.82354
4.11863 1.84
4.16857 1.85647
4.21851 1.87293
4.26846 1.88939
4.3184 1.90585
4.36834 1.92232
4.41828 1.93878
4.46822 1.95524
4.51817 1.9717
4.56811 1.98817
4.61805 2.00463
4.66799 2.02109
4.71793 2.03755
4.76788 2.05402
4.81782 2.07048
4.86776 2.08694
4.9177 2.1034
4.96764 2.11987
5.01759 2.13633
5.06753 2.15279
5.11747 2.16925
5.16741 2.18572
5.21735 2.20218
5.2673 2.21864
5.31724 2.2351
5.36718 2.25157
5.41712 2.26803
5.46706 2.28449
5.51701 2.30095
5.56695 2.31742
5.61689 2.33388
5.66683 2.35034
5.71677 2.3668
5.76672 2.38326
5.81666 2.39973
5.8666 2.41619
5.91654 2.43265
5.96648 2.44911
6.01686 2.44911
6.06723 2.44911
6.11761 2.44911
6.16798 2.44911
6.21836 2.44911
6.26873 2.44911
6.31911 2.44911
6.36948 2.44911
6.41986 2.44911
6.47023 2.44911
6.5206 2.44911
6.57098 2.44911
6.62135 2.44911
9.41424 5.98604
12.2071 5.98604
15.0 5.98604
0.0 0.471202
0.0493337 0.471202
0.0986673 0.493267
0.148001 0.515332
0.197335 0.537397
0.246668 0.559462
0.296002 0.581527
0.345336 0.603592
0.394669 0.625657
0.444003 0.647722
0.493337 0.669787
0.54267 0.691852
0.592004 0.713917
0.641338 0.735982
0.690671 0.758047
0.740005 0.780112
0.789339 0.802177
0.838672 0.824242
0.888006 0.846307
0.93734 0.868372
0.986673 0.890436
1.03541 0.890436
1.08414 0.928127
1.13287 0.965817
1.18221 0.965817
1.23154 0.986713
1.28087 1.00761
1.33021 1.02851
1.37954 1.0494
1.42887 1.0703
1.47821 1.0912
1.52754 1.11209
1.57687 1.13299
1.62621 1.15389
1.67554 1.17479
1.72487 1.19568
1.77421 1.21658
1.82354 1.23748
1.87287 1.25837
1.92221 1.27927
1.97154 1.30017
2.02087 1.32106
2.07097 1.32106
2.12106 1.34082
2.17116 1.36058
2.22126 1.38034
2.27135 1.40009
2.32145 1.41985
2.37155 1.43961
2.42164 1.45937
2.47174 1.47912
2.52183 1.49888
2.57193 1.51864
2.62203 1.5384
2.67212 1.55816
2.72222 1.57791
2.77231 1.59767
2.82241 1.61743
2.87251 1.63719
2.9226 1.65694
2.9727 1.6767
3.0228 1.69646
3.07289 1.71622
3.12299 1.73597
3.17308 1.75573
3.22318 1.77549
3.27328 1.79525
3.32337 1.81501
3.37347 1.83476
3.42356 1.85452
3.47366 1.87428
3.52376 1.89404
3.57385 1.91379
3.62395 1.93355
3.67404 1.95331
3.72414 1.97307
3.77424 1.99282
3.82433 2.01258
3.87443 2.03234
3.92453 2.0521
3.97462 2.07186
4.02472 2.09161
4.07481 2.11137
4.12491 2.13113
4.17501 2.15089
4.2251 2.17064
4.2752 2.1904
4.32529 2.21016
4.37539 2.22992
4.42549 2.24968
4.47558 2.26943
4.52568 2.28919
4.57577 2.30895
4.62587 2.32871
4.67597 2.34846
4.72606 2.36822
4.77616 2.38798
4.82626 2.40774
4.87635 2.42749
4.9267 2.42749
4.97704 2.42749
5.02738 2.42749
5.07773 2.42749
5.12807 2.42749
5.17841 2.42749
5.22876 2.42749
5.2791 2.42749
5.32944 2.42749
5.37979 2.42749
5.43013 2.42749
5.48048 2.42749
5.53082 2.42749
5.58116 2.42749
5.63151 2.42749
5.68185 2.42749
5.73219 2.42749
5.78254 2.42749
5.83288 2.42749
5.88322 2.42749
5.93357 2.42749
5.98391 2.42749
6.03426 2.42749
8.27569 5.97678
10.5171 5.97678
12.7586 5.97678
15.0 5.97678
0.0 0.471011
0.0502209 0.471011
0.100442 0.490073
0.150663 0.509135
0.200883 0.528197
0.251104 0.54726
0.301325 0.566322
0.351546 0.585384
0.401767 0.604446
0.451988 0.623509
0.502209 0.642571
0.552429 0.661633
0.60265 0.680695
0.652871 0.699757
0.703092 0.71882
0.753313 0.737882
0.803534 0.756944
0.853755 0.776006
0.903975 0.795069
0.954196 0.814131
1.00442 0.833193
1.05464 0.852255
1.10486 0.871317
1.15471 0.871317
1.20456 0.871972
1.25441 0.872626
1.30427 0.87328
1.35412 0.873934
1.40397 0.874588
1.45382 0.875242
1.50367 0.875896
1.55353 0.87655
1.60338 0.877204
1.65323 0.877858
1.70308 0.878512
1.75293 0.879166
1.80279 0.87982
1.85264 0.880474
1.90249 0.881128
1.95234 0.881783
2.00219 0.882437
2.05205 0.883091
2.1019 0.883745
2.15175 0.884399
2.2016 0.885053
2.25145 0.885707
2.30131 0.886361
2.35116 0.887015
2.40101 0.887669
2.45086 0.888323
2.50071 0.888977
2.55057 0.889631
2.60042 0.890285
2.65027 0.890939
2.70012 0.891594
2.74997 0.892248
2.79983 0.892902
2.84968 0.893556
2.89953 0.89421
2.94938 0.894864
2.99923 0.895518
3.04909 0.896172
3.09894 0.896826
3.14879 0.89748
3.19864 0.898134
3.24849 0.898788
3.29835 0.899442
3.3482 0.900096
3.39805 0.90075
3.4479 0.901405
3.49775 0.902059
3.54761 0.902713
3.59746 0.903367
3.64731 0.904021
3.69716 0.904675
3.74701 0.905329
3.79687 0.905983
3.84672 0.906637
3.89657 0.907291
3.94642 0.907945
3.99627 0.908599
4.04613 0.909253
4.09598 0.909907
4.14583 0.910561
4.19568 0.911216
4.24553 0.91187
4.29539 0.912524
4.34524 0.913178
4.39509 0.913832
4.44494 0.914486
4.49479 0.91514
4.54464 0.915794
4.59442 0.915794
4.64419 0.956754
4.69396 0.997713
4.74374 1.03867
4.79351 1.07963
4.84328 1.12059
4.89305 1.16155
4.94283 1.20251
4.9926 1.24347
5.04237 1.28443
5.09203 1.28443
5.14168 1.3355
5.19133 1.38657
5.24099 1.43764
5.29064 1.48871
5.3403 1.53977
5.38995 1.59084
5.43961 1.64191
5.48926 1.69298
5.53891 1.74405
5.58857 1.79512
5.63822 1.84619
5.68788 1.89726
5.73753 1.94832
5.78719 1.99939
5.83684 2.05046
5.88649 2.10153
5.93615 2.1526
5.9858 2.20367
6.03546 2.25474
6.08511 2.3058
6.13515 2.3058
6.18519 2.3058
6.23522 2.3058
6.28526 2.3058
6.3353 2.3058
6.38534 2.3058
6.43538 2.3058
6.48541 2.3058
6.53545 2.3058
6.58549 2.3058
6.63553 2.3058
6.68556 2.3058
6.7356 2.3058
6.78564 2.3058
6.83568 2.3058
6.88572 2.3058
6.93575 2.3058
6.98579 2.3058
7.03583 2.3058
7.08587 2.3058
7.1359 2.3058
7.18594 2.3058
7.23598 2.3058
7.28602 2.3058
7.33606 2.3058
7.38609 2.3058
7.43613 2.3058
7.48617 2.3058
7.53621 2.3058
7.58624 2.3058
7.63628 2.3058
7.68632 2.3058
7.73636 2.3058
7.7864 2.3058
10.1909 5.97143
12.5955 5.97143
15.0 5.97143
0.0 0.469158
0.049012 0.469158
0.098024 0.491456
0.147036 0.513755
0.196048 0.536054
0.24506 0.558353
0.294072 0.580652
0.343084 0.602951
0.392096 0.625249
0.441108 0.647548
0.49012 0.669847
0.539132 0.692146
0.588144 0.714445
0.637156 0.736744
0.686168 0.759042
0.73518 0.781341
0.784192 0.80364
0.833204 0.825939
0.883328 0.825939
0.933452 0.828629
0.983576 0.831318
1.0337 0.834008
1.08382 0.836697
1.13395 0.839387
1.18407 0.842076
1.2342 0.844766
1.28432 0.847455
1.33444 0.850145
1.38457 0.852834
1.43469 0.855524
1.48482 0.858214
1.53494 0.860903
1.58506 0.863593
1.63519 0.866282
1.68531 0.868972
1.73544 0.871661
1.78556 0.874351
1.83568 0.87704
1.88581 0.87973
1.93593 0.882419
1.98606 0.885109
2.03618 0.887799
2.0863 0.890488
2.13643 0.893178
2.18655 0.895867
2.23668 0.898557
2.2868 0.901246
2.33692 0.903936
2.38705 0.906625
2.43717 0.909315
2.4873 0.912004
2.53742 0.914694
2.58754 0.917384
2.63767 0.920073
2.68779 0.922763
2.73792 0.925452
2.78804 0.928142
2.83816 0.930831
2.88829 0.933521
2.93841 0.93621
2.98854 0.9389
3.03866 0.941589
3.08878 0.944279
3.13891 0.946969
3.18903 0.949658
3.23916 0.952348
3.28928 0.955037
3.3394 0.957727
3.38953 0.960416
3.43965 0.963106
3.48978 0.965795
3.5399 0.968485
3.59002 0.971174
3.64015 0.973864
3.69027 0.976554
3.7404 0.979243
3.79052 0.981933
3.84065 0.984622
3.89077 0.987312
3.94089 0.990001
3.99102 0.992691
4.04114 0.99538
4.09063 0.99538
4.14013 1.01846
4.18962 1.04154
4.23911 1.06462
4.2886 1.0877
4.33809 1.11078
4.38759 1.13386
4.43708 1.15693
4.48657 1.18001
4.53606 1.20309
4.58556 1.22617
4.63535 1.22617
4.68515 1.27184
4.73494 1.3175
4.78473 1.36316
4.83453 1.40883
4.88432 1.45449
4.93412 1.50015
4.98391 1.54582
5.03371 1.59148
5.0835 1.63714
5.1333 1.68281
5.18309 1.72847
5.23289 1.77413
5.28268 1.8198
5.33247 1.86546
5.38227 1.91113
5.43206 1.95679
5.48186 2.00245
5.53165 2.04812
5.58145 2.09378
5.63124 2.13944
5.68104 2.18511
5.73083 2.23077
5.78063 2.27643
5.83008 2.27643
5.87954 2.27643
5.929 2.27643
5.97846 2.27643
6.02792 2.27643
6.07738 2.27643
6.12684 2.27643
6.1763 2.27643
6.22576 2.27643
6.27522 2.27643
6.32468 2.27643
6.37414 2.27643
6.4236 2.27643
6.47306 2.27643
6.52251 2.27643
6.57197 2.27643
6.62143 2.27643
6.67089 2.27643
6.72035 2.27643
6.76981 2.27643
6.81927 2.27643
6.86873 2.27643
6.91819 2.27643
6.96765 2.27643
7.01711 2.27643
7.06657 2.27643
7.11603 2.27643
7.16549 2.27643
7.21494 2.27643
7.2644 2.27643
7.31386 2.27643
7.36332 2.27643
7.41278 2.27643
7.46224 2.27643
7.5117 2.27643
7.56116 2.27643
10.0408 5.92577
12.5204 5.92577
15.0 5.92577
0.0 0.492899
0.0503015 0.492899
0.100603 0.509743
0.150905 0.526587
0.201206 0.54343
0.251508 0.560274
0.301809 0.577118
0.352111 0.593962
0.402412 0.610806
0.452714 0.627649
0.503015 0.644493
0.553317 0.661337
0.603618 0.678181
0.65392 0.695025
0.704221 0.711868
0.754523 0.728712
0.804824 0.745556
0.853752 0.745556
0.90268 0.759748
0.951608 0.773939
1.00054 0.788131
1.04946 0.802323
1.09839 0.816515
1.14732 0.830706
1.19625 0.844898
1.24518 0.85909
1.2941 0.873281
1.34303 0.887473
1.39196 0.901665
1.44089 0.915857
1.48981 0.930048
1.54291 0.930048
1.596 0.985504
1.64909 1.04096
1.70218 1.09642
1.75527 1.15187
1.80837 1.20733
1.86146 1.26278
1.9106 1.26278
1.95974 1.79827
2.00888 2.33376
2.05964 2.33376
2.11041 2.33376
2.16118 2.33376
2.21194 2.33376
2.26271 2.33376
2.31348 2.33376
2.36425 2.33376
4.8914 6.20083
7.41855 6.20083
9.9457 6.20083
12.4728 6.20083
15.0 6.20083
0.0 0.484565
0.0492566 0.484565
0.0985131 0.503662
0.14777 0.52276
0.197026 0.541858
0.246283 0.560956
0.295539 0.580053
0.344796 0.599151
0.394053 0.618249
0.443309 0.637346
0.492566 0.656444
0.541822 0.675542
0.591079 0.694639
0.640335 0.713737
0.689592 0.732835
0.738848 0.751932
0.788105 0.77103
0.837362 0.790128
0.890711 0.790128
0.944061 0.81029
0.99741 0.830452
1.05076 0.850614
1.10411 0.870776
1.15746 0.890938
1.21081 0.9111
1.25945 0.9111
1.30809 0.942355
1.35673 0.973611
1.40537 1.00487
1.45401 1.03612
1.50265 1.06738
1.55128 1.09863
1.59992 1.12989
1.64856 1.16114
1.6972 1.1924
1.74584 1.22365
1.79448 1.25491
1.84138 1.25491
1.88828 1.64487
1.93518 2.03483
1.98207 2.42478
2.03228 2.42478
2.08249 2.42478
2.13269 2.42478
2.1829 2.42478
2.23311 2.42478
2.28332 2.42478
2.33352 2.42478
2.38373 2.42478
2.43394 2.42478
2.48414 2.42478
2.53435 2.42478
2.58456 2.42478
2.63476 2.42478
2.68497 2.42478
2.73518 2.42478
2.78538 2.42478
2.83559 2.42478
2.8858 2.42478
2.936 2.42478
2.98621 2.42478
3.03642 2.42478
3.08662 2.42478
3.13683 2.42478
3.18704 2.42478
3.23724 2.42478
3.28745 2.42478
3.33766 2.42478
3.38786 2.42478
3.43807 2.42478
3.48828 2.42478
3.53849 2.42478
3.58869 2.42478
3.6389 2.42478
3.68911 2.42478
3.73931 2.42478
3.78952 2.42478
3.83973 2.42478
3.88993 2.42478
3.94014 2.42478
3.99035 2.42478
4.04055 2.42478
4.09076 2.42478
4.14097 2.42478
4.19117 2.42478
4.24138 2.42478
4.29159 2.42478
4.34179 2.42478
4.392 2.42478
4.44221 2.42478
4.49241 2.42478
4.54262 2.42478
4.59283 2.42478
4.64303 2.42478
4.69324 2.42478
4.74345 2.42478
4.79366 2.42478
4.84386 2.42478
4.89407 2.42478
4.94428 2.42478
4.99448 2.42478
5.04469 2.42478
5.0949 2.42478
5.1451 2.42478
7.60883 6.12167
10.0726 6.12167
12.5363 6.12167
15.0 6.12167
0.0 0.477014
0.049275 0.477014
0.0985501 0.496562
0.147825 0.51611
0.1971 0.535658
0.246375 0.555206
0.29565 0.574754
0.344925 0.594302
0.3942 0.61385
0.443475 0.633398
0.49275 0.652946
0.542025 0.672494
0.5913 0.692042
0.640575 0.711589
0.68985 0.731137
0.739126 0.750685
0.788401 0.770233
0.837676 0.789781
0.886951 0.809329
0.936226 0.828877
0.984505 0.828877
1.03278 0.836312
1.08106 0.843747
1.12934 0.851181
1.17762 0.858616
1.2259 0.866051
1.27418 0.873486
1.32246 0.880921
1.3726 0.880921
1.42274 0.893278
1.47288 0.905635
1.52302 0.917992
1.57316 0.930349
1.6233 0.942706
1.67344 0.955063
1.72358 0.96742
1.77372 0.979777
1.82386 0.992135
1.87401 1.00449
1.92415 1.01685
1.97429 1.02921
2.02443 1.04156
2.07457 1.05392
2.12471 1.06628
2.17485 1.07863
2.22499 1.09099
2.27513 1.10335
2.32527 1.11571
2.37541 1.12806
2.42555 1.14042
2.47569 1.15278
2.52583 1.16513
2.57597 1.17749
2.62611 1.18985
2.67625 1.2022
2.72639 1.21456
2.77084 1.21456
2.81528 1.61494
2.85973 2.01532
2.90417 2.4157
2.95675 2.4157
3.00933 2.4157
3.0619 2.4157
3.11448 2.4157
3.16706 2.4157
3.21964 2.4157
3.27221 2.4157
3.32479 2.4157
3.37737 2.4157
5.7019 6.01555
8.02642 6.01555
10.3509 6.01555
12.6755 6.01555
15.0 6.01555
0.0 0.48805
0.0493459 0.48805
0.0986917 0.51241
0.148038 0.53677
0.197383 0.56113
0.246729 0.585489
0.296075 0.609849
0.345421 0.634209
0.394767 0.658569
0.444113 0.682928
0.493459 0.707288
0.542805 0.731648
0.59215 0.756008
0.641496 0.780367
0.690842 0.804727
0.742534 0.804727
0.794226 0.807897
0.845918 0.811068
0.89761 0.814238
0.949303 0.817408
1.00099 0.820578
1.05269 0.823748
1.10438 0.826918
1.15607 0.830089
1.20776 0.833259
1.25946 0.836429
1.31115 0.839599
1.36284 0.842769
1.41453 0.845939
1.46378 0.845939
1.51303 0.860316
1.56228 0.874692
1.61153 0.889068
1.66078 0.903445
1.71003 0.917821
1.75928 0.932197
1.80853 0.946574
1.85778 0.96095
1.90703 0.975326
1.95628 0.989703
2.00552 1.00408
2.05477 1.01846
2.10402 1.03283
2.15327 1.04721
2.20252 1.06158
2.25177 1.07596
2.30102 1.09034
2.35027 1.10471
2.39952 1.11909
2.44877 1.13347
2.49802 1.14784
2.54889 1.14784
2.59975 1.55985
2.65062 1.97185
2.70148 2.38385
2.7514 2.38385
2.80131 2.38385
2.85123 2.38385
2.90114 2.38385
2.95105 2.38385
3.00097 2.38385
3.05088 2.38385
3.1008 2.38385
3.15071 2.38385
3.20063 2.38385
3.25054 2.38385
3.30046 2.38385
3.35037 2.38385
3.40029 2.38385
3.4502 2.38385
3.50012 2.38385
3.55003 2.38385
3.59994 2.38385
3.64986 2.38385
3.69977 2.38385
3.74969 2.38385
3.7996 2.38385
3.84952 2.38385
3.89943 2.38385
3.94935 2.38385
3.99926 2.38385
4.04918 2.38385
4.09909 2.38385
4.14901 2.38385
4.19892 2.38385
4.24884 2.38385
4.29875 2.38385
4.34866 2.38385
4.39858 2.38385
4.44849 2.38385
4.49841 2.38385
7.12381 5.97021
9.7492 5.97021
12.3746 5.97021
15.0 5.97021
0.0 0.492302
0.0489008 0.492302
0.0978016 0.512586
0.146702 0.532869
0.195603 0.553152
0.244504 0.573436
0.293405 0.593719
0.342306 0.614003
0.391207 0.634286
0.440107 0.65457
0.489008 0.674853
0.537909 0.695137
0.58681 0.71542
0.635711 0.735704
0.684611 0.755987
0.733512 0.77627
0.782413 0.796554
0.831499 0.796554
0.880585 0.798765
0.929671 0.800976
0.978757 0.803187
1.02784 0.805399
1.07693 0.80761
1.12601 0.809821
1.1751 0.812032
1.22419 0.814243
1.27327 0.816454
1.32236 0.818666
1.37144 0.820877
1.42053 0.823088
1.46962 0.825299
1.5187 0.82751
1.56945 0.82751
1.6202 0.84442
1.67095 0.861329
1.7217 0.878239
1.77245 0.895148
1.82319 0.912058
1.87394 0.928968
1.92469 0.945877
1.97544 0.962787
2.02619 0.979696
2.07694 0.996606
2.12769 1.01352
2.17844 1.03042
2.22918 1.04733
2.27993 1.06424
2.33068 1.08115
2.38143 1.09806
2.43218 1.11497
2.48293 1.13188
2.53368 1.14879
2.58771 1.14879
2.64174 1.54842
2.69577 1.94805
2.7498 2.34768
2.79988 2.34768
2.84997 2.34768
2.90005 2.34768
2.95013 2.34768
3.00022 2.34768
3.0503 2.34768
3.10039 2.34768
3.15047 2.34768
3.20055 2.34768
3.25064 2.34768
3.30072 2.34768
3.35081 2.34768
3.40089 2.34768
3.45097 2.34768
3.50106 2.34768
3.55114 2.34768
3.60122 2.34768
3.65131 2.34768
3.70139 2.34768
3.75148 2.34768
3.80156 2.34768
3.85164 2.34768
3.90173 2.34768
3.95181 2.34768
4.0019 2.34768
4.05198 2.34768
4.10206 2.34768
4.15215 2.34768
4.20223 2.34768
6.90167 6.0341
9.60112 6.0341
12.3006 6.0341
15.0 6.0341
0.0 0.488347
0.0486408 0.488347
0.0972815 0.509812
0.145922 0.531277
0.194563 0.552741
0.243204 0.574206
0.291845 0.59567
0.340485 0.617135
0.389126 0.6386
0.437767 0.660064
0.486408 0.681529
0.535048 0.702993
0.583689 0.724458
0.63233 0.745923
0.680971 0.767387
0.729611 0.788852
0.778252 0.810316
0.82885 0.810316
0.879447 0.81044
0.930045 0.810563
0.980642 0.810687
1.03124 0.81081
1.08184 0.810934
1.13243 0.811057
1.18303 0.811181
1.23363 0.811304
1.28423 0.811428
1.33483 0.811551
1.38542 0.811674
1.43602 0.811798
1.48662 0.811921
1.53722 0.812045
1.58781 0.812168
1.63841 0.812292
1.68901 0.812415
1.73961 0.812539
1.7902 0.812662
1.8408 0.812786
1.8914 0.812909
1.942 0.813032
1.99259 0.813156
2.04319 0.813279
2.09287 0.813279
2.14255 0.819729
2.19222 0.826178
2.2419 0.832628
2.29158 0.839077
2.34126 0.845527
2.39094 0.851976
2.44061 0.858426
2.49029 0.864875
2.53997 0.871325
2.58965 0.877774
2.63932 0.884224
2.689 0.890673
2.73868 0.897123
2.78836 0.903572
2.83804 0.910022
2.88771 0.916471
2.93739 0.922921
2.98707 0.92937
3.03675 0.93582
3.08643 0.942269
3.1361 0.948718
3.18578 0.955168
3.23546 0.961617
3.28514 0.968067
3.33481 0.974516
3.38449 0.980966
3.43417 0.987415
3.48385 0.993865
3.53353 1.00031
3.5832 1.00676
3.63288 1.01321
3.68256 1.01966
3.73224 1.02611
3.78192 1.03256
3.83159 1.03901
3.88127 1.04546
3.93095 1.05191
3.98063 1.05836
4.0303 1.06481
4.07998 1.07126
4.12966 1.07771
4.17934 1.08416
4.22902 1.09061
4.28005 1.09061
4.33108 1.15071
4.38212 1.21081
4.43315 1.27091
4.48418 1.33102
4.53522 1.39112
4.58625 1.45122
4.63729 1.51132
4.68832 1.57143
4.73935 1.63153
4.79039 1.69163
4.84142 1.75173
4.89245 1.81183
4.94349 1.87194
4.99452 1.93204
5.04555 1.99214
5.09659 2.05224
5.14762 2.11235
5.19866 2.17245
5.24969 2.23255
5.30072 2.29265
5.35176 2.35275
5.40279 2.41286
5.45229 2.41286
5.50178 2.41286
5.55128 2.41286
5.60078 2.41286
5.65028 2.41286
5.69977 2.41286
5.74927 2.41286
5.79877 2.41286
5.84827 2.41286
5.89776 2.41286
5.94726 2.41286
5.99676 2.41286
6.04625 2.41286
6.09575 2.41286
6.14525 2.41286
6.19475 2.41286
6.24424 2.41286
6.29374 2.41286
6.34324 2.41286
6.39274 2.41286
6.44223 2.41286
6.49173 2.41286
6.54123 2.41286
6.59072 2.41286
6.64022 2.41286
6.68972 2.41286
6.73922 2.41286
6.78871 2.41286
6.83821 2.41286
6.88771 2.41286
6.93721 2.41286
6.9867 2.41286
9.6578 6.15613
12.3289 6.15613
15.0 6.15613
0.0 0.486475
0.0499983 0.486475
0.0999966 0.508581
0.149995 0.530686
0.199993 0.552792
0.249991 0.574897
0.29999 0.597003
0.349988 0.619108
0.399986 0.641214
0.449985 0.663319
0.499983 0.685425
0.549981 0.70753
0.599979 0.729636
0.649978 0.751741
0.699976 0.773847
0.749974 0.795952
0.799973 0.818058
0.849971 0.840164
0.901048 0.840164
0.952125 0.840653
1.0032 0.841143
1.05428 0.841633
1.10536 0.842123
1.15643 0.842613
1.20751 0.843103
1.25859 0.843593
1.30966 0.844083
1.36074 0.844573
1.41182 0.845062
1.4629 0.845552
1.51397 0.846042
1.56505 0.846532
1.61613 0.847022
1.6672 0.847512
1.71828 0.848002
1.76936 0.848492
1.82043 0.848982
1.87151 0.849471
1.92259 0.849961
1.97238 0.849961
2.02217 0.856206
2.07197 0.86245
2.12176 0.868694
2.17155 0.874939
2.22135 0.881183
2.27114 0.887427
2.32093 0.893672
2.37072 0.899916
2.42052 0.90616
2.47031 0.912405
2.5201 0.918649
2.5699 0.924894
2.61969 0.931138
2.66948 0.937382
2.71928 0.943627
2.76907 0.949871
2.81886 0.956115
2.86865 0.96236
2.91845 0.968604
2.96824 0.974848
3.01803 0.981093
3.06783 0.987337
3.11762 0.993581
3.16741 0.999826
3.2172 1.00607
3.267 1.01231
3.31679 1.01856
3.36658 1.0248
3.41417 1.0248
3.46176 1.17962
3.50935 1.33444
3.55694 1.48925
3.60453 1.64407
3.65212 1.79888
3.69971 1.9537
3.7473 2.10852
3.79489 2.26333
3.84248 2.41815
3.89278 2.41815
3.94309 2.41815
3.9934 2.41815
4.0437 2.41815
4.09401 2.41815
4.14432 2.41815
4.19462 2.41815
4.24493 2.41815
4.29524 2.41815
4.34554 2.41815
4.39585 2.41815
4.44616 2.41815
4.49646 2.41815
4.54677 2.41815
4.59707 2.41815
4.64738 2.41815
4.69769 2.41815
4.74799 2.41815
4.7983 2.41815
4.84861 2.41815
4.89891 2.41815
4.94922 2.41815
4.99953 2.41815
5.04983 2.41815
5.10014 2.41815
5.15045 2.41815
5.20075 2.41815
7.65056 6.18099
10.1004 6.18099
12.5502 6.18099
15.0 6.18099
0.0 0.480724
0.0490885 0.480724
0.0981771 0.499562
0.147266 0.5184
0.196354 0.537237
0.245443 0.556075
0.294531 0.574913
0.34362 0.593751
0.392708 0.612588
0.441797 0.631426
0.490885 0.650264
0.539974 0.669102
0.589063 0.687939
0.638151 0.706777
0.68724 0.725615
0.736328 0.744453
0.786562 0.744453
0.836796 0.752807
0.88703 0.761162
0.937264 0.769517
0.987499 0.777871
1.03773 0.786226
1.08797 0.79458
1.1382 0.802935
1.18843 0.81129
1.23867 0.819644
1.2889 0.827999
1.33914 0.836354
1.38937 0.844708
1.43961 0.853063
1.48984 0.861417
1.54007 0.869772
1.59031 0.878127
1.64054 0.886481
1.69078 0.894836
1.74101 0.90319
1.78992 0.90319
1.83884 0.914613
1.88775 0.926036
1.93667 0.937459
1.98558 0.948882
2.0345 0.960305
2.08341 0.971728
2.13233 0.983151
2.18124 0.994574
2.23016 1.006
2.27907 1.01742
2.32799 1.02884
2.3769 1.04027
2.4257 1.04027
2.47451 1.10981
2.52331 1.17935
2.57211 1.24889
2.62091 1.31844
2.66971 1.38798
2.71852 1.45752
2.76732 1.52707
2.81612 1.59661
2.86492 1.66615
2.91372 1.7357
2.96252 1.80524
3.01133 1.87478
3.06013 1.94432
3.10893 2.01387
3.15773 2.08341
3.20653 2.15295
3.25533 2.2225
3.30414 2.29204
3.35294 2.36158
3.41079 2.36158
3.46864 2.36158
3.52649 2.36158
5.82119 6.22616
8.11589 6.22616
10.4106 6.22616
12.7053 6.22616
15.0 6.22616
0.0 0.489345
0.0503372 0.489345
0.100674 0.509058
0.151011 0.528771
0.201349 0.548484
0.251686 0.568197
0.302023 0.58791
0.35236 0.607623
0.402697 0.627336
0.453034 0.647049
0.503372 0.666762
0.553709 0.686475
0.604046 0.706188
0.654383 0.725901
0.70472 0.745614
0.756054 0.745614
0.807388 0.74655
0.858722 0.747487
0.910056 0.748423
0.96139 0.749359
1.01272 0.750296
1.06406 0.751232
1.11539 0.752169
1.16673 0.753105
1.21806 0.754041
1.26939 0.754978
1.32073 0.755914
1.37206 0.75685
1.4234 0.757787
1.47473 0.758723
1.52606 0.75966
1.57584 0.75966
1.62562 0.798719
1.6754 0.837779
1.72517 0.876839
1.77495 0.915898
1.82473 0.954958
1.8745 0.994018
1.92428 1.03308
1.97406 1.07214
2.02384 1.1112
2.07361 1.15026
2.12424 1.15026
2.17487 1.26103
2.2255 1.3718
2.27612 1.48258
2.32675 1.59335
2.37738 1.70412
2.42801 1.8149
2.47863 1.92567
2.52926 2.03645
2.57989 2.14722
2.63052 2.25799
2.68114 2.36877
2.72709 2.36877
2.77303 2.36877
2.81898 2.36877
2.86492 2.36877
2.91087 2.36877
5.32869 6.25587
7.74652 6.25587
10.1643 6.25587
12.5822 6.25587
15.0 6.25587
0.0 0.482209
0.0475526 0.482209
0.0951051 0.505359
0.142658 0.528509
0.19021 0.551659
0.237763 0.574808
0.285315 0.597958
0.332868 0.621108
0.380421 0.644257
0.427973 0.667407
0.475526 0.690557
0.524374 0.690557
0.573223 0.694981
0.622072 0.699405
0.670921 0.703828
0.71977 0.708252
0.768618 0.712676
0.817467 0.7171
0.866316 0.721524
0.915165 0.725948
0.964013 0.730372
1.01286 0.734796
1.06171 0.739219
1.11056 0.743643
1.15941 0.748067
1.20826 0.752491
1.25956 0.752491
1.31087 0.822048
1.36218 0.891604
1.41348 0.961161
1.46479 1.03072
1.51609 1.10027
1.5674 1.16983
1.61609 1.16983
1.66479 1.32159
1.71348 1.47334
1.76217 1.6251
1.81087 1.77686
1.85956 1.92862
1.90825 2.08037
1.95695 2.23213
2.00564 2.38389
2.05902 2.38389
2.11239 2.38389
2.16577 2.38389
2.21914 2.38389
2.27252 2.38389
4.81801 6.20909
7.36351 6.20909
9.90901 6.20909
12.4545 6.20909
15.0 6.20909
0.0 0.473214
0.0516488 0.473214
0.103298 0.499633
0.154946 0.526053
0.206595 0.552472
0.258244 0.578891
0.309893 0.605311
0.361542 0.63173
0.413191 0.658149
0.462906 0.658149
0.512621 0.665402
0.562336 0.672656
0.612051 0.679909
0.661765 0.687162
0.71148 0.694415
0.761195 0.701669
0.81091 0.708922
0.860625 0.716175
0.91034 0.723428
0.960055 0.730682
1.00977 0.737935
1.05949 0.745188
1.1092 0.752441
1.15892 0.759695
1.20863 0.766948
1.25835 0.774201
1.30806 0.781454
1.35778 0.788707
1.40749 0.795961
1.45721 0.803214
1.50692 0.810467
1.55664 0.81772
1.60635 0.824974
1.65607 0.832227
1.70488 0.832227
1.7537 0.885406
1.80252 0.938584
1.85134 0.991763
1.90016 1.04494
1.94898 1.09812
1.9978 1.1513
2.04662 1.20448
2.09544 1.25766
2.14667 1.25766
2.1979 1.34943
2.24913 1.44121
2.30036 1.53298
2.35159 1.62476
2.40282 1.71653
2.45406 1.8083
2.50529 1.90008
2.55652 1.99185
2.60775 2.08363
2.65898 2.1754
2.71021 2.26718
2.76144 2.35895
2.81267 2.45073
2.8639 2.5425
2.91334 2.5425
2.96279 2.5425
3.01223 2.5425
3.06167 2.5425
3.11111 2.5425
3.16055 2.5425
3.20999 2.5425
3.25943 2.5425
3.30888 2.5425
3.35832 2.5425
3.40776 2.5425
3.4572 2.5425
3.50664 2.5425
3.55608 2.5425
3.60552 2.5425
5.88442 6.02686
8.16331 6.02686
10.4422 6.02686
12.7211 6.02686
15.0 6.02686
0.0 0.474369
0.0517704 0.474369
0.103541 0.494694
0.155311 0.515019
0.207082 0.535344
0.258852 0.555669
0.310623 0.575994
0.362393 0.59632
0.414164 0.616645
0.465934 0.63697
0.517704 0.657295
0.569475 0.67762
0.621245 0.697946
0.673016 0.718271
0.722566 0.718271
0.772115 0.72552
0.821665 0.732768
0.871215 0.740017
0.920765 0.747266
0.970315 0.754515
1.01986 0.761764
1.06941 0.769013
1.11896 0.776262
1.16851 0.783511
1.21806 0.790759
1.26761 0.798008
1.31716 0.805257
1.36671 0.812506
1.41626 0.819755
1.46581 0.827004
1.51536 0.834253
1.56491 0.841502
1.61446 0.848751
1.66401 0.855999
1.71356 0.863248
1.76311 0.870497
1.81266 0.877746
1.86221 0.884995
1.91176 0.892244
1.96131 0.899493
2.01086 0.906742
2.06226 0.906742
2.11365 0.934734
2.16505 0.962726
2.21644 0.990718
2.26783 1.01871
2.31923 1.0467
2.37062 1.0747
2.42202 1.10269
2.47341 1.13068
2.52481 1.15867
2.5762 1.18666
2.6276 1.21466
2.67899 1.24265
2.73039 1.27064
2.78169 1.27064
2.83299 1.3585
2.88429 1.44636
2.93559 1.53422
2.98689 1.62208
3.03819 1.70994
3.0895 1.7978
3.1408 1.88566
3.1921 1.97352
3.2434 2.06138
3.2947 2.14924
3.346 2.2371
3.3973 2.32496
3.4486 2.41282
3.49991 2.50068
3.54965 2.50068
3.59939 2.50068
3.64913 2.50068
3.69888 2.50068
3.74862 2.50068
3.79836 2.50068
3.8481 2.50068
3.89785 2.50068
3.94759 2.50068
3.99733 2.50068
4.04707 2.50068
4.09682 2.50068
4.14656 2.50068
4.1963 2.50068
4.24604 2.50068
4.29578 2.50068
4.34553 2.50068
7.00915 6.09518
9.67276 6.09518
12.3364 6.09518
15.0 6.09518
0.0 0.476889
0.051553 0.476889
0.103106 0.501781
0.154659 0.526672
0.206212 0.551563
0.257765 0.576454
0.309318 0.601346
0.360871 0.626237
0.412424 0.651128
0.463977 0.67602
0.51553 0.700911
0.567083 0.725802
0.618636 0.750693
0.669606 0.750693
0.720576 0.752017
0.771546 0.753341
0.822516 0.754665
0.873486 0.755988
0.924456 0.757312
0.975426 0.758636
1.0264 0.75996
1.07737 0.761283
1.12834 0.762607
1.17931 0.763931
1.23028 0.765255
1.28125 0.766578
1.33222 0.767902
1.38319 0.769226
1.43416 0.77055
1.48513 0.771874
1.5361 0.773197
1.58707 0.774521
1.63554 0.774521
1.68402 0.816825
1.7325 0.859128
1.78098 0.901432
1.82946 0.943735
1.87794 0.986038
1.92642 1.02834
1.9749 1.07065
2.02338 1.11295
2.07186 1.15525
2.12034 1.19756
2.16882 1.23986
2.2173 1.28216
2.26578 1.32447
2.31426 1.36677
2.36333 1.36677
2.4124 1.41421
2.46147 1.46165
2.51054 1.50909
2.55961 1.55652
2.60868 1.60396
2.65775 1.6514
2.70682 1.69884
2.75589 1.74628
2.80496 1.79372
2.85403 1.84115
2.9031 1.88859
2.95217 1.93603
3.00124 1.98347
3.05031 2.03091
3.09938 2.07835
3.14845 2.12579
3.19752 2.17322
3.24659 2.22066
3.29566 2.2681
3.34473 2.31554
3.39381 2.36298
3.44288 2.41042
3.49195 2.45785
3.54102 2.50529
3.59034 2.50529
3.63966 2.50529
3.68897 2.50529
3.73829 2.50529
3.78761 2.50529
3.83693 2.50529
3.88625 2.50529
3.93557 2.50529
3.98489 2.50529
4.03421 2.50529
4.08353 2.50529
4.13285 2.50529
4.18217 2.50529
4.23149 2.50529
4.28081 2.50529
4.33013 2.50529
4.37945 2.50529
4.42877 2.50529
4.47809 2.50529
4.52741 2.50529
7.14556 6.12694
9.7637 6.12694
12.3819 6.12694
15.0 6.12694
0.0 0.473658
0.0502809 0.473658
0.100562 0.497086
0.150843 0.520515
0.201123 0.543943
0.251404 0.567371
0.301685 0.590799
0.351966 0.614227
0.402247 0.637655
0.452528 0.661083
0.502809 0.684511
0.553089 0.707939
0.60337 0.731367
0.653651 0.754795
0.703932 0.778223
0.753421 0.778223
0.802911 0.780225
0.8524 0.782228
0.901889 0.78423
0.951379 0.786233
1.00087 0.788235
1.05036 0.790237
1.09985 0.79224
1.14934 0.794242
1.19883 0.796245
1.24832 0.798247
1.2978 0.80025
1.34729 0.802252
1.39678 0.804254
1.44627 0.806257
1.49576 0.808259
1.54525 0.810262
1.59474 0.812264
1.64423 0.814266
1.69372 0.816269
1.74321 0.818271
1.7927 0.820274
1.84219 0.822276
1.89168 0.824278
1.94117 0.826281
1.99066 0.828283
2.04015 0.830286
2.08963 0.832288
2.13912 0.83429
2.1885 0.83429
2.23788 0.885557
2.28725 0.936823
2.33663 0.988089
2.386 1.03936
2.43538 1.09062
2.48475 1.14189
2.53413 1.19315
2.5835 1.24442
2.63288 1.29569
2.68225 1.34695
2.73163 1.39822
2.78101 1.44948
2.83141 1.44948
2.88182 1.48172
2.93222 1.51395
2.98263 1.54619
3.03303 1.57842
3.08344 1.61066
3.13385 1.64289
3.18425 1.67513
3.23466 1.70736
3.28506 1.7396
3.33547 1.77183
3.38587 1.80407
3.43628 1.8363
3.48669 1.86854
3.53709 1.90077
3.5875 1.93301
3.6379 1.96524
3.68831 1.99748
3.73871 2.02971
3.78912 2.06195
3.83953 2.09418
3.88993 2.12642
3.94034 2.15865
3.99074 2.19089
4.04115 2.22312
4.09155 2.25535
4.14196 2.28759
4.19236 2.31982
4.24277 2.35206
4.29318 2.38429
4.34358 2.41653
4.39399 2.44876
4.44456 2.44876
4.49513 2.44876
4.54571 2.44876
4.59628 2.44876
4.64685 2.44876
4.69742 2.44876
4.748 2.44876
4.79857 2.44876
4.84914 2.44876
4.89972 2.44876
4.95029 2.44876
5.00086 2.44876
5.05143 2.44876
5.10201 2.44876
5.15258 2.44876
7.61443 6.09852
10.0763 6.09852
12.5381 6.09852
15.0 6.09852
0.0 0.475501
0.049169 0.475501
0.098338 0.49626
0.147507 0.51702
0.196676 0.53778
0.245845 0.558539
0.295014 0.579299
0.344183 0.600059
0.393352 0.620819
0.442521 0.641578
0.49169 0.662338
0.540859 0.683098
0.590028 0.703857
0.639197 0.724617
0.688366 0.745377
0.737535 0.766136
0.786704 0.786896
0.837334 0.786896
0.887964 0.78809
0.938594 0.789284
0.989224 0.790478
1.03985 0.791672
1.09048 0.792866
1.14111 0.79406
1.19174 0.795254
1.24237 0.796448
1.293 0.797642
1.34363 0.798836
1.39426 0.80003
1.44489 0.801224
1.49552 0.802418
1.54615 0.803612
1.59678 0.804806
1.64741 0.806
1.69804 0.807194
1.74867 0.808388
1.7993 0.809582
1.84993 0.810776
1.90056 0.81197
1.95119 0.813164
2.00182 0.814358
2.05245 0.815552
2.10308 0.816746
2.15371 0.81794
2.20434 0.819134
2.25497 0.820327
2.3056 0.821521
2.35677 0.821521
2.40794 0.85548
2.45911 0.889439
2.51028 0.923398
2.56145 0.957357
2.61262 0.991316
2.66379 1.02528
2.71496 1.05923
2.76613 1.09319
2.8173 1.12715
2.86847 1.16111
2.91964 1.19507
2.97081 1.22903
3.02198 1.26299
3.07315 1.29695
3.12432 1.33091
3.17549 1.36487
3.22666 1.39882
3.27783 1.43278
3.329 1.46674
3.38 1.46674
3.43101 1.5076
3.48202 1.54847
3.53303 1.58933
3.58403 1.63019
3.63504 1.67105
3.68605 1.71191
3.73705 1.75278
3.78806 1.79364
3.83907 1.8345
3.89008 1.87536
3.94108 1.91623
3.99209 1.95709
4.0431 1.99795
4.09411 2.03881
4.14511 2.07967
4.19612 2.12054
4.24713 2.1614
4.29813 2.20226
4.34914 2.24312
4.40015 2.28398
4.45116 2.32485
4.50216 2.36571
4.55329 2.36571
4.60443 2.36571
4.65556 2.36571
4.70669 2.36571
4.75782 2.36571
4.80895 2.36571
4.86008 2.36571
4.91121 2.36571
4.96234 2.36571
5.01347 2.36571
5.0646 2.36571
5.11573 2.36571
5.16687 2.36571
5.218 2.36571
7.6635 6.05879
10.109 6.05879
12.5545 6.05879
15.0 6.05879
0.0 0.476591
0.0497031 0.476591
0.0994062 0.498287
0.149109 0.519983
0.198812 0.541679
0.248516 0.563375
0.298219 0.585071
0.347922 0.606767
0.397625 0.628462
0.447328 0.650158
0.497031 0.671854
0.546734 0.69355
0.596437 0.715246
0.64614 0.736942
0.695844 0.758638
0.745547 0.780334
0.796027 0.780334
0.846507 0.782802
0.896987 0.78527
0.947467 0.787739
0.997947 0.790207
1.04843 0.792675
1.09891 0.795144
1.14939 0.797612
1.19987 0.80008
1.25035 0.802549
1.30083 0.805017
1.35131 0.807485
1.40179 0.809954
1.45227 0.812422
1.50275 0.81489
1.55323 0.817359
1.60371 0.819827
1.65419 0.822295
1.70467 0.824764
1.75515 0.827232
1.80563 0.8297
1.85611 0.832169
1.90659 0.834637
1.95707 0.837105
2.00755 0.839574
2.05803 0.842042
2.10851 0.84451
2.15899 0.846979
2.20947 0.849447
2.25995 0.851915
2.31043 0.854384
2.36 0.854384
2.40957 0.891703
2.45914 0.929022
2.50871 0.966341
2.55828 1.00366
2.60785 1.04098
2.65742 1.0783
2.70699 1.11562
2.75656 1.15294
2.80613 1.19025
2.8557 1.22757
2.90527 1.26489
2.95484 1.30221
3.00441 1.33953
3.05398 1.37685
3.10355 1.41417
3.15311 1.45149
3.20268 1.48881
3.25225 1.52613
3.30164 1.52613
3.35103 1.55015
3.40042 1.57418
3.44981 1.59821
3.4992 1.62224
3.54859 1.64626
3.59798 1.67029
3.64737 1.69432
3.69676 1.71835
3.74614 1.74238
3.79553 1.7664
3.84492 1.79043
3.89431 1.81446
3.9437 1.83849
3.99309 1.86252
4.04248 1.88654
4.09187 1.91057
4.14126 1.9346
4.19065 1.95863
4.24004 1.98266
4.28942 2.00668
4.33881 2.03071
4.3882 2.05474
4.43759 2.07877
4.48698 2.10279
4.53637 2.12682
4.58576 2.15085
4.63515 2.17488
4.68454 2.19891
4.73393 2.22293
4.78332 2.24696
4.8327 2.27099
4.88209 2.29502
4.93148 2.31905
4.98087 2.34307
5.0304 2.34307
5.07994 2.34307
5.12947 2.34307
5.179 2.34307
5.22853 2.34307
5.27806 2.34307
5.32759 2.34307
5.37713 2.34307
5.42666 2.34307
5.47619 2.34307
5.52572 2.34307
5.57525 2.34307
5.62478 2.34307
5.67432 2.34307
5.72385 2.34307
5.77338 2.34307
8.08003 6.12981
10.3867 6.12981
12.6933 6.12981
15.0 6.12981
0.0 0.471207
0.049989 0.471207
0.0999781 0.497962
0.149967 0.524716
0.199956 0.55147
0.249945 0.578225
0.299934 0.604979
0.349923 0.631734
0.399912 0.658488
0.449901 0.685243
0.49989 0.711997
0.549879 0.738751
0.599868 0.765506
0.649858 0.79226
0.699847 0.819015
0.749833 0.819015
0.799819 0.820843
0.849805 0.82267
0.899791 0.824498
0.949777 0.826326
0.999763 0.828154
1.04975 0.829982
1.09973 0.83181
1.14972 0.833637
1.19971 0.835465
1.24969 0.837293
1.29968 0.839121
1.34966 0.840949
1.39965 0.842777
1.44964 0.844604
1.49962 0.846432
1.54961 0.84826
1.59959 0.850088
1.64958 0.851916
1.69957 0.853744
1.74955 0.855571
1.79954 0.857399
1.84952 0.859227
1.89951 0.861055
1.9495 0.862883
1.99948 0.864711
2.04947 0.866539
2.09945 0.868366
2.14944 0.870194
2.19943 0.872022
2.24941 0.87385
2.2994 0.875678
2.34944 0.875678
2.39948 0.906613
2.44951 0.937548
2.49955 0.968484
2.54959 0.999419
2.59963 1.03035
2.64967 1.06129
2.69971 1.09222
2.74975 1.12316
2.79978 1.1541
2.84982 1.18503
2.89986 1.21597
2.9499 1.2469
2.99994 1.27784
3.04998 1.30877
3.10002 1.33971
3.15005 1.37064
3.20009 1.40158
3.25013 1.43251
3.30017 1.46345
3.35021 1.49438
3.40025 1.52532
3.45028 1.55625
3.50032 1.58719
3.55036 1.61812
3.60015 1.61812
3.64994 1.64572
3.69972 1.67331
3.74951 1.70091
3.7993 1.7285
3.84908 1.75609
3.89887 1.78369
3.94866 1.81128
3.99844 1.83887
4.04823 1.86647
4.09802 1.89406
4.1478 1.92166
4.19759 1.94925
4.24738 1.97684
4.29716 2.00444
4.34695 2.03203
4.39674 2.05963
4.44652 2.08722
4.49631 2.11481
4.5461 2.14241
4.59588 2.17
4.64567 2.19759
4.69546 2.22519
4.74524 2.25278
4.79503 2.28038
4.84482 2.30797
4.8946 2.33556
4.94439 2.36316
4.99363 2.36316
5.04288 2.36316
5.09212 2.36316
5.14137 2.36316
5.19061 2.36316
5.23985 2.36316
5.2891 2.36316
5.33834 2.36316
5.38759 2.36316
5.43683 2.36316
5.48608 2.36316
5.53532 2.36316
5.58456 2.36316
5.63381 2.36316
5.68305 2.36316
5.7323 2.36316
5.78154 2.36316
5.83078 2.36316
5.88003 2.36316
5.92927 2.36316
5.97852 2.36316
6.02776 2.36316
8.27082 6.16037
10.5139 6.16037
12.7569 6.16037
15.0 6.16037
0.0 0.477425
0.0516634 0.477425
0.103327 0.499028
0.15499 0.520631
0.206653 0.542234
0.258317 0.563837
0.30998 0.58544
0.361644 0.607043
0.413307 0.628646
0.46497 0.650248
0.516634 0.671851
0.568297 0.693454
0.61996 0.715057
0.671624 0.73666
0.723287 0.758263
0.77495 0.779866
0.825403 0.779866
0.875856 0.785337
0.926308 0.790809
0.976761 0.79628
1.02721 0.801751
1.07767 0.807222
1.12812 0.812693
1.17857 0.818165
1.22902 0.823636
1.27948 0.829107
1.32993 0.834578
1.38038 0.840049
1.43083 0.845521
1.48129 0.850992
1.53174 0.856463
1.58219 0.861934
1.63264 0.867405
1.6831 0.872877
1.73355 0.878348
1.784 0.883819
1.83445 0.88929
1.88491 0.894761
1.93536 0.900233
1.98581 0.905704
2.03626 0.911175
2.08672 0.916646
2.13685 0.916646
2.18699 0.934276
2.23713 0.951906
2.28727 0.969536
2.3374 0.987166
2.38754 1.0048
2.43768 1.02243
2.48781 1.04006
2.53795 1.05769
2.58809 1.07532
2.63823 1.09295
2.68836 1.11058
2.7385 1.12821
2.78864 1.14584
2.83877 1.16347
2.88891 1.1811
2.93905 1.19873
2.98919 1.21636
3.03932 1.23399
3.08946 1.25162
3.1396 1.26925
3.18974 1.28688
3.23987 1.30451
3.29001 1.32214
3.34015 1.33977
3.39028 1.3574
3.44042 1.37503
3.49056 1.39266
3.5407 1.41029
3.59083 1.42792
3.64097 1.44555
3.69111 1.46317
3.74124 1.4808
3.79138 1.49843
3.84152 1.51606
3.89166 1.53369
3.94179 1.55132
3.99193 1.56895
4.04207 1.58658
4.09208 1.58658
4.1421 1.5988
4.19212 1.61101
4.24213 1.62322
4.29215 1.63543
4.34217 1.64765
4.39218 1.65986
4.4422 1.67207
4.49222 1.68428
4.54223 1.6965
4.59225 1.70871
4.64227 1.72092
4.69229 1.73313
4.7423 1.74535
4.79232 1.75756
4.84234 1.76977
4.89235 1.78198
4.94237 1.7942
4.99239 1.80641
5.0424 1.81862
5.09242 1.83083
5.14244 1.84305
5.19245 1.85526
5.24247 1.86747
5.29249 1.87968
5.3425 1.8919
5.39252 1.90411
5.44254 1.91632
5.49255 1.92853
5.54257 1.94075
5.59259 1.95296
5.6426 1.96517
5.69262 1.97738
5.74264 1.9896
5.79265 2.00181
5.84267 2.01402
5.89269 2.02623
5.9427 2.03845
5.99272 2.05066
6.04274 2.06287
6.09275 2.07508
6.14277 2.0873
6.19279 2.09951
6.2428 2.11172
6.29282 2.12393
6.34284 2.13615
6.39285 2.14836
6.44287 2.16057
6.49289 2.17278
6.5429 2.18499
6.59292 2.19721
6.64294 2.20942
6.69295 2.22163
6.74297 2.23384
6.79299 2.24606
6.843 2.25827
6.89302 2.27048
6.94304 2.28269
6.99305 2.29491
7.04307 2.30712
7.09309 2.31933
7.1431 2.33154
7.19312 2.34376
7.24314 2.35597
7.29315 2.36818
7.34317 2.38039
7.39319 2.39261
7.4432 2.40482
7.49322 2.41703
7.54358 2.41703
7.59395 2.41703
7.64431 2.41703
7.69467 2.41703
10.1298 6.10066
12.5649 6.10066
15.0 6.10066
0.0 0.469573
0.0496242 0.469573
0.0992485 0.490188
0.148873 0.510803
0.198497 0.531419
0.248121 0.552034
0.297745 0.572649
0.34737 0.593265
0.396994 0.61388
0.446618 0.634495
0.496242 0.65511
0.545867 0.675726
0.595491 0.696341
0.645115 0.716956
0.694739 0.737572
0.744364 0.758187
0.793988 0.778802
0.843612 0.799417
0.893236 0.820033
0.942918 0.820033
0.9926 0.822636
1.04228 0.82524
1.09196 0.827844
1.14164 0.830447
1.19133 0.833051
1.24101 0.835655
1.29069 0.838258
1.34037 0.840862
1.39005 0.843466
1.43973 0.846069
1.48942 0.848673
1.5391 0.851277
1.58878 0.85388
1.63846 0.856484
1.68814 0.859088
1.73782 0.861691
1.78751 0.864295
1.83719 0.866899
1.88687 0.869502
1.93655 0.872106
1.98623 0.87471
2.03591 0.877314
2.0856 0.879917
2.13528 0.882521
2.18496 0.885125
2.23464 0.887728
2.28432 0.890332
2.334 0.892936
2.38369 0.895539
2.43337 0.898143
2.48305 0.900747
2.53273 0.90335
2.58241 0.905954
2.63209 0.908558
2.68178 0.911161
2.73146 0.913765
2.78114 0.916369
2.83082 0.918972
2.8805 0.921576
2.93089 0.921576
2.98128 0.936891
3.03167 0.952206
3.08206 0.967521
3.13245 0.982835
3.18283 0.99815
3.23322 1.01347
3.28361 1.02878
3.334 1.04409
3.38439 1.05941
3.43478 1.07472
3.48516 1.09004
3.53555 1.10535
3.58594 1.12067
3.63633 1.13598
3.68672 1.1513
3.73711 1.16661
3.7875 1.18193
3.83788 1.19724
3.88827 1.21256
3.93866 1.22787
3.98905 1.24319
4.03944 1.2585
4.08983 1.27382
4.14021 1.28913
4.1906 1.30445
4.24099 1.31976
4.29138 1.33508
4.34177 1.35039
4.39216 1.36571
4.44255 1.38102
4.49293 1.39634
4.54332 1.41165
4.59371 1.42697
4.6441 1.44228
4.69449 1.4576
4.74488 1.47291
4.79526 1.48822
4.84565 1.50354
4.89604 1.51885
4.94643 1.53417
4.99682 1.54948
5.04662 1.54948
5.09642 1.57011
5.14622 1.59074
5.19602 1.61137
5.24582 1.632
5.29562 1.65263
5.34542 1.67326
5.39522 1.6939
5.44502 1.71453
5.49482 1.73516
5.54462 1.75579
5.59442 1.77642
5.64422 1.79705
5.69402 1.81768
5.74382 1.83831
5.79362 1.85894
5.84342 1.87957
5.89322 1.9002
5.94302 1.92083
5.99282 1.94146
6.04262 1.96209
6.09242 1.98272
6.14222 2.00335
6.19202 2.02398
6.24182 2.04461
6.29162 2.06524
6.34142 2.08587
6.39122 2.1065
6.44102 2.12713
6.49082 2.14776
6.54062 2.16839
6.59042 2.18902
6.64022 2.20965
6.69002 2.23028
6.73982 2.25091
6.78962 2.27154
6.83942 2.29217
6.88922 2.3128
6.93902 2.33343
6.98882 2.35406
7.03862 2.37469
7.08842 2.39532
7.13822 2.41595
7.18802 2.43658
7.23782 2.45721
7.28762 2.47784
7.33742 2.49847
7.38722 2.5191
7.43702 2.53973
7.48703 2.53973
7.53704 2.53973
7.58704 2.53973
7.63705 2.53973
7.68706 2.53973
7.73706 2.53973
7.78707 2.53973
7.83708 2.53973
7.88709 2.53973
10.2581 6.23182
12.629 6.23182
15.0 6.23182
0.0 0.468534
0.0514058 0.468534
0.102812 0.493484
0.154217 0.518434
0.205623 0.543385
0.257029 0.568335
0.308435 0.593285
0.359841 0.618236
0.411247 0.643186
0.462652 0.668136
0.514058 0.693086
0.565464 0.718037
0.61687 0.742987
0.668276 0.767937
0.719681 0.792887
0.769235 0.792887
0.818789 0.794335
0.868343 0.795783
0.917897 0.797231
0.967451 0.798678
1.01701 0.800126
1.06656 0.801574
1.11611 0.803021
1.16567 0.804469
1.21522 0.805917
1.26477 0.807365
1.31433 0.808812
1.36388 0.81026
1.41344 0.811708
1.46299 0.813156
1.51254 0.814603
1.5621 0.816051
1.61165 0.817499
1.66121 0.818947
1.71076 0.820394
1.76031 0.821842
1.80987 0.82329
1.85942 0.824738
1.90898 0.826185
1.95853 0.827633
2.00808 0.829081
2.05764 0.830529
2.10719 0.831976
2.15675 0.833424
2.2063 0.834872
2.25585 0.836319
2.30541 0.837767
2.35551 0.837767
2.40562 0.859873
2.45572 0.881978
2.50583 0.904083
2.55594 0.926189
2.60604 0.948294
2.65615 0.970399
2.70625 0.992505
2.75636 1.01461
2.80646 1.03672
2.85657 1.05882
2.90667 1.08093
2.95678 1.10303
3.00689 1.12514
3.05699 1.14724
3.1071 1.16935
3.1572 1.19145
3.20731 1.21356
3.25741 1.23566
3.30752 1.25777
3.35762 1.27987
3.40773 1.30198
3.45783 1.32408
3.50794 1.34619
3.55805 1.3683
3.60815 1.3904
3.65826 1.41251
3.70836 1.43461
3.75847 1.45672
3.80857 1.47882
3.85868 1.50093
3.90878 1.52303
3.95889 1.54514
4.009 1.56724
4.0591 1.58935
4.10959 1.58935
4.16007 1.61225
4.21056 1.63515
4.26105 1.65805
4.31153 1.68095
4.36202 1.70385
4.41251 1.72675
4.46299 1.74965
4.51348 1.77255
4.56397 1.79546
4.61445 1.81836
4.66494 1.84126
4.71543 1.86416
4.76591 1.88706
4.8164 1.90996
4.86688 1.93286
4.91737 1.95576
4.96786 1.97866
5.01834 2.00156
5.06883 2.02446
5.11932 2.04736
5.1698 2.07027
5.22029 2.09317
5.27078 2.11607
5.32126 2.13897
5.37175 2.16187
5.42224 2.18477
5.47272 2.20767
5.52321 2.23057
5.5737 2.25347
5.62418 2.27637
5.67467 2.29927
5.72515 2.32217
5.77564 2.34507
5.82613 2.36798
5.87661 2.39088
5.9271 2.41378
5.97759 2.43668
6.02807 2.45958
6.07856 2.48248
6.12905 2.50538
6.17953 2.52828
6.23002 2.55118
6.28037 2.55118
6.33073 2.55118
6.38108 2.55118
6.43143 2.55118
6.48178 2.55118
6.53214 2.55118
6.58249 2.55118
9.38833 6.18358
12.1942 6.18358
15.0 6.18358
0.0 0.478508
0.0493748 0.478508
0.0987496 0.50294
0.148124 0.527373
0.197499 0.551805
0.246874 0.576237
0.296249 0.600669
0.345623 0.625102
0.394998 0.649534
0.444373 0.673966
0.493748 0.698398
0.543123 0.72283
0.592497 0.747263
0.64274 0.747263
0.692982 0.750008
0.743224 0.752753
0.793467 0.755499
0.843709 0.758244
0.893951 0.76099
0.944194 0.763735
0.994436 0.76648
1.04468 0.769226
1.09492 0.771971
1.14516 0.774716
1.19541 0.777462
1.24565 0.780207
1.29589 0.782952
1.34613 0.785698
1.39637 0.788443
1.44662 0.791188
1.49686 0.793934
1.5471 0.796679
1.59734 0.799425
1.64759 0.80217
1.69783 0.804915
1.74807 0.807661
1.79831 0.810406
1.84856 0.813151
1.8988 0.815897
1.94904 0.818642
1.99928 0.821387
2.04952 0.824133
2.09977 0.826878
2.14938 0.826878
2.199 0.887717
2.24862 0.948556
2.29823 1.00939
2.34785 1.07023
2.39747 1.13107
2.44708 1.19191
2.4967 1.25275
2.54632 1.31359
2.59593 1.37443
2.64555 1.43527
2.69517 1.4961
2.74478 1.55694
2.7944 1.61778
2.84449 1.61778
2.89458 1.63431
2.94467 1.65084
2.99476 1.66737
3.04485 1.68389
3.09494 1.70042
3.14503 1.71695
3.19512 1.73348
3.24521 1.75001
3.2953 1.76654
3.34539 1.78306
3.39548 1.79959
3.44557 1.81612
3.49566 1.83265
3.54575 1.84918
3.59584 1.86571
3.64593 1.88223
3.69602 1.89876
3.74611 1.91529
3.7962 1.93182
3.84629 1.94835
3.89638 1.96487
3.94647 1.9814
3.99656 1.99793
4.04665 2.01446
4.09674 2.03099
4.14683 2.04752
4.19692 2.06404
4.24701 2.08057
4.2971 2.0971
4.34719 2.11363
4.39728 2.13016
4.44737 2.14669
4.49746 2.16321
4.54755 2.17974
4.59764 2.19627
4.64773 2.2128
4.69782 2.22933
4.74791 2.24585
4.798 2.26238
4.84809 2.27891
4.89818 2.29544
4.94827 2.31197
4.99836 2.3285
5.04844 2.34502
5.09853 2.36155
5.14862 2.37808
5.19871 2.39461
5.2488 2.41114
5.29889 2.42766
5.34898 2.44419
5.39907 2.46072
5.44916 2.47725
5.49925 2.49378
5.54934 2.51031
5.59943 2.52683
5.64952 2.54336
5.69961 2.55989
5.7497 2.57642
5.79562 2.57642
5.84153 2.57642
5.88744 2.57642
5.93335 2.57642
5.97927 2.57642
6.02518 2.57642
8.26888 6.17271
10.5126 6.17271
12.7563 6.17271
15.0 6.17271
0.0 0.479164
0.051834 0.479164
0.103668 0.499649
0.155502 0.520135
0.207336 0.540621
0.25917 0.561106
0.311004 0.581592
0.362838 0.602078
0.414672 0.622564
0.466506 0.643049
0.51834 0.663535
0.570175 0.684021
0.622009 0.704507
0.673843 0.724992
0.724244 0.724992
0.774646 0.731956
0.825048 0.73892
0.875449 0.745884
0.925851 0.752847
0.976253 0.759811
1.02665 0.766775
1.07706 0.773739
1.12746 0.780703
1.17786 0.787667
1.22826 0.79463
1.27866 0.801594
1.32906 0.808558
1.37947 0.815522
1.42987 0.822486
1.48027 0.829449
1.53067 0.836413
1.58107 0.843377
1.63147 0.850341
1.68188 0.857305
1.73228 0.864268
1.78268 0.871232
1.83308 0.878196
1.88348 0.88516
1.93388 0.892124
1.98429 0.899087
2.03469 0.906051
2.08509 0.913015
2.13549 0.919979
2.18589 0.926943
2.23629 0.933907
2.2867 0.94087
2.3371 0.947834
2.3859 0.947834
2.43469 1.01352
2.48349 1.07921
2.53229 1.1449
2.58109 1.21059
2.62989 1.27627
2.67868 1.34196
2.72748 1.40765
2.77628 1.47334
2.82508 1.53903
2.87388 1.60472
2.92267 1.6704
2.97338 1.6704
3.02408 1.72967
3.07479 1.78894
3.12549 1.84821
3.17619 1.90748
3.2269 1.96676
3.2776 2.02603
3.3283 2.0853
3.37901 2.14457
3.42971 2.20384
3.48042 2.26311
3.53112 2.32238
3.58182 2.38165
3.63253 2.44092
3.68323 2.50019
3.73394 2.55946
3.78464 2.61873
3.83534 2.678
3.88467 2.678
3.934 2.678
3.98333 2.678
4.03266 2.678
4.08199 2.678
4.13132 2.678
4.18065 2.678
4.22997 2.678
4.2793 2.678
4.32863 2.678
4.37796 2.678
4.42729 2.678
4.47662 2.678
4.52595 2.678
4.57528 2.678
4.62461 2.678
4.67393 2.678
4.72326 2.678
4.77259 2.678
4.82192 2.678
4.87125 2.678
4.92058 2.678
4.96991 2.678
5.01924 2.678
5.06856 2.678
5.11789 2.678
5.16722 2.678
5.21655 2.678
7.66241 5.95769
10.1083 5.95769
12.5541 5.95769
15.0 5.95769
0.0 0.482484
0.0499061 0.482484
0.0998122 0.508858
0.149718 0.535232
0.199624 0.561606
0.249531 0.58798
0.299437 0.614354
0.349343 0.640728
0.399249 0.667102
0.449155 0.693476
0.499061 0.71985
0.549522 0.71985
0.599983 0.726543
0.650444 0.733236
0.700905 0.739929
0.751366 0.746622
0.801827 0.753315
0.852288 0.760008
0.902749 0.766701
0.95321 0.773394
1.00367 0.780088
1.05413 0.786781
1.10459 0.793474
1.15505 0.800167
1.20551 0.80686
1.25598 0.813553
1.30644 0.820246
1.3569 0.826939
1.40736 0.833632
1.45782 0.840325
1.50828 0.847019
1.55874 0.853712
1.6092 0.860405
1.65966 0.867098
1.71012 0.873791
1.76059 0.880484
1.81105 0.887177
1.86151 0.89387
1.91197 0.900563
1.96278 0.900563
2.01358 0.948392
2.06439 0.99622
2.1152 1.04405
2.16601 1.09188
2.21682 1.13971
2.26762 1.18753
2.31843 1.23536
2.36924 1.28319
2.42005 1.33102
2.47085 1.37885
2.52166 1.42668
2.57247 1.47451
2.62328 1.52233
2.67409 1.57016
2.72489 1.61799
2.7757 1.66582
2.82651 1.71365
2.87732 1.76148
2.92668 1.76148
2.97605 1.786
3.02542 1.81052
3.07478 1.83504
3.12415 1.85956
3.17352 1.88408
3.22288 1.90859
3.27225 1.93311
3.32162 1.95763
3.37098 1.98215
3.42035 2.00667
3.46972 2.03119
3.51908 2.05571
3.56845 2.08023
3.61782 2.10475
3.66719 2.12927
3.71655 2.15379
3.76592 2.17831
3.81529 2.20283
3.86465 2.22735
3.91402 2.25187
3.96339 2.27639
4.01275 2.30091
4.06212 2.32543
4.11149 2.34995
4.16085 2.37447
4.21022 2.39899
4.25959 2.42351
4.30895 2.44803
4.35832 2.47255
4.40769 2.49707
4.45705 2.52159
4.50642 2.54611
4.55579 2.57063
4.60515 2.59515
4.65452 2.61967
4.70432 2.61967
4.75412 2.61967
4.80392 2.61967
4.85372 2.61967
4.90352 2.61967
4.95332 2.61967
5.00312 2.61967
5.05292 2.61967
5.10272 2.61967
5.15252 2.61967
5.20232 2.61967
5.25212 2.61967
5.30192 2.61967
5.35171 2.61967
5.40151 2.61967
5.45131 2.61967
5.50111 2.61967
5.55091 2.61967
5.60071 2.61967
5.65051 2.61967
5.70031 2.61967
5.75011 2.61967
5.79991 2.61967
5.84971 2.61967
5.89951 2.61967
5.94931 2.61967
5.99911 2.61967
6.04891 2.61967
8.28668 5.97676
10.5245 5.97676
12.7622 5.97676
15.0 5.97676
0.0 0.483284
0.0501631 0.483284
0.100326 0.502218
0.150489 0.521153
0.200652 0.540087
0.250816 0.559021
0.300979 0.577956
0.351142 0.59689
0.401305 0.615825
0.451468 0.634759
0.501631 0.653693
0.551794 0.672628
0.601957 0.691562
0.652121 0.710496
0.702284 0.729431
0.752447 0.748365
0.80261 0.767299
0.852026 0.767299
0.901442 0.77333
0.950858 0.779361
1.00027 0.785391
1.04969 0.791422
1.09911 0.797453
1.14852 0.803484
1.19794 0.809514
1.24736 0.815545
1.29677 0.821576
1.34619 0.827606
1.3956 0.833637
1.44502 0.839668
1.49444 0.845699
1.54385 0.851729
1.59327 0.85776
1.64268 0.863791
1.6921 0.869821
1.74152 0.875852
1.79093 0.881883
1.84035 0.887913
1.88977 0.893944
1.93918 0.899975
1.9886 0.906006
2.03801 0.912036
2.08743 0.918067
2.13685 0.924098
2.18626 0.930128
2.23568 0.936159
2.2851 0.94219
2.33451 0.948221
2.38393 0.954251
2.43357 0.954251
2.48321 1.00661
2.53286 1.05896
2.5825 1.11131
2.63215 1.16367
2.68179 1.21602
2.73143 1.26837
2.78108 1.32073
2.83072 1.37308
2.88036 1.42544
2.93001 1.47779
2.97965 1.53014
3.0293 1.5825
3.07894 1.63485
3.12858 1.68721
3.17823 1.73956
3.22787 1.79191
3.27751 1.84427
3.32749 1.84427
3.37747 1.86831
3.42744 1.89234
3.47742 1.91638
3.5274 1.94042
3.57737 1.96446
3.62735 1.9885
3.67733 2.01254
3.7273 2.03658
3.77728 2.06062
3.82726 2.08466
3.87724 2.10869
3.92721 2.13273
3.97719 2.15677
4.02717 2.18081
4.07714 2.20485
4.12712 2.22889
4.1771 2.25293
4.22707 2.27697
4.27705 2.30101
4.32703 2.32505
4.377 2.34908
4.42698 2.37312
4.47696 2.39716
4.52693 2.4212
4.57691 2.44524
4.62689 2.46928
4.67686 2.49332
4.72684 2.51736
4.77682 2.5414
4.82679 2.56543
4.87677 2.58947
4.92675 2.61351
4.97672 2.63755
5.0267 2.66159
5.07703 2.66159
5.12736 2.66159
5.17769 2.66159
5.22802 2.66159
5.27835 2.66159
5.32868 2.66159
5.37901 2.66159
5.42934 2.66159
5.47967 2.66159
5.53 2.66159
5.58033 2.66159
5.63066 2.66159
5.68099 2.66159
5.73132 2.66159
5.78165 2.66159
5.83197 2.66159
5.8823 2.66159
5.93263 2.66159
5.98296 2.66159
6.03329 2.66159
6.08362 2.66159
6.13395 2.66159
6.18428 2.66159
6.23461 2.66159
6.28494 2.66159
6.33527 2.66159
6.3856 2.66159
6.43593 2.66159
6.48626 2.66159
6.53659 2.66159
6.58692 2.66159
6.63725 2.66159
6.68758 2.66159
6.73791 2.66159
9.49194 5.9472
12.246 5.9472
15.0 5.9472
0.0 0.46855
0.0505035 0.46855
0.101007 0.492844
0.15151 0.517138
0.202014 0.541433
0.252517 0.565727
0.303021 0.590021
0.353524 0.614316
0.404028 0.63861
0.454531 0.662904
0.505035 0.687199
0.555538 0.711493
0.605813 0.711493
0.656088 0.720228
0.706363 0.728963
0.756638 0.737698
0.806914 0.746433
0.857189 0.755168
0.907464 0.763903
0.957739 0.772638
1.00801 0.781373
1.05829 0.790108
1.10856 0.798843
1.15884 0.807579
1.20911 0.816314
1.25939 0.825049
1.30966 0.833784
1.35994 0.842519
1.41021 0.851254
1.46049 0.859989
1.51076 0.868724
1.56104 0.877459
1.61131 0.886194
1.66159 0.894929
1.71186 0.903664
1.76214 0.912399
1.81241 0.921134
1.86269 0.929869
1.91296 0.938604
1.96485 0.938604
2.01674 1.01181
2.06862 1.08501
2.12051 1.15822
2.17239 1.23143
2.22428 1.30463
2.27616 1.37784
2.32805 1.45104
2.37993 1.52425
2.43182 1.59745
2.4837 1.67066
2.53559 1.74386
2.58747 1.81707
2.63793 1.81707
2.68839 1.8474
2.73885 1.87774
2.78931 1.90807
2.83977 1.93841
2.89023 1.96875
2.94069 1.99908
2.99115 2.02942
3.04161 2.05975
3.09207 2.09009
3.14253 2.12042
3.19298 2.15076
3.24344 2.1811
3.2939 2.21143
3.34436 2.24177
3.39482 2.2721
3.44528 2.30244
3.49574 2.33277
3.5462 2.36311
3.59666 2.39345
3.64712 2.42378
3.69758 2.45412
3.74803 2.48445
3.79849 2.51479
3.84895 2.54512
3.89941 2.57546
3.94987 2.6058
4.00033 2.63613
4.05079 2.66647
4.10125 2.6968
4.15171 2.72714
4.20225 2.72714
4.2528 2.72714
4.30335 2.72714
4.3539 2.72714
4.40444 2.72714
4.45499 2.72714
4.50554 2.72714
4.55608 2.72714
4.60663 2.72714
4.65718 2.72714
4.70772 2.72714
4.75827 2.72714
4.80882 2.72714
4.85937 2.72714
4.90991 2.72714
4.96046 2.72714
5.01101 2.72714
5.06155 2.72714
5.1121 2.72714
5.16265 2.72714
5.21319 2.72714
5.26374 2.72714
5.31429 2.72714
5.36483 2.72714
5.41538 2.72714
5.46593 2.72714
5.51648 2.72714
5.56702 2.72714
5.61757 2.72714
5.66812 2.72714
5.71866 2.72714
8.039 5.90344
10.3593 5.90344
12.6797 5.90344
15.0 5.90344
0.0 0.485177
0.0499755 0.485177
0.099951 0.503379
0.149927 0.521581
0.199902 0.539783
0.249878 0.557985
0.299853 0.576186
0.349829 0.594388
0.399804 0.61259
0.44978 0.630792
0.499755 0.648994
0.549731 0.667196
0.599706 0.685398
0.649682 0.7036
0.699657 0.721801
0.749633 0.740003
0.799608 0.758205
0.849584 0.776407
0.899559 0.794609
0.949535 0.812811
0.99951 0.831013
1.04949 0.849214
1.09946 0.867416
1.14944 0.885618
1.19941 0.90382
1.24939 0.922022
1.29936 0.940224
1.34934 0.958426
1.39931 0.976628
1.44929 0.994829
1.49927 1.01303
1.54924 1.03123
1.59922 1.04944
1.64919 1.06764
1.69917 1.08584
1.74914 1.10404
1.79912 1.12224
1.84909 1.14044
1.89907 1.15865
1.94904 1.17685
1.99902 1.19505
2.049 1.21325
2.09897 1.23145
2.14895 1.24966
2.19892 1.26786
2.2489 1.28606
2.29887 1.30426
2.34885 1.32246
2.39882 1.34066
2.4488 1.35887
2.49878 1.37707
2.54875 1.39527
2.59873 1.41347
2.6487 1.43167
2.69868 1.44988
2.74865 1.46808
2.79863 1.48628
2.8486 1.50448
2.89858 1.52268
2.94855 1.54089
2.99853 1.55909
3.04851 1.57729
3.09848 1.59549
3.14846 1.61369
3.19843 1.63189
3.24841 1.6501
3.29838 1.6683
3.34867 1.6683
3.39897 1.7638
3.44926 1.85931
3.49955 1.95481
3.54984 2.05032
3.60013 2.14582
3.65043 2.24133
3.70072 2.33683
3.75101 2.43234
3.8013 2.52784
3.85159 2.62335
3.90188 2.71885
3.95218 2.81435
4.00247 2.90986
4.05276 3.00536
4.10305 3.10087
4.15334 3.19637
4.20363 3.29188
4.25393 3.38738
4.30422 3.48289
4.35364 3.48289
4.40307 3.49002
4.45249 3.49716
4.50191 3.50429
4.55134 3.51143
4.60076 3.51856
4.65019 3.5257
4.69961 3.53283
4.74903 3.53997
4.79846 3.5471
4.84788 3.55424
4.89731 3.56137
4.94673 3.56851
4.99615 3.57564
5.04583 3.57564
5.09551 3.60711
5.14519 3.63857
5.19487 3.67004
5.24455 3.7015
5.29423 3.73296
5.34391 3.76443
5.39359 3.79589
5.44327 3.82736
5.49295 3.85882
5.54263 3.89028
5.59231 3.92175
5.64199 3.95321
5.69167 3.98467
5.74135 4.01614
5.79103 4.0476
5.84071 4.07907
5.89039 4.11053
5.94007 4.14199
5.98975 4.17346
6.03943 4.20492
6.08911 4.23639
6.13847 4.23639
6.18782 4.23639
6.23718 4.23639
6.28654 4.23639
6.33589 4.23639
6.38525 4.23639
6.4346 4.23639
6.48396 4.23639
6.53332 4.23639
6.58267 4.23639
6.63203 4.23639
6.68139 4.23639
6.73074 4.23639
6.7801 4.23639
6.82945 4.23639
6.87881 4.23639
6.92817 4.23639
6.97752 4.23639
7.02688 4.23639
7.07623 4.23639
7.12559 4.23639
7.17495 4.23639
7.2243 4.23639
7.27366 4.23639
7.32302 4.23639
7.37237 4.23639
7.42173 4.23639
7.47108 4.23639
7.52044 4.23639
7.5698 4.23639
7.61915 4.23639
7.66851 4.23639
7.71787 4.23639
10.1452 4.73251
12.5726 4.73251
15.0 4.73251
0.0 0.474788
0.0504269 0.474788
0.100854 0.497168
0.151281 0.519548
0.201708 0.541928
0.252135 0.564308
0.302562 0.586688
0.352989 0.609068
0.403416 0.631448
0.453842 0.653828
0.504269 0.676208
0.554696 0.698588
0.605123 0.720968
0.65555 0.743348
0.705977 0.765728
0.756404 0.788108
0.806831 0.810488
0.857258 0.832868
0.907685 0.855248
0.958112 0.877628
1.00854 0.900008
1.05897 0.922388
1.10939 0.944768
1.15982 0.967148
1.21025 0.989528
1.26067 1.01191
1.3111 1.03429
1.36153 1.05667
1.41195 1.07905
1.46238 1.10143
1.51281 1.12381
1.56324 1.14619
1.61366 1.16857
1.66409 1.19095
1.71452 1.21333
1.76494 1.23571
1.81537 1.25809
1.8658 1.28047
1.91622 1.30285
1.96665 1.32523
2.01708 1.34761
2.0675 1.36999
2.11793 1.39237
2.16836 1.41475
2.21879 1.43713
2.26921 1.45951
2.31964 1.48189
2.37007 1.50427
2.42049 1.52665
2.47092 1.54903
2.52135 1.57141
2.57177 1.59379
2.6222 1.61617
2.67263 1.63855
2.72305 1.66093
2.77348 1.68331
2.82391 1.70569
2.87434 1.72807
2.9233 1.72807
2.97227 1.82529
3.02124 1.92252
3.07021 2.01975
3.11917 2.11697
3.16814 2.2142
3.21711 2.31142
3.26608 2.40865
3.31504 2.50587
3.36401 2.6031
3.41298 2.70033
3.46195 2.79755
3.51091 2.89478
3.55988 2.992
3.60885 3.08923
3.65782 3.18645
3.70678 3.28368
3.75575 3.38091
3.80472 3.47813
3.85388 3.47813
3.90305 3.48329
3.95221 3.48846
4.00138 3.49362
4.05054 3.49878
4.09971 3.50394
4.14887 3.5091
4.19804 3.51427
4.2472 3.51943
4.29636 3.52459
4.34553 3.52975
4.39469 3.53491
4.44386 3.54008
4.49302 3.54524
4.54219 3.5504
4.59135 3.55556
4.64052 3.56072
4.68968 3.56589
4.73885 3.57105
4.78917 3.57105
4.8395 3.62581
4.88982 3.68058
4.94014 3.73534
4.99047 3.79011
5.04079 3.84488
5.09112 3.89964
5.14144 3.95441
5.19176 4.00917
5.24209 4.06394
5.29241 4.1187
5.34274 4.17347
5.39306 4.22823
5.44273 4.22823
5.4924 4.22823
5.54207 4.22823
5.59174 4.22823
5.64141 4.22823
5.69108 4.22823
5.74075 4.22823
5.79042 4.22823
5.84009 4.22823
5.88977 4.22823
5.93944 4.22823
5.98911 4.22823
6.03878 4.22823
6.08845 4.22823
6.13812 4.22823
6.18779 4.22823
6.23746 4.22823
6.28713 4.22823
6.3368 4.22823
6.38647 4.22823
6.43614 4.22823
6.48581 4.22823
6.53548 4.22823
6.58515 4.22823
6.63482 4.22823
6.68449 4.22823
6.73416 4.22823
6.78384 4.22823
6.83351 4.22823
6.88318 4.22823
6.93285 4.22823
6.98252 4.22823
7.03219 4.22823
9.68813 4.71479
12.3441 4.71479
15.0 4.71479
0.0 0.488629
0.0501665 0.488629
0.100333 0.507268
0.1505 0.525907
0.200666 0.544546
0.250833 0.563185
0.300999 0.581824
0.351166 0.600463
0.401332 0.619102
0.451499 0.637741
0.501665 0.656379
0.551832 0.675018
0.601998 0.693657
0.652165 0.712296
0.702331 0.730935
0.752498 0.749574
0.802664 0.768213
0.852831 0.786852
0.902997 0.805491
0.953164 0.82413
1.00333 0.842769
1.0535 0.861407
1.10366 0.880046
1.15383 0.898685
1.204 0.917324
1.25416 0.935963
1.30433 0.954602
1.3545 0.973241
1.40466 0.99188
1.45483 1.01052
1.505 1.02916
1.55516 1.0478
1.60533 1.06644
1.6555 1.08507
1.70566 1.10371
1.75583 1.12235
1.80599 1.14099
1.85616 1.15963
1.90633 1.17827
1.95649 1.19691
2.00666 1.21555
2.05683 1.23419
2.10699 1.25282
2.15716 1.27146
2.20733 1.2901
2.25749 1.30874
2.30766 1.32738
2.35783 1.34602
2.40799 1.36466
2.45816 1.3833
2.50833 1.40194
2.55849 1.42057
2.60866 1.43921
2.65883 1.45785
2.70899 1.47649
2.75916 1.49513
2.80933 1.51377
2.85949 1.53241
2.90966 1.55105
2.95982 1.56969
3.00999 1.58832
3.06016 1.60696
3.11032 1.6256
3.16049 1.64424
3.21066 1.66288
3.26082 1.68152
3.31099 1.70016
3.36116 1.7188
3.41132 1.73744
3.46149 1.75608
3.51166 1.77471
3.56095 1.77471
3.61025 1.90351
3.65955 2.0323
3.70885 2.1611
3.75814 2.28989
3.80744 2.41869
3.85674 2.54748
3.90603 2.67628
3.95533 2.80507
4.00463 2.93387
4.05393 3.06266
4.10322 3.19146
4.15252 3.32025
4.20182 3.44905
4.25266 3.44905
4.3035 3.46643
4.35434 3.48381
4.40518 3.50119
4.45602 3.51857
4.50686 3.53594
4.5577 3.55332
4.60854 3.5707
4.65938 3.58808
4.71022 3.60546
4.76106 3.62284
4.8119 3.64022
4.86274 3.6576
4.91358 3.67498
4.96442 3.69236
5.01274 3.69236
5.06107 3.75156
5.10939 3.81076
5.15771 3.86996
5.20603 3.92915
5.25436 3.98835
5.30268 4.04755
5.351 4.10675
5.39932 4.16595
5.44764 4.22515
5.49597 4.28435
5.54429 4.34355
5.59427 4.34355
5.64425 4.34355
5.69423 4.34355
5.74421 4.34355
5.7942 4.34355
5.84418 4.34355
5.89416 4.34355
5.94414 4.34355
5.99412 4.34355
6.0441 4.34355
6.09409 4.34355
6.14407 4.34355
6.19405 4.34355
6.24403 4.34355
6.29401 4.34355
6.34399 4.34355
6.39398 4.34355
6.44396 4.34355
6.49394 4.34355
6.54392 4.34355
6.5939 4.34355
6.64388 4.34355
6.69387 4.34355
6.74385 4.34355
6.79383 4.34355
6.84381 4.34355
6.89379 4.34355
6.94378 4.34355
6.99376 4.34355
7.04374 4.34355
7.09372 4.34355
7.1437 4.34355
7.19368 4.34355
7.24367 4.34355
7.29365 4.34355
7.34363 4.34355
7.39361 4.34355
7.44359 4.34355
7.49357 4.34355
7.54356 4.34355
7.59354 4.34355
7.64352 4.34355
7.6935 4.34355
10.129 4.86069
12.5645 4.86069
15.0 4.86069
0.0 0.476792
0.0503181 0.476792
0.100636 0.498195
0.150954 0.519598
0.201273 0.541002
0.251591 0.562405
0.301909 0.583808
0.352227 0.605211
0.402545 0.626614
0.452863 0.648018
0.503181 0.669421
0.5535 0.690824
0.603818 0.712227
0.654136 0.733631
0.704454 0.755034
0.754772 0.776437
0.80509 0.79784
0.855408 0.819244
0.905727 0.840647
0.956045 0.86205
1.00636 0.883453
1.05668 0.904856
1.107 0.92626
1.15732 0.947663
1.20764 0.969066
1.25795 0.990469
1.30827 1.01187
1.35859 1.03328
1.40891 1.05468
1.45923 1.07608
1.50954 1.09749
1.55986 1.11889
1.61018 1.14029
1.6605 1.1617
1.71082 1.1831
1.76113 1.2045
1.81145 1.2259
1.86177 1.24731
1.91209 1.26871
1.96241 1.29011
2.01273 1.31152
2.06304 1.33292
2.11336 1.35432
2.16368 1.37573
2.214 1.39713
2.26432 1.41853
2.31463 1.43994
2.36495 1.46134
2.41527 1.48274
2.46559 1.50415
2.51591 1.52555
2.56623 1.54695
2.61654 1.56836
2.66686 1.58976
2.71718 1.61116
2.7675 1.63257
2.81782 1.65397
2.86813 1.67537
2.91845 1.69678
2.96877 1.71818
3.01909 1.73958
3.06941 1.76099
3.11972 1.78239
3.16921 1.78239
3.21869 1.92365
3.26818 2.06491
3.31766 2.20617
3.36714 2.34743
3.41663 2.48869
3.46611 2.62995
3.51559 2.77122
3.56508 2.91248
3.61456 3.05374
3.66405 3.195
3.71353 3.33626
3.76301 3.47752
3.8135 3.47752
3.86399 3.49488
3.91448 3.51223
3.96497 3.52959
4.01545 3.54695
4.06594 3.5643
4.11643 3.58166
4.16692 3.59901
4.21741 3.61637
4.2679 3.63373
4.31838 3.65108
4.36887 3.66844
4.41936 3.6858
4.46985 3.70315
4.52034 3.72051
4.57028 3.72051
4.62023 3.7828
4.67017 3.84509
4.72012 3.90738
4.77006 3.96967
4.82001 4.03197
4.86996 4.09426
4.9199 4.15655
4.96985 4.21884
5.01979 4.28113
5.06974 4.34342
5.11973 4.34342
5.16972 4.34342
5.21972 4.34342
5.26971 4.34342
5.3197 4.34342
5.3697 4.34342
5.41969 4.34342
5.46968 4.34342
5.51967 4.34342
5.56967 4.34342
5.61966 4.34342
5.66965 4.34342
5.71965 4.34342
5.76964 4.34342
5.81963 4.34342
5.86963 4.34342
5.91962 4.34342
5.96961 4.34342
6.01961 4.34342
6.0696 4.34342
6.11959 4.34342
6.16959 4.34342
6.21958 4.34342
6.26957 4.34342
6.31957 4.34342
6.36956 4.34342
6.41955 4.34342
6.46955 4.34342
6.51954 4.34342
6.56953 4.34342
6.61952 4.34342
6.66952 4.34342
6.71951 4.34342
6.7695 4.34342
6.8195 4.34342
6.86949 4.34342
6.91948 4.34342
6.96948 4.34342
7.01947 4.34342
7.06946 4.34342
7.11946 4.34342
7.16945 4.34342
7.21944 4.34342
9.81296 4.92027
12.4065 4.92027
15.0 4.92027
0.0 0.487369
0.0497787 0.487369
0.0995575 0.506741
0.149336 0.526113
0.199115 0.545485
0.248894 0.564857
0.298672 0.584229
0.348451 0.603601
0.39823 0.622973
0.448009 0.642345
0.497787 0.661718
0.547566 0.68109
0.597345 0.700462
0.647124 0.719834
0.696902 0.739206
0.746681 0.758578
0.79646 0.77795
0.846239 0.797322
0.896017 0.816694
0.945796 0.836066
0.995575 0.855438
1.04535 0.874811
1.09513 0.894183
1.14491 0.913555
1.19469 0.932927
1.24447 0.952299
1.29425 0.971671
1.34403 0.991043
1.3938 1.01042
1.44358 1.02979
1.49336 1.04916
1.54314 1.06853
1.59292 1.0879
1.6427 1.10728
1.69248 1.12665
1.74226 1.14602
1.79203 1.16539
1.84181 1.18476
1.89159 1.20414
1.94137 1.22351
1.99115 1.24288
2.04093 1.26225
2.09071 1.28162
2.14049 1.301
2.19026 1.32037
2.24004 1.33974
2.28982 1.35911
2.3396 1.37849
2.38938 1.39786
2.43916 1.41723
2.48894 1.4366
2.53872 1.45597
2.58849 1.47535
2.63827 1.49472
2.68805 1.51409
2.73783 1.53346
2.78761 1.55283
2.83739 1.57221
2.88717 1.59158
2.93695 1.61095
2.98672 1.63032
3.0365 1.64969
3.08628 1.66907
3.13606 1.68844
3.18584 1.70781
3.23562 1.72718
3.2854 1.74655
3.33518 1.76593
3.38471 1.76593
3.43424 1.83634
3.48376 1.90675
3.53329 1.97717
3.58282 2.04758
3.63235 2.11799
3.68188 2.18841
3.73141 2.25882
3.78094 2.32924
3.83047 2.39965
3.88 2.47006
3.92953 2.54048
3.97906 2.61089
4.02859 2.6813
4.07812 2.75172
4.12765 2.82213
4.17718 2.89254
4.22671 2.96296
4.27624 3.03337
4.32577 3.10378
4.3753 3.1742
4.42483 3.24461
4.47436 3.31503
4.52389 3.38544
4.57342 3.45585
4.62284 3.45585
4.67226 3.46827
4.72168 3.48069
4.7711 3.49311
4.82052 3.50553
4.86994 3.51795
4.91936 3.53037
4.96878 3.54279
5.0182 3.55521
5.06762 3.56763
5.11704 3.58006
5.16646 3.59248
5.21588 3.6049
5.2653 3.61732
5.31473 3.62974
5.36415 3.64216
5.41357 3.65458
5.46299 3.667
5.51241 3.67942
5.56183 3.69184
5.61125 3.70426
5.66067 3.71668
5.71009 3.7291
5.75951 3.74152
5.80893 3.75394
5.85874 3.75394
5.90856 3.78486
5.95837 3.81578
6.00818 3.8467
6.05799 3.87762
6.10781 3.90854
6.15762 3.93946
6.20743 3.97038
6.25724 4.0013
6.30706 4.03222
6.35687 4.06314
6.40668 4.09406
6.45649 4.12499
6.50631 4.15591
6.55612 4.18683
6.60593 4.21775
6.65574 4.24867
6.70555 4.27959
6.75537 4.31051
6.80518 4.34143
6.85499 4.37235
6.90479 4.37235
6.95459 4.37235
7.00439 4.37235
7.05419 4.37235
7.10399 4.37235
7.15379 4.37235
7.20359 4.37235
7.25339 4.37235
7.30319 4.37235
7.35299 4.37235
9.90199 4.93415
12.451 4.93415
15.0 4.93415
0.0 0.476697
0.0501532 0.476697
0.100306 0.498729
0.150459 0.520761
0.200613 0.542793
0.250766 0.564825
0.300919 0.586856
0.351072 0.608888
0.401225 0.63092
0.451378 0.652952
0.501532 0.674984
0.551685 0.697016
0.601838 0.719047
0.651991 0.741079
0.702144 0.763111
0.752297 0.785143
0.80245 0.807175
0.852604 0.829206
0.902757 0.851238
0.95291 0.87327
1.00306 0.895302
1.05322 0.917334
1.10337 0.939366
1.15352 0.961397
1.20368 0.983429
1.25383 1.00546
1.30398 1.02749
1.35414 1.04952
1.40429 1.07156
1.45444 1.09359
1.50459 1.11562
1.55475 1.13765
1.6049 1.15968
1.65505 1.18172
1.70521 1.20375
1.75536 1.22578
1.80551 1.24781
1.85567 1.26984
1.90582 1.29187
1.95597 1.31391
2.00613 1.33594
2.05628 1.35797
2.10643 1.38
2.15659 1.40203
2.20674 1.42407
2.25689 1.4461
2.30705 1.46813
2.3572 1.49016
2.40735 1.51219
2.4575 1.53422
2.50766 1.55626
2.55781 1.57829
2.60796 1.60032
2.65812 1.62235
2.70827 1.64438
2.75842 1.66642
2.80858 1.68845
2.85873 1.71048
2.90814 1.71048
2.95755 1.81056
3.00696 1.91064
3.05638 2.01073
3.10579 2.11081
3.1552 2.21089
3.20461 2.31097
3.25402 2.41105
3.30343 2.51114
3.35284 2.61122
3.40225 2.7113
3.45167 2.81138
3.50108 2.91146
3.55049 3.01154
3.5999 3.11163
3.64931 3.21171
3.69872 3.31179
3.74813 3.41187
3.79812 3.41187
3.84811 3.41678
3.8981 3.42169
3.94809 3.4266
3.99808 3.4315
4.04807 3.43641
4.09806 3.44132
4.14805 3.44623
4.19804 3.45113
4.24803 3.45604
4.29802 3.46095
4.34801 3.46586
4.398 3.47076
4.44799 3.47567
4.49797 3.48058
4.54796 3.48549
4.59795 3.49039
4.64794 3.4953
4.69793 3.50021
4.74792 3.50512
4.79791 3.51003
4.8479 3.51493
4.89789 3.51984
4.94788 3.52475
4.99787 3.52966
5.04786 3.53456
5.09785 3.53947
5.14784 3.54438
5.19783 3.54929
5.24782 3.55419
5.2978 3.5591
5.34779 3.56401
5.39778 3.56892
5.44777 3.57382
5.49776 3.57873
5.54309 3.57873
5.58841 3.99555
5.63374 4.41236
5.68425 4.41236
5.73477 4.41236
5.78528 4.41236
5.8358 4.41236
5.88631 4.41236
5.93683 4.41236
5.98734 4.41236
6.03785 4.41236
6.08837 4.41236
6.13888 4.41236
6.1894 4.41236
6.23991 4.41236
6.29042 4.41236
6.34094 4.41236
6.39145 4.41236
6.44197 4.41236
6.49248 4.41236
6.543 4.41236
6.59351 4.41236
6.64402 4.41236
6.69454 4.41236
6.74505 4.41236
6.79557 4.41236
6.84608 4.41236
6.8966 4.41236
6.94711 4.41236
6.99762 4.41236
7.04814 4.41236
7.09865 4.41236
7.14917 4.41236
7.19968 4.41236
7.25019 4.41236
7.30071 4.41236
9.86714 4.94868
12.4336 4.94868
15.0 4.94868
0.0 0.478147
0.0501766 0.478147
0.100353 0.497423
0.15053 0.516698
0.200706 0.535974
0.250883 0.55525
0.30106 0.574525
0.351236 0.593801
0.401413 0.613076
0.451589 0.632352
0.501766 0.651628
0.551943 0.670903
0.602119 0.690179
0.652296 0.709454
0.702473 0.72873
0.752649 0.748006
0.802826 0.767281
0.853002 0.786557
0.903179 0.805832
0.953356 0.825108
1.00353 0.844384
1.05371 0.863659
1.10389 0.882935
1.15406 0.90221
1.20424 0.921486
1.25442 0.940762
1.30459 0.960037
1.35477 0.979313
1.40495 0.998588
1.45512 1.01786
1.5053 1.03714
1.55547 1.05642
1.60565 1.07569
1.65583 1.09497
1.706 1.11424
1.75618 1.13352
1.80636 1.15279
1.85653 1.17207
1.90671 1.19134
1.95689 1.21062
2.00706 1.2299
2.05724 1.24917
2.10742 1.26845
2.15759 1.28772
2.20777 1.307
2.25795 1.32627
2.30812 1.34555
2.3583 1.36482
2.40848 1.3841
2.45865 1.40338
2.50883 1.42265
2.55901 1.44193
2.60918 1.4612
2.65936 1.48048
2.70954 1.49975
2.75971 1.51903
2.80989 1.53831
2.86007 1.55758
2.91024 1.57686
2.96042 1.59613
3.0106 1.61541
3.06077 1.63468
3.11095 1.65396
3.16113 1.67323
3.2113 1.69251
3.26148 1.71179
3.31166 1.73106
3.36183 1.75034
3.41201 1.76961
3.46219 1.78889
3.51236 1.80816
3.56254 1.82744
3.61346 1.82744
3.66437 1.91044
3.71529 1.99343
3.76621 2.07643
3.81713 2.15943
3.86804 2.24242
3.91896 2.32542
3.96988 2.40842
4.0208 2.49141
4.07171 2.57441
4.12263 2.65741
4.17355 2.7404
4.22447 2.8234
4.27538 2.9064
4.3263 2.98939
4.37722 3.07239
4.42814 3.15539
4.47905 3.23838
4.52997 3.32138
4.58089 3.40438
4.63149 3.40438
4.68209 3.42081
4.7327 3.43725
4.7833 3.45368
4.8339 3.47011
4.8845 3.48655
4.9351 3.50298
4.98571 3.51942
5.03631 3.53585
5.08691 3.55228
5.13751 3.56872
5.18812 3.58515
5.24175 3.58515
5.29539 3.75548
5.34903 3.92581
5.40267 4.09614
5.45631 4.26646
5.506 4.26646
5.55569 4.26646
5.60539 4.26646
5.65508 4.26646
5.70477 4.26646
5.75446 4.26646
5.80415 4.26646
5.85384 4.26646
5.90353 4.26646
5.95323 4.26646
6.00292 4.26646
6.05261 4.26646
6.1023 4.26646
6.15199 4.26646
6.20168 4.26646
6.25137 4.26646
6.30107 4.26646
6.35076 4.26646
6.40045 4.26646
6.45014 4.26646
6.49983 4.26646
6.54952 4.26646
6.59921 4.26646
6.64891 4.26646
6.6986 4.26646
6.74829 4.26646
6.79798 4.26646
6.84767 4.26646
6.89736 4.26646
9.59824 4.93574
12.2991 4.93574
15.0 4.93574
0.0 0.472709
0.0500691 0.472709
0.100138 0.494599
0.150207 0.516489
0.200276 0.538379
0.250345 0.560269
0.300414 0.582159
0.350483 0.604049
0.400553 0.625939
0.450622 0.647829
0.500691 0.669719
0.55076 0.691609
0.600829 0.713499
0.650898 0.735389
0.700967 0.757279
0.751036 0.779168
0.801105 0.801058
0.851174 0.822948
0.901243 0.844838
0.951312 0.866728
1.00138 0.888618
1.05145 0.910508
1.10152 0.932398
1.15159 0.954288
1.20166 0.976178
1.25173 0.998068
1.3018 1.01996
1.35186 1.04185
1.40193 1.06374
1.452 1.08563
1.50207 1.10752
1.55214 1.12941
1.60221 1.1513
1.65228 1.17319
1.70235 1.19508
1.75242 1.21697
1.80249 1.23886
1.85256 1.26075
1.90262 1.28264
1.95269 1.30453
2.00276 1.32642
2.05283 1.34831
2.1029 1.3702
2.15297 1.39209
2.20304 1.41398
2.25311 1.43587
2.30318 1.45776
2.35325 1.47965
2.40332 1.50154
2.45338 1.52343
2.50345 1.54532
2.55352 1.56721
2.60359 1.5891
2.65366 1.61099
2.70373 1.63288
2.7538 1.65477
2.80387 1.67666
2.85394 1.69855
2.90401 1.72044
2.95407 1.74233
3.00414 1.76422
3.05421 1.78611
3.10428 1.808
3.15435 1.82989
3.20442 1.85178
3.25518 1.85178
3.30594 1.93505
3.3567 2.01833
3.40745 2.1016
3.45821 2.18488
3.50897 2.26815
3.55973 2.35143
3.61049 2.43471
3.66125 2.51798
3.71201 2.60126
3.76277 2.68453
3.81352 2.76781
3.86428 2.85108
3.91504 2.93436
3.9658 3.01763
4.01656 3.10091
4.06732 3.18419
4.11808 3.26746
4.16883 3.35074
4.21959 3.43401
4.26911 3.43401
4.31862 3.44036
4.36814 3.44672
4.41766 3.45307
4.46717 3.45942
4.51669 3.46577
4.5662 3.47212
4.61572 3.47848
4.66523 3.48483
4.71475 3.49118
4.76427 3.49753
4.81378 3.50388
4.8633 3.51024
4.91281 3.51659
4.96233 3.52294
5.01184 3.52929
5.06136 3.53565
5.11087 3.542
5.15936 3.542
5.20784 3.64575
5.25632 3.74949
5.3048 3.85324
5.35328 3.95699
5.40176 4.06074
5.45024 4.16449
5.49872 4.26824
5.5472 4.37199
5.59569 4.47573
5.6459 4.47573
5.69611 4.47573
5.74632 4.47573
5.79653 4.47573
5.84674 4.47573
5.89696 4.47573
5.94717 4.47573
5.99738 4.47573
6.04759 4.47573
6.0978 4.47573
6.14801 4.47573
6.19822 4.47573
6.24844 4.47573
6.29865 4.47573
6.34886 4.47573
6.39907 4.47573
6.44928 4.47573
6.49949 4.47573
6.54971 4.47573
6.59992 4.47573
6.65013 4.47573
6.70034 4.47573
6.75055 4.47573
6.80076 4.47573
6.85097 4.47573
6.90119 4.47573
6.9514 4.47573
7.00161 4.47573
7.05182 4.47573
7.10203 4.47573
7.15224 4.47573
7.20246 4.47573
7.25267 4.47573
7.30288 4.47573
7.35309 4.47573
7.4033 4.47573
7.45351 4.47573
7.50373 4.47573
7.55394 4.47573
7.60415 4.47573
7.65436 4.47573
7.70457 4.47573
10.1364 5.00093
12.5682 5.00093
15.0 5.00093
0.0 0.47076
0.0497303 0.47076
0.0994606 0.491937
0.149191 0.513114
0.198921 0.534291
0.248651 0.555468
0.298382 0.576645
0.348112 0.597822
0.397842 0.618999
0.447573 0.640176
0.497303 0.661353
0.547033 0.68253
0.596763 0.703707
0.646494 0.724884
0.696224 0.746061
0.745954 0.767238
0.795684 0.788415
0.845415 0.809592
0.895145 0.830769
0.944875 0.851946
0.994606 0.873123
1.04434 0.8943
1.09407 0.915477
1.1438 0.936654
1.19353 0.957831
1.24326 0.979008
1.29299 1.00019
1.34272 1.02136
1.39245 1.04254
1.44218 1.06372
1.49191 1.08489
1.54164 1.10607
1.59137 1.12725
1.6411 1.14842
1.69083 1.1696
1.74056 1.19078
1.79029 1.21196
1.84002 1.23313
1.88975 1.25431
1.93948 1.27549
1.98921 1.29666
2.03894 1.31784
2.08867 1.33902
2.1384 1.36019
2.18813 1.38137
2.23786 1.40255
2.28759 1.42373
2.33732 1.4449
2.38705 1.46608
2.43678 1.48726
2.48651 1.50843
2.53624 1.52961
2.58597 1.55079
2.6357 1.57196
2.68544 1.59314
2.73617 1.59314
2.78691 1.7388
2.83765 1.88447
2.88839 2.03013
2.93913 2.17579
2.98987 2.32145
3.04061 2.46712
3.09135 2.61278
3.14209 2.75844
3.19283 2.9041
3.24357 3.04976
3.29431 3.19543
3.34598 3.19543
3.39764 3.25765
3.44931 3.31987
3.50098 3.38209
3.55265 3.44432
3.60432 3.50654
3.65599 3.56876
3.70766 3.63098
3.75933 3.69321
3.811 3.75543
3.86267 3.81765
3.91434 3.87987
3.96601 3.9421
4.01768 4.00432
4.06853 4.00432
4.11938 4.00698
4.17023 4.00964
4.22108 4.01231
4.27193 4.01497
4.32278 4.01763
4.37363 4.0203
4.42448 4.02296
4.47533 4.02562
4.52619 4.02828
4.57704 4.03095
4.62789 4.03361
4.67874 4.03627
4.72959 4.03893
4.78044 4.0416
4.83129 4.04426
4.88214 4.04692
4.93299 4.04959
4.98384 4.05225
5.03469 4.05491
5.08554 4.05757
5.13639 4.06024
5.18724 4.0629
5.23809 4.06556
5.28894 4.06822
5.33862 4.06822
5.3883 4.06822
5.43798 4.06822
5.48767 4.06822
5.53735 4.06822
5.58703 4.06822
5.63671 4.06822
5.68639 4.06822
5.73607 4.06822
5.78576 4.06822
5.83544 4.06822
5.88512 4.06822
5.9348 4.06822
5.98448 4.06822
6.03416 4.06822
6.08385 4.06822
8.31288 5.27932
10.5419 5.27932
12.771 5.27932
15.0 5.27932
0.0 0.479999
0.0499306 0.479999
0.0998612 0.498383
0.149792 0.516768
0.199722 0.535152
0.249653 0.553536
0.299584 0.57192
0.349514 0.590304
0.399445 0.608689
0.449375 0.627073
0.499306 0.645457
0.549237 0.663841
0.599167 0.682225
0.649098 0.70061
0.699028 0.718994
0.748959 0.737378
0.79889 0.755762
0.84882 0.774146
0.898751 0.792531
0.948681 0.810915
0.998612 0.829299
1.04854 0.847683
1.09847 0.866067
1.1484 0.884451
1.19833 0.902836
1.24826 0.92122
1.2982 0.939604
1.34813 0.957988
1.39806 0.976372
1.44799 0.994757
1.49792 1.01314
1.54785 1.03153
1.59778 1.04991
1.64771 1.06829
1.69764 1.08668
1.74757 1.10506
1.7975 1.12345
1.84743 1.14183
1.89736 1.16021
1.94729 1.1786
1.99722 1.19698
2.04715 1.21537
2.09709 1.23375
2.14702 1.25214
2.19695 1.27052
2.24688 1.2889
2.29681 1.30729
2.34674 1.32567
2.39667 1.34406
2.4466 1.36244
2.49653 1.38082
2.54646 1.39921
2.59639 1.41759
2.64632 1.43598
2.69625 1.45436
2.74618 1.47275
2.79611 1.49113
2.84604 1.50951
2.89597 1.5279
2.94591 1.54628
2.99584 1.56467
3.04577 1.58305
3.09567 1.58305
3.14558 1.64004
3.19548 1.69703
3.24539 1.75402
3.29529 1.81101
3.3452 1.868
3.3951 1.92499
3.44501 1.98198
3.49491 2.03896
3.54482 2.09595
3.59472 2.15294
3.64463 2.20993
3.69453 2.26692
3.74444 2.32391
3.79434 2.3809
3.84425 2.43789
3.89415 2.49488
3.94406 2.55187
3.99396 2.60886
4.04387 2.66585
4.09377 2.72284
4.14368 2.77982
4.19358 2.83681
4.24349 2.8938
4.29339 2.95079
4.3433 3.00778
4.3932 3.06477
4.44311 3.12176
4.49268 3.12176
4.54226 3.15495
4.59183 3.18815
4.6414 3.22134
4.69098 3.25453
4.74055 3.28772
4.79012 3.32092
4.8397 3.35411
4.88927 3.3873
4.93885 3.42049
4.98842 3.45369
5.03799 3.48688
5.08757 3.52007
5.13714 3.55327
5.18672 3.58646
5.23629 3.61965
5.28586 3.65284
5.33544 3.68604
5.38501 3.71923
5.43459 3.75242
5.48416 3.78562
5.53373 3.81881
5.58331 3.852
5.63288 3.88519
5.68245 3.91839
5.73203 3.95158
5.7816 3.98477
5.83118 4.01796
5.88039 4.01796
5.92959 4.02169
5.9788 4.02542
6.02801 4.02915
6.07722 4.03288
6.12643 4.03661
6.17564 4.04034
6.22485 4.04407
6.27406 4.0478
6.32327 4.05153
6.37248 4.05526
6.42169 4.05899
6.47089 4.06272
6.5201 4.06645
6.56931 4.07018
6.61852 4.07391
6.66773 4.07764
6.71694 4.08137
6.76615 4.0851
6.81639 4.0851
6.86664 4.0851
6.91689 4.0851
6.96713 4.0851
7.01738 4.0851
7.06762 4.0851
7.11787 4.0851
7.16811 4.0851
7.21836 4.0851
7.26861 4.0851
7.31885 4.0851
7.3691 4.0851
7.41934 4.0851
7.46959 4.0851
7.51983 4.0851
7.57008 4.0851
7.62032 4.0851
7.67057 4.0851
7.72082 4.0851
10.1472 5.30229
12.5736 5.30229
15.0 5.30229
0.0 0.474097
0.050092 0.474097
0.100184 0.496933
0.150276 0.51977
0.200368 0.542607
0.25046 0.565443
0.300552 0.58828
0.350644 0.611116
0.400736 0.633953
0.450828 0.656789
0.50092 0.679626
0.551012 0.702463
0.601104 0.725299
0.651196 0.748136
0.701288 0.770972
0.75138 0.793809
0.801472 0.816645
0.851564 0.839482
0.901656 0.862318
0.951748 0.885155
1.00184 0.907992
1.05193 0.930828
1.10202 0.953665
1.15212 0.976501
1.20221 0.999338
1.2523 1.02217
1.30239 1.04501
1.35248 1.06785
1.40258 1.09068
1.45267 1.11352
1.50276 1.13636
1.55285 1.15919
1.60294 1.18203
1.65304 1.20487
1.70313 1.2277
1.75322 1.25054
1.80331 1.27338
1.8534 1.29621
1.9035 1.31905
1.95359 1.34189
2.00368 1.36472
2.05377 1.38756
2.10386 1.4104
2.15396 1.43323
2.20405 1.45607
2.25414 1.47891
2.30423 1.50174
2.35432 1.52458
2.40442 1.54742
2.45451 1.57025
2.5046 1.59309
2.55469 1.61592
2.60478 1.63876
2.65488 1.6616
2.70497 1.68443
2.75506 1.70727
2.80556 1.70727
2.85606 1.79257
2.90656 1.87787
2.95706 1.96317
3.00755 2.04847
3.05805 2.13377
3.10855 2.21907
3.15905 2.30437
3.20955 2.38967
3.26005 2.47497
3.31055 2.56027
3.36105 2.64557
3.41155 2.73087
3.46205 2.81617
3.51254 2.90147
3.56304 2.98677
3.61354 3.07207
3.66404 3.15737
3.71346 3.15737
3.76289 3.19215
3.81231 3.22693
3.86173 3.26171
3.91116 3.29649
3.96058 3.33127
4.01 3.36605
4.05943 3.40083
4.10885 3.43561
4.15827 3.47039
4.2077 3.50517
4.25712 3.53995
4.30654 3.57473
4.35597 3.60951
4.40539 3.64429
4.45481 3.67906
4.50424 3.71384
4.55366 3.74862
4.60309 3.7834
4.65251 3.81818
4.70193 3.85296
4.75136 3.88774
4.80078 3.92252
4.8502 3.9573
4.89963 3.99208
4.94905 4.02686
4.99902 4.02686
5.049 4.03047
5.09898 4.03408
5.14895 4.03769
5.19893 4.0413
5.2489 4.04491
5.29888 4.04852
5.34886 4.05213
5.39883 4.05574
5.44881 4.05935
5.49879 4.06296
5.54876 4.06657
5.59874 4.07018
5.64871 4.07379
5.69869 4.0774
5.74867 4.08101
5.79864 4.08462
5.84862 4.08823
5.89859 4.09184
5.94857 4.09545
5.99855 4.09906
6.04827 4.09906
6.09799 4.09906
6.14772 4.09906
6.19744 4.09906
6.24716 4.09906
6.29689 4.09906
6.34661 4.09906
6.39633 4.09906
6.44606 4.09906
6.49578 4.09906
6.5455 4.09906
6.59523 4.09906
9.39682 5.25657
12.1984 5.25657
15.0 5.25657
0.0 0.487185
0.0499953 0.487185
0.0999906 0.508973
0.149986 0.53076
0.199981 0.552547
0.249977 0.574334
0.299972 0.596121
0.349967 0.617909
0.399963 0.639696
0.449958 0.661483
0.499953 0.68327
0.549948 0.705057
0.599944 0.726845
0.649939 0.748632
0.699934 0.770419
0.74993 0.792206
0.799925 0.813993
0.84992 0.835781
0.899916 0.857568
0.949911 0.879355
0.999906 0.901142
1.0499 0.92293
1.0999 0.944717
1.14989 0.966504
1.19989 0.988291
1.24988 1.01008
1.29988 1.03187
1.34987 1.05365
1.39987 1.07544
1.44986 1.09723
1.49986 1.11901
1.54985 1.1408
1.59985 1.16259
1.64985 1.18438
1.69984 1.20616
1.74984 1.22795
1.79983 1.24974
1.84983 1.27152
1.89982 1.29331
1.94982 1.3151
1.99981 1.33689
2.04981 1.35867
2.0998 1.38046
2.1498 1.40225
2.19979 1.42404
2.24979 1.44582
2.29978 1.46761
2.34978 1.4894
2.39978 1.51118
2.44977 1.53297
2.49977 1.55476
2.54976 1.57655
2.59976 1.59833
2.64891 1.59833
2.69806 1.68414
2.74721 1.76996
2.79636 1.85577
2.84552 1.94158
2.89467 2.02739
2.94382 2.1132
2.99297 2.19901
3.04212 2.28482
3.09128 2.37063
3.14043 2.45645
3.18958 2.54226
3.23873 2.62807
3.28788 2.71388
3.33703 2.79969
3.38619 2.8855
3.43534 2.97131
3.48449 3.05713
3.53364 3.14294
3.5843 3.14294
3.63495 3.19912
3.6856 3.25531
3.73626 3.31149
3.78691 3.36768
3.83757 3.42386
3.88822 3.48005
3.93888 3.53624
3.98953 3.59242
4.04018 3.64861
4.09084 3.70479
4.14149 3.76098
4.19215 3.81716
4.2428 3.87335
4.29345 3.92954
4.34411 3.98572
4.39446 3.98572
4.44482 3.98593
4.49517 3.98615
4.54552 3.98636
4.59588 3.98658
4.64623 3.98679
4.69659 3.987
4.74694 3.98722
4.79729 3.98743
4.84765 3.98764
4.898 3.98786
4.94836 3.98807
4.99871 3.98829
5.04906 3.9885
5.09942 3.98871
5.14977 3.98893
5.20013 3.98914
5.25048 3.98935
5.30083 3.98957
5.35119 3.98978
5.40154 3.99
5.45189 3.99021
5.50225 3.99042
5.5526 3.99064
5.60296 3.99085
5.65331 3.99106
5.70366 3.99128
5.75402 3.99149
5.80437 3.99171
5.85473 3.99192
5.90508 3.99213
5.95543 3.99235
6.00579 3.99256
6.05614 3.99277
6.1065 3.99299
6.15685 3.9932
6.2072 3.99342
6.25756 3.99363
6.30735 3.99363
6.35714 3.99363
6.40694 3.99363
6.45673 3.99363
6.50652 3.99363
6.55631 3.99363
6.60611 3.99363
6.6559 3.99363
6.70569 3.99363
6.75548 3.99363
6.80528 3.99363
6.85507 3.99363
6.90486 3.99363
6.95466 3.99363
7.00445 3.99363
7.05424 3.99363
7.10403 3.99363
7.15383 3.99363
7.20362 3.99363
7.25341 3.99363
7.3032 3.99363
7.353 3.99363
7.40279 3.99363
7.45258 3.99363
7.50237 3.99363
10.0016 5.25611
12.5008 5.25611
15.0 5.25611
0.0 0.480026
0.0502952 0.480026
0.10059 0.50175
0.150886 0.523475
0.201181 0.545199
0.251476 0.566923
0.301771 0.588648
0.352066 0.610372
0.402362 0.632097
0.452657 0.653821
0.502952 0.675546
0.553247 0.69727
0.603543 0.718994
0.653838 0.740719
0.704133 0.762443
0.754428 0.784168
0.804723 0.805892
0.855019 0.827617
0.905314 0.849341
0.955609 0.871065
1.0059 0.89279
1.0562 0.914514
1.10649 0.936239
1.15679 0.957963
1.20709 0.979688
1.25738 1.00141
1.30768 1.02314
1.35797 1.04486
1.40827 1.06659
1.45856 1.08831
1.50886 1.11003
1.55915 1.13176
1.60945 1.15348
1.65974 1.17521
1.71004 1.19693
1.76033 1.21866
1.81063 1.24038
1.86092 1.26211
1.91122 1.28383
1.96151 1.30555
2.01181 1.32728
2.0621 1.349
2.1124 1.37073
2.16269 1.39245
2.21299 1.41418
2.26328 1.4359
2.31358 1.45763
2.36388 1.47935
2.41417 1.50107
2.46447 1.5228
2.51476 1.54452
2.56506 1.56625
2.61535 1.58797
2.66565 1.6097
2.71529 1.6097
2.76494 1.72023
2.81459 1.83075
2.86424 1.94128
2.91388 2.05181
2.96353 2.16234
3.01318 2.27287
3.06283 2.3834
3.11247 2.49393
3.16212 2.60446
3.21177 2.71499
3.26142 2.82552
3.31106 2.93605
3.36071 3.04657
3.41036 3.1571
3.46 3.26763
3.51212 3.26763
3.56423 3.33722
3.61635 3.40681
3.66846 3.4764
3.72058 3.54599
3.77269 3.61557
3.82481 3.68516
3.87692 3.75475
3.92904 3.82434
3.98115 3.89393
4.03327 3.96352
4.08532 3.96352
4.13738 3.98131
4.18944 3.9991
4.24149 4.01689
4.29355 4.03468
4.34561 4.05247
4.39766 4.07026
4.44972 4.08805
4.50178 4.10583
4.55383 4.12362
4.60589 4.14141
4.65616 4.14141
4.70643 4.14141
4.75671 4.14141
4.80698 4.14141
4.85725 4.14141
4.90752 4.14141
4.9578 4.14141
5.00807 4.14141
5.05834 4.14141
5.10861 4.14141
5.15888 4.14141
5.20916 4.14141
5.25943 4.14141
5.3097 4.14141
5.35997 4.14141
5.41024 4.14141
5.46052 4.14141
5.51079 4.14141
5.56106 4.14141
5.61133 4.14141
5.6616 4.14141
5.71188 4.14141
5.76215 4.14141
5.81242 4.14141
5.86269 4.14141
5.91296 4.14141
5.96324 4.14141
6.01351 4.14141
6.06378 4.14141
6.11405 4.14141
6.16432 4.14141
6.2146 4.14141
6.26487 4.14141
6.31514 4.14141
6.36541 4.14141
9.24361 5.23203
12.1218 5.23203
15.0 5.23203
0.0 0.480854
0.0503123 0.480854
0.100625 0.501809
0.150937 0.522765
0.201249 0.54372
0.251561 0.564676
0.301874 0.585631
0.352186 0.606586
0.402498 0.627542
0.45281 0.648497
0.503123 0.669453
0.553435 0.690408
0.603747 0.711364
0.654059 0.732319
0.704372 0.753274
0.754684 0.77423
0.804996 0.795185
0.855308 0.816141
0.905621 0.837096
0.955933 0.858052
1.00625 0.879007
1.05656 0.899962
1.10687 0.920918
1.15718 0.941873
1.20749 0.962829
1.25781 0.983784
1.30812 1.00474
1.35843 1.0257
1.40874 1.04665
1.45906 1.06761
1.50937 1.08856
1.55968 1.10952
1.60999 1.13047
1.6603 1.15143
1.71062 1.17238
1.76093 1.19334
1.81124 1.21429
1.86155 1.23525
1.91187 1.2562
1.96218 1.27716
2.01249 1.29812
2.0628 1.31907
2.11311 1.34003
2.16343 1.36098
2.21374 1.38194
2.26405 1.40289
2.31436 1.42385
2.36468 1.4448
2.41499 1.46576
2.4653 1.48671
2.51561 1.50767
2.56593 1.52863
2.61624 1.54958
2.66655 1.57054
2.71686 1.59149
2.76717 1.61245
2.81743 1.61245
2.86769 1.70811
2.91794 1.80376
2.9682 1.89942
3.01845 1.99508
3.06871 2.09074
3.11897 2.1864
3.16922 2.28205
3.21948 2.37771
3.26973 2.47337
3.31999 2.56903
3.37024 2.66469
3.4205 2.76034
3.47076 2.856
3.52101 2.95166
3.57127 3.04732
3.62152 3.14298
3.67178 3.23863
3.72204 3.33429
3.77195 3.33429
3.82186 3.38859
3.87177 3.44289
3.92169 3.49719
3.9716 3.55148
4.02151 3.60578
4.07142 3.66008
4.12134 3.71438
4.17125 3.76867
4.22116 3.82297
4.27107 3.87727
4.32099 3.93157
4.37087 3.93157
4.42075 3.94446
4.47063 3.95735
4.52052 3.97024
4.5704 3.98312
4.62028 3.99601
4.67016 4.0089
4.72004 4.02179
4.76993 4.03468
4.81981 4.04757
4.86969 4.06046
4.91957 4.07335
4.96946 4.08624
5.01934 4.09913
5.0697 4.09913
5.12006 4.09913
5.17042 4.09913
5.22078 4.09913
5.27113 4.09913
5.32149 4.09913
5.37185 4.09913
5.42221 4.09913
5.47257 4.09913
5.52293 4.09913
5.57329 4.09913
5.62365 4.09913
5.67401 4.09913
5.72437 4.09913
5.77473 4.09913
5.82508 4.09913
5.87544 4.09913
5.9258 4.09913
5.97616 4.09913
6.02652 4.09913
6.07688 4.09913
6.12724 4.09913
6.1776 4.09913
6.22796 4.09913
6.27832 4.09913
6.32868 4.09913
6.37903 4.09913
6.42939 4.09913
6.47975 4.09913
6.53011 4.09913
6.58047 4.09913
6.63083 4.09913
6.68119 4.09913
6.73155 4.09913
6.78191 4.09913
6.83227 4.09913
6.88263 4.09913
6.93298 4.09913
6.98334 4.09913
7.0337 4.09913
7.08406 4.09913
7.13442 4.09913
7.18478 4.09913
9.78985 5.22193
12.3949 5.22193
15.0 5.22193
0.0 0.478727
0.0502372 0.478727
0.100474 0.498885
0.150712 0.519043
0.200949 0.539201
0.251186 0.55936
0.301423 0.579518
0.35166 0.599676
0.401898 0.619834
0.452135 0.639992
0.502372 0.66015
0.552609 0.680308
0.602846 0.700466
0.653084 0.720624
0.703321 0.740783
0.753558 0.760941
0.803795 0.781099
0.854032 0.801257
0.90427 0.821415
0.954507 0.841573
1.00474 0.861731
1.05498 0.881889
1.10522 0.902047
1.15546 0.922206
1.20569 0.942364
1.25593 0.962522
1.30617 0.98268
1.3564 1.00284
1.40664 1.023
1.45688 1.04315
1.50712 1.06331
1.55735 1.08347
1.60759 1.10363
1.65783 1.12379
1.70806 1.14394
1.7583 1.1641
1.80854 1.18426
1.85878 1.20442
1.90901 1.22458
1.95925 1.24474
2.00949 1.26489
2.05973 1.28505
2.10996 1.30521
2.1602 1.32537
2.21044 1.34553
2.26067 1.36568
2.31091 1.38584
2.36115 1.406
2.41139 1.42616
2.46162 1.44632
2.51186 1.46647
2.5621 1.48663
2.61233 1.50679
2.66257 1.52695
2.71281 1.54711
2.76305 1.56727
2.81328 1.58742
2.86352 1.60758
2.91516 1.60758
2.96679 1.76601
3.01843 1.92445
3.07007 2.08288
3.1217 2.24132
3.17334 2.39975
3.22498 2.55818
3.27661 2.71662
3.32825 2.87505
3.37989 3.03348
3.43153 3.19192
3.48316 3.35035
3.53376 3.35035
3.58435 3.38146
3.63495 3.41257
3.68555 3.44367
3.73614 3.47478
3.78674 3.50589
3.83733 3.537
3.88793 3.5681
3.93852 3.59921
3.98912 3.63032
4.03972 3.66143
4.09031 3.69254
4.14091 3.72364
4.1915 3.75475
4.2421 3.78586
4.2927 3.81697
4.34329 3.84807
4.39389 3.87918
4.44448 3.91029
4.49508 3.9414
4.54568 3.97251
4.59627 4.00361
4.64599 4.00361
4.69571 4.01325
4.74543 4.02288
4.79516 4.03251
4.84488 4.04215
4.8946 4.05178
4.94432 4.06142
4.99404 4.07105
5.04376 4.08069
5.09446 4.08069
5.14515 4.08069
5.19585 4.08069
5.24654 4.08069
5.29724 4.08069
5.34793 4.08069
5.39863 4.08069
5.44932 4.08069
5.50002 4.08069
5.55071 4.08069
5.60141 4.08069
5.6521 4.08069
5.7028 4.08069
5.7535 4.08069
5.80419 4.08069
5.85489 4.08069
5.90558 4.08069
5.95628 4.08069
6.00697 4.08069
6.05767 4.08069
6.10836 4.08069
6.15906 4.08069
6.20975 4.08069
6.26045 4.08069
6.31114 4.08069
6.36184 4.08069
9.24123 5.197
12.1206 5.197
15.0 5.197
0.0 0.480131
0.0501746 0.480131
0.100349 0.499674
0.150524 0.519218
0.200698 0.538761
0.250873 0.558304
0.301048 0.577848
0.351222 0.597391
0.401397 0.616935
0.451571 0.636478
0.501746 0.656021
0.551921 0.675565
0.602095 0.695108
0.65227 0.714651
0.702445 0.734195
0.752619 0.753738
0.802794 0.773281
0.852968 0.792825
0.903143 0.812368
0.953318 0.831911
1.00349 0.851455
1.05367 0.870998
1.10384 0.890541
1.15402 0.910085
1.20419 0.929628
1.25437 0.949171
1.30454 0.968715
1.35471 0.988258
1.40489 1.0078
1.45506 1.02734
1.50524 1.04689
1.55541 1.06643
1.60559 1.08597
1.65576 1.10552
1.70594 1.12506
1.75611 1.1446
1.80629 1.16415
1.85646 1.18369
1.90664 1.20324
1.95681 1.22278
2.00698 1.24232
2.05716 1.26187
2.10733 1.28141
2.15751 1.30095
2.20768 1.3205
2.25786 1.34004
2.30803 1.35958
2.35821 1.37913
2.40838 1.39867
2.45856 1.41821
2.50873 1.43776
2.55891 1.4573
2.60908 1.47684
2.65925 1.49639
2.70943 1.51593
2.7596 1.53547
2.80978 1.55502
2.85995 1.57456
2.91013 1.5941
2.96158 1.5941
3.01303 1.7016
3.06448 1.8091
3.11593 1.9166
3.16738 2.0241
3.21883 2.1316
3.27028 2.23911
3.32174 2.34661
3.37319 2.45411
3.42464 2.56161
3.47609 2.66911
3.52754 2.77661
3.57899 2.88411
3.63044 2.99161
3.68189 3.09911
3.73334 3.20661
3.78479 3.31411
3.83532 3.31411
3.88585 3.33943
3.93638 3.36475
3.98692 3.39007
4.03745 3.41539
4.08798 3.44071
4.13851 3.46602
4.18904 3.49134
4.23957 3.51666
4.2901 3.54198
4.34063 3.5673
4.39116 3.59262
4.44169 3.61794
4.49222 3.64326
4.54275 3.66858
4.59328 3.69389
4.64381 3.71921
4.69434 3.74453
4.74487 3.76985
4.7954 3.79517
4.84593 3.82049
4.89646 3.84581
4.94699 3.87113
4.99752 3.89644
5.04805 3.92176
5.09858 3.94708
5.14762 3.94708
5.19665 3.96007
5.24569 3.97306
5.29472 3.98605
5.34376 3.99904
5.39279 4.01203
5.44183 4.02502
5.49086 4.03801
5.5399 4.051
5.58893 4.06399
5.63797 4.07698
5.68701 4.08997
5.73604 4.10296
5.78508 4.11595
5.83411 4.12894
5.88558 4.12894
5.93706 4.12894
5.98853 4.12894
6.04001 4.12894
6.09148 4.12894
6.14295 4.12894
6.19443 4.12894
6.2459 4.12894
6.29738 4.12894
6.34885 4.12894
6.40032 4.12894
6.4518 4.12894
6.50327 4.12894
9.33551 5.20331
12.1678 5.20331
15.0 5.20331
0.0 0.487226
0.0500356 0.487226
0.100071 0.506327
0.150107 0.525428
0.200142 0.544529
0.250178 0.56363
0.300213 0.58273
0.350249 0.601831
0.400285 0.620932
0.45032 0.640033
0.500356 0.659134
0.550391 0.678235
0.600427 0.697336
0.650462 0.716437
0.700498 0.735538
0.750533 0.754639
0.800569 0.77374
0.850605 0.79284
0.90064 0.811941
0.950676 0.831042
1.00071 0.850143
1.05075 0.869244
1.10078 0.888345
1.15082 0.907446
1.20085 0.926547
1.25089 0.945648
1.30092 0.964749
1.35096 0.98385
1.401 1.00295
1.45103 1.02205
1.50107 1.04115
1.5511 1.06025
1.60114 1.07935
1.65117 1.09845
1.70121 1.11756
1.75124 1.13666
1.80128 1.15576
1.85132 1.17486
1.90135 1.19396
1.95139 1.21306
2.00142 1.23216
2.05146 1.25126
2.10149 1.27036
2.15153 1.28946
2.20156 1.30856
2.2516 1.32767
2.30164 1.34677
2.35167 1.36587
2.40171 1.38497
2.45174 1.40407
2.50178 1.42317
2.55181 1.44227
2.60185 1.46137
2.65188 1.48047
2.70192 1.49957
2.75196 1.51867
2.80199 1.53778
2.85203 1.55688
2.90206 1.57598
2.9521 1.59508
3.00213 1.61418
3.05199 1.61418
3.10185 1.69865
3.15171 1.78312
3.20157 1.86759
3.25143 1.95206
3.30128 2.03653
3.35114 2.121
3.401 2.20547
3.45086 2.28994
3.50072 2.37441
3.55058 2.45888
3.60043 2.54335
3.65029 2.62782
3.70015 2.71229
3.75001 2.79675
3.79987 2.88122
3.84973 2.96569
3.89959 3.05016
3.94944 3.13463
3.9993 3.2191
4.04916 3.30357
4.09938 3.30357
4.14959 3.33821
4.19981 3.37284
4.25003 3.40747
4.30024 3.44211
4.35046 3.47674
4.40068 3.51137
4.45089 3.54601
4.50111 3.58064
4.55133 3.61527
4.60154 3.64991
4.65176 3.68454
4.70198 3.71917
4.75219 3.75381
4.80241 3.78844
4.85263 3.82307
4.90284 3.85771
4.95306 3.89234
5.00328 3.92697
5.05349 3.96161
5.10371 3.99624
5.15393 4.03087
5.20442 4.03087
5.25491 4.03334
5.3054 4.03581
5.35588 4.03827
5.40637 4.04074
5.45686 4.04321
5.50735 4.04567
5.55784 4.04814
5.60833 4.0506
5.65882 4.05307
5.70931 4.05554
5.7598 4.058
5.81029 4.06047
5.86077 4.06294
5.91126 4.0654
5.96175 4.06787
6.01224 4.07033
6.06273 4.0728
6.11322 4.07527
6.16371 4.07773
6.2142 4.0802
6.26469 4.08267
6.31518 4.08513
6.36566 4.0876
6.41615 4.09007
6.46664 4.09253
6.51713 4.095
6.56762 4.09746
6.61811 4.09993
6.6686 4.1024
6.71909 4.10486
6.76958 4.10733
6.82006 4.1098
6.87055 4.11226
6.92104 4.11473
6.97153 4.11719
7.02269 4.11719
7.07384 4.11719
7.125 4.11719
7.17616 4.11719
7.22731 4.11719
7.27847 4.11719
7.32962 4.11719
7.38078 4.11719
7.43194 4.11719
7.48309 4.11719
7.53425 4.11719
10.0228 5.12961
12.5114 5.12961
15.0 5.12961
0.0 0.487344
0.0495967 0.487344
0.0991933 0.506941
0.14879 0.526538
0.198387 0.546135
0.247983 0.565732
0.29758 0.585328
0.347177 0.604925
0.396773 0.624522
0.44637 0.644119
0.495967 0.663716
0.545563 0.683313
0.59516 0.70291
0.644757 0.722507
0.694353 0.742104
0.74395 0.761701
0.793547 0.781298
0.843143 0.800894
0.89274 0.820491
0.942337 0.840088
0.991933 0.859685
1.04153 0.879282
1.09113 0.898879
1.14072 0.918476
1.19032 0.938073
1.23992 0.95767
1.28951 0.977267
1.33911 0.996863
1.38871 1.01646
1.4383 1.03606
1.4879 1.05565
1.5375 1.07525
1.58709 1.09485
1.63669 1.11444
1.68629 1.13404
1.73588 1.15364
1.78548 1.17324
1.83508 1.19283
1.88467 1.21243
1.93427 1.23203
1.98387 1.25162
2.03346 1.27122
2.08306 1.29082
2.13266 1.31041
2.18225 1.33001
2.23185 1.34961
2.28145 1.3692
2.33104 1.3888
2.38064 1.4084
2.43024 1.428
2.47983 1.44759
2.52943 1.46719
2.57903 1.48679
2.62862 1.50638
2.67822 1.52598
2.72782 1.54558
2.77741 1.56517
2.82701 1.58477
2.87661 1.60437
2.9262 1.62396
2.9758 1.64356
3.02441 1.64356
3.07302 1.73678
3.12163 1.83
3.17025 1.92322
3.21886 2.01645
3.26747 2.10967
3.31608 2.20289
3.36469 2.29611
3.4133 2.38933
3.46192 2.48255
3.51053 2.57577
3.55914 2.66899
3.60775 2.76221
3.65636 2.85544
3.70497 2.94866
3.75358 3.04188
3.8022 3.1351
3.85081 3.22832
3.90013 3.22832
3.94944 3.25855
3.99876 3.28878
4.04808 3.31902
4.0974 3.34925
4.14671 3.37948
4.19603 3.40971
4.24535 3.43995
4.29467 3.47018
4.34398 3.50041
4.3933 3.53064
4.44262 3.56088
4.49194 3.59111
4.54125 3.62134
4.59057 3.65157
4.63989 3.68181
4.68921 3.71204
4.73852 3.74227
4.78784 3.7725
4.83716 3.80273
4.88648 3.83297
4.93579 3.8632
4.98511 3.89343
5.03443 3.92366
5.08375 3.9539
5.13398 3.9539
5.18421 3.9591
5.23444 3.9643
5.28467 3.9695
5.3349 3.9747
5.38513 3.9799
5.43536 3.9851
5.48559 3.9903
5.53583 3.9955
5.58606 4.0007
5.63629 4.0059
5.68652 4.0111
5.73675 4.0163
5.78698 4.0215
5.83721 4.0267
5.88744 4.0319
5.93767 4.0371
5.9879 4.0423
6.03814 4.0475
6.08837 4.0527
6.1386 4.0579
6.18883 4.0631
6.23906 4.0683
6.28929 4.0735
6.33952 4.07871
6.38975 4.08391
6.43998 4.08911
6.49021 4.09431
6.54045 4.09951
6.59068 4.10471
6.64091 4.10991
6.69114 4.11511
6.74137 4.12031
6.7916 4.12551
6.84183 4.13071
6.89206 4.13591
6.94229 4.14111
6.99253 4.14631
7.04276 4.15151
7.09133 4.15151
7.1399 4.15151
7.18847 4.15151
7.23704 4.15151
7.28561 4.15151
7.33419 4.15151
7.38276 4.15151
7.43133 4.15151
7.4799 4.15151
7.52847 4.15151
7.57704 4.15151
7.62562 4.15151
7.67419 4.15151
7.72276 4.15151
7.77133 4.15151
7.8199 4.15151
10.2133 5.13137
12.6066 5.13137
15.0 5.13137
0.0 0.484789
0.0501145 0.484789
0.100229 0.502162
0.150343 0.519535
0.200458 0.536908
0.250572 0.55428
0.300687 0.571653
0.350801 0.589026
0.400916 0.606399
0.45103 0.623772
0.501145 0.641145
0.551259 0.658517
0.601374 0.67589
0.651488 0.693263
0.701603 0.710636
0.751717 0.728009
0.801832 0.745382
0.851946 0.762755
0.90206 0.780127
0.952175 0.7975
1.00229 0.814873
1.0524 0.832246
1.10252 0.849619
1.15263 0.866992
1.20275 0.884364
1.25286 0.901737
1.30298 0.91911
1.35309 0.936483
1.40321 0.953856
1.45332 0.971229
1.50343 0.988601
1.55355 1.00597
1.60366 1.02335
1.65378 1.04072
1.70389 1.05809
1.75401 1.07547
1.80412 1.09284
1.85424 1.11021
1.90435 1.12758
1.95446 1.14496
2.00458 1.16233
2.05469 1.1797
2.10481 1.19708
2.15492 1.21445
2.20504 1.23182
2.25515 1.24919
2.30527 1.26657
2.35538 1.28394
2.40549 1.30131
2.45561 1.31869
2.50572 1.33606
2.55584 1.35343
2.60595 1.3708
2.65607 1.38818
2.70618 1.40555
2.7563 1.42292
2.80641 1.4403
2.85652 1.45767
2.90664 1.47504
2.95675 1.49241
3.00687 1.50979
3.05698 1.52716
3.1071 1.54453
3.15721 1.56191
3.20733 1.57928
3.25744 1.59665
3.30522 1.59665
3.35301 1.78651
3.40079 1.97638
3.44858 2.16624
3.49636 2.3561
3.54415 2.54597
3.59193 2.73583
3.63972 2.92569
3.6875 3.11556
3.73528 3.30542
3.78468 3.30542
3.83408 3.3359
3.88348 3.36639
3.93288 3.39687
3.98228 3.42736
4.03168 3.45784
4.08108 3.48833
4.13047 3.51881
4.17987 3.5493
4.22927 3.57978
4.27867 3.61027
4.32807 3.64075
4.37747 3.67124
4.42687 3.70172
4.47627 3.7322
4.52566 3.76269
4.57506 3.79317
4.62446 3.82366
4.67468 3.82366
4.72491 3.83491
4.77513 3.84616
4.82535 3.85741
4.87557 3.86866
4.92579 3.87991
4.97602 3.89116
5.02624 3.90241
5.07646 3.91366
5.12668 3.92491
5.1769 3.93615
5.22713 3.9474
5.27735 3.95865
5.32757 3.9699
5.37779 3.98115
5.42802 3.9924
5.47824 4.00365
5.52846 4.0149
5.57868 4.02615
5.6289 4.0374
5.67913 4.04865
5.72935 4.0599
5.77957 4.07115
5.82979 4.0824
5.88001 4.09365
5.93024 4.1049
5.98046 4.11615
6.03068 4.1274
6.0809 4.13865
6.13113 4.1499
6.18135 4.16115
6.23157 4.1724
6.28125 4.1724
6.33092 4.1724
6.3806 4.1724
6.43027 4.1724
6.47995 4.1724
6.52962 4.1724
6.5793 4.1724
6.62897 4.1724
6.67865 4.1724
6.72833 4.1724
6.778 4.1724
6.82768 4.1724
6.87735 4.1724
6.92703 4.1724
6.9767 4.1724
7.02638 4.1724
7.07605 4.1724
7.12573 4.1724
7.17541 4.1724
7.22508 4.1724
7.27476 4.1724
7.32443 4.1724
7.37411 4.1724
7.42378 4.1724
9.94919 5.18198
12.4746 5.18198
15.0 5.18198
0.0 0.490132
0.0500734 0.490132
0.100147 0.507577
0.15022 0.525021
0.200293 0.542466
0.250367 0.559911
0.30044 0.577356
0.350513 0.594801
0.400587 0.612246
0.45066 0.629691
0.500734 0.647136
0.550807 0.664581
0.60088 0.682026
0.650954 0.69947
0.701027 0.716915
0.7511 0.73436
0.801174 0.751805
0.851247 0.76925
0.90132 0.786695
0.951394 0.80414
1.00147 0.821585
1.05154 0.83903
1.10161 0.856475
1.15169 0.873919
1.20176 0.891364
1.25183 0.908809
1.30191 0.926254
1.35198 0.943699
1.40205 0.961144
1.45213 0.978589
1.5022 0.996034
1.55227 1.01348
1.60235 1.03092
1.65242 1.04837
1.70249 1.06581
1.75257 1.08326
1.80264 1.1007
1.85271 1.11815
1.90279 1.13559
1.95286 1.15304
2.00293 1.17048
2.05301 1.18793
2.10308 1.20537
2.15315 1.22282
2.20323 1.24026
2.2533 1.25771
2.30337 1.27515
2.35345 1.2926
2.40352 1.31004
2.45359 1.32749
2.50367 1.34493
2.55374 1.36238
2.60381 1.37982
2.65389 1.39727
2.70396 1.41471
2.75522 1.41471
2.80648 1.61334
2.85774 1.81198
2.909 2.01061
2.96025 2.20925
3.01151 2.40788
3.06277 2.60651
3.11403 2.80515
3.16529 3.00378
3.21655 3.20241
3.26781 3.40105
3.31917 3.40105
3.37053 3.42681
3.4219 3.45258
3.47326 3.47835
3.52463 3.50412
3.57599 3.52988
3.62735 3.55565
3.67872 3.58142
3.73008 3.60719
3.78144 3.63295
3.83281 3.65872
3.88417 3.68449
3.93554 3.71026
3.9869 3.73602
4.03826 3.76179
4.08963 3.78756
4.14099 3.81332
4.19236 3.83909
4.24407 3.83909
4.29579 3.8657
4.34751 3.8923
4.39922 3.9189
4.45094 3.94551
4.50266 3.97211
4.55437 3.99871
4.60609 4.02532
4.65781 4.05192
4.70952 4.07853
4.76124 4.10513
4.81296 4.13173
4.86467 4.15834
4.9152 4.15834
4.96573 4.15834
5.01626 4.15834
5.06679 4.15834
5.11732 4.15834
5.16784 4.15834
5.21837 4.15834
5.2689 4.15834
5.31943 4.15834
5.36996 4.15834
5.42049 4.15834
5.47101 4.15834
5.52154 4.15834
5.57207 4.15834
5.6226 4.15834
5.67313 4.15834
5.72365 4.15834
5.77418 4.15834
5.82471 4.15834
5.87524 4.15834
5.92577 4.15834
5.9763 4.15834
6.02682 4.15834
6.07735 4.15834
6.12788 4.15834
6.17841 4.15834
6.22894 4.15834
6.27947 4.15834
6.32999 4.15834
6.38052 4.15834
6.43105 4.15834
6.48158 4.15834
6.53211 4.15834
6.58264 4.15834
6.63316 4.15834
6.68369 4.15834
6.73422 4.15834
6.78475 4.15834
6.83528 4.15834
6.88581 4.15834
6.93633 4.15834
6.98686 4.15834
9.65791 5.19918
12.329 5.19918
15.0 5.19918
0.0 0.479791
0.0494613 0.479791
0.0989225 0.499016
0.148384 0.518241
0.197845 0.537466
0.247306 0.556691
0.296768 0.575916
0.346229 0.595141
0.39569 0.614366
0.445151 0.633591
0.494613 0.652816
0.544074 0.672041
0.593535 0.691266
0.642997 0.710491
0.692458 0.729716
0.741919 0.74894
0.79138 0.768165
0.840842 0.78739
0.890303 0.806615
0.939764 0.82584
0.989225 0.845065
1.03869 0.86429
1.08815 0.883515
1.13761 0.90274
1.18707 0.921965
1.23653 0.94119
1.28599 0.960415
1.33545 0.97964
1.38492 0.998865
1.43438 1.01809
1.48384 1.03731
1.5333 1.05654
1.58276 1.07576
1.63222 1.09499
1.68168 1.11421
1.73114 1.13344
1.78061 1.15266
1.83007 1.17189
1.87953 1.19111
1.92899 1.21034
1.97845 1.22956
2.02791 1.24879
2.07737 1.26801
2.12683 1.28724
2.1763 1.30646
2.22576 1.32569
2.27522 1.34491
2.32625 1.34491
2.37728 1.64389
2.42831 1.94286
2.47934 2.24183
2.53037 2.54081
2.58141 2.83978
2.63244 3.13875
2.68347 3.43773
2.73269 3.43773
2.78191 3.4586
2.83114 3.47947
2.88036 3.50035
2.92958 3.52122
2.9788 3.5421
3.02803 3.56297
3.07725 3.58384
3.12647 3.60472
3.1757 3.62559
3.22492 3.64647
3.27414 3.66734
3.32336 3.68821
3.37259 3.70909
3.42181 3.72996
3.47103 3.75084
3.52025 3.77171
3.56948 3.79258
3.6187 3.81346
3.66792 3.83433
3.71714 3.85521
3.76637 3.87608
3.81595 3.87608
3.86554 3.89753
3.91512 3.91899
3.96471 3.94044
4.01429 3.9619
4.06388 3.98335
4.11347 4.0048
4.16305 4.02626
4.21264 4.04771
4.26222 4.06917
4.31181 4.09062
4.36139 4.11208
4.41098 4.13353
4.46056 4.15499
4.51108 4.15499
4.5616 4.15499
4.61212 4.15499
4.66264 4.15499
4.71315 4.15499
4.76367 4.15499
4.81419 4.15499
4.86471 4.15499
4.91523 4.15499
4.96575 4.15499
5.01626 4.15499
5.06678 4.15499
5.1173 4.15499
5.16782 4.15499
5.21834 4.15499
5.26885 4.15499
5.31937 4.15499
5.36989 4.15499
5.42041 4.15499
5.47093 4.15499
5.52144 4.15499
5.57196 4.15499
5.62248 4.15499
5.673 4.15499
5.72352 4.15499
5.77404 4.15499
5.82455 4.15499
5.87507 4.15499
5.92559 4.15499
5.97611 4.15499
6.02663 4.15499
6.07714 4.15499
6.12766 4.15499
6.17818 4.15499
6.2287 4.15499
6.27922 4.15499
6.32973 4.15499
6.38025 4.15499
6.43077 4.15499
6.48129 4.15499
6.53181 4.15499
6.58233 4.15499
9.38822 5.22822
12.1941 5.22822
15.0 5.22822
0.0 0.484875
0.0504482 0.484875
0.100896 0.502009
0.151345 0.519143
0.201793 0.536276
0.252241 0.55341
0.302689 0.570544
0.353138 0.587677
0.403586 0.604811
0.454034 0.621945
0.504482 0.639078
0.554931 0.656212
0.605379 0.673346
0.655827 0.690479
0.706275 0.707613
0.756724 0.724747
0.807172 0.74188
0.85762 0.759014
0.908068 0.776148
0.958517 0.793281
1.00896 0.810415
1.05941 0.827549
1.10986 0.844682
1.16031 0.861816
1.21076 0.87895
1.26121 0.896083
1.31165 0.913217
1.3621 0.93035
1.41255 0.947484
1.463 0.964618
1.51345 0.981751
1.5639 0.998885
1.61434 1.01602
1.66479 1.03315
1.71524 1.05029
1.76569 1.06742
1.81614 1.08455
1.86658 1.10169
1.91703 1.11882
1.96748 1.13595
2.01793 1.15309
2.06838 1.17022
2.11883 1.18736
2.16927 1.20449
2.21972 1.22162
2.27017 1.23876
2.32062 1.25589
2.36935 1.25589
2.41807 1.42688
2.4668 1.59788
2.51553 1.76887
2.56425 1.93986
2.61298 2.11085
2.66171 2.28185
2.71044 2.45284
2.75916 2.62383
2.80789 2.79483
2.85662 2.96582
2.90534 3.13681
2.95407 3.3078
3.0028 3.4788
3.05287 3.4788
3.10294 3.4989
3.15301 3.51901
3.20308 3.53911
3.25315 3.55922
3.30323 3.57933
3.3533 3.59943
3.40337 3.61954
3.45344 3.63964
3.50351 3.65975
3.55358 3.67986
3.60365 3.69996
3.65373 3.72007
3.7038 3.74017
3.75387 3.76028
3.80394 3.78039
3.85401 3.80049
3.90408 3.8206
3.95415 3.8407
4.00423 3.86081
4.0543 3.88092
4.10437 3.90102
4.15444 3.92113
4.20413 3.92113
4.25383 3.93177
4.30352 3.9424
4.35321 3.95304
4.4029 3.96368
4.4526 3.97432
4.50229 3.98495
4.55198 3.99559
4.60167 4.00623
4.65137 4.01687
4.70106 4.0275
4.75075 4.03814
4.80044 4.04878
4.85014 4.05942
4.89983 4.07006
4.94952 4.08069
4.99921 4.09133
5.04891 4.10197
5.0986 4.11261
5.14829 4.12324
5.19799 4.13388
5.24768 4.14452
5.29737 4.15516
5.34706 4.16579
5.39711 4.16579
5.44715 4.16579
5.49719 4.16579
5.54723 4.16579
5.59728 4.16579
5.64732 4.16579
5.69736 4.16579
5.7474 4.16579
5.79744 4.16579
5.84749 4.16579
5.89753 4.16579
5.94757 4.16579
5.99761 4.16579
6.04766 4.16579
6.0977 4.16579
6.14774 4.16579
6.19778 4.16579
6.24783 4.16579
6.29787 4.16579
6.34791 4.16579
6.39795 4.16579
6.448 4.16579
6.49804 4.16579
6.54808 4.16579
6.59812 4.16579
6.64817 4.16579
6.69821 4.16579
6.74825 4.16579
6.79829 4.16579
6.84833 4.16579
6.89838 4.16579
6.94842 4.16579
6.99846 4.16579
7.0485 4.16579
7.09855 4.16579
7.14859 4.16579
7.19863 4.16579
7.24867 4.16579
7.29872 4.16579
7.34876 4.16579
7.3988 4.16579
7.44884 4.16579
7.49889 4.16579
7.54893 4.16579
7.59897 4.16579
7.64901 4.16579
7.69905 4.16579
7.7491 4.16579
7.79914 4.16579
7.84918 4.16579
7.89922 4.16579
10.2661 5.2503
12.6331 5.2503
15.0 5.2503
0.0 0.473404
0.0496311 0.473404
0.0992622 0.493686
0.148893 0.513968
0.198524 0.534249
0.248156 0.554531
0.297787 0.574813
0.347418 0.595094
0.397049 0.615376
0.44668 0.635657
0.496311 0.655939
0.545942 0.676221
0.595573 0.696502
0.645204 0.716784
0.694835 0.737066
0.744467 0.757347
0.794098 0.777629
0.843729 0.797911
0.89336 0.818192
0.942991 0.838474
0.992622 0.858756
1.04225 0.879037
1.09188 0.899319
1.14152 0.919601
1.19115 0.939882
1.24078 0.960164
1.29041 0.980445
1.34004 1.00073
1.38967 1.02101
1.4393 1.04129
1.48893 1.06157
1.53856 1.08185
1.5882 1.10214
1.63783 1.12242
1.68746 1.1427
1.73709 1.16298
1.78672 1.18326
1.83635 1.20354
1.88598 1.22383
1.93426 1.22383
1.98254 1.40096
2.03081 1.5781
2.07909 1.75523
2.12737 1.93237
2.17564 2.1095
2.22392 2.28664
2.2722 2.46378
2.32047 2.64091
2.36875 2.81805
2.41703 2.99518
2.4653 3.17232
2.51358 3.34945
2.56186 3.52659
2.61272 3.52659
2.66358 3.62927
2.71444 3.73194
2.7653 3.83462
2.81617 3.9373
2.86703 4.03998
2.91649 4.03998
2.96596 4.04607
3.01542 4.05217
3.06489 4.05826
3.11435 4.06436
3.16382 4.07045
3.21328 4.07655
3.26275 4.08264
3.31221 4.08874
3.36167 4.09483
3.41114 4.10093
3.4606 4.10702
3.51007 4.11312
3.55953 4.11921
3.609 4.12531
3.65846 4.13141
3.70793 4.1375
3.75739 4.1436
3.80686 4.14969
3.85632 4.15579
3.90579 4.16188
3.95525 4.16798
4.00472 4.17407
4.05418 4.18017
4.10365 4.18626
4.15311 4.19236
4.20258 4.19845
4.25204 4.20455
4.30151 4.21065
4.35097 4.21674
4.40043 4.22284
4.4499 4.22893
4.49936 4.23503
4.54883 4.24112
4.59829 4.24722
4.64734 4.24722
4.69639 4.24722
4.74543 4.24722
4.79448 4.24722
4.84352 4.24722
4.89257 4.24722
4.94161 4.24722
4.99066 4.24722
5.03971 4.24722
5.08875 4.24722
5.1378 4.24722
5.18684 4.24722
7.64013 5.24595
10.0934 5.24595
12.5467 5.24595
15.0 5.24595
0.0 0.472547
0.0493272 0.472547
0.0986544 0.491278
0.147982 0.510008
0.197309 0.528739
0.246636 0.547469
0.295963 0.5662
0.34529 0.58493
0.394618 0.603661
0.443945 0.622391
0.493272 0.641122
0.542599 0.659852
0.591927 0.678583
0.641254 0.697313
0.690581 0.716044
0.739908 0.734774
0.789235 0.753505
0.838563 0.772235
0.88789 0.790966
0.937217 0.809696
0.986544 0.828427
1.03587 0.847157
1.0852 0.865888
1.13453 0.884618
1.18385 0.903349
1.23318 0.922079
1.28251 0.94081
1.33179 0.94081
1.38108 1.01591
1.43036 1.09102
1.47965 1.16612
1.52893 1.24123
1.57822 1.31633
1.6275 1.39143
1.67678 1.46654
1.72607 1.54164
1.77535 1.61674
1.82464 1.69185
1.87392 1.76695
1.92321 1.84206
1.97249 1.91716
2.02178 1.99226
2.07106 2.06737
2.12035 2.14247
2.16963 2.21758
2.21891 2.29268
2.2682 2.36778
2.31748 2.44289
2.36677 2.51799
2.41605 2.5931
2.46534 2.6682
2.51462 2.7433
2.56391 2.81841
2.61319 2.89351
2.66248 2.96861
2.71176 3.04372
2.76105 3.11882
2.81033 3.19393
2.85961 3.26903
2.9089 3.34413
2.95818 3.41924
3.00749 3.41924
3.0568 3.42298
3.10611 3.42672
3.15542 3.43046
3.20472 3.43421
3.25403 3.43795
3.30334 3.44169
3.35265 3.44543
3.40195 3.44917
3.45126 3.45292
3.50057 3.45666
3.54988 3.4604
3.59918 3.46414
3.64849 3.46788
3.6978 3.47162
3.74711 3.47537
3.79642 3.47911
3.84572 3.48285
3.89503 3.48659
3.94434 3.49033
3.99365 3.49408
4.04295 3.49782
4.09226 3.50156
4.14157 3.5053
4.19088 3.50904
4.24135 3.50904
4.29182 3.57653
4.34229 3.64402
4.39276 3.71151
4.44323 3.779
4.4937 3.84649
4.54417 3.91397
4.59464 3.98146
4.64511 4.04895
4.69523 4.04895
4.74536 4.04895
4.79549 4.04895
4.84561 4.04895
4.89574 4.04895
4.94587 4.04895
4.99599 4.04895
5.04612 4.04895
5.09625 4.04895
5.14637 4.04895
5.1965 4.04895
5.24663 4.04895
5.29675 4.04895
5.34688 4.04895
5.39701 4.04895
5.44713 4.04895
5.49726 4.04895
5.54739 4.04895
5.59751 4.04895
5.64764 4.04895
5.69777 4.04895
5.74789 4.04895
5.79802 4.04895
5.84815 4.04895
5.89827 4.04895
5.9484 4.04895
5.99853 4.04895
6.04865 4.04895
6.09878 4.04895
6.14891 4.04895
6.19903 4.04895
6.24916 4.04895
6.29929 4.04895
6.34941 4.04895
6.39954 4.04895
6.44967 4.04895
6.49979 4.04895
6.54992 4.04895
6.60004 4.04895
6.65017 4.04895
6.7003 4.04895
6.75042 4.04895
6.80055 4.04895
6.85068 4.04895
9.56712 5.77188
12.2836 5.77188
15.0 5.77188
0.0 0.480089
0.0503713 0.480089
0.100743 0.501072
0.151114 0.522056
0.201485 0.54304
0.251856 0.564023
0.302228 0.585007
0.352599 0.605991
0.40297 0.626974
0.453341 0.647958
0.503713 0.668942
0.554084 0.689925
0.604455 0.710909
0.654826 0.731893
0.705198 0.752876
0.755569 0.77386
0.80594 0.794844
0.856312 0.815827
0.906683 0.836811
0.957054 0.857795
1.00743 0.878778
1.0578 0.899762
1.10817 0.920746
1.15854 0.941729
1.20891 0.962713
1.25928 0.983697
1.30965 1.00468
1.35799 1.00468
1.40633 1.41099
1.45467 1.81729
1.50301 2.2236
1.55134 2.6299
1.59968 3.03621
1.64802 3.44251
1.69704 3.44251
1.74606 3.44373
1.79507 3.44494
1.84409 3.44616
1.8931 3.44738
1.94212 3.44859
1.99114 3.44981
2.04015 3.45103
2.08917 3.45224
2.13819 3.45346
2.1872 3.45467
2.23622 3.45589
2.28524 3.45711
2.33425 3.45832
2.38327 3.45954
2.43229 3.46075
2.48387 3.46075
2.53545 3.50387
2.58703 3.54699
2.63862 3.59011
2.6902 3.63323
2.74178 3.67635
2.79336 3.71947
2.84495 3.76259
2.89653 3.80571
2.94811 3.84883
2.99969 3.89195
3.05127 3.93507
3.10286 3.97819
3.15301 3.97819
3.20316 3.97819
3.25331 3.97819
3.30347 3.97819
3.35362 3.97819
3.40377 3.97819
3.45392 3.97819
3.50408 3.97819
3.55423 3.97819
3.60438 3.97819
3.65453 3.97819
3.70469 3.97819
3.75484 3.97819
3.80499 3.97819
3.85514 3.97819
3.90529 3.97819
3.95545 3.97819
4.0056 3.97819
4.05575 3.97819
4.1059 3.97819
4.15606 3.97819
4.20621 3.97819
4.25636 3.97819
4.30651 3.97819
4.35667 3.97819
4.40682 3.97819
7.05511 6.05174
9.70341 6.05174
12.3517 6.05174
15.0 6.05174
0.0 0.48603
0.0498651 0.48603
0.0997302 0.506843
0.149595 0.527657
0.19946 0.54847
0.249326 0.569283
0.299191 0.590097
0.349056 0.61091
0.398921 0.631723
0.448786 0.652537
0.498651 0.67335
0.548516 0.694163
0.598381 0.714977
0.648247 0.73579
0.698112 0.756603
0.747977 0.777417
0.797842 0.79823
0.847707 0.819043
0.897572 0.839857
0.947437 0.86067
0.997302 0.881484
1.04717 0.902297
1.09703 0.92311
1.1469 0.943924
1.19509 0.943924
1.24328 1.44893
1.29147 1.95393
1.33966 2.45894
1.38785 2.96394
1.43605 3.46894
1.48598 3.46894
1.5359 3.4717
1.58583 3.47447
1.63576 3.47723
1.68569 3.47999
1.73562 3.48275
1.78555 3.48551
1.83548 3.48827
1.88541 3.49103
1.93534 3.49379
1.98527 3.49655
2.0352 3.49931
2.08513 3.50208
2.13684 3.50208
2.18855 3.54307
2.24026 3.58406
2.29198 3.62505
2.34369 3.66604
2.3954 3.70704
2.44711 3.74803
2.49883 3.78902
2.55054 3.83001
2.60225 3.871
2.65396 3.912
2.70312 3.912
2.75228 3.912
2.80144 3.912
2.8506 3.912
2.89975 3.912
2.94891 3.912
2.99807 3.912
3.04723 3.912
3.09638 3.912
3.14554 3.912
3.1947 3.912
3.24386 3.912
3.29301 3.912
3.34217 3.912
3.39133 3.912
3.44049 3.912
3.48964 3.912
3.5388 3.912
3.58796 3.912
3.63712 3.912
3.68628 3.912
3.73543 3.912
5.98835 6.04066
8.24126 6.04066
10.4942 6.04066
12.7471 6.04066
15.0 6.04066
0.0 0.485226
0.0490294 0.485226
0.0980588 0.503911
0.147088 0.522595
0.196118 0.54128
0.245147 0.559964
0.294176 0.578649
0.343206 0.597334
0.392235 0.616018
0.441265 0.634703
0.490294 0.653388
0.539323 0.672072
0.588353 0.690757
0.637382 0.709441
0.686412 0.728126
0.735441 0.746811
0.78447 0.765495
0.8335 0.78418
0.882529 0.802865
0.931558 0.821549
0.980588 0.840234
1.02962 0.858918
1.07865 0.877603
1.12768 0.896288
1.1797 0.896288
1.23172 1.12998
1.28374 1.36368
1.33576 1.59737
1.38778 1.83107
1.4398 2.06476
1.49182 2.29846
1.54384 2.53215
1.59587 2.76585
1.64789 2.99954
1.69991 3.23323
1.75193 3.46693
1.80256 3.46693
1.85318 3.46724
1.90381 3.46754
1.95443 3.46785
2.00506 3.46815
2.05569 3.46846
2.10631 3.46877
2.15694 3.46907
2.20757 3.46938
2.25819 3.46969
2.30882 3.46999
2.35944 3.4703
2.40904 3.4703
2.45863 3.50154
2.50822 3.53278
2.55781 3.56401
2.6074 3.59525
2.657 3.62649
2.70659 3.65773
2.75618 3.68897
2.80577 3.72021
2.85536 3.75145
2.90495 3.78269
2.95455 3.81392
3.00414 3.84516
3.05471 3.84516
3.10528 3.84516
3.15584 3.84516
3.20641 3.84516
3.25698 3.84516
3.30755 3.84516
3.35812 3.84516
3.40869 3.84516
5.72695 6.04759
8.04521 6.04759
10.3635 6.04759
12.6817 6.04759
15.0 6.04759
0.0 0.491247
0.0494733 0.491247
0.0989466 0.508041
0.14842 0.524835
0.197893 0.541629
0.247367 0.558423
0.29684 0.575217
0.346313 0.592011
0.395787 0.608805
0.44526 0.625598
0.494733 0.642392
0.544207 0.659186
0.59368 0.67598
0.643153 0.692774
0.692627 0.709568
0.7421 0.726362
0.791573 0.743156
0.841046 0.759949
0.89052 0.776743
0.939993 0.793537
0.989466 0.810331
1.03894 0.827125
1.08841 0.843919
1.13789 0.860713
1.18736 0.877507
1.23683 0.8943
1.28631 0.911094
1.33578 0.927888
1.38525 0.944682
1.43473 0.961476
1.48506 0.961476
1.5354 1.18741
1.58574 1.41334
1.63607 1.63928
1.68641 1.86521
1.73675 2.09115
1.78708 2.31708
1.83742 2.54302
1.88776 2.76895
1.93809 2.99488
1.98843 3.22082
2.03877 3.44675
2.08771 3.44675
2.13665 3.45275
2.18559 3.45875
2.23453 3.46475
2.28347 3.47075
2.33242 3.47675
2.38136 3.48275
2.4303 3.48875
2.47924 3.49475
2.52818 3.50075
2.57889 3.50075
2.62959 3.52846
2.6803 3.55618
2.73101 3.58389
2.78171 3.61161
2.83242 3.63932
2.88313 3.66704
2.93383 3.69475
2.98454 3.72247
3.03525 3.75018
3.08595 3.7779
3.13666 3.80561
3.18737 3.83333
3.23807 3.86104
3.28878 3.88876
3.33949 3.91647
3.39071 3.91647
3.44193 3.91647
3.49316 3.91647
3.54438 3.91647
3.5956 3.91647
3.64683 3.91647
3.69805 3.91647
3.74927 3.91647
5.99942 6.09374
8.24956 6.09374
10.4997 6.09374
12.7499 6.09374
15.0 6.09374
0.0 0.473183
0.0493588 0.473183
0.0987175 0.493916
0.148076 0.514648
0.197435 0.53538
0.246794 0.556113
0.296153 0.576845
0.345511 0.597578
0.39487 0.61831
0.444229 0.639043
0.493588 0.659775
0.542946 0.680507
0.592305 0.70124
0.641664 0.721972
0.691023 0.742705
0.740382 0.763437
0.78974 0.784169
0.839099 0.804902
0.888458 0.825634
0.937817 0.846367
0.987175 0.867099
1.03653 0.887831
1.08589 0.908564
1.13525 0.929296
1.18461 0.950029
1.23397 0.970761
1.28333 0.991494
1.333 0.991494
1.38266 1.12574
1.43233 1.25999
1.482 1.39424
1.53167 1.52849
1.58133 1.66273
1.631 1.79698
1.68067 1.93123
1.73034 2.06548
1.78001 2.19973
1.82967 2.33398
1.87934 2.46822
1.92901 2.60247
1.97868 2.73672
2.02835 2.87097
2.07801 3.00522
2.12768 3.13947
2.17735 3.27371
2.22702 3.40796
2.27645 3.40796
2.32588 3.41295
2.37532 3.41794
2.42475 3.42293
2.47418 3.42792
2.52362 3.43291
2.57305 3.4379
2.62248 3.44289
2.67192 3.44788
2.72135 3.45287
2.77079 3.45786
2.82022 3.46285
2.87166 3.46285
2.9231 3.48839
2.97453 3.51393
3.02597 3.53948
3.07741 3.56502
3.12885 3.59056
3.18029 3.6161
3.23173 3.64165
3.28316 3.66719
3.3346 3.69273
3.38604 3.71827
3.43748 3.74382
3.48892 3.76936
3.54036 3.7949
3.59179 3.82044
3.64582 3.82044
3.69985 3.82044
3.75388 3.82044
3.8079 3.82044
3.86193 3.82044
6.64645 6.09332
9.43097 6.09332
12.2155 6.09332
15.0 6.09332
0.0 0.483724
0.0501808 0.483724
0.100362 0.50125
0.150542 0.518776
0.200723 0.536302
0.250904 0.553828
0.301085 0.571354
0.351265 0.58888
0.401446 0.606407
0.451627 0.623933
0.501808 0.641459
0.551988 0.658985
0.602169 0.676511
0.65235 0.694037
0.702531 0.711564
0.752712 0.72909
0.802892 0.746616
0.853073 0.764142
0.903254 0.781668
0.953435 0.799194
1.00362 0.81672
1.05313 0.81672
1.10264 0.937478
1.15215 1.05824
1.20166 1.17899
1.25117 1.29975
1.30068 1.42051
1.35019 1.54127
1.3997 1.66203
1.44921 1.78278
1.49872 1.90354
1.54823 2.0243
1.59774 2.14506
1.64725 2.26582
1.69676 2.38657
1.74627 2.50733
1.79578 2.62809
1.84529 2.74885
1.8948 2.86961
1.94431 2.99036
1.99382 3.11112
2.04333 3.23188
2.09284 3.35264
2.14235 3.4734
2.19262 3.4734
2.24289 3.47828
2.29317 3.48316
2.34344 3.48805
2.39371 3.49293
2.44398 3.49782
2.49425 3.5027
2.54452 3.50759
2.59479 3.51247
2.64507 3.51735
2.69534 3.52224
2.74561 3.52712
2.79588 3.53201
2.84615 3.53689
2.89642 3.54178
2.94669 3.54666
2.99696 3.55154
3.04724 3.55643
3.09751 3.56131
3.14778 3.5662
3.19805 3.57108
3.24964 3.57108
3.30124 3.58752
3.35283 3.60397
3.40443 3.62041
3.45602 3.63686
3.50761 3.6533
3.55921 3.66975
3.6108 3.68619
3.6624 3.70264
3.71399 3.71908
3.76559 3.73552
3.81718 3.75197
3.86877 3.76841
3.92037 3.78486
3.97196 3.8013
4.02222 3.8013
4.07247 3.8013
4.12273 3.8013
4.17299 3.8013
4.22324 3.8013
4.2735 3.8013
4.32376 3.8013
4.37401 3.8013
4.42427 3.8013
4.47452 3.8013
4.52478 3.8013
4.57504 3.8013
4.62529 3.8013
4.67555 3.8013
4.7258 3.8013
4.77606 3.8013
4.82632 3.8013
4.87657 3.8013
7.40743 6.15312
9.93829 6.15312
12.4691 6.15312
15.0 6.15312
0.0 0.491715
0.0502201 0.491715
0.10044 0.508693
0.15066 0.525672
0.20088 0.54265
0.2511 0.559628
0.301321 0.576607
0.351541 0.593585
0.401761 0.610563
0.451981 0.627542
0.502201 0.64452
0.552421 0.661499
0.602641 0.678477
0.652861 0.695455
0.703081 0.712434
0.753301 0.729412
0.803522 0.74639
0.853742 0.763369
0.903962 0.780347
0.954182 0.797326
1.0044 0.814304
1.05626 0.814304
1.10812 1.02432
1.15998 1.23435
1.21185 1.44437
1.26371 1.65439
1.31557 1.86441
1.36743 2.07443
1.41929 2.28445
1.47115 2.49447
1.52301 2.70449
1.57487 2.91451
1.62673 3.12453
1.67859 3.33455
1.72567 3.33455
1.77275 3.33767
1.81982 3.34079
1.8669 3.34391
1.91873 3.34391
1.97056 3.36237
2.02239 3.38083
2.07422 3.3993
2.12606 3.41776
2.17789 3.43622
2.22972 3.45468
2.27751 3.45468
2.3253 3.45468
2.37309 3.45468
2.42088 3.45468
2.46868 3.45468
2.51647 3.45468
2.56426 3.45468
2.61205 3.45468
5.08964 5.99285
7.56723 5.99285
10.0448 5.99285
12.5224 5.99285
15.0 5.99285
0.0 0.478237
0.0499863 0.478237
0.0999727 0.497592
0.149959 0.516947
0.199945 0.536302
0.249932 0.555657
0.299918 0.575012
0.349904 0.594367
0.399891 0.613722
0.449877 0.633077
0.499863 0.652432
0.54985 0.671788
0.599836 0.691143
0.649822 0.710498
0.699809 0.729853
0.749795 0.749208
0.799781 0.768563
0.849768 0.787918
0.899754 0.807273
0.94974 0.826628
0.999727 0.845983
1.04834 0.845983
1.09695 1.06914
1.14556 1.29229
1.19417 1.51544
1.24278 1.7386
1.29139 1.96175
1.33999 2.18491
1.3886 2.40806
1.43721 2.63121
1.48582 2.85437
1.53443 3.07752
1.58304 3.30067
1.63253 3.30067
1.68201 3.31953
1.73149 3.33839
1.78097 3.35724
1.82972 3.35724
1.87847 3.38168
1.92722 3.40613
1.97597 3.43057
2.02471 3.45501
2.07346 3.47945
2.12221 3.50389
2.17254 3.50389
2.22288 3.50389
2.27321 3.50389
2.32354 3.50389
4.85883 6.06316
7.39412 6.06316
9.92942 6.06316
12.4647 6.06316
15.0 6.06316
0.0 0.47815
0.0501417 0.47815
0.100283 0.498692
0.150425 0.519235
0.200567 0.539777
0.250709 0.560319
0.30085 0.580862
0.350992 0.601404
0.401134 0.621946
0.451275 0.642489
0.501417 0.663031
0.551559 0.683574
0.6017 0.704116
0.651842 0.724658
0.701984 0.745201
0.752126 0.765743
0.802267 0.786285
0.852409 0.806828
0.902551 0.82737
0.952692 0.847913
1.00283 0.868455
1.05298 0.888997
1.10312 0.90954
1.15326 0.930082
1.2034 0.950624
1.25354 0.971167
1.30368 0.991709
1.35383 1.01225
1.40397 1.03279
1.45411 1.05334
1.50275 1.05334
1.55139 1.32539
1.60004 1.59744
1.64868 1.86949
1.69732 2.14154
1.74596 2.4136
1.7946 2.68565
1.84325 2.9577
1.89189 3.22975
1.94165 3.22975
1.99141 3.2315
2.04117 3.23324
2.09093 3.23499
2.14069 3.23674
2.19045 3.23848
2.24021 3.24023
2.28997 3.24197
2.33973 3.24372
2.38949 3.24547
2.43925 3.24721
2.48901 3.24896
2.53877 3.2507
2.58853 3.25245
2.63829 3.2542
2.68805 3.25594
2.73781 3.25769
2.78757 3.25943
2.83733 3.26118
2.88709 3.26292
2.93685 3.26467
2.98661 3.26642
3.03637 3.26816
3.08613 3.26991
3.13589 3.27165
3.18565 3.2734
3.23541 3.27515
3.28517 3.27689
3.33493 3.27864
3.38469 3.28038
3.43445 3.28213
3.48421 3.28388
3.53397 3.28562
3.58373 3.28737
3.63349 3.28911
3.68325 3.29086
3.73301 3.29261
3.78277 3.29435
3.83252 3.2961
3.88228 3.29784
3.93204 3.29959
3.9818 3.30134
4.03156 3.30308
4.08132 3.30483
4.13108 3.30657
4.18084 3.30832
4.2306 3.31007
4.28036 3.31181
4.33012 3.31356
4.37895 3.31356
4.42778 3.31633
4.4766 3.3191
4.52543 3.32188
4.57426 3.32465
4.62309 3.32742
4.67191 3.33019
4.72074 3.33297
4.76957 3.33574
4.81839 3.33851
4.86722 3.34128
4.91605 3.34406
4.96488 3.34683
5.01364 3.34683
5.06241 3.34683
5.11118 3.34683
5.15994 3.34683
5.20871 3.34683
5.25748 3.34683
5.30624 3.34683
5.35501 3.34683
5.40378 3.34683
5.45255 3.34683
5.50131 3.34683
5.55008 3.34683
5.59885 3.34683
5.64761 3.34683
5.69638 3.34683
5.74515 3.34683
5.79392 3.34683
8.09544 5.89856
10.397 5.89856
12.6985 5.89856
15.0 5.89856
0.0 0.488675
0.0495183 0.488675
0.0990366 0.509033
0.148555 0.529391
0.198073 0.549749
0.247592 0.570107
0.29711 0.590466
0.346628 0.610824
0.396146 0.631182
0.445665 0.65154
0.495183 0.671898
0.544701 0.692256
0.59422 0.712615
0.643738 0.732973
0.693256 0.753331
0.742775 0.773689
0.792293 0.794047
0.841811 0.814405
0.891329 0.834764
0.940848 0.855122
0.990366 0.87548
1.03988 0.895838
1.0894 0.916196
1.13892 0.936554
1.18844 0.956913
1.23796 0.977271
1.28748 0.997629
1.33699 1.01799
1.38651 1.03835
1.43562 1.03835
1.48474 1.27699
1.53385 1.51564
1.58296 1.75429
1.63207 1.99294
1.68119 2.23159
1.7303 2.47024
1.77941 2.70888
1.82852 2.94753
1.87763 3.18618
1.92815 3.18618
1.97867 3.18976
2.02919 3.19334
2.07971 3.19692
2.13023 3.20049
2.18075 3.20407
2.23126 3.20765
2.28178 3.21123
2.3323 3.21481
2.38282 3.21838
2.43334 3.22196
2.48386 3.22554
2.53437 3.22912
2.58489 3.2327
2.63541 3.23628
2.68593 3.23985
2.73645 3.24343
2.78697 3.24701
2.83748 3.25059
2.888 3.25417
2.93852 3.25775
2.98904 3.26132
3.03956 3.2649
3.09008 3.26848
3.14059 3.27206
3.19111 3.27564
3.24163 3.27922
3.29215 3.28279
3.34267 3.28637
3.39319 3.28995
3.4437 3.29353
3.49422 3.29711
3.54474 3.30069
3.59526 3.30426
3.64578 3.30784
3.6963 3.31142
3.74682 3.315
3.79733 3.31858
3.84785 3.32216
3.89837 3.32573
3.94717 3.32573
3.99597 3.32894
4.04476 3.33215
4.09356 3.33536
4.14236 3.33856
4.19116 3.34177
4.23995 3.34498
4.28875 3.34818
4.33755 3.35139
4.38635 3.3546
4.43514 3.35781
4.48394 3.36101
4.53274 3.36422
4.58154 3.36743
4.63033 3.37064
4.67913 3.37384
4.72793 3.37705
4.77673 3.38026
4.82553 3.38347
4.87432 3.38667
4.92509 3.38667
4.97586 3.38667
5.02663 3.38667
5.0774 3.38667
5.12817 3.38667
5.17893 3.38667
5.2297 3.38667
5.28047 3.38667
5.33124 3.38667
5.38201 3.38667
5.43278 3.38667
5.48354 3.38667
5.53431 3.38667
5.58508 3.38667
5.63585 3.38667
5.68662 3.38667
5.73739 3.38667
8.05304 5.8237
10.3687 5.8237
12.6843 5.8237
15.0 5.8237
0.0 0.477313
0.049733 0.477313
0.0994659 0.497134
0.149199 0.516956
0.198932 0.536778
0.248665 0.5566
0.298398 0.576422
0.348131 0.596243
0.397864 0.616065
0.447597 0.635887
0.49733 0.655709
0.547062 0.67553
0.596795 0.695352
0.646528 0.715174
0.696261 0.734996
0.745994 0.754818
0.795727 0.774639
0.84546 0.794461
0.895193 0.814283
0.944926 0.834105
0.994659 0.853926
1.04439 0.873748
1.09412 0.89357
1.14386 0.913392
1.19359 0.933214
1.24332 0.953035
1.29306 0.972857
1.34279 0.992679
1.39252 1.0125
1.44226 1.03232
1.49199 1.05214
1.54172 1.07197
1.59145 1.09179
1.64122 1.09179
1.69099 1.15996
1.74075 1.22814
1.79052 1.29632
1.84028 1.3645
1.89005 1.43267
1.93981 1.50085
1.98958 1.56903
2.03934 1.6372
2.08911 1.70538
2.13887 1.77356
2.18864 1.84174
2.2384 1.90991
2.28817 1.97809
2.33793 2.04627
2.3877 2.11444
2.43746 2.18262
2.48723 2.2508
2.537 2.31897
2.58676 2.38715
2.63653 2.45533
2.68629 2.52351
2.73606 2.59168
2.78582 2.65986
2.83559 2.72804
2.88535 2.79621
2.93512 2.86439
2.98488 2.93257
3.03465 3.00074
3.08441 3.06892
3.13418 3.1371
3.18394 3.20528
3.23466 3.20528
3.28537 3.20797
3.33609 3.21067
3.3868 3.21337
3.43751 3.21607
3.48823 3.21877
3.53894 3.22146
3.58965 3.22416
3.64037 3.22686
3.69108 3.22956
3.74179 3.23226
3.79251 3.23496
3.84322 3.23765
3.89394 3.24035
3.94465 3.24305
3.99536 3.24575
4.04608 3.24845
4.09679 3.25114
4.1475 3.25384
4.19822 3.25654
4.24893 3.25924
4.29964 3.26194
4.35036 3.26463
4.40107 3.26733
4.45178 3.27003
4.5025 3.27273
4.55321 3.27543
4.60393 3.27813
4.65464 3.28082
4.70535 3.28352
4.75607 3.28622
4.80678 3.28892
4.85749 3.29162
4.90821 3.29431
4.95791 3.29431
5.00761 3.29675
5.05731 3.29918
5.10701 3.30161
5.15671 3.30404
5.20641 3.30648
5.25611 3.30891
5.30581 3.31134
5.35551 3.31377
5.40521 3.31621
5.45491 3.31864
5.50433 3.31864
5.55375 3.31864
5.60317 3.31864
5.65259 3.31864
5.70201 3.31864
5.75143 3.31864
5.80085 3.31864
5.85027 3.31864
5.89969 3.31864
5.94911 3.31864
5.99853 3.31864
6.04795 3.31864
6.09737 3.31864
6.14679 3.31864
6.19621 3.31864
6.24563 3.31864
6.29505 3.31864
6.34447 3.31864
6.39389 3.31864
6.44331 3.31864
6.49273 3.31864
6.54215 3.31864
6.59157 3.31864
6.64099 3.31864
6.69041 3.31864
6.73983 3.31864
6.78925 3.31864
9.52616 5.74551
12.2631 5.74551
15.0 5.74551
0.0 0.475578
0.0503958 0.475578
0.100792 0.495366
0.151187 0.515154
0.201583 0.534943
0.251979 0.554731
0.302375 0.57452
0.352771 0.594308
0.403166 0.614097
0.453562 0.633885
0.503958 0.653673
0.554354 0.673462
0.60475 0.69325
0.655145 0.713039
0.705541 0.732827
0.755937 0.752616
0.806333 0.772404
0.856729 0.792193
0.907124 0.811981
0.95752 0.831769
1.00792 0.851558
1.05831 0.871346
1.10871 0.891135
1.1591 0.910923
1.2095 0.930712
1.25989 0.9505
1.31029 0.970288
1.36069 0.990077
1.41108 1.00987
1.46148 1.02965
1.51187 1.04944
1.56227 1.06923
1.61267 1.08902
1.66306 1.10881
1.71346 1.1286
1.76385 1.14838
1.81425 1.16817
1.86464 1.18796
1.91504 1.20775
1.96544 1.22754
2.01467 1.22754
2.0639 1.31658
2.11314 1.40562
2.16237 1.49466
2.2116 1.58371
2.26084 1.67275
2.31007 1.76179
2.3593 1.85083
2.40854 1.93987
2.45777 2.02892
2.507 2.11796
2.55624 2.207
2.60547 2.29604
2.6547 2.38508
2.70394 2.47413
2.75317 2.56317
2.8024 2.65221
2.85164 2.74125
2.90087 2.83029
2.9501 2.91934
2.99934 3.00838
3.04857 3.09742
3.09891 3.09742
3.14926 3.10291
3.1996 3.1084
3.24995 3.11388
3.30029 3.11937
3.35063 3.12486
3.40098 3.13035
3.45132 3.13584
3.50167 3.14132
3.55201 3.14681
3.60236 3.1523
3.6527 3.15779
3.70304 3.16327
3.75339 3.16876
3.80373 3.17425
3.85408 3.17974
3.90442 3.18523
3.95476 3.19071
4.00511 3.1962
4.05545 3.20169
4.10602 3.20169
4.15658 3.20584
4.20714 3.21
4.25771 3.21415
4.30827 3.2183
4.35883 3.22246
4.4094 3.22661
4.45996 3.23076
4.51052 3.23491
4.56109 3.23907
4.61165 3.24322
4.66221 3.24737
4.71278 3.25153
4.76334 3.25568
4.8139 3.25983
4.86447 3.26399
4.91503 3.26814
4.96513 3.26814
5.01522 3.26814
5.06532 3.26814
5.11541 3.26814
5.16551 3.26814
5.21561 3.26814
5.2657 3.26814
5.3158 3.26814
5.36589 3.26814
5.41599 3.26814
5.46608 3.26814
5.51618 3.26814
5.56628 3.26814
5.61637 3.26814
5.66647 3.26814
5.71656 3.26814
5.76666 3.26814
5.81676 3.26814
5.86685 3.26814
5.91695 3.26814
5.96704 3.26814
6.01714 3.26814
6.06723 3.26814
6.11733 3.26814
6.16743 3.26814
6.21752 3.26814
6.26762 3.26814
6.31771 3.26814
6.36781 3.26814
6.41791 3.26814
6.468 3.26814
6.5181 3.26814
6.56819 3.26814
6.61829 3.26814
6.66839 3.26814
6.71848 3.26814
6.76858 3.26814
6.81867 3.26814
6.86877 3.26814
6.91886 3.26814
6.96896 3.26814
7.01906 3.26814
7.06915 3.26814
7.11925 3.26814
7.16934 3.26814
7.21944 3.26814
7.26954 3.26814
7.31963 3.26814
7.36973 3.26814
7.41982 3.26814
7.46992 3.26814
9.97995 5.68901
12.49 5.68901
15.0 5.68901
0.0 0.474045
0.0506318 0.474045
0.101264 0.493787
0.151896 0.513529
0.202527 0.533271
0.253159 0.553013
0.303791 0.572755
0.354423 0.592497
0.405055 0.612239
0.455687 0.631981
0.506318 0.651723
0.55695 0.671465
0.607582 0.691207
0.658214 0.71095
0.708846 0.730692
0.759478 0.750434
0.810109 0.770176
0.860741 0.789918
0.911373 0.80966
0.962005 0.829402
1.01264 0.849144
1.06327 0.868886
1.1139 0.888628
1.16453 0.90837
1.21516 0.928112
1.2658 0.947854
1.31643 0.967596
1.36706 0.987338
1.41769 1.00708
1.46832 1.02682
1.51896 1.04656
1.56959 1.06631
1.62022 1.08605
1.67085 1.10579
1.72148 1.12553
1.77211 1.14527
1.81814 1.14527
1.86417 1.54472
1.9102 1.94416
1.95623 2.3436
2.00226 2.74304
2.04828 3.14248
2.09767 3.14248
2.14707 3.1463
2.19646 3.15012
2.24585 3.15394
2.29524 3.15775
2.34463 3.16157
2.39402 3.16539
2.44341 3.16921
2.4928 3.17303
2.54219 3.17685
2.59158 3.18067
2.64098 3.18448
2.69037 3.1883
2.73976 3.19212
2.78915 3.19594
2.83854 3.19976
2.88793 3.20358
2.93732 3.2074
2.98671 3.21121
3.0361 3.21503
3.08549 3.21885
3.13489 3.22267
3.18428 3.22649
3.23367 3.23031
3.28306 3.23413
3.33245 3.23794
3.38184 3.24176
3.43123 3.24558
3.48062 3.2494
3.53001 3.25322
3.5794 3.25704
3.6288 3.26086
3.67819 3.26467
3.72758 3.26849
3.77837 3.26849
3.82916 3.27294
3.87996 3.2774
3.93075 3.28185
3.98155 3.2863
4.03234 3.29075
4.08313 3.2952
4.13393 3.29966
4.18472 3.30411
4.23551 3.30856
4.28631 3.31301
4.3371 3.31746
4.38789 3.32192
4.43869 3.32637
4.48948 3.33082
4.54024 3.33082
4.591 3.33082
4.64176 3.33082
4.69252 3.33082
4.74328 3.33082
4.79404 3.33082
4.8448 3.33082
4.89557 3.33082
4.94633 3.33082
4.99709 3.33082
5.04785 3.33082
5.09861 3.33082
5.14937 3.33082
5.20013 3.33082
5.25089 3.33082
5.30165 3.33082
5.35241 3.33082
5.40317 3.33082
5.45393 3.33082
5.50469 3.33082
5.55545 3.33082
5.60621 3.33082
5.65697 3.33082
5.70773 3.33082
5.75849 3.33082
8.06887 5.60949
10.3792 5.60949
12.6896 5.60949
15.0 5.60949
0.0 0.44161
0.0500699 0.44161
0.10014 0.470706
0.15021 0.499801
0.20028 0.528897
0.25035 0.557992
0.300419 0.587088
0.350489 0.616184
0.400559 0.645279
0.450629 0.674375
0.500699 0.70347
0.550769 0.732566
0.600839 0.761661
0.650909 0.790757
0.700536 0.790757
0.750163 0.793674
0.79979 0.796591
0.849417 0.799508
0.899044 0.802425
0.948671 0.805342
0.998298 0.808259
1.04793 0.811176
1.09755 0.814092
1.14718 0.817009
1.19681 0.819926
1.24643 0.822843
1.29606 0.82576
1.34569 0.828677
1.39531 0.831594
1.44494 0.834511
1.49457 0.837428
1.5442 0.840345
1.59382 0.843262
1.64345 0.846179
1.69308 0.849096
1.7427 0.852013
1.79233 0.85493
1.84196 0.857846
1.89159 0.860763
1.94121 0.86368
1.99084 0.866597
2.04047 0.869514
2.09009 0.872431
2.13972 0.875348
2.18935 0.878265
2.23897 0.881182
2.2886 0.884099
2.33823 0.887016
2.38786 0.889933
2.43748 0.89285
2.48711 0.895767
2.53674 0.898684
2.58636 0.9016
2.63599 0.904517
2.68558 0.904517
2.73516 1.00592
2.78474 1.10733
2.83433 1.20873
2.88391 1.31013
2.9335 1.41154
2.98308 1.51294
3.03267 1.61435
3.08225 1.71575
3.13184 1.81716
3.18142 1.91856
3.231 2.01997
3.28059 2.12137
3.33017 2.22277
3.37976 2.32418
3.42934 2.42558
3.47893 2.52699
3.52851 2.62839
3.5781 2.7298
3.62768 2.8312
3.67726 2.9326
3.72739 2.9326
3.77751 2.97367
3.82763 3.01473
3.87775 3.05579
3.92788 3.09685
3.978 3.13791
4.02812 3.17897
4.07824 3.22004
4.12837 3.2611
4.17849 3.30216
4.22861 3.34322
4.27874 3.38428
4.32886 3.42534
4.37898 3.4664
4.4291 3.50747
4.47923 3.54853
4.52935 3.58959
4.57947 3.63065
4.62959 3.67171
4.67972 3.71277
4.72984 3.75384
4.77996 3.7949
4.83008 3.83596
4.88021 3.87702
4.93033 3.91808
4.98045 3.95914
5.03057 4.00021
5.0807 4.04127
5.13082 4.08233
5.18094 4.12339
5.23107 4.16445
5.28119 4.20551
5.33131 4.24657
5.38289 4.24657
5.43446 4.24657
5.48604 4.24657
5.53762 4.24657
5.58919 4.24657
5.64077 4.24657
5.69235 4.24657
5.74393 4.24657
5.7955 4.24657
5.84708 4.24657
5.89866 4.24657
5.95023 4.24657
6.00181 4.24657
6.05339 4.24657
6.10496 4.24657
8.32872 5.05945
10.5525 5.05945
12.7762 5.05945
15.0 5.05945
0.0 0.443751
0.0517943 0.443751
0.103589 0.473244
0.155383 0.502736
0.207177 0.532228
0.258971 0.56172
0.310766 0.591213
0.36256 0.620705
0.414354 0.650197
0.466149 0.67969
0.517943 0.709182
0.569737 0.738674
0.620141 0.738674
0.670545 0.742566
0.720948 0.746457
0.771352 0.750349
0.821755 0.754241
0.872159 0.758132
0.922563 0.762024
0.972966 0.765915
1.02337 0.769807
1.07377 0.773698
1.12418 0.77759
1.17458 0.781482
1.22498 0.785373
1.27539 0.789265
1.32579 0.793156
1.3762 0.797048
1.4266 0.80094
1.477 0.804831
1.52741 0.808723
1.57781 0.812614
1.62821 0.816506
1.67862 0.820398
1.72902 0.824289
1.77942 0.828181
1.82983 0.832072
1.88023 0.835964
1.93063 0.839855
1.98104 0.843747
2.03144 0.847639
2.08185 0.85153
2.13225 0.855422
2.18265 0.859313
2.23306 0.863205
2.28346 0.867097
2.33386 0.870988
2.38427 0.87488
2.43467 0.878771
2.48507 0.882663
2.53548 0.886554
2.58588 0.890446
2.63629 0.894338
2.68669 0.898229
2.73709 0.902121
2.7875 0.906012
2.8379 0.909904
2.8883 0.913796
2.93871 0.917687
2.98911 0.921579
3.03951 0.92547
3.08992 0.929362
3.14032 0.933254
3.19125 0.933254
3.24219 0.999945
3.29312 1.06664
3.34405 1.13333
3.39498 1.20002
3.44591 1.26671
3.49684 1.3334
3.54778 1.40009
3.59871 1.46678
3.64964 1.53347
3.70057 1.60017
3.7515 1.66686
3.80243 1.73355
3.85337 1.80024
3.9043 1.86693
3.95523 1.93362
4.00616 2.00031
4.05709 2.067
4.10802 2.1337
4.15896 2.20039
4.20989 2.26708
4.26082 2.33377
4.30967 2.33377
4.35853 2.42995
4.40738 2.52612
4.45624 2.6223
4.50509 2.71847
4.55395 2.81465
4.6028 2.91083
4.65166 3.007
4.70051 3.10318
4.74937 3.19936
4.79822 3.29553
4.84707 3.39171
4.89593 3.48788
4.94478 3.58406
4.99364 3.68024
5.04393 3.68024
5.09422 3.68024
5.14451 3.68024
5.1948 3.68024
5.2451 3.68024
5.29539 3.68024
5.34568 3.68024
5.39597 3.68024
5.44626 3.68024
5.49655 3.68024
5.54684 3.68024
5.59714 3.68024
5.64743 3.68024
5.69772 3.68024
5.74801 3.68024
5.7983 3.68024
5.84859 3.68024
5.89888 3.68024
5.94917 3.68024
5.99947 3.68024
6.04976 3.68024
6.10005 3.68024
6.15034 3.68024
6.20063 3.68024
6.25092 3.68024
6.30121 3.68024
6.35151 3.68024
6.4018 3.68024
6.45209 3.68024
6.50238 3.68024
9.33492 6.26482
12.1675 6.26482
15.0 6.26482
0.0 0.438178
0.0489263 0.438178
0.0978527 0.47077
0.146779 0.503362
0.195705 0.535954
0.244632 0.568546
0.293558 0.601139
0.342484 0.633731
0.391411 0.666323
0.440337 0.698915
0.489263 0.731507
0.53819 0.764099
0.587679 0.764099
0.637169 0.766399
0.686659 0.768698
0.736148 0.770998
0.785638 0.773298
0.835127 0.775597
0.884617 0.777897
0.934106 0.780196
0.983596 0.782496
1.03309 0.784796
1.08258 0.787095
1.13206 0.789395
1.18155 0.791694
1.23104 0.793994
1.28053 0.796294
1.33002 0.798593
1.37951 0.800893
1.429 0.803192
1.47849 0.805492
1.52798 0.807792
1.57747 0.810091
1.62696 0.812391
1.67645 0.814691
1.72594 0.81699
1.77543 0.81929
1.82492 0.821589
1.87441 0.823889
1.9239 0.826189
1.97365 0.826189
2.0234 0.865599
2.07315 0.905009
2.12291 0.94442
2.17266 0.98383
2.22241 1.02324
2.27216 1.06265
2.32192 1.10206
2.37167 1.14147
2.42142 1.18088
2.47117 1.22029
2.52092 1.2597
2.57068 1.29911
2.62043 1.33852
2.67018 1.37793
2.71993 1.41734
2.76969 1.45676
2.81944 1.49617
2.86919 1.53558
2.91894 1.57499
2.96869 1.6144
3.01845 1.65381
3.0682 1.69322
3.11795 1.73263
3.1677 1.77204
3.21746 1.81145
3.26721 1.85086
3.31696 1.89027
3.36671 1.92968
3.41646 1.96909
3.46622 2.0085
3.51597 2.04791
3.56572 2.08732
3.61547 2.12673
3.66523 2.16614
3.71498 2.20555
3.76473 2.24496
3.81448 2.28437
3.86423 2.32378
3.91399 2.3632
3.96374 2.40261
4.01349 2.44202
4.06342 2.44202
4.11335 2.49792
4.16327 2.55382
4.2132 2.60973
4.26313 2.66563
4.31306 2.72154
4.36299 2.77744
4.41291 2.83335
4.46284 2.88925
4.51277 2.94516
4.5627 3.00106
4.61263 3.05696
4.66255 3.11287
4.71248 3.16877
4.76241 3.22468
4.81234 3.28058
4.86227 3.33649
4.91219 3.39239
4.96212 3.4483
5.01205 3.5042
5.06198 3.5601
5.11191 3.61601
5.16183 3.67191
5.21176 3.72782
5.26275 3.72782
5.31375 3.72782
5.36474 3.72782
5.41573 3.72782
5.46672 3.72782
5.51771 3.72782
5.5687 3.72782
5.6197 3.72782
5.67069 3.72782
5.72168 3.72782
5.77267 3.72782
5.82366 3.72782
5.87466 3.72782
5.92565 3.72782
5.97664 3.72782
6.02763 3.72782
6.07862 3.72782
6.12961 3.72782
6.18061 3.72782
6.2316 3.72782
6.28259 3.72782
6.33358 3.72782
9.22239 6.24053
12.1112 6.24053
15.0 6.24053
0.0 0.442345
0.0494081 0.442345
0.0988162 0.470576
0.148224 0.498807
0.197632 0.527038
0.24704 0.555269
0.296449 0.5835
0.345857 0.611731
0.395265 0.639962
0.444673 0.668193
0.494081 0.696424
0.543489 0.724655
0.592897 0.752886
0.642305 0.781117
0.691858 0.781117
0.741412 0.784149
0.790965 0.787181
0.840518 0.790213
0.890072 0.793245
0.939625 0.796277
0.989178 0.799309
1.03873 0.802341
1.08829 0.805373
1.13784 0.808405
1.18739 0.811437
1.23695 0.814469
1.2865 0.817501
1.33605 0.820533
1.38561 0.823565
1.43516 0.826597
1.48471 0.829629
1.53427 0.832661
1.58382 0.835693
1.63337 0.838725
1.68293 0.841757
1.73248 0.844789
1.78203 0.847821
1.83159 0.850853
1.88114 0.853885
1.93069 0.856917
1.98025 0.85995
2.0298 0.862982
2.07935 0.866014
2.1289 0.869046
2.17846 0.872078
2.22801 0.87511
2.27756 0.878142
2.32814 0.878142
2.37871 1.04609
2.42928 1.21403
2.47985 1.38197
2.53042 1.54992
2.58099 1.71786
2.63157 1.88581
2.68214 2.05375
2.73271 2.2217
2.78328 2.38964
2.83385 2.55758
2.88442 2.72553
2.935 2.89347
2.98614 2.89347
3.03728 3.08081
3.08842 3.26815
3.13956 3.45549
3.1907 3.64283
3.24184 3.83017
3.29298 4.01751
3.34412 4.20485
3.39526 4.39219
3.44462 4.39219
3.49399 4.39219
3.54335 4.39219
3.59272 4.39219
3.64208 4.39219
3.69145 4.39219
3.74081 4.39219
3.79017 4.39219
3.83954 4.39219
3.8889 4.39219
3.93827 4.39219
3.98763 4.39219
4.037 4.39219
4.08636 4.39219
4.13573 4.39219
4.18509 4.39219
4.23446 4.39219
4.28382 4.39219
4.33319 4.39219
4.38255 4.39219
4.43192 4.39219
4.48128 4.39219
4.53065 4.39219
4.58001 4.39219
4.62938 4.39219
4.67874 4.39219
7.25906 5.77239
9.83937 5.77239
12.4197 5.77239
15.0 5.77239
0.0 0.475244
0.0493345 0.475244
0.098669 0.494398
0.148004 0.513552
0.197338 0.532706
0.246673 0.55186
0.296007 0.571014
0.345342 0.590168
0.394676 0.609322
0.444011 0.628476
0.493345 0.64763
0.54268 0.666784
0.592014 0.685938
0.641349 0.705092
0.690683 0.724246
0.740018 0.743401
0.789352 0.762555
0.838687 0.781709
0.888021 0.800863
0.937356 0.820017
0.98669 0.839171
1.03602 0.858325
1.08536 0.877479
1.13469 0.896633
1.18433 0.896633
1.23397 0.907299
1.2836 0.917966
1.33324 0.928632
1.38287 0.939298
1.43251 0.949964
1.48214 0.960631
1.53178 0.971297
1.58142 0.981963
1.63105 0.992629
1.68069 1.0033
1.73032 1.01396
1.77996 1.02463
1.82959 1.03529
1.87923 1.04596
1.92887 1.05663
1.9785 1.06729
2.02814 1.07796
2.07777 1.08863
2.12741 1.09929
2.17704 1.10996
2.22668 1.12062
2.27632 1.13129
2.32595 1.14196
2.37559 1.15262
2.42522 1.16329
2.47486 1.17396
2.52449 1.18462
2.57413 1.19529
2.62377 1.20595
2.6734 1.21662
2.72445 1.21662
2.7755 1.30828
2.82654 1.39994
2.87759 1.4916
2.92864 1.58326
2.97968 1.67491
3.03073 1.76657
3.08178 1.85823
3.13282 1.94989
3.18387 2.04155
3.23492 2.13321
3.28596 2.22487
3.33701 2.31652
3.38806 2.40818
3.4391 2.49984
3.49015 2.5915
3.5412 2.68316
3.59224 2.77482
3.64329 2.86648
3.69434 2.95814
3.74538 3.04979
3.79418 3.04979
3.84298 3.09801
3.89177 3.14622
3.94057 3.19444
3.98936 3.24265
4.03816 3.29087
4.08695 3.33908
4.13575 3.3873
4.18454 3.43551
4.23334 3.48373
4.28213 3.53194
4.33093 3.58016
4.37973 3.62837
4.42852 3.67659
4.47732 3.7248
4.52611 3.77302
4.57491 3.82123
4.6237 3.86944
4.6725 3.91766
4.72129 3.96587
4.77162 3.96587
4.82194 3.96587
4.87226 3.96587
4.92258 3.96587
4.9729 3.96587
5.02322 3.96587
5.07354 3.96587
5.12386 3.96587
5.17418 3.96587
5.22451 3.96587
5.27483 3.96587
5.32515 3.96587
5.37547 3.96587
5.42579 3.96587
5.47611 3.96587
5.52643 3.96587
5.57675 3.96587
5.62707 3.96587
5.67739 3.96587
5.72772 3.96587
5.77804 3.96587
5.82836 3.96587
5.87868 3.96587
5.929 3.96587
5.97932 3.96587
6.02964 3.96587
6.07996 3.96587
6.13028 3.96587
6.18061 3.96587
6.23093 3.96587
6.28125 3.96587
6.33157 3.96587
6.38189 3.96587
9.25459 5.93061
12.1273 5.93061
15.0 5.93061
0.0 0.483473
0.050147 0.483473
0.100294 0.503598
0.150441 0.523724
0.200588 0.543849
0.250735 0.563975
0.300882 0.5841
0.351029 0.604225
0.401176 0.624351
0.451323 0.644476
0.50147 0.664601
0.551617 0.684727
0.601764 0.704852
0.651911 0.724978
0.702058 0.745103
0.752205 0.765228
0.802352 0.785354
0.852499 0.805479
0.902646 0.825605
0.952793 0.84573
1.00294 0.865855
1.05309 0.885981
1.10323 0.906106
1.15446 0.906106
1.20568 0.924905
1.2569 0.943704
1.30813 0.962503
1.35935 0.981302
1.41058 1.0001
1.4618 1.0189
1.51302 1.0377
1.56425 1.0565
1.61547 1.0753
1.66669 1.0941
1.71792 1.1129
1.76914 1.13169
1.82036 1.15049
1.87159 1.16929
1.92281 1.18809
1.97277 1.18809
2.02273 1.3219
2.07268 1.45572
2.12264 1.58953
2.1726 1.72334
2.22256 1.85715
2.27251 1.99096
2.32247 2.12477
2.37243 2.25859
2.42239 2.3924
2.47234 2.52621
2.5223 2.66002
2.57226 2.79383
2.62222 2.92764
2.67217 3.06146
2.72253 3.06146
2.77289 3.11089
2.82324 3.16033
2.8736 3.20976
2.92395 3.25919
2.97431 3.30863
3.02467 3.35806
3.07502 3.4075
3.12538 3.45693
3.17573 3.50637
3.22609 3.5558
3.27645 3.60524
3.3268 3.65467
3.37716 3.7041
3.42751 3.75354
3.47787 3.80297
3.52823 3.85241
3.57747 3.85241
3.62672 3.85241
3.67596 3.85241
3.7252 3.85241
3.77445 3.85241
3.82369 3.85241
3.87294 3.85241
3.92218 3.85241
3.97143 3.85241
4.02067 3.85241
4.06991 3.85241
4.11916 3.85241
4.1684 3.85241
4.21765 3.85241
4.26689 3.85241
4.31613 3.85241
4.36538 3.85241
4.41462 3.85241
4.46387 3.85241
4.51311 3.85241
4.56236 3.85241
4.6116 3.85241
4.66084 3.85241
4.71009 3.85241
4.75933 3.85241
4.80858 3.85241
4.85782 3.85241
4.90707 3.85241
4.95631 3.85241
5.00555 3.85241
5.0548 3.85241
7.5411 5.90981
10.0274 5.90981
12.5137 5.90981
15.0 5.90981
0.0 0.478332
0.049514 0.478332
0.099028 0.499395
0.148542 0.520459
0.198056 0.541523
0.24757 0.562586
0.297084 0.58365
0.346598 0.604714
0.396112 0.625777
0.445626 0.646841
0.49514 0.667905
0.544654 0.688968
0.594168 0.710032
0.643682 0.731096
0.693196 0.752159
0.74271 0.773223
0.792224 0.794287
0.841738 0.81535
0.891252 0.836414
0.940766 0.857478
0.99028 0.878541
1.03979 0.899605
1.08931 0.920669
1.13882 0.941732
1.18775 0.941732
1.23668 0.974163
1.28561 1.00659
1.33454 1.03902
1.38347 1.07145
1.4324 1.10388
1.48133 1.13631
1.53026 1.16875
1.57919 1.20118
1.62812 1.23361
1.67692 1.23361
1.72572 1.37579
1.77452 1.51797
1.82331 1.66014
1.87211 1.80232
1.92091 1.9445
1.96971 2.08668
2.0185 2.22886
2.0673 2.37104
2.1161 2.51322
2.1649 2.6554
2.21369 2.79758
2.26249 2.93976
2.31129 3.08194
2.36444 3.08194
2.41759 3.24246
2.47074 3.40299
2.52389 3.56351
2.57704 3.72403
2.63019 3.88456
2.67958 3.88456
2.72898 3.88456
2.77837 3.88456
2.82777 3.88456
2.87716 3.88456
2.92656 3.88456
2.97595 3.88456
3.02534 3.88456
3.07474 3.88456
3.12413 3.88456
3.17353 3.88456
3.22292 3.88456
5.57834 5.82334
7.93375 5.82334
10.2892 5.82334
12.6446 5.82334
15.0 5.82334
0.0 0.491341
0.0499642 0.491341
0.0999285 0.512326
0.149893 0.53331
0.199857 0.554295
0.249821 0.57528
0.299785 0.596264
0.34975 0.617249
0.399714 0.638234
0.449678 0.659218
0.499642 0.680203
0.549607 0.701188
0.599571 0.722172
0.649535 0.743157
0.699499 0.764142
0.749464 0.785126
0.799428 0.806111
0.849392 0.827095
0.899356 0.84808
0.949321 0.869065
0.999285 0.890049
1.04925 0.911034
1.09921 0.932019
1.15002 0.932019
1.20083 0.948705
1.25164 0.965391
1.30245 0.982077
1.35326 0.998763
1.40407 1.01545
1.45488 1.03213
1.5057 1.04882
1.55651 1.06551
1.60732 1.08219
1.65813 1.09888
1.70894 1.11557
1.75975 1.13225
1.81056 1.14894
1.86137 1.16562
1.91149 1.16562
1.96162 1.26088
2.01175 1.35613
2.06188 1.45138
2.11201 1.54663
2.16213 1.64189
2.21226 1.73714
2.26239 1.83239
2.31252 1.92764
2.36264 2.0229
2.41277 2.11815
2.4629 2.2134
2.51303 2.30865
2.56316 2.40391
2.61328 2.49916
2.66341 2.59441
2.71354 2.68966
2.76367 2.78492
2.81379 2.88017
2.86392 2.97542
2.91405 3.07067
2.96393 3.07067
3.01381 3.13178
3.06369 3.19289
3.11357 3.254
3.16345 3.31511
3.21333 3.37622
3.26321 3.43732
3.31309 3.49843
3.36296 3.55954
3.41284 3.62065
3.46272 3.68176
3.5126 3.74287
3.56248 3.80398
3.61236 3.86509
3.66114 3.86509
3.70992 3.86509
3.75871 3.86509
3.80749 3.86509
3.85627 3.86509
3.90505 3.86509
3.95383 3.86509
4.00261 3.86509
4.05139 3.86509
4.10018 3.86509
4.14896 3.86509
4.19774 3.86509
4.24652 3.86509
4.2953 3.86509
4.34408 3.86509
4.39286 3.86509
4.44165 3.86509
4.49043 3.86509
7.11782 5.82046
9.74521 5.82046
12.3726 5.82046
15.0 5.82046
0.0 0.489367
0.0498032 0.489367
0.0996064 0.508439
0.14941 0.527511
0.199213 0.546583
0.249016 0.565655
0.298819 0.584727
0.348623 0.603799
0.398426 0.622871
0.448229 0.641943
0.498032 0.661015
0.547835 0.680087
0.597639 0.699159
0.647442 0.71823
0.697245 0.737302
0.747048 0.756374
0.796852 0.775446
0.846655 0.794518
0.896458 0.81359
0.946261 0.832662
0.996064 0.851734
1.04587 0.870806
1.09567 0.889878
1.14547 0.90895
1.19528 0.928022
1.24508 0.947094
1.2954 0.947094
1.34571 0.97079
1.39603 0.994486
1.44635 1.01818
1.49666 1.04188
1.54698 1.06557
1.5973 1.08927
1.64761 1.11297
1.69793 1.13666
1.74824 1.16036
1.79856 1.18405
1.84888 1.20775
1.8998 1.20775
1.95072 1.29216
2.00165 1.37656
2.05257 1.46097
2.10349 1.54537
2.15441 1.62978
2.20534 1.71419
2.25626 1.79859
2.30718 1.883
2.35811 1.9674
2.40903 2.05181
2.45995 2.13622
2.51087 2.22062
2.5618 2.30503
2.61272 2.38943
2.66364 2.47384
2.71456 2.55825
2.76549 2.64265
2.81641 2.72706
2.86733 2.81147
2.91826 2.89587
2.96918 2.98028
3.0201 3.06468
3.0709 3.06468
3.12169 3.10809
3.17249 3.1515
3.22329 3.1949
3.27408 3.23831
3.32488 3.28172
3.37568 3.32512
3.42647 3.36853
3.47727 3.41193
3.52807 3.45534
3.57886 3.49875
3.62966 3.54215
3.68046 3.58556
3.73125 3.62897
3.78205 3.67237
3.83285 3.71578
3.88364 3.75918
3.93444 3.80259
3.98524 3.846
4.03546 3.846
4.08568 3.846
4.1359 3.846
4.18612 3.846
4.23634 3.846
4.28656 3.846
4.33678 3.846
4.387 3.846
4.43722 3.846
4.48744 3.846
4.53766 3.846
4.58788 3.846
4.6381 3.846
4.68832 3.846
4.73854 3.846
4.78876 3.846
4.83899 3.846
4.88921 3.846
4.93943 3.846
4.98965 3.846
5.03987 3.846
5.09009 3.846
5.14031 3.846
5.19053 3.846
5.24075 3.846
5.29097 3.846
5.34119 3.846
5.39141 3.846
5.44163 3.846
5.49185 3.846
5.54207 3.846
5.59229 3.846
5.64251 3.846
5.69273 3.846
8.01955 5.80631
10.3464 5.80631
12.6732 5.80631
15.0 5.80631
0.0 0.472686
0.0489661 0.472686
0.0979322 0.493309
0.146898 0.513932
0.195864 0.534555
0.244831 0.555178
0.293797 0.575801
0.342763 0.596424
0.391729 0.617047
0.440695 0.63767
0.489661 0.658293
0.538627 0.678916
0.587593 0.699539
0.636559 0.720162
0.685525 0.740785
0.734492 0.761407
0.783458 0.78203
0.832424 0.802653
0.88139 0.823276
0.930356 0.843899
0.979322 0.864522
1.02829 0.885145
1.07725 0.905768
1.12622 0.926391
1.17871 0.926391
1.2312 0.968779
1.28369 1.01117
1.33618 1.05356
1.38867 1.09594
1.44116 1.13833
1.49365 1.18072
1.54614 1.22311
1.59706 1.22311
1.64798 1.33204
1.69889 1.44098
1.74981 1.54992
1.80073 1.65885
1.85165 1.76779
1.90257 1.87673
1.95349 1.98566
2.00441 2.0946
2.05533 2.20354
2.10625 2.31247
2.15717 2.42141
2.20809 2.53035
2.25901 2.63928
2.30992 2.74822
2.36084 2.85716
2.41176 2.96609
2.46268 3.07503
2.5136 3.18397
2.56373 3.18397
2.61386 3.21145
2.66399 3.23894
2.71412 3.26643
2.76425 3.29392
2.81438 3.32141
2.86451 3.3489
2.91464 3.37638
2.96477 3.40387
3.0149 3.43136
3.06503 3.45885
3.11516 3.48634
3.16529 3.51383
3.21542 3.54132
3.26555 3.5688
3.31568 3.59629
3.36581 3.62378
3.41594 3.65127
3.46607 3.67876
3.5162 3.70625
3.56633 3.73373
3.61646 3.76122
3.66659 3.78871
3.71672 3.8162
3.76685 3.84369
3.81698 3.87118
3.86711 3.89866
3.91724 3.92615
3.96737 3.95364
4.0175 3.98113
4.07003 3.98113
4.12256 3.98113
4.17509 3.98113
4.22762 3.98113
4.28015 3.98113
4.33267 3.98113
4.3852 3.98113
7.0389 5.87569
9.6926 5.87569
12.3463 5.87569
15.0 5.87569
0.0 0.472104
0.0494818 0.472104
0.0989635 0.492403
0.148445 0.512702
0.197927 0.533001
0.247409 0.5533
0.296891 0.573599
0.346372 0.593897
0.395854 0.614196
0.445336 0.634495
0.494818 0.654794
0.544299 0.675093
0.593781 0.695392
0.643263 0.715691
0.692745 0.73599
0.742226 0.756288
0.791708 0.776587
0.84119 0.796886
0.890672 0.817185
0.940153 0.837484
0.989635 0.857783
1.03912 0.878082
1.0886 0.898381
1.13808 0.918679
1.18756 0.938978
1.23686 0.938978
1.28615 0.959646
1.33544 0.980314
1.38474 1.00098
1.43403 1.02165
1.48333 1.04232
1.53262 1.06299
1.58192 1.08365
1.63121 1.10432
1.6805 1.12499
1.7298 1.14566
1.77909 1.16633
1.82839 1.187
1.87768 1.20766
1.92697 1.22833
1.97627 1.249
2.02556 1.26967
2.07486 1.29034
2.12415 1.311
2.17345 1.33167
2.22274 1.35234
2.27203 1.37301
2.32133 1.39368
2.37062 1.41434
2.41992 1.43501
2.46921 1.45568
2.51851 1.47635
2.56919 1.47635
2.61987 1.81665
2.67055 2.15696
2.72123 2.49727
2.77192 2.83757
2.8226 3.17788
2.87075 3.17788
2.91891 3.25535
2.96706 3.33282
3.01522 3.41029
3.06337 3.48776
3.11153 3.56523
3.15968 3.6427
3.20784 3.72017
3.25599 3.79764
3.30415 3.87511
3.3523 3.95258
3.40046 4.03005
3.44861 4.10752
3.49841 4.10752
3.54821 4.10752
3.59801 4.10752
3.64781 4.10752
3.69761 4.10752
3.74741 4.10752
3.79721 4.10752
3.84701 4.10752
3.89681 4.10752
3.94661 4.10752
3.99641 4.10752
4.04621 4.10752
4.09601 4.10752
4.14581 4.10752
6.85936 5.87845
9.5729 5.87845
12.2865 5.87845
15.0 5.87845
0.0 0.466801
0.0521563 0.466801
0.104313 0.471734
0.156469 0.476668
0.208625 0.481602
0.260781 0.486535
0.310735 0.486535
0.360689 0.567287
0.410643 0.648038
0.460597 0.728789
0.510551 0.80954
0.560505 0.890291
0.610459 0.971042
0.660413 1.05179
0.710367 1.13254
0.760321 1.2133
0.810275 1.29405
0.860229 1.3748
0.910183 1.45555
0.960137 1.5363
1.01009 1.61705
1.06004 1.6978
1.11454 1.6978
1.16904 2.39104
1.22354 3.08428
1.27804 3.77752
1.32705 3.77752
1.37606 3.78383
1.42506 3.79014
1.47407 3.79645
1.52308 3.80276
1.57208 3.80906
1.62109 3.81537
1.6701 3.82168
1.71911 3.82799
1.76811 3.83429
1.81712 3.8406
1.86613 3.84691
1.91513 3.85322
1.96414 3.85953
2.01315 3.86583
2.06215 3.87214
2.11116 3.87845
2.16017 3.88476
2.20917 3.89106
2.25818 3.89737
2.30905 3.89737
2.35992 3.89737
2.41078 3.89737
2.46165 3.89737
2.51252 3.89737
5.01001 5.13395
7.50751 5.13395
10.005 5.13395
12.5025 5.13395
15.0 5.13395
0.0 0.461446
0.0509555 0.461446
0.101911 0.478752
0.152867 0.496058
0.203822 0.513365
0.254778 0.530671
0.305733 0.547978
0.356689 0.565284
0.405643 0.565284
0.454598 0.651837
0.503552 0.73839
0.552506 0.824943
0.601461 0.911495
0.650415 0.998048
0.69937 1.0846
0.748324 1.17115
0.797278 1.25771
0.846233 1.34426
0.895187 1.43081
0.944142 1.51737
0.993096 1.60392
1.04123 1.60392
1.08936 1.80917
1.13749 2.01441
1.18562 2.21966
1.23375 2.42491
1.28188 2.63015
1.33002 2.8354
1.37815 3.04065
1.42628 3.2459
1.47441 3.45114
1.52254 3.65639
1.57093 3.65639
1.61932 3.67455
1.66771 3.69272
1.7161 3.71088
1.76448 3.72905
1.81287 3.74721
1.86126 3.76538
1.90965 3.78354
1.95804 3.8017
2.00643 3.81987
2.05482 3.83803
2.1032 3.8562
2.15159 3.87436
2.19998 3.89253
2.24837 3.91069
2.29736 3.91069
2.34634 3.91069
2.39533 3.91069
2.44431 3.91069
2.4933 3.91069
2.54229 3.91069
2.59127 3.91069
2.64026 3.91069
2.68924 3.91069
2.73823 3.91069
2.78722 3.91069
2.8362 3.91069
5.26896 5.82614
7.70172 5.82614
10.1345 5.82614
12.5672 5.82614
15.0 5.82614
0.0 0.478159
0.0534362 0.478159
0.106872 0.493548
0.160308 0.508936
0.213745 0.524324
0.267181 0.539713
0.320617 0.555101
0.374053 0.570489
0.424292 0.570489
0.474531 0.689684
0.524771 0.808879
0.57501 0.928075
0.625249 1.04727
0.675488 1.16646
0.725727 1.28566
0.775966 1.40485
0.826205 1.52405
0.876445 1.64325
0.924414 1.64325
0.972384 1.89582
1.02035 2.14839
1.06832 2.40096
1.11629 2.65353
1.16426 2.9061
1.21223 3.15867
1.2602 3.41124
1.30817 3.66381
1.35874 3.66381
1.40931 3.68991
1.45988 3.71601
1.51045 3.74211
1.56101 3.76821
1.61158 3.79431
1.66215 3.82041
1.71272 3.84651
1.76328 3.87261
1.81385 3.89871
1.86094 3.89871
1.90802 3.89871
1.95511 3.89871
2.00219 3.89871
2.04927 3.89871
2.09636 3.89871
2.14344 3.89871
2.19053 3.89871
4.75242 5.81193
7.31432 5.81193
9.87621 5.81193
12.4381 5.81193
15.0 5.81193
0.0 0.481303
0.0499489 0.481303
0.0998978 0.500513
0.149847 0.519722
0.199796 0.538932
0.249744 0.558142
0.299693 0.577351
0.349642 0.596561
0.399591 0.615771
0.448686 0.615771
0.49778 0.676836
0.546874 0.737901
0.595968 0.798967
0.645063 0.860032
0.694157 0.921098
0.743251 0.982163
0.792346 1.04323
0.84144 1.10429
0.890534 1.16536
0.939629 1.22643
0.988723 1.28749
1.03782 1.34856
1.08691 1.40962
1.13601 1.47069
1.1851 1.53175
1.23419 1.59282
1.28329 1.65388
1.3318 1.65388
1.38031 1.91233
1.42881 2.17077
1.47732 2.42922
1.52583 2.68766
1.57434 2.94611
1.62285 3.20455
1.67136 3.463
1.71987 3.72145
1.76956 3.72145
1.81926 3.72683
1.86896 3.73221
1.91865 3.73759
1.96835 3.74297
2.01805 3.74835
2.06775 3.75373
2.11744 3.75911
2.16714 3.7645
2.21684 3.76988
2.26653 3.77526
2.31623 3.78064
2.36593 3.78602
2.41563 3.7914
2.46532 3.79678
2.51502 3.80216
2.56472 3.80755
2.61441 3.81293
2.66411 3.81831
2.71381 3.82369
2.76351 3.82907
2.8132 3.83445
2.8629 3.83983
2.9126 3.84521
2.96229 3.8506
3.01199 3.85598
3.06169 3.86136
3.11139 3.86674
3.16108 3.87212
3.21078 3.8775
3.26048 3.88288
3.31017 3.88827
3.35987 3.89365
3.40957 3.89903
3.45927 3.90441
3.50896 3.90979
3.55866 3.91517
3.60836 3.92055
3.65805 3.92593
3.70775 3.93132
3.75552 3.93132
3.80328 3.93132
3.85105 3.93132
3.89881 3.93132
3.94658 3.93132
3.99434 3.93132
4.04211 3.93132
6.78158 5.88331
9.52105 5.88331
12.2605 5.88331
15.0 5.88331
0.0 0.475657
0.0520462 0.475657
0.104092 0.492622
0.156139 0.509587
0.208185 0.526552
0.260231 0.543517
0.312277 0.560482
0.360202 0.560482
0.408126 0.667932
0.456051 0.775382
0.503976 0.882832
0.5519 0.990282
0.599825 1.09773
0.647749 1.20518
0.695674 1.31263
0.743599 1.42008
0.791523 1.52753
0.839448 1.63498
0.889184 1.63498
0.93892 1.69983
0.988656 1.76467
1.03839 1.82952
1.08813 1.89436
1.13786 1.95921
1.1876 2.02406
1.23734 2.0889
1.28707 2.15375
1.33681 2.21859
1.38654 2.28344
1.43628 2.34828
1.48601 2.41313
1.53575 2.47798
1.58549 2.54282
1.63522 2.60767
1.68496 2.67251
1.73469 2.73736
1.78443 2.8022
1.83417 2.86705
1.8839 2.9319
1.93364 2.99674
1.98337 3.06159
2.03311 3.12643
2.08285 3.19128
2.13258 3.25612
2.18232 3.32097
2.23205 3.38582
2.28179 3.45066
2.33153 3.51551
2.38126 3.58035
2.431 3.6452
2.48073 3.71004
2.53047 3.77489
2.58029 3.77489
2.63012 3.78014
2.67995 3.7854
2.72977 3.79065
2.7796 3.7959
2.82942 3.80116
2.87925 3.80641
2.92907 3.81166
2.9789 3.81692
3.02872 3.82217
3.07855 3.82742
3.12837 3.83268
3.1782 3.83793
3.22802 3.84318
3.27785 3.84844
3.32767 3.85369
3.3775 3.85894
3.42732 3.8642
3.47715 3.86945
3.52698 3.8747
3.5768 3.87996
3.62663 3.88521
3.67645 3.89046
3.72628 3.89572
3.7761 3.90097
3.82593 3.90622
3.87575 3.91148
3.92558 3.91673
3.9754 3.92198
4.02523 3.92724
4.07505 3.93249
4.1263 3.93249
4.17755 3.93249
4.2288 3.93249
4.28005 3.93249
4.33129 3.93249
4.38254 3.93249
4.43379 3.93249
4.48504 3.93249
4.53629 3.93249
4.58754 3.93249
4.63878 3.93249
4.69003 3.93249
7.26752 5.86024
9.84502 5.86024
12.4225 5.86024
15.0 5.86024
0.0 0.482238
0.0494051 0.482238
0.0988103 0.493717
0.148215 0.505197
0.197621 0.516676
0.247026 0.528155
0.296431 0.539635
0.345836 0.551114
0.395241 0.562593
0.445428 0.562593
0.495614 0.715628
0.545801 0.868662
0.595987 1.0217
0.646174 1.17473
0.69636 1.32777
0.746547 1.4808
0.796733 1.63383
0.846446 1.63383
0.896159 1.73242
0.945872 1.83101
0.995585 1.9296
1.0453 2.02818
1.09501 2.12677
1.14472 2.22536
1.19444 2.32394
1.24415 2.42253
1.29386 2.52112
1.34358 2.61971
1.39329 2.71829
1.443 2.81688
1.49271 2.91547
1.54243 3.01405
1.59214 3.11264
1.64185 3.21123
1.69157 3.30982
1.74128 3.4084
1.79099 3.50699
1.8407 3.60558
1.89042 3.70416
1.94013 3.80275
1.99093 3.80275
2.04173 3.80853
2.09253 3.81431
2.14332 3.82009
2.19412 3.82587
2.24492 3.83165
2.29572 3.83743
2.34652 3.84321
2.39732 3.849
2.44811 3.85478
2.49891 3.86056
2.54971 3.86634
2.60051 3.87212
2.65131 3.8779
2.70211 3.88368
2.7529 3.88946
2.8037 3.89524
2.8545 3.90102
2.9053 3.9068
2.9561 3.91258
3.0069 3.91836
3.0577 3.92414
3.10849 3.92992
3.15929 3.9357
3.21009 3.94148
3.26027 3.94148
3.31044 3.94148
3.36062 3.94148
3.41079 3.94148
3.46097 3.94148
3.51114 3.94148
3.56132 3.94148
3.6115 3.94148
3.66167 3.94148
3.71185 3.94148
3.76202 3.94148
3.8122 3.94148
3.86238 3.94148
3.91255 3.94148
3.96273 3.94148
4.0129 3.94148
4.06308 3.94148
4.11325 3.94148
4.16343 3.94148
4.21361 3.94148
4.26378 3.94148
4.31396 3.94148
4.36413 3.94148
4.41431 3.94148
4.46448 3.94148
4.51466 3.94148
4.56484 3.94148
4.61501 3.94148
4.66519 3.94148
4.71536 3.94148
4.76554 3.94148
4.81572 3.94148
4.86589 3.94148
4.91607 3.94148
7.43705 5.79736
9.95803 5.79736
12.479 5.79736
15.0 5.79736
0.0 0.466572
0.0535398 0.466572
0.10708 0.493702
0.160619 0.520832
0.214159 0.547962
0.267699 0.575092
0.321239 0.602223
0.374778 0.629353
0.423935 0.629353
0.473091 0.671406
0.522247 0.713459
0.571403 0.755512
0.620559 0.797564
0.669715 0.839617
0.718872 0.88167
0.768028 0.923723
0.817184 0.965776
0.86634 1.00783
0.915496 1.04988
0.964652 1.09194
1.01381 1.13399
1.06296 1.17604
1.11212 1.21809
1.16128 1.26015
1.21043 1.3022
1.25959 1.34425
1.30875 1.38631
1.3579 1.42836
1.40706 1.47041
1.45621 1.51246
1.50537 1.55452
1.55453 1.59657
1.60368 1.63862
1.65452 1.63862
1.70535 1.77348
1.75618 1.90833
1.80701 2.04318
1.85785 2.17803
1.90868 2.31289
1.95951 2.44774
2.01035 2.58259
2.06118 2.71744
2.11201 2.8523
2.16285 2.98715
2.21368 3.122
2.26451 3.25686
2.31535 3.39171
2.36618 3.52656
2.41701 3.66141
2.46785 3.79627
2.51826 3.79627
2.56868 3.80258
2.61909 3.8089
2.66951 3.81522
2.71992 3.82154
2.77034 3.82786
2.82075 3.83418
2.87117 3.8405
2.92158 3.84682
2.972 3.85313
3.02241 3.85945
3.07283 3.86577
3.12325 3.87209
3.17366 3.87841
3.22408 3.88473
3.27449 3.89105
3.32491 3.89737
3.37532 3.90368
3.42574 3.91
3.47615 3.91632
3.52657 3.92264
3.57686 3.92264
3.62716 3.92264
3.67745 3.92264
3.72775 3.92264
3.77804 3.92264
3.82834 3.92264
3.87863 3.92264
3.92893 3.92264
3.97922 3.92264
4.02951 3.92264
4.07981 3.92264
4.1301 3.92264
4.1804 3.92264
4.23069 3.92264
4.28099 3.92264
4.33128 3.92264
4.38158 3.92264
4.43187 3.92264
4.48217 3.92264
4.53246 3.92264
4.58276 3.92264
4.63305 3.92264
4.68335 3.92264
4.73364 3.92264
4.78394 3.92264
4.83423 3.92264
4.88452 3.92264
4.93482 3.92264
4.98511 3.92264
7.48884 5.79207
9.99256 5.79207
12.4963 5.79207
15.0 5.79207
0.0 0.464701
0.0530629 0.464701
0.106126 0.486156
0.159189 0.50761
0.212251 0.529064
0.265314 0.550518
0.318377 0.571972
0.37144 0.593427
0.422262 0.593427
0.473084 0.641819
0.523906 0.690212
0.574728 0.738604
0.625551 0.786997
0.676373 0.835389
0.727195 0.883782
0.778017 0.932174
0.828839 0.980567
0.879661 1.02896
0.930483 1.07735
0.981305 1.12574
1.03213 1.17414
1.08295 1.22253
1.13377 1.27092
1.18459 1.31931
1.23542 1.36771
1.28624 1.4161
1.33706 1.46449
1.38788 1.51288
1.4387 1.56128
1.48953 1.60967
1.54035 1.65806
1.59063 1.65806
1.64091 1.76647
1.69118 1.87488
1.74146 1.98329
1.79174 2.0917
1.84202 2.20011
1.8923 2.30852
1.94258 2.41693
1.99285 2.52534
2.04313 2.63375
2.09341 2.74216
2.14369 2.85057
2.19397 2.95898
2.24425 3.06739
2.29452 3.17579
2.3448 3.2842
2.39508 3.39261
2.44536 3.50102
2.49564 3.60943
2.54592 3.71784
2.5962 3.82625
2.64581 3.82625
2.69543 3.83441
2.74505 3.84257
2.79467 3.85073
2.84429 3.8589
2.89391 3.86706
2.94353 3.87522
2.99315 3.88338
3.04276 3.89154
3.09238 3.8997
3.142 3.90786
3.19162 3.91602
3.24124 3.92418
3.29086 3.93234
3.34048 3.9405
3.3901 3.94867
3.43931 3.94867
3.48852 3.94867
3.53772 3.94867
3.58693 3.94867
3.63614 3.94867
3.68535 3.94867
3.73456 3.94867
3.78377 3.94867
3.83298 3.94867
3.88219 3.94867
3.9314 3.94867
3.98061 3.94867
4.02982 3.94867
4.07903 3.94867
4.12824 3.94867
4.17745 3.94867
4.22666 3.94867
4.27587 3.94867
4.32508 3.94867
4.37429 3.94867
4.4235 3.94867
4.47271 3.94867
4.52191 3.94867
4.57112 3.94867
4.62033 3.94867
4.66954 3.94867
7.25216 5.83715
9.83477 5.83715
12.4174 5.83715
15.0 5.83715
0.0 0.460176
0.0479106 0.460176
0.0958211 0.48206
0.143732 0.503944
0.191642 0.525827
0.239553 0.547711
0.287463 0.569595
0.335374 0.591479
0.383285 0.613363
0.431195 0.635246
0.482296 0.635246
0.533397 0.716307
0.584498 0.797367
0.635598 0.878427
0.686699 0.959487
0.7378 1.04055
0.788901 1.12161
0.840002 1.20267
0.891103 1.28373
0.942203 1.36479
0.993304 1.44585
1.04421 1.44585
1.09512 1.57953
1.14603 1.71321
1.19694 1.84689
1.24785 1.98057
1.29876 2.11425
1.34967 2.24793
1.40058 2.38161
1.45149 2.51528
1.5024 2.64896
1.55331 2.78264
1.60422 2.91632
1.65513 3.05
1.70604 3.18368
1.75695 3.31736
1.80786 3.45104
1.85877 3.58472
1.90968 3.7184
1.96018 3.7184
2.01069 3.72358
2.06119 3.72877
2.11169 3.73395
2.16219 3.73913
2.21269 3.74432
2.26319 3.7495
2.31369 3.75468
2.36419 3.75987
2.41469 3.76505
2.4652 3.77023
2.5157 3.77542
2.56419 3.77542
2.61268 3.77542
2.66118 3.77542
2.70967 3.77542
5.16773 5.78679
7.6258 5.78679
10.0839 5.78679
12.5419 5.78679
15.0 5.78679
0.0 0.456165
0.0513565 0.456165
0.102713 0.486304
0.154069 0.516442
0.205426 0.546581
0.256782 0.57672
0.308139 0.606859
0.359495 0.636998
0.410852 0.667137
0.462208 0.697276
0.512037 0.697276
0.561866 0.734541
0.611694 0.771807
0.661523 0.809072
0.711351 0.846338
0.76118 0.883603
0.811009 0.920869
0.860837 0.958135
0.910666 0.9954
0.960494 1.03267
1.01032 1.06993
1.06015 1.1072
1.10998 1.14446
1.15981 1.18173
1.20964 1.21899
1.25947 1.25626
1.30836 1.25626
1.35725 1.45157
1.40614 1.64688
1.45504 1.84218
1.50393 2.03749
1.55282 2.2328
1.60171 2.42811
1.65061 2.62342
1.6995 2.81873
1.74839 3.01403
1.79728 3.20934
1.84618 3.40465
1.89507 3.59996
1.94396 3.79527
1.99362 3.79527
2.04328 3.80313
2.09293 3.811
2.14259 3.81886
2.19225 3.82672
2.2419 3.83459
2.29156 3.84245
2.34122 3.85032
2.39087 3.85818
2.44053 3.86604
2.49019 3.87391
2.53984 3.88177
2.5895 3.88964
2.63916 3.8975
2.68881 3.90536
2.73847 3.91323
2.78813 3.92109
2.83778 3.92896
2.88744 3.93682
2.9371 3.94469
2.98675 3.95255
3.03641 3.96041
3.08607 3.96828
3.13572 3.97614
3.18538 3.98401
3.23504 3.99187
3.28469 3.99973
3.33435 4.0076
3.38401 4.01546
3.43366 4.02333
3.48332 4.03119
3.53298 4.03905
3.58264 4.04692
3.63229 4.05478
3.68195 4.06265
3.73161 4.07051
3.78126 4.07837
3.83092 4.08624
3.88058 4.0941
3.93023 4.10197
3.97989 4.10983
4.02955 4.11769
4.0792 4.12556
4.12886 4.13342
4.17852 4.14129
4.22888 4.14129
4.27924 4.14129
4.3296 4.14129
4.37996 4.14129
4.43032 4.14129
4.48068 4.14129
4.53104 4.14129
4.5814 4.14129
4.63176 4.14129
4.68212 4.14129
4.73248 4.14129
4.78284 4.14129
4.83321 4.14129
4.88357 4.14129
4.93393 4.14129
4.98429 4.14129
5.03465 4.14129
5.08501 4.14129
5.13537 4.14129
5.18573 4.14129
5.23609 4.14129
5.28645 4.14129
5.33681 4.14129
5.38717 4.14129
5.43753 4.14129
7.82815 5.63158
10.2188 5.63158
12.6094 5.63158
15.0 5.63158
0.0 0.446361
0.0488972 0.446361
0.0977943 0.471714
0.146692 0.497066
0.195589 0.522419
0.244486 0.547772
0.293383 0.573124
0.34228 0.598477
0.391177 0.623829
0.440075 0.649182
0.488972 0.674534
0.539626 0.674534
0.59028 0.74238
0.640935 0.810226
0.691589 0.878072
0.742243 0.945918
0.792898 1.01376
0.843552 1.08161
0.894206 1.14946
0.944861 1.2173
0.995515 1.28515
1.04617 1.35299
1.09682 1.42084
1.14582 1.42084
1.19482 1.56811
1.24382 1.71538
1.29282 1.86265
1.34182 2.00992
1.39083 2.15719
1.43983 2.30446
1.48883 2.45173
1.53783 2.599
1.58683 2.74627
1.63583 2.89354
1.68483 3.04081
1.73383 3.18808
1.78283 3.33535
1.83183 3.48263
1.88083 3.6299
1.93017 3.6299
1.97951 3.65017
2.02886 3.67043
2.0782 3.6907
2.12755 3.71097
2.17689 3.73124
2.22623 3.75151
2.27558 3.77178
2.32492 3.79205
2.37426 3.81232
2.42361 3.83259
2.47295 3.85286
2.52229 3.87313
2.57164 3.8934
2.62098 3.91367
2.67033 3.93394
2.71967 3.95421
2.76901 3.97448
2.81836 3.99475
2.8677 4.01502
2.91704 4.03529
2.96639 4.05556
3.01573 4.07583
3.06507 4.0961
3.11442 4.11637
3.16376 4.13664
3.2131 4.15691
3.26245 4.17718
3.31179 4.19745
3.36114 4.21772
3.41048 4.23799
3.45982 4.25826
3.50917 4.27853
3.55851 4.2988
3.60785 4.31907
3.66086 4.31907
3.71388 4.31907
3.76689 4.31907
3.8199 4.31907
6.61492 5.71053
9.40995 5.71053
12.205 5.71053
15.0 5.71053
0.0 0.457652
0.0483219 0.457652
0.0966438 0.482881
0.144966 0.50811
0.193288 0.533338
0.241609 0.558567
0.289931 0.583795
0.338253 0.609024
0.386575 0.634252
0.434897 0.659481
0.484811 0.659481
0.534724 0.759463
0.584638 0.859445
0.634552 0.959427
0.684465 1.05941
0.734379 1.15939
0.784293 1.25937
0.834206 1.35935
0.88412 1.45934
0.934427 1.45934
0.984734 1.53827
1.03504 1.61721
1.08535 1.69615
1.13566 1.77508
1.18596 1.85402
1.23627 1.93296
1.28658 2.0119
1.33688 2.09083
1.38719 2.16977
1.4375 2.24871
1.48781 2.32764
1.53811 2.40658
1.58842 2.48552
1.63873 2.56445
1.68904 2.64339
1.73934 2.72233
1.78965 2.80126
1.83996 2.8802
1.89026 2.95914
1.94057 3.03807
1.99088 3.11701
2.04119 3.19595
2.09149 3.27489
2.1418 3.35382
2.19211 3.43276
2.24241 3.5117
2.29272 3.59063
2.34209 3.59063
2.39147 3.63297
2.44084 3.6753
2.49021 3.71764
2.53958 3.75997
2.58895 3.8023
2.63832 3.84464
2.6877 3.88697
2.73707 3.92931
2.78644 3.97164
2.83581 4.01397
2.88518 4.05631
2.93455 4.09864
2.98393 4.14098
3.0333 4.18331
3.08267 4.22565
3.13204 4.26798
3.18141 4.31031
3.22375 4.31031
3.26609 4.31031
3.30842 4.31031
5.64674 5.73496
7.98505 5.73496
10.3234 5.73496
12.6617 5.73496
15.0 5.73496
0.0 0.453769
0.0488464 0.453769
0.0976929 0.471885
0.146539 0.490001
0.195386 0.508116
0.244232 0.526232
0.293079 0.544348
0.341925 0.562464
0.388899 0.562464
0.435872 0.832932
0.482846 1.1034
0.52982 1.37387
0.58019 1.37387
0.63056 1.45552
0.68093 1.53718
0.7313 1.61883
0.78167 1.70049
0.832041 1.78214
0.882411 1.86379
0.932781 1.94545
0.983151 2.0271
1.03352 2.10876
1.08389 2.19041
1.13426 2.27206
1.18463 2.35372
1.235 2.43537
1.28537 2.51703
1.33574 2.59868
1.38611 2.68033
1.43648 2.76199
1.48685 2.84364
1.53722 2.9253
1.58759 3.00695
1.63796 3.0886
1.68833 3.17026
1.7387 3.25191
1.78907 3.33357
1.83944 3.41522
1.88981 3.49687
1.94018 3.57853
1.98948 3.57853
2.03878 3.63251
2.08807 3.68649
2.13737 3.74047
2.18666 3.79444
2.23596 3.84842
2.28526 3.9024
2.33455 3.95638
2.38385 4.01036
2.43314 4.06434
2.48244 4.11832
2.53174 4.1723
2.58103 4.22627
2.63033 4.28025
2.67962 4.33423
2.72892 4.38821
2.77822 4.44219
2.82755 4.44219
2.87689 4.44219
2.92623 4.44219
2.97556 4.44219
3.0249 4.44219
3.07423 4.44219
3.12357 4.44219
3.17291 4.44219
3.22224 4.44219
3.27158 4.44219
3.32091 4.44219
3.37025 4.44219
3.41959 4.44219
3.46892 4.44219
3.51826 4.44219
3.5676 4.44219
3.61693 4.44219
3.66627 4.44219
3.7156 4.44219
3.76494 4.44219
3.81428 4.44219
3.86361 4.44219
6.64771 5.50899
9.43181 5.50899
12.2159 5.50899
15.0 5.50899
0.0 0.459289
0.0468075 0.459289
0.093615 0.473417
0.140422 0.487546
0.18723 0.501674
0.234037 0.515803
0.280845 0.529931
0.327652 0.54406
0.374784 0.54406
0.421916 0.686758
0.469047 0.829457
0.516179 0.972155
0.563311 1.11485
0.610442 1.25755
0.657574 1.40025
0.707065 1.40025
0.756555 1.57232
0.806046 1.74439
0.855537 1.91646
0.905027 2.08853
0.954518 2.2606
1.00401 2.43267
1.0535 2.60474
1.10299 2.77681
1.15248 2.94888
1.20197 3.12095
1.25146 3.29302
1.30095 3.46509
1.35072 3.46509
1.40049 3.54592
1.45026 3.62675
1.50003 3.70758
1.5498 3.78841
1.59957 3.86924
1.64934 3.95007
1.69911 4.0309
1.74887 4.11173
1.79864 4.19256
1.84841 4.27339
1.89818 4.35422
1.94785 4.35422
1.99751 4.35422
2.04717 4.35422
2.09684 4.35422
2.1465 4.35422
2.19617 4.35422
2.24583 4.35422
2.29549 4.35422
2.34516 4.35422
2.39482 4.35422
2.44449 4.35422
2.49415 4.35422
2.54381 4.35422
2.59348 4.35422
2.64314 4.35422
2.69281 4.35422
2.74247 4.35422
2.79213 4.35422
2.8418 4.35422
2.89146 4.35422
2.94113 4.35422
2.99079 4.35422
3.04045 4.35422
5.43236 5.47826
7.82427 5.47826
10.2162 5.47826
12.6081 5.47826
15.0 5.47826
0.0 0.485881
0.0507851 0.485881
0.10157 0.506727
0.152355 0.527573
0.203141 0.548419
0.253926 0.569264
0.304711 0.59011
0.355496 0.610956
0.406281 0.631802
0.457066 0.652648
0.507851 0.673493
0.558637 0.694339
0.609422 0.715185
0.660207 0.736031
0.710992 0.756877
0.761777 0.777723
0.812562 0.798568
0.863347 0.819414
0.914132 0.84026
0.964918 0.861106
1.0157 0.881952
1.06649 0.902798
1.11727 0.923643
1.16806 0.944489
1.21884 0.965335
1.26963 0.986181
1.32041 1.00703
1.3712 1.02787
1.42198 1.04872
1.47275 1.04872
1.52351 1.10328
1.57428 1.15784
1.62505 1.2124
1.67581 1.26696
1.72658 1.32152
1.77734 1.37608
1.82811 1.43064
1.87887 1.4852
1.92964 1.53976
1.9804 1.59432
2.03117 1.64888
2.08193 1.70344
2.1327 1.758
2.18346 1.81256
2.23423 1.86712
2.28499 1.92168
2.33576 1.97624
2.38704 1.97624
2.43832 2.09282
2.4896 2.20941
2.54088 2.32599
2.59216 2.44257
2.64344 2.55916
2.69473 2.67574
2.74601 2.79233
2.79729 2.90891
2.84857 3.02549
2.89985 3.14208
2.95113 3.25866
3.00092 3.25866
3.05071 3.27228
3.10049 3.28591
3.15028 3.29953
3.20007 3.31315
3.24986 3.32677
3.29965 3.34039
3.34943 3.35401
3.39922 3.36764
3.44901 3.38126
3.4988 3.39488
3.54858 3.4085
3.59837 3.42212
3.64816 3.43575
3.69795 3.44937
3.74774 3.46299
3.79752 3.47661
3.84731 3.49023
3.8971 3.50386
3.94689 3.51748
3.99668 3.5311
4.04646 3.54472
4.09625 3.55834
4.15159 3.55834
4.20694 3.55834
4.26228 3.55834
4.31762 3.55834
6.98822 5.93552
9.65881 5.93552
12.3294 5.93552
15.0 5.93552
0.0 0.481016
0.0496281 0.481016
0.0992561 0.500388
0.148884 0.519759
0.198512 0.53913
0.24814 0.558502
0.297768 0.577873
0.347397 0.597244
0.397025 0.616616
0.446653 0.635987
0.496281 0.655358
0.545909 0.67473
0.595537 0.694101
0.645165 0.713472
0.694793 0.732844
0.744421 0.752215
0.794049 0.771586
0.843677 0.790958
0.893305 0.810329
0.942933 0.8297
0.992561 0.849072
1.04219 0.868443
1.09182 0.887814
1.14145 0.907186
1.19107 0.926557
1.2407 0.945928
1.29033 0.965299
1.33996 0.984671
1.38959 1.00404
1.43921 1.02341
1.48884 1.04278
1.53852 1.04278
1.5882 1.09095
1.63787 1.13911
1.68755 1.18727
1.73723 1.23543
1.7869 1.28359
1.83658 1.33175
1.88626 1.37991
1.93593 1.42807
1.98561 1.47624
2.03529 1.5244
2.08496 1.57256
2.13464 1.62072
2.18432 1.66888
2.234 1.71704
2.28367 1.7652
2.33335 1.81336
2.38303 1.86153
2.4327 1.90969
2.48224 1.90969
2.53178 1.97351
2.58132 2.03734
2.63086 2.10116
2.6804 2.16498
2.72994 2.22881
2.77948 2.29263
2.82902 2.35646
2.87855 2.42028
2.92809 2.48411
2.97763 2.54793
3.02717 2.61176
3.07671 2.67558
3.12625 2.7394
3.17579 2.80323
3.22533 2.86705
3.27487 2.93088
3.32441 2.9947
3.37395 3.05853
3.42348 3.12235
3.47302 3.18618
3.52225 3.18618
3.57148 3.20206
3.62071 3.21795
3.66993 3.23383
3.71916 3.24972
3.76839 3.2656
3.81761 3.28149
3.86684 3.29737
3.91607 3.31326
3.9653 3.32914
4.01452 3.34503
4.06375 3.36091
4.11298 3.3768
4.1622 3.39268
4.21143 3.40857
4.26066 3.42445
4.30989 3.44034
4.35911 3.45622
4.40834 3.47211
4.45757 3.48799
4.50679 3.50388
4.55602 3.51976
4.60419 3.51976
4.65237 3.51976
4.70054 3.51976
4.74872 3.51976
4.79689 3.51976
4.84506 3.51976
4.89324 3.51976
4.94141 3.51976
7.45606 5.84773
9.9707 5.84773
12.4854 5.84773
15.0 5.84773
0.0 0.481055
0.0499162 0.481055
0.0998323 0.500497
0.149749 0.519938
0.199665 0.53938
0.249581 0.558822
0.299497 0.578264
0.349413 0.597705
0.399329 0.617147
0.449246 0.636589
0.499162 0.656031
0.549078 0.675472
0.598994 0.694914
0.64891 0.714356
0.698826 0.733798
0.748743 0.753239
0.798659 0.772681
0.848575 0.792123
0.898491 0.811565
0.948407 0.831006
0.998323 0.850448
1.04824 0.86989
1.09816 0.889332
1.14807 0.908773
1.19799 0.928215
1.2479 0.947657
1.29782 0.967099
1.34774 0.98654
1.39765 1.00598
1.44757 1.02542
1.49749 1.04487
1.5474 1.06431
1.59675 1.06431
1.64609 1.09499
1.69544 1.12568
1.74479 1.15636
1.79413 1.18705
1.84348 1.21773
1.89282 1.24841
1.94217 1.2791
1.99152 1.30978
2.04086 1.34047
2.09021 1.37115
2.13956 1.40184
2.1889 1.43252
2.23825 1.46321
2.28759 1.49389
2.33694 1.52457
2.38629 1.55526
2.43563 1.58594
2.48498 1.61663
2.53433 1.64731
2.58367 1.678
2.63302 1.70868
2.68236 1.73936
2.73171 1.77005
2.78106 1.80073
2.8304 1.83142
2.87975 1.8621
2.92909 1.89279
2.97844 1.92347
3.02909 1.92347
3.07974 1.98204
3.13039 2.0406
3.18104 2.09916
3.23168 2.15773
3.28233 2.21629
3.33298 2.27485
3.38363 2.33342
3.43428 2.39198
3.48493 2.45054
3.53558 2.50911
3.58622 2.56767
3.63687 2.62624
3.68752 2.6848
3.73817 2.74336
3.78882 2.80193
3.83947 2.86049
3.89012 2.91905
3.94076 2.97762
3.99141 3.03618
4.04206 3.09474
4.09271 3.15331
4.14362 3.15331
4.19452 3.17047
4.24543 3.18764
4.29633 3.2048
4.34724 3.22196
4.39815 3.23913
4.44905 3.25629
4.49996 3.27346
4.55086 3.29062
4.60177 3.30779
4.65267 3.32495
4.70358 3.34211
4.75449 3.35928
4.80539 3.37644
4.8563 3.39361
4.9072 3.41077
4.95811 3.42793
5.00902 3.4451
5.05992 3.46226
5.11044 3.46226
5.16095 3.46226
5.21147 3.46226
5.26199 3.46226
5.3125 3.46226
5.36302 3.46226
5.41354 3.46226
7.81015 5.79743
10.2068 5.79743
12.6034 5.79743
15.0 5.79743
0.0 0.471864
0.0500803 0.471864
0.100161 0.49351
0.150241 0.515156
0.200321 0.536802
0.250402 0.558449
0.300482 0.580095
0.350562 0.601741
0.400643 0.623387
0.450723 0.645033
0.500803 0.666679
0.550884 0.688325
0.600964 0.709971
0.651044 0.731617
0.701125 0.753263
0.751205 0.77491
0.801285 0.796556
0.851366 0.818202
0.901446 0.839848
0.951526 0.861494
1.00161 0.88314
1.05169 0.904786
1.10177 0.926432
1.15185 0.948078
1.20193 0.969725
1.25201 0.991371
1.30209 1.01302
1.35106 1.01302
1.40004 1.05836
1.44901 1.10371
1.49799 1.14906
1.54696 1.1944
1.59593 1.23975
1.64491 1.2851
1.69388 1.33044
1.74286 1.37579
1.79183 1.42113
1.84081 1.46648
1.88978 1.51183
1.93875 1.55717
1.98773 1.60252
2.0367 1.64787
2.08568 1.69321
2.13465 1.73856
2.18363 1.78391
2.2326 1.82925
2.28157 1.8746
2.33055 1.91995
2.37952 1.96529
2.42921 1.96529
2.47889 1.98411
2.52857 2.00293
2.57825 2.02175
2.62793 2.04057
2.67761 2.05939
2.7273 2.07821
2.77698 2.09703
2.82666 2.11585
2.87634 2.13467
2.92602 2.15349
2.97571 2.1723
3.02539 2.19112
3.07507 2.20994
3.12475 2.22876
3.17443 2.24758
3.22412 2.2664
3.2738 2.28522
3.32348 2.30404
3.37316 2.32286
3.42284 2.34168
3.47253 2.3605
3.52221 2.37932
3.57189 2.39814
3.62157 2.41696
3.67125 2.43578
3.72094 2.4546
3.77062 2.47342
3.8203 2.49223
3.86998 2.51105
3.91966 2.52987
3.96934 2.54869
4.01903 2.56751
4.06871 2.58633
4.11839 2.60515
4.16807 2.62397
4.21775 2.64279
4.26744 2.66161
4.31712 2.68043
4.3668 2.69925
4.41648 2.71807
4.46616 2.73689
4.51585 2.75571
4.56553 2.77453
4.61521 2.79334
4.66489 2.81216
4.71457 2.83098
4.76426 2.8498
4.81394 2.86862
4.86362 2.88744
4.9133 2.90626
4.96298 2.92508
5.01267 2.9439
5.06235 2.96272
5.11203 2.98154
5.16171 3.00036
5.21139 3.01918
5.26107 3.038
5.31076 3.05682
5.36044 3.07564
5.41012 3.09445
5.4598 3.11327
5.5108 3.11327
5.56181 3.14418
5.61281 3.17508
5.66381 3.20598
5.71481 3.23688
5.76581 3.26779
5.81681 3.29869
5.86782 3.32959
5.91882 3.36049
5.96982 3.3914
6.02082 3.4223
6.07182 3.4532
6.12283 3.4841
6.17383 3.51501
6.22463 3.51501
6.27543 3.51501
6.32623 3.51501
6.37703 3.51501
6.42783 3.51501
6.47863 3.51501
6.52943 3.51501
9.35296 5.83586
12.1765 5.83586
15.0 5.83586
0.0 0.490572
0.0501773 0.490572
0.100355 0.507205
0.150532 0.523838
0.200709 0.540471
0.250886 0.557103
0.301064 0.573736
0.351241 0.590369
0.401418 0.607002
0.451595 0.623635
0.501773 0.640268
0.55195 0.656901
0.602127 0.673534
0.652305 0.690167
0.702482 0.7068
0.752659 0.723433
0.802836 0.740066
0.853014 0.756698
0.903191 0.773331
0.953368 0.789964
1.00355 0.806597
1.05372 0.82323
1.1039 0.839863
1.15408 0.856496
1.20425 0.873129
1.25443 0.889762
1.30461 0.906395
1.35479 0.923028
1.40496 0.939661
1.45514 0.956294
1.50532 0.972926
1.5555 0.989559
1.60567 1.00619
1.65585 1.02283
1.70603 1.03946
1.7562 1.05609
1.80638 1.07272
1.85656 1.08936
1.90544 1.08936
1.95432 1.16206
2.0032 1.23477
2.05208 1.30748
2.10096 1.38019
2.14984 1.45289
2.19872 1.5256
2.2476 1.59831
2.29648 1.67102
2.34537 1.74373
2.39425 1.81643
2.44313 1.88914
2.49201 1.96185
2.5416 1.96185
2.5912 1.98683
2.64079 2.01181
2.69038 2.03679
2.73998 2.06178
2.78957 2.08676
2.83917 2.11174
2.88876 2.13672
2.93835 2.16171
2.98795 2.18669
3.03754 2.21167
3.08714 2.23665
3.13673 2.26163
3.18632 2.28662
3.23592 2.3116
3.28551 2.33658
3.33511 2.36156
3.3847 2.38654
3.43429 2.41153
3.48389 2.43651
3.53348 2.46149
3.58308 2.48647
3.63267 2.51146
3.68226 2.53644
3.73186 2.56142
3.78145 2.5864
3.83105 2.61138
3.88064 2.63637
3.93023 2.66135
3.97983 2.68633
4.02942 2.71131
4.07902 2.7363
4.12861 2.76128
4.1782 2.78626
4.2278 2.81124
4.27739 2.83622
4.32699 2.86121
4.37658 2.88619
4.42617 2.91117
4.47577 2.93615
4.52536 2.96113
4.57496 2.98612
4.62455 3.0111
4.67414 3.03608
4.72374 3.06106
4.77333 3.08605
4.82293 3.11103
4.87252 3.13601
4.92605 3.13601
4.97957 3.19101
5.0331 3.24602
5.08663 3.30102
5.14015 3.35603
5.19368 3.41103
5.2472 3.46604
5.29756 3.46604
5.34791 3.46604
5.39827 3.46604
5.44862 3.46604
5.49898 3.46604
5.54933 3.46604
5.59969 3.46604
5.65004 3.46604
5.7004 3.46604
5.75075 3.46604
5.8011 3.46604
8.10083 5.80944
10.4006 5.80944
12.7003 5.80944
15.0 5.80944
0.0 0.469988
0.050433 0.469988
0.100866 0.491562
0.151299 0.513136
0.201732 0.534709
0.252165 0.556283
0.302598 0.577856
0.353031 0.59943
0.403464 0.621003
0.453897 0.642577
0.50433 0.664151
0.554763 0.685724
0.605196 0.707298
0.655629 0.728871
0.706062 0.750445
0.756495 0.772018
0.806928 0.793592
0.857361 0.815165
0.907794 0.836739
0.958227 0.858313
1.00866 0.879886
1.05909 0.90146
1.10953 0.923033
1.15996 0.944607
1.21039 0.96618
1.26082 0.987754
1.31126 1.00933
1.36169 1.0309
1.41212 1.05247
1.46256 1.07405
1.51299 1.09562
1.56295 1.09562
1.61292 1.12481
1.66288 1.154
1.71284 1.18319
1.76281 1.21237
1.81277 1.24156
1.86274 1.27075
1.9127 1.29994
1.96266 1.32913
2.01263 1.35832
2.06259 1.3875
2.11255 1.41669
2.16252 1.44588
2.21248 1.47507
2.26244 1.50426
2.31241 1.53345
2.36237 1.56263
2.41233 1.59182
2.4623 1.62101
2.51226 1.6502
2.56223 1.67939
2.61219 1.70858
2.66215 1.73776
2.71212 1.76695
2.76208 1.79614
2.81204 1.82533
2.86201 1.85452
2.91197 1.88371
2.96193 1.91289
3.0119 1.94208
3.06186 1.97127
3.11183 2.00046
3.16179 2.02965
3.21175 2.05883
3.26172 2.08802
3.31168 2.11721
3.35862 2.11721
3.40556 2.3515
3.4525 2.58579
3.49944 2.82008
3.54638 3.05437
3.59331 3.28866
3.64307 3.28866
3.69282 3.29385
3.74257 3.29903
3.79232 3.30421
3.84207 3.30939
3.89182 3.31457
3.94157 3.31975
3.99132 3.32493
4.04107 3.33011
4.09082 3.33529
4.14057 3.34048
4.19032 3.34566
4.24007 3.35084
4.28983 3.35602
4.33958 3.3612
4.38933 3.36638
4.43908 3.37156
4.48883 3.37674
4.53858 3.38192
4.58833 3.38711
4.63808 3.39229
4.68783 3.39747
4.73758 3.40265
4.78733 3.40783
4.83708 3.41301
4.88683 3.41819
4.93659 3.42337
4.98634 3.42855
5.03609 3.43374
5.08584 3.43892
5.13579 3.43892
5.18574 3.43892
5.23569 3.43892
5.28564 3.43892
5.3356 3.43892
5.38555 3.43892
5.4355 3.43892
5.48545 3.43892
5.5354 3.43892
5.58535 3.43892
5.63531 3.43892
5.68526 3.43892
5.73521 3.43892
5.78516 3.43892
5.83511 3.43892
5.88506 3.43892
5.93502 3.43892
5.98497 3.43892
6.03492 3.43892
6.08487 3.43892
6.13482 3.43892
6.18478 3.43892
6.23473 3.43892
6.28468 3.43892
6.33463 3.43892
6.38458 3.43892
6.43453 3.43892
6.48449 3.43892
6.53444 3.43892
6.58439 3.43892
6.63434 3.43892
6.68429 3.43892
6.73424 3.43892
6.7842 3.43892
9.5228 5.64566
12.2614 5.64566
15.0 5.64566
0.0 0.4682
0.0503356 0.4682
0.100671 0.489971
0.151007 0.511742
0.201342 0.533513
0.251678 0.555284
0.302014 0.577055
0.352349 0.598826
0.402685 0.620597
0.45302 0.642368
0.503356 0.66414
0.553692 0.685911
0.604027 0.707682
0.654363 0.729453
0.704698 0.751224
0.755034 0.772995
0.80537 0.794766
0.855705 0.816537
0.906041 0.838308
0.956376 0.860079
1.00671 0.88185
1.05705 0.903621
1.10738 0.925392
1.15772 0.947164
1.20805 0.968935
1.25977 0.968935
1.31148 1.0867
1.36319 1.20446
1.41491 1.32222
1.46662 1.43998
1.51833 1.55775
1.57004 1.67551
1.62176 1.79327
1.67347 1.91103
1.72518 2.02879
1.77689 2.14656
1.82861 2.26432
1.87923 2.26432
1.92985 2.29122
1.98048 2.31812
2.0311 2.34502
2.08172 2.37192
2.13234 2.39883
2.18297 2.42573
2.23359 2.45263
2.28421 2.47953
2.33483 2.50643
2.38546 2.53333
2.43608 2.56024
2.4867 2.58714
2.53733 2.61404
2.58795 2.64094
2.63857 2.66784
2.68919 2.69474
2.73982 2.72165
2.79044 2.74855
2.84106 2.77545
2.89168 2.80235
2.94231 2.82925
2.99293 2.85615
3.04355 2.88306
3.09418 2.90996
3.1448 2.93686
3.19542 2.96376
3.24604 2.99066
3.29667 3.01756
3.34729 3.04447
3.39791 3.07137
3.44853 3.09827
3.49916 3.12517
3.54978 3.15207
3.6004 3.17897
3.65103 3.20588
3.70165 3.23278
3.75227 3.25968
3.80289 3.28658
3.85352 3.31348
3.90243 3.31348
3.95133 3.32516
4.00024 3.33684
4.04915 3.34852
4.09806 3.3602
4.14697 3.37188
4.19588 3.38356
4.24479 3.39524
4.2937 3.40692
4.34261 3.4186
4.39151 3.43028
4.44119 3.43028
4.49086 3.43028
4.54054 3.43028
4.59021 3.43028
4.63988 3.43028
4.68956 3.43028
4.73923 3.43028
4.7889 3.43028
4.83858 3.43028
4.88825 3.43028
4.93792 3.43028
4.9876 3.43028
5.03727 3.43028
5.08695 3.43028
5.13662 3.43028
5.18629 3.43028
5.23597 3.43028
5.28564 3.43028
5.33531 3.43028
5.38499 3.43028
5.43466 3.43028
5.48433 3.43028
5.53401 3.43028
5.58368 3.43028
5.63336 3.43028
5.68303 3.43028
5.7327 3.43028
5.78238 3.43028
5.83205 3.43028
8.12404 5.62567
10.416 5.62567
12.708 5.62567
15.0 5.62567
0.0 0.478475
0.0497634 0.478475
0.0995268 0.497862
0.14929 0.517249
0.199054 0.536636
0.248817 0.556023
0.29858 0.57541
0.348344 0.594796
0.398107 0.614183
0.44787 0.63357
0.497634 0.652957
0.547397 0.672344
0.597161 0.691731
0.646924 0.711118
0.696687 0.730505
0.746451 0.749892
0.796214 0.769279
0.845978 0.788665
0.895741 0.808052
0.945504 0.827439
0.995268 0.846826
1.04503 0.866213
1.09479 0.8856
1.14456 0.904987
1.19352 0.904987
1.24248 0.98986
1.29144 1.07473
1.3404 1.15961
1.38935 1.24448
1.43831 1.32935
1.48727 1.41423
1.53623 1.4991
1.58519 1.58398
1.63415 1.66885
1.68311 1.75372
1.73207 1.8386
1.78103 1.92347
1.82999 2.00834
1.87895 2.09322
1.92791 2.17809
1.97687 2.26296
2.02583 2.34784
2.07611 2.34784
2.12639 2.37274
2.17668 2.39765
2.22696 2.42256
2.27724 2.44746
2.32753 2.47237
2.37781 2.49728
2.42809 2.52218
2.47838 2.54709
2.52866 2.57199
2.57894 2.5969
2.62923 2.62181
2.67951 2.64671
2.72979 2.67162
2.78008 2.69652
2.83036 2.72143
2.88064 2.74634
2.93093 2.77124
2.98121 2.79615
3.03149 2.82106
3.08178 2.84596
3.13206 2.87087
3.18234 2.89577
3.23263 2.92068
3.28291 2.94559
3.33319 2.97049
3.38347 2.9954
3.43376 3.0203
3.48404 3.04521
3.53432 3.07012
3.58461 3.09502
3.63489 3.11993
3.68517 3.14484
3.73546 3.16974
3.78574 3.19465
3.83602 3.21955
3.88631 3.24446
3.93659 3.26937
3.98687 3.29427
4.03716 3.31918
4.08734 3.31918
4.13752 3.32318
4.18771 3.32718
4.23789 3.33118
4.28807 3.33517
4.33826 3.33917
4.38844 3.34317
4.43862 3.34717
4.4888 3.35117
4.53899 3.35517
4.58917 3.35917
4.63935 3.36317
4.68954 3.36716
4.73972 3.37116
4.7899 3.37516
4.84009 3.37916
4.89027 3.38316
4.94045 3.38716
4.99064 3.39116
5.04082 3.39516
5.091 3.39916
5.1417 3.39916
5.1924 3.39916
5.24311 3.39916
5.29381 3.39916
5.34451 3.39916
5.39521 3.39916
5.44591 3.39916
5.49661 3.39916
5.54731 3.39916
5.59801 3.39916
5.64871 3.39916
5.69941 3.39916
5.75012 3.39916
5.80082 3.39916
5.85152 3.39916
5.90222 3.39916
5.95292 3.39916
6.00362 3.39916
6.05432 3.39916
6.10502 3.39916
6.15572 3.39916
6.20642 3.39916
6.25713 3.39916
6.30783 3.39916
6.35853 3.39916
6.40923 3.39916
6.45993 3.39916
6.51063 3.39916
6.56133 3.39916
9.37422 5.62725
12.1871 5.62725
15.0 5.62725
0.0 0.477661
0.0506457 0.477661
0.101291 0.49771
0.151937 0.51776
0.202583 0.537809
0.253228 0.557858
0.303874 0.577907
0.35452 0.597956
0.405165 0.618005
0.455811 0.638054
0.506457 0.658103
0.557102 0.678152
0.607748 0.698201
0.658394 0.718251
0.70904 0.7383
0.759685 0.758349
0.810331 0.778398
0.860977 0.798447
0.911622 0.818496
0.962268 0.838545
1.01291 0.858594
1.06356 0.878643
1.1142 0.898692
1.16485 0.918742
1.2155 0.938791
1.26614 0.95884
1.31679 0.978889
1.36743 0.998938
1.41808 1.01899
1.46804 1.01899
1.518 1.06614
1.56796 1.11329
1.61792 1.16044
1.66788 1.20759
1.71784 1.25473
1.7678 1.30188
1.81776 1.34903
1.86772 1.39618
1.91767 1.44333
1.96763 1.49048
2.01759 1.53763
2.06755 1.58478
2.11751 1.63193
2.16747 1.67908
2.21743 1.72623
2.26739 1.77338
2.31735 1.82053
2.36731 1.86768
2.41727 1.91483
2.46723 1.96198
2.51719 2.00913
2.56715 2.05628
2.61711 2.10343
2.66707 2.15057
2.71703 2.19772
2.76699 2.24487
2.81695 2.29202
2.86691 2.33917
2.91687 2.38632
2.96683 2.43347
3.01679 2.48062
3.06782 2.48062
3.11885 2.52375
3.16988 2.56687
3.22091 2.61
3.27194 2.65312
3.32297 2.69625
3.374 2.73937
3.42503 2.7825
3.47606 2.82562
3.52709 2.86875
3.57812 2.91187
3.62915 2.955
3.68018 2.99813
3.73121 3.04125
3.78224 3.08438
3.83327 3.1275
3.8843 3.17063
3.93533 3.21375
3.98637 3.25688
4.03715 3.25688
4.08793 3.27416
4.13871 3.29145
4.18949 3.30873
4.24027 3.32602
4.29105 3.3433
4.34184 3.36058
4.39262 3.37787
4.4434 3.39515
4.49418 3.41244
4.54496 3.42972
4.59574 3.44701
4.64652 3.46429
4.69731 3.48158
4.74809 3.49886
4.79887 3.51614
4.84965 3.53343
4.90043 3.55071
4.95121 3.568
5.00199 3.58528
5.05278 3.60257
5.10356 3.61985
5.15434 3.63714
5.20512 3.65442
5.2559 3.6717
5.30668 3.68899
5.35747 3.70627
5.40825 3.72356
5.45903 3.74084
5.50981 3.75813
5.56059 3.77541
5.61021 3.77541
5.65984 3.77541
5.70946 3.77541
5.75909 3.77541
5.80871 3.77541
5.85833 3.77541
5.90796 3.77541
5.95758 3.77541
6.00721 3.77541
6.05683 3.77541
6.10645 3.77541
6.15608 3.77541
6.2057 3.77541
6.25533 3.77541
6.30495 3.77541
6.35457 3.77541
6.4042 3.77541
6.45382 3.77541
6.50344 3.77541
6.55307 3.77541
6.60269 3.77541
6.65232 3.77541
6.70194 3.77541
6.75156 3.77541
6.80119 3.77541
9.53413 5.62551
12.2671 5.62551
15.0 5.62551
0.0 0.477786
0.0509388 0.477786
0.101878 0.500126
0.152816 0.522466
0.203755 0.544806
0.254694 0.567147
0.305633 0.589487
0.356572 0.611827
0.407511 0.634167
0.458449 0.656507
0.509388 0.678848
0.560327 0.701188
0.611266 0.723528
0.662205 0.745868
0.713143 0.768209
0.764082 0.790549
0.815021 0.812889
0.86596 0.835229
0.916899 0.857569
0.967838 0.87991
1.01878 0.90225
1.06972 0.92459
1.12065 0.94693
1.17159 0.969271
1.22253 0.991611
1.27347 1.01395
1.32441 1.03629
1.37425 1.03629
1.4241 1.09897
1.47394 1.16165
1.52378 1.22433
1.57363 1.28701
1.62347 1.34969
1.67332 1.41237
1.72316 1.47505
1.773 1.53772
1.82285 1.6004
1.87269 1.66308
1.92253 1.72576
1.97238 1.78844
2.02222 1.85112
2.07206 1.9138
2.12191 1.97648
2.17175 2.03916
2.2216 2.10184
2.27144 2.16452
2.32128 2.22719
2.37113 2.28987
2.42097 2.35255
2.47081 2.41523
2.52066 2.47791
2.57007 2.47791
2.61949 2.51672
2.6689 2.55553
2.71832 2.59434
2.76773 2.63315
2.81715 2.67196
2.86656 2.71077
2.91598 2.74958
2.96539 2.78839
3.01481 2.8272
3.06422 2.866
3.11364 2.90481
3.16305 2.94362
3.21247 2.98243
3.26188 3.02124
3.3113 3.06005
3.36071 3.09886
3.41013 3.13767
3.45955 3.17648
3.50896 3.21529
3.55838 3.2541
3.60779 3.29291
3.65721 3.33172
3.70662 3.37053
3.75604 3.40934
3.80489 3.40934
3.85375 3.42653
3.90261 3.44372
3.95146 3.46091
4.00032 3.4781
4.04918 3.49529
4.09804 3.51249
4.14689 3.52968
4.19575 3.54687
4.24461 3.56406
4.29347 3.58125
4.34232 3.59845
4.39118 3.61564
4.44004 3.63283
4.48889 3.65002
4.53775 3.66721
4.58661 3.68441
4.63547 3.7016
4.68432 3.71879
4.73318 3.73598
4.78204 3.75317
4.83258 3.75317
4.88313 3.75317
4.93367 3.75317
4.98421 3.75317
5.03476 3.75317
5.0853 3.75317
5.13584 3.75317
5.18639 3.75317
5.23693 3.75317
5.28747 3.75317
5.33802 3.75317
5.38856 3.75317
5.4391 3.75317
5.48965 3.75317
5.54019 3.75317
5.59074 3.75317
5.64128 3.75317
5.69182 3.75317
5.74237 3.75317
5.79291 3.75317
5.84345 3.75317
5.894 3.75317
5.94454 3.75317
5.99508 3.75317
6.04563 3.75317
6.09617 3.75317
6.14671 3.75317
6.19726 3.75317
6.2478 3.75317
6.29835 3.75317
6.34889 3.75317
6.39943 3.75317
6.44998 3.75317
9.29998 5.61013
12.15 5.61013
15.0 5.61013
0.0 0.47151
0.0502924 0.47151
0.100585 0.492522
0.150877 0.513533
0.20117 0.534544
0.251462 0.555556
0.301755 0.576567
0.352047 0.597578
0.402339 0.61859
0.452632 0.639601
0.502924 0.660612
0.553217 0.681624
0.603509 0.702635
0.653802 0.723646
0.704094 0.744658
0.754386 0.765669
0.804679 0.78668
0.854971 0.807692
0.905264 0.828703
0.955556 0.849715
1.00585 0.870726
1.05614 0.891737
1.10643 0.912749
1.15673 0.93376
1.20702 0.954771
1.25731 0.975783
1.3076 0.996794
1.3579 1.01781
1.40819 1.03882
1.45848 1.05983
1.50877 1.08084
1.55907 1.10185
1.60833 1.10185
1.6576 1.14188
1.70686 1.18192
1.75613 1.22195
1.8054 1.26198
1.85466 1.30202
1.90393 1.34205
1.95319 1.38209
2.00246 1.42212
2.05173 1.46215
2.10099 1.50219
2.15026 1.54222
2.19953 1.58225
2.24879 1.62229
2.29806 1.66232
2.34732 1.70235
2.39659 1.74239
2.44586 1.78242
2.49512 1.82245
2.54439 1.86249
2.59365 1.90252
2.64292 1.94256
2.69219 1.98259
2.74145 2.02262
2.79072 2.06266
2.83999 2.10269
2.88925 2.14272
2.93852 2.18276
2.98778 2.22279
3.03705 2.26282
3.08632 2.30286
3.13558 2.34289
3.18485 2.38292
3.23412 2.42296
3.28372 2.42296
3.33332 2.45494
3.38292 2.48693
3.43252 2.51891
3.48212 2.5509
3.53172 2.58289
3.58132 2.61487
3.63092 2.64686
3.68052 2.67884
3.73012 2.71083
3.77973 2.74281
3.82933 2.7748
3.87893 2.80679
3.92853 2.83877
3.97813 2.87076
4.02773 2.90274
4.07733 2.93473
4.12693 2.96671
4.17653 2.9987
4.22613 3.03069
4.27573 3.06267
4.32534 3.09466
4.37494 3.12664
4.42454 3.15863
4.47414 3.19062
4.52374 3.2226
4.57334 3.25459
4.62294 3.28657
4.67254 3.31856
4.72214 3.35054
4.77174 3.38253
4.82134 3.41452
4.87095 3.4465
4.92055 3.47849
4.96969 3.47849
5.01883 3.52484
5.06797 3.57118
5.11712 3.61753
5.16626 3.66388
5.2154 3.71023
5.26454 3.75658
5.31369 3.80293
5.36283 3.84928
5.41197 3.89563
5.4616 3.89563
5.51123 3.89563
5.56086 3.89563
5.61048 3.89563
5.66011 3.89563
5.70974 3.89563
5.75937 3.89563
5.809 3.89563
5.85863 3.89563
5.90826 3.89563
5.95788 3.89563
6.00751 3.89563
8.25563 5.71348
10.5038 5.71348
12.7519 5.71348
15.0 5.71348
0.0 0.471671
0.0499785 0.471671
0.0999569 0.492423
0.149935 0.513175
0.199914 0.533927
0.249892 0.554679
0.299871 0.575431
0.349849 0.596183
0.399828 0.616935
0.449806 0.637687
0.499785 0.658439
0.549763 0.679191
0.599742 0.699943
0.64972 0.720695
0.699699 0.741447
0.749677 0.762199
0.799655 0.782951
0.849634 0.803703
0.899612 0.824455
0.949591 0.845208
0.999569 0.86596
1.04955 0.886712
1.09953 0.907464
1.1495 0.928216
1.19948 0.948968
1.24946 0.96972
1.29944 0.990472
1.34942 1.01122
1.3994 1.03198
1.44938 1.05273
1.49935 1.07348
1.54933 1.09423
1.59931 1.11498
1.64929 1.13574
1.69927 1.15649
1.74925 1.17724
1.79995 1.17724
1.85066 1.21606
1.90136 1.25488
1.95207 1.29369
2.00277 1.33251
2.05348 1.37133
2.10418 1.41015
2.15489 1.44897
2.20559 1.48778
2.2563 1.5266
2.30701 1.56542
2.35771 1.60424
2.40842 1.64306
2.45912 1.68187
2.50983 1.72069
2.56053 1.75951
2.61124 1.79833
2.66194 1.83715
2.71265 1.87596
2.76335 1.91478
2.81406 1.9536
2.86476 1.99242
2.91547 2.03124
2.96618 2.07005
3.01688 2.10887
3.06759 2.14769
3.11829 2.18651
3.169 2.22533
3.2197 2.26415
3.27041 2.30296
3.32111 2.34178
3.37182 2.3806
3.42252 2.41942
3.47323 2.45824
3.52325 2.45824
3.57327 2.48751
3.6233 2.51679
3.67332 2.54606
3.72334 2.57534
3.77336 2.60462
3.82338 2.63389
3.8734 2.66317
3.92343 2.69245
3.97345 2.72172
4.02347 2.751
4.07349 2.78028
4.12351 2.80955
4.17354 2.83883
4.22356 2.86811
4.27358 2.89738
4.3236 2.92666
4.37362 2.95594
4.42365 2.98521
4.47367 3.01449
4.52369 3.04377
4.57371 3.07304
4.62373 3.10232
4.67376 3.1316
4.72378 3.16087
4.7738 3.19015
4.82382 3.21943
4.87384 3.2487
4.92386 3.27798
4.97389 3.30726
5.02391 3.33653
5.07393 3.36581
5.12395 3.39509
5.17397 3.42436
5.22466 3.42436
5.27535 3.45763
5.32604 3.49089
5.37673 3.52416
5.42742 3.55742
5.47811 3.59069
5.5288 3.62395
5.57948 3.65722
5.63017 3.69048
5.68086 3.72375
5.73155 3.75702
5.78332 3.75702
5.8351 3.75702
5.88687 3.75702
5.93864 3.75702
5.99042 3.75702
6.04219 3.75702
6.09396 3.75702
6.14573 3.75702
6.19751 3.75702
6.24928 3.75702
6.30105 3.75702
9.2007 5.71179
12.1004 5.71179
15.0 5.71179
0.0 0.475147
0.0493376 0.475147
0.0986751 0.495659
0.148013 0.516172
0.19735 0.536685
0.246688 0.557197
0.296025 0.57771
0.345363 0.598223
0.394701 0.618735
0.444038 0.639248
0.493376 0.65976
0.542713 0.680273
0.592051 0.700786
0.641388 0.721298
0.690726 0.741811
0.740064 0.762324
0.789401 0.782836
0.838739 0.803349
0.888076 0.823862
0.937414 0.844374
0.986751 0.864887
1.03609 0.8854
1.08543 0.905912
1.13476 0.926425
1.1841 0.946938
1.23344 0.96745
1.28278 0.987963
1.33211 1.00848
1.38145 1.02899
1.43079 1.0495
1.48013 1.07001
1.52946 1.09053
1.5788 1.11104
1.62814 1.13155
1.67748 1.15206
1.72648 1.15206
1.77548 1.20831
1.82449 1.26455
1.87349 1.32079
1.92249 1.37703
1.9715 1.43327
2.0205 1.48952
2.0695 1.54576
2.11851 1.602
2.16751 1.65824
2.21651 1.71448
2.26552 1.77073
2.31452 1.82697
2.36352 1.88321
2.41253 1.93945
2.46153 1.99569
2.51053 2.05194
2.55954 2.10818
2.60854 2.16442
2.65754 2.22066
2.70655 2.2769
2.75555 2.33314
2.80455 2.38939
2.85356 2.44563
2.90368 2.44563
2.9538 2.47403
3.00392 2.50244
3.05404 2.53085
3.10416 2.55925
3.15429 2.58766
3.20441 2.61606
3.25453 2.64447
3.30465 2.67288
3.35477 2.70128
3.40489 2.72969
3.45501 2.7581
3.50513 2.7865
3.55526 2.81491
3.60538 2.84331
3.6555 2.87172
3.70562 2.90013
3.75574 2.92853
3.80586 2.95694
3.85598 2.98534
3.90611 3.01375
3.95623 3.04216
4.00635 3.07056
4.05647 3.09897
4.10659 3.12737
4.15671 3.15578
4.20683 3.18419
4.25695 3.21259
4.30708 3.241
4.3572 3.2694
4.40732 3.29781
4.45744 3.32622
4.50756 3.35462
4.55693 3.35462
4.60629 3.40526
4.65566 3.4559
4.70502 3.50653
4.75439 3.55717
4.80375 3.60781
4.85312 3.65844
4.90248 3.70908
4.95185 3.75972
5.00122 3.81036
5.05072 3.81036
5.10023 3.81036
5.14974 3.81036
5.19924 3.81036
5.24875 3.81036
5.29826 3.81036
5.34776 3.81036
5.39727 3.81036
5.44678 3.81036
5.49628 3.81036
5.54579 3.81036
5.5953 3.81036
5.6448 3.81036
5.69431 3.81036
5.74382 3.81036
5.79332 3.81036
5.84283 3.81036
5.89234 3.81036
5.94184 3.81036
5.99135 3.81036
6.04086 3.81036
6.09036 3.81036
6.13987 3.81036
6.18938 3.81036
6.23888 3.81036
6.28839 3.81036
6.3379 3.81036
6.3874 3.81036
6.43691 3.81036
6.48642 3.81036
6.53592 3.81036
6.58543 3.81036
6.63494 3.81036
6.68444 3.81036
9.4563 5.70891
12.2281 5.70891
15.0 5.70891
0.0 0.479109
0.0500129 0.479109
0.100026 0.500974
0.150039 0.522839
0.200052 0.544704
0.250064 0.566569
0.300077 0.588434
0.35009 0.610298
0.400103 0.632163
0.450116 0.654028
0.500129 0.675893
0.550142 0.697758
0.600155 0.719623
0.650167 0.741487
0.70018 0.763352
0.750193 0.785217
0.800206 0.807082
0.850219 0.828947
0.900232 0.850812
0.950245 0.872676
1.00026 0.894541
1.05027 0.916406
1.10028 0.938271
1.1503 0.960136
1.20031 0.982001
1.25032 1.00387
1.30033 1.02573
1.35035 1.0476
1.40036 1.06946
1.45037 1.09132
1.50039 1.11319
1.5504 1.13505
1.60041 1.15692
1.65043 1.17878
1.70044 1.20065
1.75045 1.22251
1.80056 1.22251
1.85067 1.2556
1.90077 1.28869
1.95088 1.32178
2.00099 1.35488
2.0511 1.38797
2.1012 1.42106
2.15131 1.45415
2.20142 1.48724
2.25153 1.52033
2.30163 1.55342
2.35174 1.58651
2.40185 1.6196
2.45196 1.65269
2.50207 1.68578
2.55217 1.71887
2.60228 1.75196
2.65239 1.78505
2.7025 1.81814
2.7526 1.85123
2.80271 1.88432
2.85282 1.91741
2.90293 1.9505
2.95303 1.98359
3.00314 2.01668
3.05325 2.04977
3.10336 2.08286
3.15346 2.11595
3.20357 2.14904
3.25368 2.18213
3.30379 2.21522
3.35389 2.24831
3.404 2.2814
3.45411 2.31449
3.50422 2.34759
3.55433 2.38068
3.60443 2.41377
3.65454 2.41377
3.70465 2.44539
3.75476 2.47701
3.80487 2.50864
3.85498 2.54026
3.90509 2.57189
3.95519 2.60351
4.0053 2.63514
4.05541 2.66676
4.10552 2.69839
4.15563 2.73001
4.20574 2.76163
4.25585 2.79326
4.30596 2.82488
4.35606 2.85651
4.40617 2.88813
4.45628 2.91976
4.50639 2.95138
4.5565 2.98301
4.60661 3.01463
4.65672 3.04626
4.70682 3.07788
4.75693 3.1095
4.80704 3.14113
4.85715 3.17275
4.90726 3.20438
4.95737 3.236
5.00748 3.26763
5.05759 3.29925
5.10769 3.33088
5.1578 3.3625
5.20703 3.3625
5.25626 3.38137
5.30549 3.40023
5.35472 3.4191
5.40394 3.43797
5.45317 3.45684
5.5024 3.4757
5.55163 3.49457
5.60086 3.51344
5.65008 3.53231
5.69931 3.55118
5.74854 3.57004
5.79777 3.58891
5.847 3.60778
5.89622 3.62665
5.94545 3.64551
5.99468 3.66438
6.04391 3.68325
6.09314 3.70212
6.14236 3.72098
6.19159 3.73985
6.24082 3.75872
6.29005 3.77759
6.33927 3.79645
6.3885 3.81532
6.43773 3.83419
6.48726 3.83419
6.53678 3.83419
6.58631 3.83419
6.63583 3.83419
6.68536 3.83419
6.73488 3.83419
6.7844 3.83419
6.83393 3.83419
6.88345 3.83419
6.93298 3.83419
6.9825 3.83419
7.03203 3.83419
7.08155 3.83419
9.72104 5.91408
12.3605 5.91408
15.0 5.91408
0.0 0.480817
0.0504907 0.480817
0.100981 0.502203
0.151472 0.523589
0.201963 0.544975
0.252453 0.566361
0.302944 0.587747
0.353435 0.609133
0.403925 0.630519
0.454416 0.651905
0.504907 0.673291
0.555397 0.694677
0.605888 0.716063
0.656379 0.737449
0.706869 0.758835
0.75736 0.780221
0.807851 0.801607
0.858341 0.822993
0.908832 0.844379
0.959323 0.865765
1.00981 0.887151
1.0603 0.908537
1.11079 0.929923
1.16129 0.951309
1.21178 0.972695
1.26227 0.994081
1.31276 1.01547
1.36325 1.03685
1.41374 1.05824
1.46423 1.07963
1.51472 1.10101
1.56521 1.1224
1.6157 1.14378
1.66619 1.16517
1.71546 1.16517
1.76474 1.22132
1.81401 1.27746
1.86328 1.33361
1.91256 1.38976
1.96183 1.4459
2.0111 1.50205
2.06038 1.5582
2.10965 1.61435
2.15892 1.67049
2.20819 1.72664
2.25747 1.78279
2.30674 1.83893
2.35601 1.89508
2.40529 1.95123
2.45456 2.00737
2.50383 2.06352
2.5531 2.11967
2.60238 2.17582
2.65165 2.23196
2.70092 2.28811
2.7502 2.34426
2.79947 2.4004
2.84874 2.45655
2.89841 2.45655
2.94808 2.49239
2.99775 2.52822
3.04741 2.56406
3.09708 2.5999
3.14675 2.63573
3.19642 2.67157
3.24609 2.70741
3.29576 2.74324
3.34542 2.77908
3.39509 2.81492
3.44476 2.85075
3.49443 2.88659
3.5441 2.92243
3.59376 2.95826
3.64343 2.9941
3.6931 3.02993
3.74277 3.06577
3.79244 3.10161
3.8421 3.13744
3.89177 3.17328
3.94144 3.20912
3.99111 3.24495
4.04078 3.28079
4.09044 3.31663
4.14185 3.31663
4.19326 3.41576
4.24467 3.51489
4.29608 3.61403
4.34749 3.71316
4.3989 3.81229
4.44832 3.81229
4.49773 3.81229
4.54714 3.81229
4.59655 3.81229
4.64596 3.81229
4.69537 3.81229
4.74478 3.81229
4.79419 3.81229
7.34564 5.97859
9.8971 5.97859
12.4485 5.97859
15.0 5.97859
0.0 0.487128
0.0503918 0.487128
0.100784 0.504491
0.151175 0.521853
0.201567 0.539215
0.251959 0.556578
0.302351 0.57394
0.352743 0.591303
0.403135 0.608665
0.453526 0.626027
0.503918 0.64339
0.55431 0.660752
0.604702 0.678115
0.655094 0.695477
0.705486 0.71284
0.755877 0.730202
0.806269 0.747564
0.856661 0.764927
0.907053 0.782289
0.957445 0.799652
1.00784 0.817014
1.05823 0.834376
1.10862 0.851739
1.15901 0.869101
1.2094 0.886464
1.2598 0.903826
1.31019 0.921189
1.36058 0.938551
1.41097 0.955913
1.46136 0.973276
1.51175 0.990638
1.56215 1.008
1.61254 1.02536
1.66293 1.04273
1.71332 1.06009
1.76371 1.07745
1.81411 1.09481
1.86221 1.09481
1.91031 1.32297
1.95841 1.55113
2.00651 1.77928
2.05461 2.00744
2.10271 2.2356
2.15081 2.46376
2.20028 2.46376
2.24976 2.49518
2.29924 2.5266
2.34872 2.55802
2.3982 2.58944
2.44768 2.62086
2.49716 2.65228
2.54663 2.6837
2.59611 2.71512
2.64559 2.74654
2.69507 2.77796
2.74455 2.80938
2.79403 2.8408
2.84351 2.87222
2.89298 2.90364
2.94246 2.93507
2.99194 2.96649
3.04142 2.99791
3.0909 3.02933
3.14038 3.06075
3.18986 3.09217
3.23934 3.12359
3.28881 3.15501
3.33829 3.18643
3.38777 3.21785
3.43725 3.24927
3.48673 3.28069
3.53621 3.31211
3.58569 3.34353
3.63491 3.34353
3.68414 3.36628
3.73337 3.38902
3.7826 3.41176
3.83183 3.4345
3.88105 3.45724
3.93028 3.47999
3.97951 3.50273
4.02874 3.52547
4.07797 3.54821
4.1272 3.57095
4.17642 3.5937
4.22565 3.61644
4.27488 3.63918
4.32411 3.66192
4.37334 3.68466
4.42256 3.70741
4.47179 3.73015
4.52102 3.75289
4.57025 3.77563
4.61948 3.79837
4.6687 3.82112
4.71793 3.84386
4.76716 3.8666
4.81822 3.8666
4.86927 3.8666
4.92032 3.8666
4.97138 3.8666
5.02243 3.8666
5.07349 3.8666
5.12454 3.8666
5.1756 3.8666
5.22665 3.8666
5.27771 3.8666
5.32876 3.8666
5.37981 3.8666
7.78486 5.97463
10.1899 5.97463
12.595 5.97463
15.0 5.97463
0.0 0.470896
0.0506119 0.470896
0.101224 0.490937
0.151836 0.510977
0.202448 0.531018
0.25306 0.551058
0.303672 0.571099
0.354283 0.591139
0.404895 0.61118
0.455507 0.63122
0.506119 0.65126
0.556731 0.671301
0.607343 0.691341
0.657955 0.711382
0.708567 0.731422
0.759179 0.751463
0.809791 0.771503
0.860403 0.791544
0.911015 0.811584
0.961626 0.831625
1.01224 0.851665
1.06285 0.871706
1.11346 0.891746
1.16407 0.911786
1.21469 0.931827
1.2653 0.951867
1.31591 0.971908
1.36652 0.991948
1.41713 1.01199
1.46775 1.03203
1.51836 1.05207
1.56897 1.07211
1.61958 1.09215
1.67019 1.11219
1.72081 1.13223
1.77142 1.15227
1.82203 1.17231
1.87264 1.19235
1.92325 1.21239
1.97386 1.23243
2.02179 1.23243
2.06971 1.34864
2.11764 1.46484
2.16556 1.58104
2.21349 1.69724
2.26141 1.81345
2.30934 1.92965
2.35726 2.04585
2.40518 2.16205
2.45311 2.27826
2.50103 2.39446
2.55143 2.39446
2.60182 2.51052
2.65222 2.62657
2.70261 2.74263
2.753 2.85869
2.8034 2.97474
2.85379 3.0908
2.90419 3.20686
2.95458 3.32292
3.00498 3.43897
3.05537 3.55503
3.10577 3.67109
3.15616 3.78714
3.20709 3.78714
3.25801 3.80485
3.30893 3.82255
3.35986 3.84026
3.41078 3.85796
3.46171 3.87567
3.51263 3.89337
3.56356 3.91108
3.61448 3.92878
3.66541 3.94649
3.71633 3.96419
3.76726 3.9819
3.81818 3.9996
3.8691 4.01731
3.92003 4.03501
3.97117 4.03501
4.0223 4.03501
4.07344 4.03501
4.12458 4.03501
4.17572 4.03501
4.22685 4.03501
4.27799 4.03501
4.32913 4.03501
4.38026 4.03501
4.4314 4.03501
4.48254 4.03501
4.53368 4.03501
4.58481 4.03501
4.63595 4.03501
4.68709 4.03501
4.73822 4.03501
4.78936 4.03501
4.8405 4.03501
4.89164 4.03501
4.94277 4.03501
7.45708 5.8661
9.97139 5.8661
12.4857 5.8661
15.0 5.8661
0.0 0.479407
0.0501935 0.479407
0.100387 0.501073
0.150581 0.52274
0.200774 0.544407
0.250968 0.566073
0.301161 0.58774
0.351355 0.609407
0.401548 0.631073
0.451742 0.65274
0.501935 0.674406
0.552129 0.696073
0.602322 0.71774
0.652516 0.739406
0.702709 0.761073
0.752903 0.78274
0.803096 0.804406
0.85329 0.826073
0.903483 0.84774
0.953677 0.869406
1.00387 0.891073
1.05406 0.91274
1.10426 0.934406
1.15445 0.956073
1.20464 0.97774
1.25484 0.999406
1.30503 1.02107
1.35522 1.04274
1.40542 1.06441
1.45561 1.08607
1.50581 1.10774
1.556 1.12941
1.60619 1.15107
1.65639 1.17274
1.70658 1.19441
1.75677 1.21607
1.80502 1.21607
1.85328 1.30563
1.90153 1.39518
1.94978 1.48473
1.99803 1.57428
2.04628 1.66383
2.09454 1.75339
2.14279 1.84294
2.19104 1.93249
2.23929 2.02204
2.28754 2.11159
2.33579 2.20115
2.38405 2.2907
2.4323 2.38025
2.48266 2.38025
2.53302 2.41063
2.58338 2.441
2.63374 2.47138
2.68411 2.50175
2.73447 2.53213
2.78483 2.5625
2.83519 2.59288
2.88555 2.62325
2.93591 2.65363
2.98627 2.684
3.03664 2.71438
3.087 2.74476
3.13736 2.77513
3.18772 2.80551
3.23808 2.83588
3.28844 2.86626
3.33881 2.89663
3.38917 2.92701
3.43953 2.95738
3.48989 2.98776
3.54025 3.01813
3.59061 3.04851
3.64097 3.07888
3.69134 3.10926
3.7417 3.13963
3.79206 3.17001
3.84242 3.20039
3.89278 3.23076
3.94314 3.26114
3.99351 3.29151
4.04387 3.32189
4.09423 3.35226
4.14459 3.38264
4.19495 3.41301
4.24531 3.44339
4.29567 3.47376
4.34604 3.50414
4.3964 3.53451
4.44676 3.56489
4.49712 3.59526
4.54748 3.62564
4.59784 3.65602
4.6482 3.68639
4.69742 3.68639
4.74664 3.70585
4.79586 3.72531
4.84507 3.74477
4.89429 3.76423
4.94351 3.78369
4.99273 3.80314
5.04194 3.8226
5.09116 3.84206
5.14038 3.86152
5.18959 3.88098
5.23881 3.90044
5.28803 3.9199
5.33725 3.93936
5.38646 3.95882
5.43568 3.97827
5.4849 3.99773
5.53412 4.01719
5.58333 4.03665
5.63255 4.05611
5.68177 4.07557
5.73309 4.07557
5.78441 4.07557
5.83572 4.07557
5.88704 4.07557
5.93836 4.07557
5.98968 4.07557
6.041 4.07557
6.09232 4.07557
6.14364 4.07557
6.19496 4.07557
6.24627 4.07557
6.29759 4.07557
6.34891 4.07557
6.40023 4.07557
6.45155 4.07557
6.50287 4.07557
9.33525 5.86391
12.1676 5.86391
15.0 5.86391
0.0 0.485156
0.0505124 0.485156
0.101025 0.503764
0.151537 0.522373
0.20205 0.540981
0.252562 0.55959
0.303074 0.578198
0.353587 0.596807
0.404099 0.615416
0.454612 0.634024
0.505124 0.652633
0.555636 0.671241
0.606149 0.68985
0.656661 0.708459
0.707174 0.727067
0.757686 0.745676
0.808198 0.764284
0.858711 0.782893
0.909223 0.801502
0.959735 0.82011
1.01025 0.838719
1.06076 0.857327
1.11127 0.875936
1.16179 0.894545
1.2123 0.913153
1.26281 0.931762
1.31332 0.95037
1.36383 0.968979
1.41435 0.987588
1.46486 1.0062
1.51537 1.0248
1.56588 1.04341
1.6164 1.06202
1.66691 1.08063
1.71742 1.09924
1.76793 1.11785
1.81845 1.13646
1.86896 1.15506
1.91947 1.17367
1.96998 1.19228
2.0205 1.21089
2.07101 1.2295
2.12152 1.24811
2.17203 1.26672
2.22373 1.26672
2.27543 1.34675
2.32713 1.42679
2.37883 1.50683
2.43052 1.58686
2.48222 1.6669
2.53392 1.74694
2.58562 1.82698
2.63732 1.90701
2.68902 1.98705
2.74071 2.06709
2.79241 2.14712
2.84411 2.22716
2.89581 2.3072
2.94552 2.3072
2.99524 2.34437
3.04496 2.38155
3.09468 2.41872
3.14439 2.4559
3.19411 2.49307
3.24383 2.53025
3.29354 2.56742
3.34326 2.60459
3.39298 2.64177
3.44269 2.67894
3.49241 2.71612
3.54213 2.75329
3.59185 2.79047
3.64156 2.82764
3.69128 2.86482
3.741 2.90199
3.79071 2.93917
3.84043 2.97634
3.89015 3.01351
3.93986 3.05069
3.98958 3.08786
4.0393 3.12504
4.08901 3.16221
4.13873 3.19939
4.18845 3.23656
4.23817 3.27374
4.28788 3.31091
4.3376 3.34809
4.38732 3.38526
4.43703 3.42243
4.48675 3.45961
4.53647 3.49678
4.58618 3.53396
4.6359 3.57113
4.68562 3.60831
4.73534 3.64548
4.78505 3.68266
4.83581 3.68266
4.88657 3.7049
4.93732 3.72714
4.98808 3.74938
5.03884 3.77162
5.08959 3.79387
5.14035 3.81611
5.1911 3.83835
5.24186 3.86059
5.29262 3.88283
5.34337 3.90508
5.39413 3.92732
5.44489 3.94956
5.49564 3.9718
5.5464 3.99404
5.59716 4.01629
5.64791 4.03853
5.69852 4.03853
5.74913 4.03853
5.79974 4.03853
5.85035 4.03853
5.90096 4.03853
5.95156 4.03853
6.00217 4.03853
6.05278 4.03853
6.10339 4.03853
6.154 4.03853
6.20461 4.03853
6.25521 4.03853
6.30582 4.03853
6.35643 4.03853
6.40704 4.03853
6.45765 4.03853
6.50826 4.03853
6.55886 4.03853
6.60947 4.03853
6.66008 4.03853
6.71069 4.03853
6.7613 4.03853
6.81191 4.03853
6.86251 4.03853
6.91312 4.03853
6.96373 4.03853
7.01434 4.03853
9.67623 5.82221
12.3381 5.82221
15.0 5.82221
0.0 0.474293
0.0497348 0.474293
0.0994695 0.493753
0.149204 0.513213
0.198939 0.532673
0.248674 0.552133
0.298409 0.571593
0.348143 0.591054
0.397878 0.610514
0.447613 0.629974
0.497348 0.649434
0.547082 0.668894
0.596817 0.688354
0.646552 0.707814
0.696287 0.727274
0.746021 0.746734
0.795756 0.766194
0.845491 0.785654
0.895226 0.805114
0.94496 0.824574
0.994695 0.844035
1.04443 0.863495
1.09416 0.882955
1.1439 0.902415
1.19363 0.921875
1.24337 0.941335
1.2931 0.960795
1.34284 0.980255
1.39257 0.999715
1.44231 1.01918
1.49204 1.03864
1.54178 1.0581
1.59151 1.07756
1.64125 1.09702
1.69098 1.11648
1.74356 1.11648
1.79614 1.3324
1.84872 1.54833
1.9013 1.76425
1.95387 1.98018
2.00645 2.19611
2.05903 2.41203
2.11161 2.62796
2.16419 2.84389
2.21619 2.84389
2.26819 2.90213
2.32019 2.96038
2.37219 3.01862
2.42419 3.07687
2.47619 3.13512
2.52819 3.19336
2.58019 3.25161
2.6322 3.30985
2.6842 3.3681
2.7362 3.42635
2.78669 3.42635
2.83718 3.43251
2.88767 3.43868
2.93816 3.44485
2.98866 3.45101
3.03915 3.45718
3.08964 3.46335
3.14013 3.46951
3.19062 3.47568
3.24111 3.48185
3.2916 3.48801
3.3421 3.49418
3.39259 3.50035
3.44308 3.50651
3.49357 3.51268
3.54406 3.51885
3.59455 3.52501
3.64505 3.53118
3.69554 3.53735
3.74603 3.54351
3.79652 3.54968
3.84701 3.55585
3.8975 3.56201
3.948 3.56818
3.99849 3.57435
4.04898 3.58051
4.09947 3.58668
4.14996 3.59285
4.20045 3.59901
4.25095 3.60518
4.30144 3.61135
4.35193 3.61751
4.40242 3.62368
4.45291 3.62985
4.5034 3.63601
4.5539 3.64218
4.60439 3.64835
4.65488 3.65451
4.70537 3.66068
4.75586 3.66685
4.80635 3.67301
4.85685 3.67918
4.90734 3.68535
4.95783 3.69151
5.00724 3.69151
5.05665 3.69151
5.10606 3.69151
5.15547 3.69151
5.20488 3.69151
5.25429 3.69151
5.3037 3.69151
5.35311 3.69151
5.40253 3.69151
5.45194 3.69151
5.50135 3.69151
5.55076 3.69151
5.60017 3.69151
5.64958 3.69151
5.69899 3.69151
5.7484 3.69151
5.79781 3.69151
5.84722 3.69151
5.89663 3.69151
5.94604 3.69151
5.99545 3.69151
6.04487 3.69151
6.09428 3.69151
6.14369 3.69151
6.1931 3.69151
6.24251 3.69151
6.29192 3.69151
6.34133 3.69151
6.39074 3.69151
6.44015 3.69151
6.48956 3.69151
6.53897 3.69151
6.58838 3.69151
6.63779 3.69151
6.68721 3.69151
6.73662 3.69151
6.78603 3.69151
9.52402 6.20278
12.262 6.20278
15.0 6.20278
0.0 0.472929
0.0498075 0.472929
0.099615 0.494715
0.149422 0.516502
0.19923 0.538288
0.249037 0.560075
0.298845 0.581861
0.348652 0.603647
0.39846 0.625434
0.448267 0.64722
0.498075 0.669007
0.547882 0.690793
0.59769 0.71258
0.647497 0.734366
0.697305 0.756153
0.747112 0.777939
0.79692 0.799726
0.846727 0.821512
0.896535 0.843299
0.946342 0.865085
0.99615 0.886872
1.04596 0.908658
1.09576 0.930445
1.14557 0.952231
1.19538 0.974018
1.24519 0.995804
1.29499 1.01759
1.34485 1.01759
1.3947 1.05967
1.44455 1.10175
1.4944 1.14383
1.54425 1.18591
1.5941 1.22798
1.64395 1.27006
1.69381 1.31214
1.74366 1.35422
1.79351 1.3963
1.84336 1.43838
1.89321 1.48046
1.94306 1.52254
1.99292 1.56461
2.04277 1.60669
2.09262 1.64877
2.14247 1.69085
2.19232 1.73293
2.24217 1.77501
2.29202 1.81709
2.34188 1.85917
2.39173 1.90124
2.44158 1.94332
2.49143 1.9854
2.54128 2.02748
2.59113 2.06956
2.64098 2.11164
2.69084 2.15372
2.74069 2.1958
2.79054 2.23787
2.84039 2.27995
2.89024 2.32203
2.94009 2.36411
2.98994 2.40619
3.0398 2.44827
3.08965 2.49035
3.1395 2.53243
3.18935 2.5745
3.2392 2.61658
3.28905 2.65866
3.3389 2.70074
3.38876 2.74282
3.43861 2.7849
3.48846 2.82698
3.53831 2.86906
3.58816 2.91113
3.63801 2.95321
3.68786 2.99529
3.73772 3.03737
3.78757 3.07945
3.83742 3.12153
3.88858 3.12153
3.93973 3.13814
3.99089 3.15476
4.04204 3.17137
4.0932 3.18799
4.14435 3.2046
4.19551 3.22122
4.24667 3.23783
4.29782 3.25445
4.34898 3.27106
4.39783 3.27106
4.44668 3.30463
4.49553 3.33819
4.54438 3.37176
4.59322 3.40533
4.64207 3.43889
4.69092 3.47246
4.73977 3.50602
4.78862 3.53959
4.83747 3.57316
4.88632 3.60672
4.93517 3.64029
4.98402 3.67385
5.03415 3.67385
5.08428 3.67385
5.13441 3.67385
5.18454 3.67385
5.23467 3.67385
5.28479 3.67385
5.33492 3.67385
5.38505 3.67385
5.43518 3.67385
5.48531 3.67385
5.53544 3.67385
5.58557 3.67385
5.6357 3.67385
5.68583 3.67385
5.73596 3.67385
5.78609 3.67385
5.83622 3.67385
5.88635 3.67385
5.93647 3.67385
5.9866 3.67385
6.03673 3.67385
6.08686 3.67385
6.13699 3.67385
6.18712 3.67385
6.23725 3.67385
6.28738 3.67385
6.33751 3.67385
6.38764 3.67385
6.43777 3.67385
6.4879 3.67385
6.53803 3.67385
6.58815 3.67385
6.63828 3.67385
6.68841 3.67385
6.73854 3.67385
6.78867 3.67385
6.8388 3.67385
6.88893 3.67385
6.93906 3.67385
6.98919 3.67385
7.03932 3.67385
7.08945 3.67385
7.13958 3.67385
7.18971 3.67385
7.23983 3.67385
7.28996 3.67385
7.34009 3.67385
7.39022 3.67385
7.44035 3.67385
7.49048 3.67385
7.54061 3.67385
7.59074 3.67385
10.0605 6.14475
12.5302 6.14475
15.0 6.14475
0.0 0.477458
0.0501221 0.477458
0.100244 0.496107
0.150366 0.514755
0.200488 0.533404
0.25061 0.552053
0.300733 0.570701
0.350855 0.58935
0.400977 0.607999
0.451099 0.626647
0.501221 0.645296
0.551343 0.663945
0.601465 0.682593
0.651587 0.701242
0.701709 0.719891
0.751831 0.738539
0.801953 0.757188
0.852076 0.775837
0.902198 0.794485
0.95232 0.813134
1.00244 0.831783
1.05256 0.850431
1.10269 0.86908
1.15281 0.887729
1.20293 0.906377
1.25305 0.925026
1.30317 0.943675
1.3533 0.962323
1.40342 0.980972
1.45354 0.999621
1.50366 1.01827
1.55378 1.03692
1.60391 1.05557
1.65403 1.07422
1.70415 1.09286
1.75427 1.11151
1.8044 1.13016
1.85452 1.14881
1.90464 1.16746
1.95476 1.18611
2.00488 1.20476
2.05501 1.2234
2.10513 1.24205
2.15525 1.2607
2.20245 1.2607
2.24965 1.33424
2.29684 1.40778
2.34404 1.48133
2.39124 1.55487
2.43844 1.62841
2.48564 1.70195
2.53622 1.70195
2.58679 1.72263
2.63737 1.74331
2.68795 1.76399
2.73853 1.78466
2.7891 1.80534
2.83968 1.82602
2.89026 1.8467
2.94084 1.86738
2.99141 1.88806
3.04199 1.90874
3.09257 1.92942
3.14315 1.9501
3.19372 1.97077
3.2443 1.99145
3.29488 2.01213
3.34546 2.03281
3.39603 2.05349
3.44661 2.07417
3.49719 2.09485
3.54777 2.11553
3.59835 2.13621
3.64892 2.15689
3.6995 2.17756
3.75008 2.19824
3.80066 2.21892
3.85123 2.2396
3.90181 2.26028
3.95239 2.28096
4.00297 2.30164
4.05354 2.32232
4.10412 2.343
4.1547 2.36367
4.20528 2.38435
4.25585 2.40503
4.30457 2.40503
4.35328 2.50843
4.402 2.61182
4.45071 2.71522
4.49943 2.81862
4.54814 2.92201
4.59686 3.02541
4.64557 3.1288
4.69429 3.2322
4.743 3.3356
4.79172 3.43899
4.84043 3.54239
4.88915 3.64578
4.93786 3.74918
4.98658 3.85258
5.03529 3.95597
5.084 4.05937
5.13272 4.16276
5.18143 4.26616
5.23203 4.26616
5.28262 4.26616
5.33321 4.26616
5.38381 4.26616
5.4344 4.26616
5.48499 4.26616
5.53559 4.26616
5.58618 4.26616
5.63677 4.26616
5.68737 4.26616
5.73796 4.26616
5.78855 4.26616
5.83915 4.26616
5.88974 4.26616
5.94033 4.26616
5.99093 4.26616
6.04152 4.26616
6.09211 4.26616
6.14271 4.26616
6.1933 4.26616
6.24389 4.26616
6.29449 4.26616
6.34508 4.26616
6.39567 4.26616
6.44627 4.26616
6.49686 4.26616
6.54745 4.26616
6.59805 4.26616
6.64864 4.26616
6.69923 4.26616
9.46615 4.96903
12.2331 4.96903
15.0 4.96903
0.0 0.47854
0.0499893 0.47854
0.0999785 0.498632
0.149968 0.518723
0.199957 0.538815
0.249946 0.558906
0.299936 0.578998
0.349925 0.599089
0.399914 0.619181
0.449903 0.639272
0.499893 0.659364
0.549882 0.679455
0.599871 0.699547
0.649861 0.719638
0.69985 0.73973
0.749839 0.759821
0.799828 0.779913
0.849818 0.800004
0.899807 0.820096
0.949796 0.840187
0.999785 0.860279
1.04977 0.88037
1.09976 0.900462
1.14975 0.920553
1.19974 0.940644
1.24973 0.960736
1.29972 0.980827
1.34971 1.00092
1.3997 1.02101
1.44969 1.0411
1.49968 1.06119
1.54967 1.08128
1.59966 1.10138
1.64965 1.12147
1.69964 1.14156
1.74962 1.16165
1.79961 1.18174
1.8496 1.20183
1.90002 1.20183
1.95043 1.24095
2.00085 1.28007
2.05126 1.31919
2.10167 1.35831
2.15209 1.39743
2.2025 1.43655
2.25292 1.47567
2.30333 1.51479
2.35375 1.55391
2.40416 1.59303
2.45457 1.63215
2.50499 1.67127
2.5554 1.71039
2.60582 1.74951
2.65545 1.74951
2.70508 1.76352
2.75472 1.77754
2.80435 1.79155
2.85398 1.80556
2.90362 1.81958
2.95325 1.83359
3.00288 1.84761
3.05252 1.86162
3.10215 1.87563
3.15179 1.88965
3.20142 1.90366
3.25105 1.91768
3.30069 1.93169
3.35032 1.94571
3.39995 1.95972
3.44959 1.97373
3.49922 1.98775
3.54885 2.00176
3.59849 2.01578
3.64812 2.02979
3.69775 2.0438
3.74739 2.05782
3.79702 2.07183
3.84665 2.08585
3.89629 2.09986
3.94592 2.11387
3.99555 2.12789
4.04519 2.1419
4.09482 2.15592
4.14446 2.16993
4.19409 2.18394
4.24372 2.19796
4.29336 2.21197
4.34299 2.22599
4.39262 2.24
4.44226 2.25401
4.49189 2.26803
4.54152 2.28204
4.59116 2.29606
4.64079 2.31007
4.69042 2.32408
4.74006 2.3381
4.78989 2.3381
4.83972 2.5027
4.88955 2.66729
4.93939 2.83189
4.98922 2.99649
5.03905 3.16109
5.08888 3.32568
5.13872 3.49028
5.18855 3.65488
5.23838 3.81948
5.28821 3.98407
5.33805 4.14867
5.38788 4.31327
5.43715 4.31327
5.48641 4.31327
5.53568 4.31327
5.58495 4.31327
5.63422 4.31327
5.68349 4.31327
5.73276 4.31327
5.78202 4.31327
5.83129 4.31327
5.88056 4.31327
5.92983 4.31327
5.9791 4.31327
6.02836 4.31327
6.07763 4.31327
6.1269 4.31327
6.17617 4.31327
6.22544 4.31327
6.27471 4.31327
6.32397 4.31327
6.37324 4.31327
6.42251 4.31327
6.47178 4.31327
6.52105 4.31327
6.57032 4.31327
6.61958 4.31327
6.66885 4.31327
9.4459 5.01707
12.223 5.01707
15.0 5.01707
0.0 0.480785
0.0495068 0.480785
0.0990136 0.501169
0.14852 0.521553
0.198027 0.541937
0.247534 0.562321
0.297041 0.582705
0.346548 0.603089
0.396054 0.623473
0.445561 0.643857
0.495068 0.664241
0.544575 0.684624
0.594082 0.705008
0.643588 0.725392
0.693095 0.745776
0.742602 0.76616
0.792109 0.786544
0.841616 0.806928
0.891122 0.827312
0.940629 0.847696
0.990136 0.86808
1.03964 0.888464
1.08915 0.908848
1.13866 0.929231
1.18816 0.949615
1.23767 0.969999
1.28718 0.990383
1.33668 1.01077
1.38619 1.03115
1.4357 1.05154
1.4852 1.07192
1.53471 1.0923
1.58422 1.11269
1.63372 1.13307
1.68323 1.15345
1.73274 1.17384
1.78224 1.19422
1.83175 1.21461
1.88126 1.23499
1.93284 1.23499
1.98442 1.26977
2.036 1.30455
2.08758 1.33934
2.13916 1.37412
2.19074 1.4089
2.24232 1.44368
2.2939 1.47846
2.34548 1.51325
2.39706 1.54803
2.44864 1.58281
2.50022 1.61759
2.5518 1.65237
2.60338 1.68716
2.65496 1.72194
2.70463 1.72194
2.7543 1.73385
2.80397 1.74576
2.85364 1.75767
2.90331 1.76958
2.95299 1.78149
3.00266 1.7934
3.05233 1.80531
3.102 1.81722
3.15167 1.82913
3.20134 1.84104
3.25101 1.85295
3.30068 1.86486
3.35035 1.87677
3.40002 1.88868
3.44969 1.90059
3.49937 1.9125
3.54904 1.92441
3.59871 1.93633
3.64838 1.94824
3.69805 1.96015
3.74772 1.97206
3.79739 1.98397
3.84706 1.99588
3.89673 2.00779
3.9464 2.0197
3.99608 2.03161
4.04575 2.04352
4.09542 2.05543
4.14509 2.06734
4.19476 2.07925
4.24443 2.09116
4.2941 2.10307
4.34377 2.11498
4.39344 2.12689
4.44311 2.1388
4.49278 2.15071
4.54246 2.16262
4.59213 2.17453
4.6418 2.18644
4.69147 2.19835
4.74114 2.21026
4.79081 2.22217
4.84048 2.23408
4.89015 2.24599
4.93982 2.2579
4.98949 2.26982
5.03916 2.28173
5.08884 2.29364
5.13851 2.30555
5.18818 2.31746
5.23785 2.32937
5.28752 2.34128
5.33719 2.35319
5.38686 2.3651
5.43653 2.37701
5.4862 2.38892
5.53587 2.40083
5.58679 2.40083
5.6377 2.54801
5.68861 2.69518
5.73952 2.84236
5.79044 2.98953
5.84135 3.13671
5.89226 3.28389
5.94317 3.43106
5.99409 3.57824
6.045 3.72541
6.09591 3.87259
6.14682 4.01977
6.19774 4.16694
6.24749 4.16694
6.29725 4.16694
6.347 4.16694
6.39676 4.16694
6.44651 4.16694
6.49627 4.16694
6.54602 4.16694
6.59578 4.16694
6.64554 4.16694
6.69529 4.16694
6.74505 4.16694
6.7948 4.16694
6.84456 4.16694
6.89431 4.16694
6.94407 4.16694
6.99382 4.16694
7.04358 4.16694
7.09333 4.16694
7.14309 4.16694
7.19285 4.16694
7.2426 4.16694
7.29236 4.16694
7.34211 4.16694
7.39187 4.16694
7.44162 4.16694
7.49138 4.16694
7.54113 4.16694
7.59089 4.16694
7.64065 4.16694
7.6904 4.16694
7.74016 4.16694
7.78991 4.16694
7.83967 4.16694
7.88942 4.16694
7.93918 4.16694
7.98893 4.16694
10.326 5.00085
12.663 5.00085
15.0 5.00085
0.0 0.474445
0.0504237 0.474445
0.100847 0.495645
0.151271 0.516845
0.201695 0.538045
0.252119 0.559245
0.302542 0.580445
0.352966 0.601645
0.40339 0.622845
0.453813 0.644045
0.504237 0.665245
0.554661 0.686445
0.605084 0.707645
0.655508 0.728845
0.705932 0.750045
0.756356 0.771245
0.806779 0.792445
0.857203 0.813645
0.907627 0.834845
0.95805 0.856045
1.00847 0.877245
1.0589 0.898445
1.10932 0.919645
1.15975 0.940845
1.21017 0.962045
1.26059 0.983245
1.31102 1.00444
1.36144 1.02564
1.41186 1.04684
1.46229 1.06804
1.51271 1.08924
1.56313 1.11044
1.61356 1.13164
1.66398 1.15284
1.71441 1.17404
1.76439 1.17404
1.81438 1.19564
1.86436 1.21724
1.91435 1.23884
1.96433 1.26044
2.01432 1.28204
2.0643 1.30364
2.11429 1.32523
2.16427 1.34683
2.21426 1.36843
2.26424 1.39003
2.31423 1.41163
2.36421 1.43323
2.4142 1.45483
2.46419 1.47642
2.51417 1.49802
2.56416 1.51962
2.61414 1.54122
2.66413 1.56282
2.71411 1.58442
2.7641 1.60602
2.81408 1.62761
2.86407 1.64921
2.91405 1.67081
2.96372 1.67081
3.01339 1.68569
3.06305 1.70058
3.11272 1.71546
3.16238 1.73034
3.21205 1.74522
3.26171 1.7601
3.31138 1.77498
3.36105 1.78987
3.41071 1.80475
3.46038 1.81963
3.51004 1.83451
3.55971 1.84939
3.60938 1.86427
3.65904 1.87916
3.70871 1.89404
3.75837 1.90892
3.80804 1.9238
3.85771 1.93868
3.90737 1.95357
3.95704 1.96845
4.0067 1.98333
4.05637 1.99821
4.10604 2.01309
4.1557 2.02797
4.20537 2.04286
4.25503 2.05774
4.3047 2.07262
4.35437 2.0875
4.40403 2.10238
4.4537 2.11727
4.50336 2.13215
4.55303 2.14703
4.6027 2.16191
4.65236 2.17679
4.70203 2.19167
4.75169 2.20656
4.80136 2.22144
4.85103 2.23632
4.90069 2.2512
4.95036 2.26608
5.00002 2.28097
5.04969 2.29585
5.09936 2.31073
5.14934 2.31073
5.19933 2.39753
5.24931 2.48433
5.2993 2.57113
5.34929 2.65793
5.39927 2.74473
5.44926 2.83153
5.49924 2.91833
5.54923 3.00513
5.59922 3.09193
5.6492 3.17873
5.69919 3.26553
5.74917 3.35233
5.79916 3.43913
5.84915 3.52593
5.89913 3.61273
5.94912 3.69953
5.99911 3.78633
6.04909 3.87313
6.09908 3.95993
6.14906 4.04673
6.19903 4.04673
6.24901 4.04673
6.29898 4.04673
6.34895 4.04673
6.39892 4.04673
6.44889 4.04673
6.49886 4.04673
6.54883 4.04673
6.5988 4.04673
6.64877 4.04673
6.69875 4.04673
6.74872 4.04673
6.79869 4.04673
6.84866 4.04673
6.89863 4.04673
6.9486 4.04673
6.99857 4.04673
7.04854 4.04673
7.09852 4.04673
7.14849 4.04673
7.19846 4.04673
7.24843 4.04673
7.2984 4.04673
7.34837 4.04673
7.39834 4.04673
7.44831 4.04673
7.49828 4.04673
7.54826 4.04673
7.59823 4.04673
7.6482 4.04673
7.69817 4.04673
7.74814 4.04673
7.79811 4.04673
10.1987 4.74815
12.5994 4.74815
15.0 4.74815
0.0 0.475809
0.0492188 0.475809
0.0984377 0.498079
0.147657 0.52035
0.196875 0.54262
0.246094 0.564891
0.295313 0.587161
0.344532 0.609431
0.393751 0.631702
0.44297 0.653972
0.492188 0.676243
0.541407 0.698513
0.590626 0.720784
0.639845 0.743054
0.689064 0.765325
0.738283 0.787595
0.787501 0.809866
0.83672 0.832136
0.885939 0.854407
0.935158 0.876677
0.984377 0.898948
1.0336 0.921218
1.08281 0.943489
1.13203 0.965759
1.18125 0.98803
1.23047 1.0103
1.27969 1.03257
1.32891 1.05484
1.37813 1.07711
1.42735 1.09938
1.47657 1.12165
1.52578 1.14392
1.57506 1.14392
1.62433 1.17336
1.6736 1.2028
1.72287 1.23224
1.77215 1.26168
1.82142 1.29112
1.87069 1.32056
1.91996 1.35
1.96924 1.37944
2.01851 1.40887
2.06778 1.43831
2.11705 1.46775
2.16633 1.49719
2.2156 1.52663
2.26487 1.55607
2.31414 1.58551
2.36342 1.61495
2.41269 1.64439
2.46196 1.67383
2.51123 1.70327
2.56269 1.70327
2.61415 1.74368
2.6656 1.78409
2.71706 1.8245
2.76852 1.86491
2.81997 1.90532
2.87143 1.94573
2.92289 1.98614
2.97434 2.02655
3.0258 2.06696
3.07726 2.10737
3.12871 2.14778
3.18017 2.18819
3.23162 2.2286
3.28308 2.26901
3.33454 2.30942
3.38511 2.30942
3.43568 2.36316
3.48624 2.4169
3.53681 2.47064
3.58738 2.52438
3.63795 2.57812
3.68852 2.63186
3.73909 2.6856
3.78966 2.73933
3.84023 2.79307
3.89079 2.84681
3.94136 2.90055
3.99193 2.95429
4.0425 3.00803
4.09307 3.06177
4.14364 3.11551
4.19421 3.16925
4.24478 3.22299
4.29534 3.27672
4.34591 3.33046
4.39648 3.3842
4.44705 3.43794
4.49762 3.49168
4.54819 3.54542
4.59876 3.59916
4.64933 3.6529
4.69989 3.70664
4.75046 3.76038
4.80103 3.81411
4.8516 3.86785
4.90217 3.92159
4.95274 3.97533
5.00331 4.02907
5.05388 4.08281
5.10455 4.08281
5.15523 4.08281
5.20591 4.08281
5.25658 4.08281
5.30726 4.08281
5.35794 4.08281
5.40861 4.08281
5.45929 4.08281
5.50997 4.08281
5.56064 4.08281
5.61132 4.08281
5.662 4.08281
5.71268 4.08281
5.76335 4.08281
5.81403 4.08281
5.86471 4.08281
5.91538 4.08281
5.96606 4.08281
6.01674 4.08281
6.06741 4.08281
6.11809 4.08281
6.16877 4.08281
6.21944 4.08281
6.27012 4.08281
6.3208 4.08281
6.37148 4.08281
6.42215 4.08281
9.28143 4.80023
12.1407 4.80023
15.0 4.80023
0.0 0.471413
0.0494 0.471413
0.0987999 0.492441
0.1482 0.513469
0.1976 0.534497
0.247 0.555525
0.2964 0.576553
0.3458 0.597581
0.3952 0.618609
0.4446 0.639637
0.494 0.660665
0.5434 0.681692
0.5928 0.70272
0.6422 0.723748
0.6916 0.744776
0.741 0.765804
0.7904 0.786832
0.8398 0.80786
0.8892 0.828888
0.938599 0.849916
0.987999 0.870944
1.0374 0.891971
1.0868 0.912999
1.1362 0.934027
1.1856 0.955055
1.235 0.976083
1.2844 0.997111
1.3338 1.01814
1.3832 1.03917
1.4326 1.06019
1.482 1.08122
1.5314 1.10225
1.5808 1.12328
1.6302 1.14431
1.6796 1.16533
1.729 1.18636
1.7784 1.20739
1.8278 1.22842
1.8772 1.24945
1.9266 1.27047
1.976 1.2915
2.02907 1.2915
2.08215 1.31978
2.13522 1.34806
2.1883 1.37634
2.24137 1.40462
2.29444 1.4329
2.34752 1.46118
2.40059 1.48946
2.45072 1.48946
2.50084 1.50694
2.55097 1.52443
2.6011 1.54192
2.65122 1.5594
2.70135 1.57689
2.75147 1.59437
2.8016 1.61186
2.85173 1.62935
2.90185 1.64683
2.95198 1.66432
3.0021 1.6818
3.05223 1.69929
3.10236 1.71678
3.15248 1.73426
3.20261 1.75175
3.25273 1.76923
3.30286 1.78672
3.35299 1.80421
3.40311 1.82169
3.45324 1.83918
3.50336 1.85666
3.55349 1.87415
3.60362 1.89164
3.65374 1.90912
3.70387 1.92661
3.75399 1.94409
3.80412 1.96158
3.85425 1.97907
3.90437 1.99655
3.9545 2.01404
4.00463 2.03152
4.05475 2.04901
4.10488 2.0665
4.155 2.08398
4.20513 2.10147
4.25526 2.11895
4.30538 2.13644
4.35551 2.15393
4.40563 2.17141
4.45576 2.1889
4.50589 2.20638
4.55601 2.22387
4.60614 2.24135
4.65626 2.25884
4.70639 2.27633
4.75652 2.29381
4.80664 2.3113
4.85677 2.32878
4.90689 2.34627
4.95702 2.36376
5.00715 2.38124
5.05727 2.39873
5.1077 2.39873
5.15813 2.52071
5.20856 2.64269
5.25899 2.76467
5.30942 2.88665
5.35984 3.00863
5.41027 3.13061
5.4607 3.25259
5.51113 3.37457
5.56156 3.49655
5.61199 3.61853
5.66242 3.74051
5.71284 3.86249
5.76327 3.98447
5.8137 4.10645
5.86413 4.22843
5.91415 4.22843
5.96416 4.22843
6.01418 4.22843
6.0642 4.22843
6.11421 4.22843
6.16423 4.22843
6.21424 4.22843
6.26426 4.22843
6.31428 4.22843
6.36429 4.22843
6.41431 4.22843
6.46433 4.22843
6.51434 4.22843
6.56436 4.22843
6.61437 4.22843
6.66439 4.22843
6.71441 4.22843
6.76442 4.22843
6.81444 4.22843
6.86445 4.22843
6.91447 4.22843
6.96449 4.22843
7.0145 4.22843
7.06452 4.22843
7.11454 4.22843
7.16455 4.22843
7.21457 4.22843
7.26458 4.22843
7.3146 4.22843
7.36462 4.22843
7.41463 4.22843
7.46465 4.22843
7.51467 4.22843
7.56468 4.22843
7.6147 4.22843
7.66471 4.22843
7.71473 4.22843
7.76475 4.22843
10.1765 4.58497
12.5882 4.58497
15.0 4.58497
0.0 0.476008
0.0495814 0.476008
0.0991627 0.496901
0.148744 0.517794
0.198325 0.538687
0.247907 0.55958
0.297488 0.580473
0.34707 0.601366
0.396651 0.622259
0.446232 0.643152
0.495814 0.664045
0.545395 0.684938
0.594976 0.705831
0.644558 0.726724
0.694139 0.747617
0.74372 0.76851
0.793302 0.789403
0.842883 0.810296
0.892465 0.831189
0.942046 0.852082
0.991627 0.872975
1.04121 0.893868
1.09079 0.914761
1.14037 0.935654
1.18995 0.956547
1.23953 0.97744
1.28912 0.998333
1.3387 1.01923
1.38828 1.04012
1.43722 1.04012
1.48616 1.07509
1.5351 1.11006
1.58404 1.14504
1.63299 1.18001
1.68193 1.21498
1.73087 1.24996
1.77981 1.28493
1.82875 1.3199
1.87769 1.35487
1.92664 1.38985
1.97558 1.42482
2.02452 1.45979
2.07346 1.49476
2.1224 1.52974
2.17307 1.52974
2.22375 1.55896
2.27442 1.58818
2.32509 1.6174
2.37576 1.64662
2.42643 1.67584
2.47711 1.70506
2.52778 1.73428
2.57845 1.7635
2.62912 1.79272
2.67979 1.82194
2.73047 1.85116
2.78114 1.88038
2.83181 1.9096
2.88248 1.93882
2.93315 1.96804
2.98382 1.99726
3.0345 2.02648
3.08517 2.0557
3.13584 2.08492
3.18651 2.11414
3.23718 2.14336
3.28786 2.17258
3.33853 2.2018
3.3892 2.23102
3.43987 2.26024
3.49054 2.28946
3.53954 2.28946
3.58854 2.37686
3.63753 2.46425
3.68653 2.55165
3.73553 2.63905
3.78452 2.72645
3.83352 2.81385
3.88252 2.90124
3.93151 2.98864
3.98051 3.07604
4.02951 3.16344
4.0785 3.25083
4.1275 3.33823
4.1765 3.42563
4.22549 3.51303
4.27449 3.60043
4.32348 3.68782
4.37248 3.77522
4.42148 3.86262
4.47047 3.95002
4.51947 4.03741
4.56847 4.12481
4.61746 4.21221
4.66646 4.29961
4.71599 4.29961
4.76551 4.29961
4.81503 4.29961
4.86456 4.29961
4.91408 4.29961
4.96361 4.29961
5.01313 4.29961
5.06266 4.29961
5.11218 4.29961
5.16171 4.29961
5.21123 4.29961
5.26075 4.29961
5.31028 4.29961
5.3598 4.29961
5.40933 4.29961
5.45885 4.29961
5.50838 4.29961
5.5579 4.29961
5.60743 4.29961
5.65695 4.29961
5.70648 4.29961
5.756 4.29961
5.80552 4.29961
5.85505 4.29961
5.90457 4.29961
5.9541 4.29961
6.00362 4.29961
6.05315 4.29961
6.10267 4.29961
6.1522 4.29961
8.36415 4.5359
10.5761 4.5359
12.788 4.5359
15.0 4.5359
0.0 0.484035
0.0506323 0.484035
0.101265 0.501264
0.151897 0.518493
0.202529 0.535721
0.253161 0.55295
0.303794 0.570179
0.354426 0.587407
0.405058 0.604636
0.45569 0.621864
0.506323 0.639093
0.556955 0.656322
0.607587 0.67355
0.65822 0.690779
0.708852 0.708008
0.759484 0.725236
0.810116 0.742465
0.860749 0.759694
0.911381 0.776922
0.962013 0.794151
1.01265 0.811379
1.06328 0.828608
1.11391 0.845837
1.16454 0.863065
1.21517 0.880294
1.26581 0.897523
1.31644 0.914751
1.36707 0.93198
1.4177 0.949208
1.46834 0.966437
1.51897 0.983666
1.5696 1.00089
1.62023 1.01812
1.67086 1.03535
1.7215 1.05258
1.77088 1.05258
1.82026 1.06546
1.86964 1.07835
1.91902 1.09123
1.96841 1.10412
2.01779 1.117
2.06717 1.12989
2.11655 1.14277
2.16593 1.15565
2.21531 1.16854
2.2647 1.18142
2.31408 1.19431
2.36346 1.20719
2.41284 1.22007
2.46222 1.23296
2.5116 1.24584
2.56099 1.25873
2.61037 1.27161
2.65975 1.2845
2.70913 1.29738
2.75851 1.31026
2.80789 1.32315
2.85728 1.33603
2.90666 1.34892
2.95604 1.3618
3.00542 1.37469
3.0548 1.38757
3.10418 1.40045
3.15357 1.41334
3.20295 1.42622
3.25233 1.43911
3.30171 1.45199
3.35109 1.46487
3.40047 1.47776
3.4492 1.47776
3.49793 1.61235
3.54666 1.74694
3.59538 1.88153
3.64411 2.01611
3.69284 2.1507
3.74157 2.28529
3.79029 2.41988
3.83993 2.41988
3.88957 2.5071
3.93921 2.59432
3.98885 2.68154
4.03849 2.76876
4.08813 2.85598
4.13777 2.9432
4.18741 3.03042
4.23704 3.11764
4.28668 3.20486
4.33632 3.29208
4.38596 3.3793
4.4356 3.46652
4.48524 3.55374
4.53488 3.64096
4.58452 3.72818
4.63416 3.8154
4.6838 3.90262
4.73344 3.98984
4.78308 4.07706
4.83271 4.16428
4.88235 4.2515
4.93199 4.33872
4.98142 4.33872
5.03085 4.33872
5.08028 4.33872
5.12971 4.33872
5.17913 4.33872
5.22856 4.33872
5.27799 4.33872
5.32742 4.33872
5.37685 4.33872
5.42628 4.33872
5.47571 4.33872
5.52513 4.33872
5.57456 4.33872
5.62399 4.33872
5.67342 4.33872
5.72285 4.33872
5.77228 4.33872
5.82171 4.33872
5.87113 4.33872
5.92056 4.33872
5.96999 4.33872
8.22749 4.54433
10.485 4.54433
12.7425 4.54433
15.0 4.54433
0.0 0.484026
0.0508882 0.484026
0.101776 0.505857
0.152665 0.527689
0.203553 0.54952
0.254441 0.571352
0.305329 0.593184
0.356217 0.615015
0.407105 0.636847
0.457994 0.658679
0.508882 0.68051
0.55977 0.702342
0.610658 0.724173
0.661546 0.746005
0.712434 0.767837
0.763323 0.789668
0.814211 0.8115
0.865099 0.833332
0.915987 0.855163
0.966875 0.876995
1.01776 0.898827
1.06865 0.920658
1.11954 0.94249
1.17043 0.964321
1.22132 0.986153
1.2722 1.00798
1.32309 1.02982
1.37398 1.05165
1.42493 1.05165
1.47587 1.07191
1.52682 1.09217
1.57777 1.11243
1.62871 1.13269
1.67966 1.15295
1.73061 1.17321
1.78155 1.19347
1.8325 1.21374
1.88345 1.234
1.93439 1.25426
1.98534 1.27452
2.03629 1.29478
2.08723 1.31504
2.13818 1.3353
2.18913 1.35556
2.24007 1.37582
2.29102 1.39608
2.34197 1.41634
2.39292 1.43661
2.44386 1.45687
2.49481 1.47713
2.54576 1.49739
2.5967 1.51765
2.64881 1.51765
2.70092 1.61084
2.75303 1.70404
2.80514 1.79723
2.85725 1.89042
2.90936 1.98362
2.96147 2.07681
3.01358 2.17
3.06569 2.2632
3.1178 2.35639
3.16822 2.35639
3.21865 2.4505
3.26908 2.54461
3.3195 2.63873
3.36993 2.73284
3.42036 2.82695
3.47078 2.92107
3.52121 3.01518
3.57164 3.10929
3.62207 3.20341
3.67249 3.29752
3.72292 3.39163
3.77335 3.48575
3.82377 3.57986
3.8742 3.67397
3.92463 3.76808
3.97505 3.8622
4.02548 3.95631
4.07591 4.05042
4.12633 4.14454
4.17676 4.23865
4.22719 4.33276
4.27786 4.33276
4.32854 4.33276
4.37921 4.33276
4.42989 4.33276
4.48056 4.33276
4.53124 4.33276
4.58191 4.33276
4.63259 4.33276
4.68326 4.33276
4.73394 4.33276
4.78461 4.33276
4.83529 4.33276
4.88596 4.33276
4.93664 4.33276
4.98731 4.33276
5.03799 4.33276
5.08866 4.33276
5.13934 4.33276
5.19001 4.33276
5.24069 4.33276
5.29136 4.33276
5.34204 4.33276
5.39271 4.33276
5.44339 4.33276
7.83254 4.64456
10.2217 4.64456
12.6108 4.64456
15.0 4.64456
0.0 0.492718
0.0504128 0.492718
0.100826 0.513731
0.151238 0.534744
0.201651 0.555757
0.252064 0.576771
0.302477 0.597784
0.35289 0.618797
0.403303 0.63981
0.453715 0.660824
0.504128 0.681837
0.554541 0.70285
0.604954 0.723863
0.655367 0.744877
0.70578 0.76589
0.756192 0.786903
0.806605 0.807916
0.857018 0.82893
0.907431 0.849943
0.957844 0.870956
1.00826 0.891969
1.05867 0.912983
1.10908 0.933996
1.1595 0.955009
1.20991 0.976022
1.26032 0.997036
1.31073 1.01805
1.36115 1.03906
1.41156 1.06008
1.46197 1.08109
1.51273 1.08109
1.56349 1.09704
1.61424 1.11299
1.665 1.12894
1.71576 1.14489
1.76652 1.16083
1.81727 1.17678
1.86803 1.19273
1.91879 1.20868
1.96954 1.22463
2.0203 1.24058
2.07106 1.25653
2.12182 1.27248
2.17257 1.28843
2.22333 1.30438
2.27409 1.32033
2.32485 1.33628
2.3756 1.35222
2.42636 1.36817
2.47712 1.38412
2.52787 1.40007
2.57863 1.41602
2.62939 1.43197
2.68015 1.44792
2.7309 1.46387
2.78166 1.47982
2.83242 1.49577
2.88317 1.51172
2.93393 1.52767
2.98407 1.52767
3.03421 1.55611
3.08435 1.58455
3.13449 1.613
3.18463 1.64144
3.23477 1.66988
3.2849 1.69833
3.33504 1.72677
3.38518 1.75522
3.43532 1.78366
3.48546 1.8121
3.5356 1.84055
3.58574 1.86899
3.63588 1.89743
3.68602 1.92588
3.73616 1.95432
3.78629 1.98276
3.83643 2.01121
3.88657 2.03965
3.93671 2.0681
3.98685 2.09654
4.03699 2.12498
4.08713 2.15343
4.13727 2.18187
4.18741 2.21031
4.23755 2.23876
4.28768 2.2672
4.33782 2.29564
4.38796 2.32409
4.43815 2.32409
4.48833 2.48016
4.53851 2.63623
4.5887 2.7923
4.63888 2.94837
4.68907 3.10444
4.73925 3.26051
4.78943 3.41658
4.83962 3.57265
4.8898 3.72872
4.93999 3.88479
4.99017 4.04086
5.04035 4.19693
5.09054 4.353
5.13956 4.353
5.18859 4.353
5.23761 4.353
5.28663 4.353
5.33566 4.353
5.38468 4.353
7.78851 4.63607
10.1923 4.63607
12.5962 4.63607
15.0 4.63607
0.0 0.478846
0.0513905 0.478846
0.102781 0.502968
0.154171 0.52709
0.205562 0.551212
0.256952 0.575334
0.308343 0.599456
0.359733 0.623578
0.411124 0.6477
0.462514 0.671822
0.513905 0.695944
0.565295 0.720066
0.614756 0.720066
0.664217 0.720338
0.713678 0.72061
0.763139 0.720882
0.812599 0.721154
0.86206 0.721425
0.911521 0.721697
0.960982 0.721969
1.01044 0.722241
1.0599 0.722513
1.10936 0.722785
1.15883 0.723056
1.20829 0.723328
1.25775 0.7236
1.30721 0.723872
1.35667 0.724144
1.40613 0.724415
1.45559 0.724687
1.50505 0.724959
1.55451 0.725231
1.60582 0.725231
1.65712 0.919783
1.70843 1.11433
1.75974 1.30889
1.81104 1.50344
1.86235 1.69799
1.91366 1.89254
1.96496 2.08709
2.01627 2.28165
2.06758 2.4762
2.11691 2.4762
2.16623 2.53376
2.21556 2.59133
2.26489 2.64889
2.31422 2.70646
2.36355 2.76402
2.41288 2.82159
2.46221 2.87915
2.51154 2.93671
2.56086 2.99428
2.61019 3.05184
2.65952 3.10941
2.70885 3.16697
2.75818 3.22454
2.80751 3.2821
2.85684 3.33967
2.90617 3.39723
2.95549 3.45479
3.00482 3.51236
3.05415 3.56992
3.10348 3.62749
3.15387 3.62749
3.20426 3.62749
3.25465 3.62749
3.30504 3.62749
3.35543 3.62749
3.40582 3.62749
3.45621 3.62749
3.5066 3.62749
3.55699 3.62749
3.60738 3.62749
3.65777 3.62749
3.70816 3.62749
3.75855 3.62749
3.80894 3.62749
3.85933 3.62749
3.90972 3.62749
3.96011 3.62749
4.0105 3.62749
4.06089 3.62749
4.11128 3.62749
4.16167 3.62749
4.21207 3.62749
4.26246 3.62749
4.31285 3.62749
4.36324 3.62749
4.41363 3.62749
7.06022 4.81918
9.70681 4.81918
12.3534 4.81918
15.0 4.81918
0.0 0.469421
0.0505381 0.469421
0.101076 0.491465
0.151614 0.513508
0.202153 0.535552
0.252691 0.557595
0.303229 0.579639
0.353767 0.601682
0.404305 0.623726
0.454843 0.645769
0.505381 0.667813
0.55592 0.689856
0.606458 0.7119
0.656996 0.733943
0.707534 0.755987
0.758072 0.77803
0.80861 0.800074
0.859939 0.800074
0.911267 0.801308
0.962596 0.802543
1.01392 0.803777
1.06525 0.805012
1.11658 0.806247
1.16791 0.807481
1.21924 0.808716
1.27057 0.80995
1.3219 0.811185
1.37508 0.811185
1.42826 1.09771
1.48144 1.38424
1.53462 1.67077
1.5878 1.9573
1.64098 2.24382
1.69416 2.53035
1.74496 2.53035
1.79577 2.58752
1.84657 2.6447
1.89737 2.70187
1.94818 2.75904
1.99898 2.81621
2.04978 2.87338
2.10059 2.93055
2.15139 2.98772
2.2022 3.04489
2.253 3.10207
2.3038 3.15924
2.35461 3.21641
2.40541 3.27358
2.45622 3.33075
2.50702 3.38792
2.55782 3.44509
2.60863 3.50227
2.65943 3.55944
2.71024 3.61661
2.76078 3.61661
2.81132 3.61661
2.86187 3.61661
2.91241 3.61661
2.96295 3.61661
3.0135 3.61661
3.06404 3.61661
3.11458 3.61661
3.16513 3.61661
3.21567 3.61661
3.26622 3.61661
3.31676 3.61661
3.3673 3.61661
3.41785 3.61661
3.46839 3.61661
3.51893 3.61661
3.56948 3.61661
3.62002 3.61661
3.67056 3.61661
3.72111 3.61661
3.77165 3.61661
3.82219 3.61661
3.87274 3.61661
3.92328 3.61661
3.97382 3.61661
4.02437 3.61661
4.07491 3.61661
4.12546 3.61661
6.84409 4.78744
9.56273 4.78744
12.2814 4.78744
15.0 4.78744
0.0 0.48388
0.050695 0.48388
0.10139 0.504526
0.152085 0.525171
0.20278 0.545816
0.253475 0.566462
0.30417 0.587107
0.354865 0.607753
0.40556 0.628398
0.456255 0.649044
0.50695 0.669689
0.557646 0.690334
0.608341 0.71098
0.659036 0.731625
0.709731 0.752271
0.760426 0.772916
0.811121 0.793561
0.861816 0.814207
0.912511 0.834852
0.963206 0.855498
1.01395 0.855498
1.0647 0.858431
1.11545 0.861365
1.1662 0.864299
1.21695 0.867233
1.2677 0.870166
1.31844 0.8731
1.36919 0.876034
1.41994 0.878968
1.47069 0.881901
1.52144 0.884835
1.57219 0.887769
1.62293 0.890703
1.67368 0.893636
1.72443 0.89657
1.77518 0.899504
1.82593 0.902438
1.87668 0.905371
1.92742 0.908305
1.97817 0.911239
2.02892 0.914173
2.07967 0.917106
2.13042 0.92004
2.18111 0.92004
2.2318 1.02116
2.28249 1.12228
2.33318 1.22339
2.38388 1.32451
2.43457 1.42563
2.48526 1.52675
2.53595 1.62786
2.58664 1.72898
2.63734 1.8301
2.68803 1.93122
2.73872 2.03233
2.78941 2.13345
2.8401 2.23457
2.89079 2.33569
2.94149 2.4368
2.99218 2.53792
3.04287 2.63904
3.09212 2.63904
3.14138 2.7165
3.19063 2.79396
3.23989 2.87142
3.28914 2.94888
3.3384 3.02634
3.38765 3.1038
3.43691 3.18126
3.48616 3.25872
3.53542 3.33619
3.58467 3.41365
3.63393 3.49111
3.68318 3.56857
3.73408 3.56857
3.78499 3.56857
3.83589 3.56857
3.8868 3.56857
3.9377 3.56857
3.98861 3.56857
4.03951 3.56857
4.09041 3.56857
4.14132 3.56857
4.19222 3.56857
4.24313 3.56857
4.29403 3.56857
4.34494 3.56857
4.39584 3.56857
4.44674 3.56857
4.49765 3.56857
4.54855 3.56857
4.59946 3.56857
4.65036 3.56857
4.70127 3.56857
7.27595 4.8051
9.85063 4.8051
12.4253 4.8051
15.0 4.8051
0.0 0.476516
0.0503716 0.476516
0.100743 0.494368
0.151115 0.512221
0.201486 0.530073
0.251858 0.547925
0.302229 0.565777
0.352601 0.583629
0.402972 0.601481
0.453344 0.619334
0.503716 0.637186
0.554087 0.655038
0.604459 0.67289
0.65483 0.690742
0.705202 0.708594
0.755573 0.726447
0.805945 0.744299
0.856317 0.762151
0.906688 0.780003
0.95706 0.797855
1.00743 0.815707
1.0578 0.83356
1.10817 0.851412
1.15855 0.869264
1.20892 0.887116
1.25757 0.887116
1.30622 0.889618
1.35487 0.892121
1.40352 0.894623
1.45217 0.897125
1.50081 0.899627
1.54946 0.902129
1.59811 0.904631
1.64676 0.907134
1.69541 0.909636
1.74406 0.912138
1.79271 0.91464
1.84136 0.917142
1.89001 0.919645
1.93866 0.922147
1.98731 0.924649
2.03596 0.927151
2.08664 0.927151
2.13732 1.01136
2.188 1.09556
2.23868 1.17977
2.28936 1.26397
2.34004 1.34818
2.39072 1.43239
2.4414 1.51659
2.49209 1.6008
2.54277 1.685
2.59345 1.76921
2.64413 1.85341
2.69481 1.93762
2.74549 2.02183
2.79617 2.10603
2.84685 2.19024
2.89753 2.27444
2.94821 2.35865
2.99889 2.44285
3.04957 2.52706
3.10025 2.61127
3.15093 2.69547
3.20161 2.77968
3.25256 2.77968
3.3035 2.82166
3.35444 2.86364
3.40538 2.90562
3.45633 2.9476
3.50727 2.98957
3.55821 3.03155
3.60915 3.07353
3.6601 3.11551
3.71104 3.15749
3.76198 3.19947
3.81292 3.24145
3.86387 3.28343
3.91481 3.32541
3.96575 3.36739
4.0167 3.40937
4.06764 3.45135
4.11858 3.49333
4.1685 3.49333
4.21843 3.49333
4.26835 3.49333
4.31827 3.49333
4.3682 3.49333
4.41812 3.49333
4.46804 3.49333
4.51797 3.49333
4.56789 3.49333
4.61781 3.49333
4.66774 3.49333
4.71766 3.49333
4.76758 3.49333
4.81751 3.49333
4.86743 3.49333
4.91735 3.49333
4.96728 3.49333
5.0172 3.49333
5.06712 3.49333
5.11705 3.49333
5.16697 3.49333
5.21689 3.49333
5.26682 3.49333
5.31674 3.49333
5.36666 3.49333
5.41659 3.49333
5.46651 3.49333
5.51643 3.49333
5.56636 3.49333
5.61628 3.49333
5.6662 3.49333
5.71613 3.49333
5.76605 3.49333
5.81597 3.49333
5.8659 3.49333
5.91582 3.49333
8.18687 4.73829
10.4579 4.73829
12.729 4.73829
15.0 4.73829
0.0 0.480954
0.0508251 0.480954
0.10165 0.500456
0.152475 0.519957
0.2033 0.539458
0.254125 0.558959
0.30495 0.578461
0.355775 0.597962
0.406601 0.617463
0.457426 0.636964
0.508251 0.656465
0.559076 0.675967
0.609901 0.695468
0.660726 0.714969
0.711551 0.73447
0.762376 0.753972
0.813201 0.773473
0.864026 0.792974
0.914851 0.812475
0.965676 0.831977
1.0165 0.851478
1.06733 0.870979
1.11815 0.89048
1.16898 0.909981
1.2198 0.929483
1.27063 0.948984
1.32087 0.948984
1.37111 0.948994
1.42135 0.949003
1.47159 0.949013
1.52183 0.949023
1.57207 0.949032
1.62231 0.949042
1.67254 0.949052
1.72278 0.949062
1.77302 0.949071
1.82326 0.949081
1.8735 0.949091
1.92374 0.9491
1.97398 0.94911
2.02422 0.94912
2.07446 0.949129
2.1247 0.949139
2.17494 0.949149
2.22518 0.949159
2.27542 0.949168
2.32566 0.949178
2.3759 0.949188
2.42614 0.949197
2.47638 0.949207
2.52662 0.949217
2.57742 0.949217
2.62822 1.02313
2.67903 1.09704
2.72983 1.17095
2.78063 1.24486
2.83143 1.31877
2.88224 1.39268
2.93304 1.46659
2.98384 1.5405
3.03464 1.61441
3.08544 1.68832
3.13625 1.76223
3.18705 1.83615
3.23785 1.91006
3.28865 1.98397
3.33945 2.05788
3.39026 2.13179
3.44106 2.2057
3.49186 2.27961
3.54266 2.35352
3.59346 2.42743
3.64427 2.50134
3.69507 2.57525
3.74587 2.64916
3.79667 2.72307
3.84747 2.79698
3.89726 2.79698
3.94704 2.8525
3.99682 2.90802
4.0466 2.96353
4.09639 3.01905
4.14617 3.07456
4.19595 3.13008
4.24574 3.1856
4.29552 3.24111
4.3453 3.29663
4.39508 3.35214
4.44487 3.40766
4.49465 3.46317
4.54443 3.51869
4.59287 3.51869
4.6413 3.51869
4.68974 3.51869
4.73817 3.51869
4.78661 3.51869
4.83505 3.51869
4.88348 3.51869
4.93192 3.51869
4.98035 3.51869
5.02879 3.51869
5.07722 3.51869
5.12566 3.51869
5.17409 3.51869
7.63057 4.66405
10.087 4.66405
12.5435 4.66405
15.0 4.66405
0.0 0.480847
0.0491226 0.480847
0.0982452 0.498439
0.147368 0.51603
0.19649 0.533621
0.245613 0.551213
0.294736 0.568804
0.343858 0.586395
0.392981 0.603987
0.442104 0.621578
0.491226 0.639169
0.540349 0.656761
0.589471 0.674352
0.638594 0.691943
0.687717 0.709535
0.736839 0.727126
0.785962 0.744717
0.835085 0.762309
0.884207 0.7799
0.93333 0.797491
0.982452 0.815083
1.03157 0.832674
1.0807 0.850265
1.12982 0.867857
1.17894 0.885448
1.22807 0.903039
1.27835 0.903039
1.32864 0.904153
1.37892 0.905268
1.42921 0.906382
1.4795 0.907496
1.52978 0.90861
1.58007 0.909725
1.63035 0.910839
1.68064 0.911953
1.73093 0.913067
1.78121 0.914182
1.8315 0.915296
1.88179 0.91641
1.93207 0.917524
1.98236 0.918638
2.03264 0.919753
2.08293 0.920867
2.13322 0.921981
2.1835 0.923095
2.23379 0.92421
2.28408 0.925324
2.33489 0.925324
2.38571 1.00507
2.43653 1.08482
2.48735 1.16456
2.53817 1.24431
2.58899 1.32406
2.63981 1.4038
2.69063 1.48355
2.74145 1.5633
2.79226 1.64304
2.84308 1.72279
2.8939 1.80254
2.94472 1.88228
2.99554 1.96203
3.04636 2.04178
3.09718 2.12152
3.148 2.20127
3.19882 2.28102
3.24963 2.36076
3.30045 2.44051
3.35127 2.52026
3.40209 2.6
3.45291 2.67975
3.50373 2.7595
3.55455 2.83924
3.60581 2.83924
3.65706 2.89041
3.70832 2.94158
3.75958 2.99275
3.81083 3.04393
3.86209 3.0951
3.91335 3.14627
3.9646 3.19744
4.01586 3.24861
4.06712 3.29978
4.11838 3.35095
4.16963 3.40212
4.22089 3.45329
4.27215 3.50446
4.3234 3.55563
4.37423 3.55563
4.42506 3.55563
4.47588 3.55563
4.52671 3.55563
4.57754 3.55563
4.62836 3.55563
4.67919 3.55563
4.73002 3.55563
4.78084 3.55563
4.83167 3.55563
4.8825 3.55563
4.93332 3.55563
4.98415 3.55563
5.03498 3.55563
5.0858 3.55563
7.56435 4.71664
10.0429 4.71664
12.5215 4.71664
15.0 4.71664
0.0 0.490556
0.0490153 0.490556
0.0980307 0.508444
0.147046 0.526333
0.196061 0.544222
0.245077 0.56211
0.294092 0.579999
0.343107 0.597888
0.392123 0.615776
0.441138 0.633665
0.490153 0.651553
0.539169 0.669442
0.588184 0.687331
0.637199 0.705219
0.686215 0.723108
0.73523 0.740997
0.784246 0.758885
0.833261 0.776774
0.882276 0.794662
0.931292 0.812551
0.980307 0.83044
1.02932 0.848328
1.07834 0.866217
1.12735 0.884106
1.17637 0.901994
1.22642 0.901994
1.27647 0.907966
1.32653 0.913938
1.37658 0.919909
1.42663 0.925881
1.47668 0.931853
1.52673 0.937824
1.57679 0.943796
1.62684 0.949768
1.67689 0.95574
1.72694 0.961711
1.777 0.967683
1.82705 0.973655
1.8771 0.979626
1.92715 0.985598
1.97721 0.99157
2.02751 0.99157
2.07782 1.22139
2.12813 1.45121
2.17843 1.68104
2.22874 1.91086
2.27905 2.14068
2.32936 2.3705
2.37966 2.60032
2.42997 2.83014
2.47843 2.83014
2.52689 2.90132
2.57535 2.9725
2.6238 3.04367
2.67226 3.11485
2.72072 3.18603
2.76918 3.2572
2.81764 3.32838
2.8661 3.39956
2.91456 3.47073
2.96302 3.54191
3.01378 3.54191
3.06455 3.54191
3.11531 3.54191
3.16608 3.54191
3.21684 3.54191
3.26761 3.54191
3.31837 3.54191
3.36914 3.54191
3.4199 3.54191
5.73592 4.74601
8.05194 4.74601
10.368 4.74601
12.684 4.74601
15.0 4.74601
0.0 0.474044
0.0507215 0.474044
0.101443 0.494961
0.152165 0.515877
0.202886 0.536794
0.253608 0.55771
0.304329 0.578627
0.355051 0.599543
0.405772 0.62046
0.456494 0.641376
0.507215 0.662293
0.557937 0.68321
0.608658 0.704126
0.65938 0.725043
0.710101 0.745959
0.760823 0.766876
0.811544 0.787792
0.862266 0.808709
0.912987 0.829625
0.963709 0.850542
1.01443 0.871458
1.06515 0.892375
1.11519 0.892375
1.16523 0.903255
1.21527 0.914135
1.26531 0.925014
1.31535 0.935894
1.36539 0.946774
1.41543 0.957654
1.46547 0.968534
1.51551 0.979414
1.56555 0.990293
1.61559 1.00117
1.66504 1.00117
1.71448 1.07593
1.76393 1.15069
1.81338 1.22544
1.86282 1.3002
1.91227 1.37496
1.96171 1.44972
2.01116 1.52447
2.06061 1.59923
2.11005 1.67399
2.1595 1.74874
2.20894 1.8235
2.25839 1.89826
2.30784 1.97301
2.35728 2.04777
2.40673 2.12253
2.45617 2.19728
2.50562 2.27204
2.55507 2.3468
2.60451 2.42156
2.65396 2.49631
2.7034 2.57107
2.75285 2.64583
2.8023 2.72058
2.85174 2.79534
2.90347 2.79534
2.95519 2.90153
3.00691 3.00772
3.05864 3.1139
3.11036 3.22009
3.16209 3.32628
3.21381 3.43247
3.26554 3.53865
3.31477 3.53865
3.36401 3.53865
3.41324 3.53865
3.46247 3.53865
3.51171 3.53865
3.56094 3.53865
3.61018 3.53865
3.65941 3.53865
3.70865 3.53865
3.75788 3.53865
3.80712 3.53865
3.85635 3.53865
3.90559 3.53865
3.95482 3.53865
4.00405 3.53865
4.05329 3.53865
4.10252 3.53865
4.15176 3.53865
6.86382 4.72233
9.57588 4.72233
12.2879 4.72233
15.0 4.72233
0.0 0.479088
0.0493099 0.479088
0.0986199 0.500651
0.14793 0.522214
0.19724 0.543777
0.24655 0.565341
0.29586 0.586904
0.34517 0.608467
0.394479 0.63003
0.443789 0.651593
0.493099 0.673156
0.542409 0.694719
0.591719 0.716282
0.641029 0.737845
0.690339 0.759408
0.739649 0.780971
0.788959 0.802534
0.838269 0.824098
0.887579 0.845661
0.936889 0.867224
0.986199 0.888787
1.03785 0.888787
1.0895 0.899219
1.14114 0.909651
1.19279 0.920084
1.24444 0.930516
1.29609 0.940949
1.34774 0.951381
1.39959 0.951381
1.45145 1.10776
1.50331 1.26415
1.55516 1.42053
1.60702 1.57691
1.65887 1.73329
1.71073 1.88968
1.76258 2.04606
1.81444 2.20244
1.86629 2.35882
1.91815 2.5152
1.97001 2.67159
2.02186 2.82797
2.07076 2.82797
2.11966 2.86625
2.16855 2.90454
2.21745 2.94282
2.26635 2.9811
2.31524 3.01939
2.36414 3.05767
2.41304 3.09595
2.46193 3.13423
2.51083 3.17252
2.55973 3.2108
2.60862 3.24908
2.65752 3.28737
2.70642 3.32565
2.75531 3.36393
2.80421 3.40222
2.85311 3.4405
2.902 3.47878
2.9509 3.51707
3.00068 3.51707
3.05046 3.51707
3.10024 3.51707
3.15002 3.51707
3.1998 3.51707
3.24958 3.51707
3.29936 3.51707
3.34914 3.51707
3.39892 3.51707
3.4487 3.51707
5.75896 4.74152
8.06922 4.74152
10.3795 4.74152
12.6897 4.74152
15.0 4.74152
0.0 0.479654
0.0504348 0.479654
0.10087 0.499035
0.151304 0.518416
0.201739 0.537797
0.252174 0.557179
0.302609 0.57656
0.353044 0.595941
0.403478 0.615322
0.453913 0.634703
0.504348 0.654084
0.554783 0.673465
0.605218 0.692846
0.655652 0.712227
0.706087 0.731608
0.756522 0.750989
0.806957 0.77037
0.857391 0.789751
0.907826 0.809132
0.958261 0.828513
1.0087 0.847894
1.05913 0.867275
1.10957 0.886656
1.16 0.906037
1.21044 0.925419
1.26064 0.925419
1.31084 0.935042
1.36104 0.944665
1.41124 0.954289
1.46144 0.963912
1.51165 0.973535
1.56185 0.983159
1.61205 0.992782
1.66225 1.00241
1.71245 1.01203
1.76265 1.02165
1.81286 1.03128
1.86306 1.0409
1.91326 1.05052
1.96346 1.06015
2.01366 1.06977
2.06413 1.06977
2.11459 1.32386
2.16505 1.57796
2.21551 1.83205
2.26598 2.08615
2.31644 2.34024
2.3669 2.59434
2.41737 2.84843
2.46567 2.84843
2.51398 2.89571
2.56228 2.94299
2.61059 2.99027
2.65889 3.03755
2.7072 3.08483
2.7555 3.13211
2.80381 3.17939
2.85211 3.22667
2.90042 3.27395
2.94872 3.32123
2.99703 3.36851
3.04514 3.36851
3.09326 3.36851
3.14138 3.36851
3.18949 3.36851
3.23761 3.36851
3.28573 3.36851
3.33384 3.36851
3.38196 3.36851
3.43008 3.36851
3.47819 3.36851
3.52631 3.36851
3.57443 3.36851
3.62255 3.36851
5.89804 4.68493
8.17353 4.68493
10.449 4.68493
12.7245 4.68493
15.0 4.68493
0.0 0.482753
0.0495379 0.482753
0.0990758 0.500424
0.148614 0.518096
0.198152 0.535767
0.24769 0.553439
0.297227 0.57111
0.346765 0.588782
0.396303 0.606453
0.445841 0.624125
0.495379 0.641796
0.544917 0.659468
0.594455 0.67714
0.643993 0.694811
0.693531 0.712483
0.743069 0.730154
0.792607 0.747826
0.842145 0.765497
0.891682 0.783169
0.94122 0.80084
0.990758 0.818512
1.0403 0.836184
1.08983 0.853855
1.13937 0.871527
1.18891 0.889198
1.23947 0.889198
1.29003 0.899022
1.34059 0.908846
1.39114 0.918669
1.4417 0.928493
1.49226 0.938317
1.54282 0.948141
1.59338 0.957964
1.64394 0.967788
1.6945 0.977612
1.74505 0.987436
1.79561 0.997259
1.84617 1.00708
1.89673 1.01691
1.94729 1.02673
1.99785 1.03655
2.04841 1.04638
2.09897 1.0562
2.14952 1.06603
2.20008 1.07585
2.25064 1.08567
2.3012 1.0955
2.35203 1.0955
2.40286 1.18971
2.45369 1.28393
2.50452 1.37815
2.55535 1.47236
2.60618 1.56658
2.657 1.6608
2.70783 1.75501
2.75866 1.84923
2.80949 1.94345
2.86032 2.03766
2.91115 2.13188
2.96198 2.2261
3.01281 2.32031
3.06364 2.41453
3.11447 2.50875
3.1653 2.60296
3.21613 2.69718
3.26696 2.7914
3.31778 2.88561
3.36861 2.97983
3.42017 2.97983
3.47172 3.01829
3.52327 3.05674
3.57482 3.0952
3.62638 3.13365
3.67793 3.17211
3.72948 3.21056
3.78103 3.24902
3.83259 3.28747
3.88414 3.32593
3.93569 3.36439
3.98724 3.40284
4.03622 3.40284
4.08519 3.40284
4.13416 3.40284
4.18313 3.40284
4.2321 3.40284
4.28107 3.40284
4.33004 3.40284
4.37902 3.40284
4.42799 3.40284
4.47696 3.40284
4.52593 3.40284
4.5749 3.40284
4.62387 3.40284
4.67284 3.40284
4.72181 3.40284
4.77079 3.40284
4.81976 3.40284
4.86873 3.40284
4.9177 3.40284
4.96667 3.40284
5.01564 3.40284
5.06461 3.40284
7.54846 4.64143
10.0323 4.64143
12.5162 4.64143
15.0 4.64143
0.0 0.480882
0.0498772 0.480882
0.0997543 0.501752
0.149631 0.522622
0.199509 0.543491
0.249386 0.564361
0.299263 0.585231
0.34914 0.606101
0.399017 0.62697
0.448894 0.64784
0.498772 0.66871
0.548649 0.68958
0.598526 0.710449
0.648403 0.731319
0.69828 0.752189
0.748157 0.773059
0.798035 0.793928
0.847912 0.814798
0.897789 0.835668
0.947666 0.856537
0.997543 0.877407
1.04742 0.898277
1.0973 0.919147
1.14717 0.940016
1.19757 0.940016
1.24796 0.950265
1.29835 0.960513
1.34874 0.970762
1.39913 0.98101
1.44952 0.991258
1.49992 1.00151
1.55031 1.01176
1.6007 1.022
1.65109 1.03225
1.70148 1.0425
1.75187 1.05275
1.80227 1.063
1.85266 1.07325
1.90305 1.08349
1.95344 1.09374
2.00383 1.10399
2.05623 1.10399
2.10864 1.31073
2.16104 1.51746
2.21344 1.7242
2.26584 1.93094
2.31825 2.13768
2.37065 2.34441
2.42305 2.55115
2.47545 2.75789
2.52785 2.96463
2.57633 2.96463
2.62481 3.03033
2.67329 3.09603
2.72176 3.16173
2.77024 3.22744
2.81872 3.29314
2.8672 3.35884
2.91807 3.35884
2.96894 3.35884
3.01981 3.35884
3.07068 3.35884
3.12156 3.35884
3.17243 3.35884
3.2233 3.35884
3.27417 3.35884
3.32504 3.35884
3.37592 3.35884
3.42679 3.35884
3.47766 3.35884
3.52853 3.35884
3.5794 3.35884
3.63028 3.35884
3.68115 3.35884
3.73202 3.35884
3.78289 3.35884
6.58717 4.55954
9.39145 4.55954
12.1957 4.55954
15.0 4.55954
0.0 0.491852
0.0493882 0.491852
0.0987764 0.510661
0.148165 0.52947
0.197553 0.548279
0.246941 0.567088
0.296329 0.585897
0.345717 0.604706
0.395105 0.623515
0.444494 0.642324
0.493882 0.661133
0.54327 0.679942
0.592658 0.698751
0.642046 0.71756
0.691434 0.736369
0.740823 0.755178
0.790211 0.773987
0.839599 0.792796
0.888987 0.811605
0.938375 0.830414
0.987764 0.849222
1.03715 0.868031
1.08654 0.88684
1.13593 0.905649
1.18532 0.924458
1.2347 0.943267
1.28409 0.962076
1.33322 0.962076
1.38236 0.975053
1.43149 0.98803
1.48062 1.00101
1.52975 1.01398
1.57888 1.02696
1.62801 1.03994
1.67714 1.05292
1.72627 1.06589
1.7754 1.07887
1.82454 1.09185
1.87367 1.10482
1.9228 1.1178
1.97193 1.13078
2.02106 1.14376
2.07019 1.15673
2.11932 1.16971
2.16845 1.18269
2.21759 1.19566
2.26672 1.20864
2.3179 1.20864
2.36908 1.35537
2.42027 1.50211
2.47145 1.64884
2.52263 1.79557
2.57381 1.94231
2.625 2.08904
2.67618 2.23577
2.72736 2.38251
2.77855 2.52924
2.82973 2.67597
2.88091 2.82271
2.9321 2.96944
2.98328 3.11617
3.03445 3.11617
3.08562 3.14029
3.1368 3.1644
3.18797 3.18852
3.23914 3.21264
3.29031 3.23675
3.34148 3.26087
3.39266 3.28498
3.44383 3.3091
3.495 3.33322
3.54459 3.33322
3.59418 3.33322
3.64377 3.33322
3.69336 3.33322
3.74294 3.33322
3.79253 3.33322
3.84212 3.33322
3.89171 3.33322
3.9413 3.33322
3.99089 3.33322
4.04048 3.33322
4.09007 3.33322
6.81755 4.65605
9.54503 4.65605
12.2725 4.65605
15.0 4.65605
0.0 0.487326
0.0503029 0.487326
0.100606 0.507327
0.150909 0.527327
0.201212 0.547327
0.251515 0.567328
0.301818 0.587328
0.352121 0.607328
0.402423 0.627328
0.452726 0.647329
0.503029 0.667329
0.553332 0.687329
0.603635 0.70733
0.653938 0.72733
0.704241 0.74733
0.754544 0.76733
0.804847 0.787331
0.85515 0.807331
0.905453 0.827331
0.955756 0.847332
1.00606 0.867332
1.05636 0.887332
1.10666 0.907332
1.15697 0.927333
1.20727 0.947333
1.25757 0.967333
1.30788 0.987334
1.35818 1.00733
1.41039 1.00733
1.4626 1.05702
1.51481 1.1067
1.56702 1.15639
1.61923 1.20607
1.67145 1.25576
1.72366 1.30544
1.77587 1.35512
1.82588 1.35512
1.87589 1.42572
1.92591 1.49633
1.97592 1.56693
2.02593 1.63753
2.07594 1.70813
2.12596 1.77873
2.17597 1.84933
2.22598 1.91993
2.27599 1.99053
2.32601 2.06113
2.37602 2.13173
2.42603 2.20233
2.47604 2.27293
2.52606 2.34353
2.57607 2.41413
2.62608 2.48473
2.67609 2.55533
2.72611 2.62593
2.77612 2.69653
2.82613 2.76713
2.87614 2.83773
2.92616 2.90833
2.97617 2.97893
3.02618 3.04953
3.07619 3.12013
3.12582 3.12013
3.17545 3.13087
3.22508 3.1416
3.27471 3.15234
3.32433 3.16308
3.37396 3.17381
3.42359 3.18455
3.47322 3.19528
3.52285 3.20602
3.57247 3.21675
3.6221 3.22749
3.67173 3.23822
3.72136 3.24896
3.77099 3.2597
3.82061 3.27043
3.87024 3.28117
3.91987 3.2919
3.9695 3.30264
4.01913 3.31337
4.06875 3.32411
4.11838 3.33484
4.16801 3.34558
4.21764 3.35632
4.26727 3.36705
4.3169 3.37779
4.36572 3.37779
4.41455 3.37779
4.46338 3.37779
4.51221 3.37779
4.56103 3.37779
4.60986 3.37779
7.2074 4.61297
9.80493 4.61297
12.4025 4.61297
15.0 4.61297
0.0 0.48305
0.0502915 0.48305
0.100583 0.505715
0.150874 0.52838
0.201166 0.551045
0.251457 0.57371
0.301749 0.596375
0.35204 0.61904
0.402332 0.641705
0.452623 0.66437
0.502915 0.687036
0.553206 0.709701
0.603498 0.732366
0.653789 0.755031
0.704081 0.777696
0.754372 0.800361
0.804664 0.823026
0.854955 0.845691
0.905246 0.868356
0.955538 0.891021
1.00583 0.913686
1.05612 0.936352
1.10641 0.959017
1.1567 0.981682
1.207 1.00435
1.25729 1.02701
1.30758 1.04968
1.35665 1.04968
1.40573 1.06564
1.4548 1.08161
1.50388 1.09758
1.55295 1.11354
1.60203 1.12951
1.6511 1.14547
1.70018 1.16144
1.74925 1.17741
1.79833 1.19337
1.8474 1.20934
1.89648 1.22531
1.94555 1.24127
1.99463 1.25724
2.0437 1.2732
2.09278 1.28917
2.14185 1.30514
2.19093 1.3211
2.24 1.33707
2.28908 1.35303
2.33815 1.369
2.38723 1.38497
2.43751 1.38497
2.4878 1.4208
2.53809 1.45663
2.58837 1.49246
2.63866 1.52829
2.68895 1.56412
2.73924 1.59995
2.78952 1.63578
2.83981 1.67161
2.8901 1.70744
2.94039 1.74327
2.99067 1.7791
3.04096 1.81493
3.09125 1.85076
3.14153 1.88659
3.19182 1.92243
3.24211 1.95826
3.2924 1.99409
3.34268 2.02992
3.39297 2.06575
3.44326 2.10158
3.49355 2.13741
3.54383 2.17324
3.59412 2.20907
3.64441 2.2449
3.6947 2.28073
3.74498 2.31656
3.79527 2.35239
3.84556 2.38822
3.89584 2.42405
3.94613 2.45988
3.99642 2.49571
4.04671 2.53155
4.09699 2.56738
4.14728 2.60321
4.19757 2.63904
4.24786 2.67487
4.29814 2.7107
4.34843 2.74653
4.39872 2.78236
4.449 2.81819
4.49929 2.85402
4.54958 2.88985
4.59987 2.92568
4.65015 2.96151
4.70044 2.99734
4.75073 3.03317
4.80102 3.069
4.8513 3.10483
4.90159 3.14067
4.95188 3.1765
5.00216 3.21233
5.05157 3.21233
5.10097 3.22091
5.15038 3.22949
5.19978 3.23807
5.24919 3.24665
5.29859 3.25523
5.348 3.26381
5.3974 3.27239
5.44681 3.28097
5.49621 3.28955
5.54562 3.29813
5.59502 3.30671
5.64443 3.31529
5.69383 3.32387
5.74324 3.33245
5.79264 3.34103
5.84205 3.34961
5.89145 3.35819
5.94086 3.36677
5.99026 3.37535
6.03967 3.38393
6.08907 3.39251
6.13848 3.40109
6.18788 3.40967
6.23729 3.41825
6.28669 3.42683
6.3361 3.43541
6.38752 3.43541
6.43894 3.43541
6.49036 3.43541
6.54179 3.43541
6.59321 3.43541
6.64463 3.43541
9.42975 4.81561
12.2149 4.81561
15.0 4.81561
0.0 0.483559
0.049815 0.483559
0.09963 0.5026
0.149445 0.521641
0.19926 0.540682
0.249075 0.559723
0.29889 0.578764
0.348705 0.597805
0.39852 0.616846
0.448335 0.635887
0.49815 0.654928
0.547965 0.673969
0.59778 0.69301
0.647595 0.712051
0.69741 0.731092
0.747225 0.750132
0.79704 0.769173
0.846855 0.788214
0.89667 0.807255
0.946485 0.826296
0.9963 0.845337
1.04612 0.864378
1.09593 0.883419
1.14575 0.90246
1.19556 0.921501
1.24538 0.940542
1.29519 0.959583
1.34501 0.978624
1.39482 0.997665
1.44464 1.01671
1.49445 1.03575
1.54433 1.03575
1.5942 1.04955
1.64408 1.06336
1.69395 1.07717
1.74383 1.09097
1.7937 1.10478
1.84358 1.11858
1.89345 1.13239
1.94333 1.1462
1.9932 1.16
2.04308 1.17381
2.09295 1.18761
2.14283 1.20142
2.1927 1.21523
2.24258 1.22903
2.29245 1.24284
2.34233 1.25665
2.3922 1.27045
2.44208 1.28426
2.49195 1.29806
2.54183 1.31187
2.5917 1.32568
2.64158 1.33948
2.69145 1.35329
2.74133 1.3671
2.7912 1.3809
2.84108 1.39471
2.89095 1.40851
2.94083 1.42232
2.99255 1.42232
3.04427 1.66593
3.09599 1.90955
3.14771 2.15316
3.19943 2.39677
3.25115 2.64039
3.30287 2.884
3.35459 3.12762
3.40631 3.37123
3.45472 3.37123
3.50312 3.38797
3.55152 3.40472
3.59993 3.42146
3.64833 3.4382
3.69673 3.45495
3.74514 3.47169
3.79354 3.48843
3.84195 3.50518
3.89035 3.52192
3.93875 3.53867
3.98716 3.55541
4.03556 3.57215
4.08564 3.57215
4.13571 3.57215
4.18578 3.57215
4.23586 3.57215
4.28593 3.57215
4.33601 3.57215
4.38608 3.57215
4.43615 3.57215
4.48623 3.57215
4.5363 3.57215
4.58638 3.57215
4.63645 3.57215
4.68652 3.57215
4.7366 3.57215
4.78667 3.57215
7.34 4.99752
9.89334 4.99752
12.4467 4.99752
15.0 4.99752
0.0 0.488451
0.0507923 0.488451
0.101585 0.508955
0.152377 0.529459
0.203169 0.549963
0.253962 0.570467
0.304754 0.59097
0.355546 0.611474
0.406339 0.631978
0.457131 0.652482
0.507923 0.672986
0.558715 0.69349
0.609508 0.713994
0.6603 0.734498
0.711092 0.755002
0.761885 0.775506
0.812677 0.79601
0.863469 0.816514
0.914262 0.837018
0.965054 0.857522
1.01585 0.878026
1.06664 0.89853
1.11743 0.919033
1.16822 0.939537
1.21902 0.960041
1.26981 0.980545
1.3206 1.00105
1.37139 1.02155
1.42218 1.04206
1.47132 1.04206
1.52046 1.05555
1.56959 1.06904
1.61873 1.08253
1.66786 1.09603
1.717 1.10952
1.76613 1.12301
1.81527 1.1365
1.86441 1.15
1.91354 1.16349
1.96268 1.17698
2.01181 1.19047
2.06095 1.20396
2.11008 1.21746
2.15922 1.23095
2.20836 1.24444
2.25749 1.25793
2.30663 1.27143
2.35576 1.28492
2.4049 1.29841
2.45403 1.3119
2.50317 1.32539
2.55231 1.33889
2.60144 1.35238
2.65058 1.36587
2.69971 1.37936
2.74906 1.37936
2.79841 1.43986
2.84776 1.50036
2.89711 1.56086
2.94646 1.62135
2.99581 1.68185
3.04516 1.74235
3.09451 1.80285
3.14386 1.86335
3.19321 1.92384
3.24256 1.98434
3.29191 2.04484
3.34126 2.10534
3.39061 2.16583
3.43995 2.22633
3.4893 2.28683
3.53865 2.34733
3.588 2.40782
3.63735 2.46832
3.6867 2.52882
3.73605 2.58932
3.7854 2.64982
3.83475 2.71031
3.8841 2.77081
3.93345 2.83131
3.9828 2.89181
4.03215 2.9523
4.0815 3.0128
4.13085 3.0733
4.1802 3.1338
4.22955 3.19429
4.2789 3.25479
4.32824 3.31529
4.37759 3.37579
4.42855 3.37579
4.47951 3.39235
4.53046 3.40892
4.58142 3.42549
4.63238 3.44206
4.68333 3.45862
4.73429 3.47519
4.78525 3.49176
4.8362 3.50833
4.88716 3.52489
4.93812 3.54146
4.98907 3.55803
5.03962 3.55803
5.09016 3.55803
5.1407 3.55803
5.19124 3.55803
5.24178 3.55803
5.29232 3.55803
5.34287 3.55803
5.39341 3.55803
5.44395 3.55803
5.49449 3.55803
5.54503 3.55803
5.59557 3.55803
7.94668 4.97512
10.2978 4.97512
12.6489 4.97512
15.0 4.97512
0.0 0.483894
0.0506866 0.483894
0.101373 0.503781
0.15206 0.523668
0.202746 0.543554
0.253433 0.563441
0.304119 0.583328
0.354806 0.603215
0.405493 0.623101
0.456179 0.642988
0.506866 0.662875
0.557552 0.682762
0.608239 0.702648
0.658926 0.722535
0.709612 0.742422
0.760299 0.762309
0.810985 0.782195
0.861672 0.802082
0.912358 0.821969
0.963045 0.841855
1.01373 0.861742
1.06442 0.881629
1.1151 0.901516
1.16579 0.921402
1.21648 0.941289
1.26716 0.961176
1.31785 0.981063
1.36854 1.00095
1.41922 1.02084
1.46991 1.04072
1.5206 1.06061
1.57128 1.0805
1.6213 1.0805
1.67131 1.09289
1.72133 1.10529
1.77134 1.11768
1.82136 1.13008
1.87138 1.14248
1.92139 1.15487
1.97141 1.16727
2.02142 1.17966
2.07144 1.19206
2.12145 1.20445
2.17147 1.21685
2.22148 1.22925
2.2715 1.24164
2.32151 1.25404
2.37153 1.26643
2.42154 1.27883
2.47156 1.29123
2.52171 1.29123
2.57186 1.38535
2.62201 1.47948
2.67216 1.57361
2.72231 1.66774
2.77247 1.76187
2.82262 1.856
2.87277 1.95013
2.92292 2.04426
2.97307 2.13839
3.02322 2.23251
3.07337 2.32664
3.12353 2.42077
3.17368 2.5149
3.22383 2.60903
3.27398 2.70316
3.32413 2.79729
3.37428 2.89142
3.42443 2.98555
3.47458 3.07968
3.52474 3.1738
3.57489 3.26793
3.62504 3.36206
3.67519 3.45619
3.72534 3.55032
3.7741 3.55032
3.82285 3.55155
3.87161 3.55278
3.92036 3.55401
3.96912 3.55524
4.01787 3.55647
4.06663 3.5577
4.11538 3.55893
4.16414 3.56016
4.21289 3.56139
4.26165 3.56262
4.31041 3.56384
4.35916 3.56507
4.40792 3.5663
4.45667 3.56753
4.50543 3.56876
4.55418 3.56999
4.60527 3.56999
4.65636 3.56999
4.70745 3.56999
4.75854 3.56999
4.80963 3.56999
4.86072 3.56999
4.91181 3.56999
4.9629 3.56999
5.01399 3.56999
5.06507 3.56999
5.11616 3.56999
5.16725 3.56999
5.21834 3.56999
5.26943 3.56999
5.32052 3.56999
5.37161 3.56999
5.4227 3.56999
5.47379 3.56999
5.52488 3.56999
5.57597 3.56999
5.62706 3.56999
5.67815 3.56999
8.00861 4.87257
10.3391 4.87257
12.6695 4.87257
15.0 4.87257
0.0 0.485587
0.0504 0.485587
0.1008 0.504977
0.1512 0.524367
0.2016 0.543757
0.252 0.563147
0.3024 0.582537
0.3528 0.601927
0.4032 0.621316
0.4536 0.640706
0.504 0.660096
0.5544 0.679486
0.6048 0.698876
0.6552 0.718266
0.7056 0.737656
0.756 0.757046
0.8064 0.776436
0.8568 0.795825
0.9072 0.815215
0.9576 0.834605
1.008 0.853995
1.0584 0.873385
1.1088 0.892775
1.1592 0.912165
1.2096 0.931555
1.26 0.950945
1.3104 0.970334
1.3608 0.989724
1.4112 1.00911
1.4616 1.0285
1.51167 1.0285
1.56174 1.0447
1.61182 1.0609
1.66189 1.0771
1.71196 1.0933
1.76203 1.1095
1.81211 1.1257
1.86218 1.1419
1.91225 1.1581
1.96232 1.17429
2.0124 1.19049
2.06247 1.20669
2.11254 1.22289
2.16261 1.23909
2.21269 1.25529
2.26276 1.27149
2.31283 1.28769
2.3629 1.30389
2.41298 1.32008
2.46305 1.33628
2.51312 1.35248
2.56319 1.36868
2.61327 1.38488
2.66334 1.40108
2.71341 1.41728
2.76348 1.43348
2.81356 1.44968
2.86363 1.46587
2.9137 1.48207
2.96377 1.49827
3.01385 1.51447
3.06392 1.53067
3.11399 1.54687
3.16406 1.56307
3.21414 1.57927
3.26469 1.57927
3.31524 1.67198
3.36579 1.7647
3.41634 1.85742
3.46689 1.95014
3.51744 2.04286
3.56799 2.13558
3.61854 2.22829
3.66909 2.32101
3.71964 2.41373
3.77019 2.50645
3.82074 2.59917
3.87129 2.69188
3.92184 2.7846
3.97239 2.87732
4.02294 2.97004
4.07349 3.06276
4.12404 3.15547
4.17459 3.24819
4.22514 3.34091
4.27569 3.43363
4.32495 3.43363
4.37422 3.44187
4.42348 3.45011
4.47275 3.45836
4.52202 3.4666
4.57128 3.47484
4.62055 3.48308
4.66981 3.49133
4.71908 3.49957
4.76835 3.50781
4.81761 3.51605
4.86688 3.5243
4.91614 3.53254
4.96541 3.54078
5.01468 3.54902
5.06394 3.55727
5.11321 3.56551
5.16248 3.57375
5.21174 3.58199
5.2612 3.58199
5.31065 3.58199
5.36011 3.58199
5.40956 3.58199
5.45902 3.58199
5.50847 3.58199
5.55793 3.58199
5.60739 3.58199
5.65684 3.58199
5.7063 3.58199
5.75575 3.58199
5.80521 3.58199
5.85466 3.58199
5.90412 3.58199
5.95357 3.58199
6.00303 3.58199
6.05248 3.58199
6.10194 3.58199
6.1514 3.58199
6.20085 3.58199
6.25031 3.58199
6.29976 3.58199
6.34922 3.58199
6.39867 3.58199
6.44813 3.58199
6.49758 3.58199
6.54704 3.58199
6.59649 3.58199
6.64595 3.58199
6.69541 3.58199
6.74486 3.58199
6.79432 3.58199
6.84377 3.58199
6.89323 3.58199
6.94268 3.58199
9.62845 4.84855
12.3142 4.84855
15.0 4.84855
0.0 0.478447
0.0503112 0.478447
0.100622 0.497864
0.150934 0.517281
0.201245 0.536699
0.251556 0.556116
0.301867 0.575534
0.352179 0.594951
0.40249 0.614369
0.452801 0.633786
0.503112 0.653203
0.553424 0.672621
0.603735 0.692038
0.654046 0.711456
0.704357 0.730873
0.754669 0.750291
0.80498 0.769708
0.855291 0.789125
0.905602 0.808543
0.955913 0.82796
1.00622 0.847378
1.05654 0.866795
1.10685 0.886213
1.15716 0.90563
1.20747 0.925047
1.25778 0.944465
1.30809 0.963882
1.35839 0.963882
1.4087 0.971756
1.459 0.97963
1.5093 0.987503
1.5596 0.995377
1.6099 1.00325
1.6602 1.01112
1.71051 1.019
1.76081 1.02687
1.81111 1.03475
1.86141 1.04262
1.91171 1.05049
1.96201 1.05837
2.01232 1.06624
2.06262 1.07411
2.11292 1.08199
2.16322 1.08986
2.21352 1.09773
2.26382 1.10561
2.31413 1.11348
2.36443 1.12136
2.41473 1.12923
2.46503 1.1371
2.51533 1.14498
2.56563 1.15285
2.61593 1.16072
2.66624 1.1686
2.71654 1.17647
2.76684 1.18434
2.81714 1.19222
2.86744 1.20009
2.91774 1.20797
2.96805 1.21584
3.01835 1.22371
3.06865 1.23159
3.11895 1.23946
3.16925 1.24733
3.21955 1.25521
3.26986 1.26308
3.32016 1.27095
3.37046 1.27883
3.42076 1.2867
3.47106 1.29458
3.52136 1.30245
3.57167 1.31032
3.62197 1.3182
3.67227 1.32607
3.72257 1.33394
3.77287 1.34182
3.82317 1.34969
3.87348 1.35756
3.92378 1.36544
3.97408 1.37331
4.02438 1.38119
4.07468 1.38906
4.12498 1.39693
4.17529 1.40481
4.22559 1.41268
4.27589 1.42055
4.32619 1.42843
4.37649 1.4363
4.42679 1.44417
4.4771 1.45205
4.5274 1.45992
4.5777 1.4678
4.628 1.47567
4.6783 1.48354
4.7286 1.49142
4.77891 1.49929
4.82921 1.50716
4.87951 1.51504
4.92981 1.52291
4.98011 1.53078
5.03041 1.53866
5.08076 1.53866
5.13111 1.66956
5.18146 1.80047
5.23181 1.93137
5.28215 2.06227
5.3325 2.19317
5.38285 2.32408
5.4332 2.45498
5.48355 2.58588
5.53389 2.71679
5.58424 2.84769
5.63459 2.97859
5.68494 3.1095
5.73529 3.2404
5.78563 3.3713
5.83598 3.50221
5.88591 3.50221
5.93584 3.52162
5.98577 3.54104
6.0357 3.56046
6.08563 3.57987
6.13639 3.57987
6.18715 3.57987
6.23792 3.57987
6.28868 3.57987
6.33945 3.57987
6.39021 3.57987
6.44097 3.57987
6.49174 3.57987
6.5425 3.57987
6.59326 3.57987
6.64403 3.57987
6.69479 3.57987
6.74556 3.57987
6.79632 3.57987
6.84708 3.57987
6.89785 3.57987
6.94861 3.57987
6.99938 3.57987
7.05014 3.57987
7.1009 3.57987
7.15167 3.57987
7.20243 3.57987
7.25319 3.57987
7.30396 3.57987
7.35472 3.57987
7.40549 3.57987
7.45625 3.57987
7.50701 3.57987
7.55778 3.57987
7.60854 3.57987
10.0724 4.83516
12.5362 4.83516
15.0 4.83516
0.0 0.487479
0.049181 0.487479
0.0983619 0.507692
0.147543 0.527905
0.196724 0.548117
0.245905 0.56833
0.295086 0.588543
0.344267 0.608755
0.393448 0.628968
0.442629 0.64918
0.49181 0.669393
0.54099 0.689606
0.590171 0.709818
0.639352 0.730031
0.688533 0.750244
0.737714 0.770456
0.786895 0.790669
0.836076 0.810881
0.885257 0.831094
0.934438 0.851307
0.983619 0.871519
1.0328 0.891732
1.08198 0.911945
1.13116 0.932157
1.18034 0.95237
1.22952 0.972582
1.2787 0.992795
1.32893 0.992795
1.37915 1.00242
1.42938 1.01205
1.4796 1.02167
1.52982 1.0313
1.58005 1.04092
1.63027 1.05055
1.6805 1.06018
1.73072 1.0698
1.78094 1.07943
1.83117 1.08905
1.88139 1.09868
1.93161 1.1083
1.98184 1.11793
2.03206 1.12756
2.08229 1.13718
2.13251 1.14681
2.18273 1.15643
2.23296 1.16606
2.28318 1.17569
2.33341 1.18531
2.38363 1.19494
2.43385 1.20456
2.48408 1.21419
2.5343 1.22381
2.58452 1.23344
2.63475 1.24307
2.68497 1.25269
2.7352 1.26232
2.78542 1.27194
2.83564 1.28157
2.88587 1.29119
2.93609 1.30082
2.98632 1.31045
3.03654 1.32007
3.08676 1.3297
3.13699 1.33932
3.18721 1.34895
3.23743 1.35858
3.28766 1.3682
3.33788 1.37783
3.38811 1.38745
3.43833 1.39708
3.48855 1.4067
3.53878 1.41633
3.589 1.42596
3.63922 1.43558
3.68945 1.44521
3.73967 1.45483
3.7899 1.46446
3.84012 1.47408
3.89034 1.48371
3.94057 1.49334
3.99079 1.50296
4.04102 1.51259
4.09124 1.52221
4.14146 1.53184
4.19169 1.54147
4.24191 1.55109
4.29213 1.56072
4.34236 1.57034
4.3915 1.57034
4.44065 1.72319
4.48979 1.87603
4.53893 2.02888
4.58808 2.18172
4.63722 2.33457
4.68636 2.48741
4.73551 2.64026
4.78465 2.7931
4.83379 2.94595
4.88293 3.09879
4.93208 3.25164
4.98122 3.40448
5.03036 3.55733
5.07976 3.55733
5.12915 3.55784
5.17854 3.55835
5.22793 3.55886
5.27732 3.55937
5.32671 3.55988
5.3761 3.56039
5.42549 3.5609
5.47488 3.56141
5.52428 3.56192
5.57367 3.56243
5.62306 3.56294
5.67245 3.56345
5.72184 3.56396
5.77123 3.56447
5.82062 3.56498
5.87001 3.56549
5.9194 3.566
5.96879 3.56651
6.01819 3.56702
6.06758 3.56753
6.11697 3.56804
6.16636 3.56855
6.21667 3.56855
6.26699 3.56855
6.3173 3.56855
6.36762 3.56855
6.41793 3.56855
6.46825 3.56855
6.51856 3.56855
6.56887 3.56855
6.61919 3.56855
6.6695 3.56855
6.71982 3.56855
6.77013 3.56855
6.82045 3.56855
6.87076 3.56855
6.92107 3.56855
6.97139 3.56855
7.0217 3.56855
7.07202 3.56855
7.12233 3.56855
7.17265 3.56855
7.22296 3.56855
7.27327 3.56855
7.32359 3.56855
7.3739 3.56855
7.42422 3.56855
7.47453 3.56855
7.52485 3.56855
10.0166 4.89352
12.5083 4.89352
15.0 4.89352
0.0 0.479873
0.0506129 0.479873
0.101226 0.497789
0.151839 0.515705
0.202451 0.53362
0.253064 0.551536
0.303677 0.569452
0.35429 0.587368
0.404903 0.605284
0.455516 0.6232
0.506129 0.641116
0.556742 0.659032
0.607354 0.676948
0.657967 0.694864
0.70858 0.71278
0.759193 0.730695
0.809806 0.748611
0.860419 0.766527
0.911032 0.784443
0.961644 0.802359
1.01226 0.820275
1.06287 0.838191
1.11348 0.856107
1.1641 0.874023
1.21471 0.891939
1.26532 0.909854
1.31593 0.92777
1.36655 0.945686
1.41716 0.963602
1.46777 0.981518
1.51839 0.999434
1.56804 0.999434
1.6177 1.03368
1.66735 1.06792
1.71701 1.10216
1.76667 1.1364
1.81632 1.17064
1.86598 1.20488
1.91563 1.23912
1.96529 1.27336
2.01495 1.30761
2.0646 1.34185
2.11426 1.37609
2.16391 1.41033
2.21357 1.44457
2.26323 1.47881
2.31288 1.51305
2.36254 1.5473
2.41352 1.5473
2.46451 1.67611
2.51549 1.80492
2.56647 1.93373
2.61746 2.06254
2.66844 2.19135
2.71943 2.32016
2.77041 2.44898
2.82139 2.57779
2.87238 2.7066
2.92336 2.83541
2.97435 2.96422
3.02533 3.09303
3.07631 3.22185
3.1273 3.35066
3.17828 3.47947
3.22926 3.60828
3.28551 3.60828
3.34175 3.61151
3.39799 3.61475
3.45423 3.61798
3.50408 3.61798
3.55392 3.61798
3.60376 3.61798
3.65361 3.61798
3.70345 3.61798
3.7533 3.61798
3.80314 3.61798
3.85299 3.61798
3.90283 3.61798
3.95268 3.61798
4.00252 3.61798
4.05237 3.61798
4.10221 3.61798
4.15206 3.61798
4.2019 3.61798
4.25174 3.61798
4.30159 3.61798
4.35143 3.61798
4.40128 3.61798
4.45112 3.61798
4.50097 3.61798
4.55081 3.61798
4.60066 3.61798
4.6505 3.61798
4.70035 3.61798
4.75019 3.61798
4.80004 3.61798
4.84988 3.61798
4.89972 3.61798
4.94957 3.61798
4.99941 3.61798
5.04926 3.61798
5.0991 3.61798
5.14895 3.61798
5.19879 3.61798
5.24864 3.61798
5.29848 3.61798
5.34833 3.61798
5.39817 3.61798
5.44802 3.61798
5.49786 3.61798
5.5477 3.61798
5.59755 3.61798
5.64739 3.61798
5.69724 3.61798
5.74708 3.61798
5.79693 3.61798
5.84677 3.61798
5.89662 3.61798
5.94646 3.61798
5.99631 3.61798
6.04615 3.61798
6.096 3.61798
6.14584 3.61798
6.19568 3.61798
6.24553 3.61798
8.43415 4.87285
10.6228 4.87285
12.8114 4.87285
15.0 4.87285
0.0 0.48799
0.0496506 0.48799
0.0993011 0.507998
0.148952 0.528006
0.198602 0.548015
0.248253 0.568023
0.297903 0.588031
0.347554 0.608039
0.397205 0.628048
0.446855 0.648056
0.496506 0.668064
0.546156 0.688072
0.595807 0.708081
0.645457 0.728089
0.695108 0.748097
0.744759 0.768105
0.794409 0.788114
0.84406 0.808122
0.89371 0.82813
0.943361 0.848138
0.993011 0.868147
1.04266 0.888155
1.09231 0.908163
1.14196 0.928171
1.19161 0.94818
1.24077 0.94818
1.28993 1.00644
1.33909 1.0647
1.38825 1.12296
1.43741 1.18122
1.48657 1.23949
1.53573 1.29775
1.58489 1.35601
1.63405 1.41427
1.6832 1.47253
1.73236 1.53079
1.78152 1.58905
1.83068 1.64731
1.87973 1.64731
1.92878 1.77896
1.97783 1.9106
2.02688 2.04224
2.07593 2.17388
2.12498 2.30552
2.17403 2.43716
2.22307 2.56881
2.27212 2.70045
2.32117 2.83209
2.37022 2.96373
2.41927 3.09537
2.46832 3.22702
2.51737 3.35866
2.56642 3.4903
2.61547 3.62194
2.66557 3.62194
2.71568 3.62388
2.76579 3.62581
2.8159 3.62775
2.86601 3.62969
2.91612 3.63162
2.96622 3.63356
3.01633 3.6355
3.06644 3.63743
3.11655 3.63937
3.16666 3.64131
3.21677 3.64324
3.26687 3.64518
3.31698 3.64712
3.36709 3.64905
3.4172 3.65099
3.46731 3.65292
3.51741 3.65486
3.56752 3.6568
3.61763 3.65873
3.66774 3.66067
3.71785 3.66261
3.76796 3.66454
3.81806 3.66648
3.86817 3.66842
3.91828 3.67035
3.96839 3.67229
4.0185 3.67423
4.06861 3.67616
4.11871 3.6781
4.16882 3.68004
4.21893 3.68197
4.26904 3.68391
4.31915 3.68584
4.36926 3.68778
4.41936 3.68972
4.46947 3.69165
4.51958 3.69359
4.56969 3.69553
4.6198 3.69746
4.6699 3.6994
4.72001 3.70134
4.77012 3.70327
4.82023 3.70521
4.87034 3.70715
4.92045 3.70908
4.97055 3.71102
5.02066 3.71295
5.07077 3.71489
5.12088 3.71683
5.17099 3.71876
5.2216 3.71876
5.2722 3.71876
5.32281 3.71876
5.37342 3.71876
5.42403 3.71876
5.47464 3.71876
5.52525 3.71876
5.57586 3.71876
5.62646 3.71876
5.67707 3.71876
5.72768 3.71876
5.77829 3.71876
5.8289 3.71876
5.87951 3.71876
5.93012 3.71876
5.98072 3.71876
6.03133 3.71876
6.08194 3.71876
6.13255 3.71876
6.18316 3.71876
6.23377 3.71876
6.28438 3.71876
6.33498 3.71876
6.38559 3.71876
6.4362 3.71876
6.48681 3.71876
6.53742 3.71876
9.35828 5.0146
12.1791 5.0146
15.0 5.0146
0.0 0.484322
0.0499177 0.484322
0.0998354 0.503909
0.149753 0.523496
0.199671 0.543082
0.249588 0.562669
0.299506 0.582256
0.349424 0.601843
0.399341 0.621429
0.449259 0.641016
0.499177 0.660603
0.549095 0.68019
0.599012 0.699777
0.64893 0.719363
0.698848 0.73895
0.748765 0.758537
0.798683 0.778124
0.848601 0.79771
0.898518 0.817297
0.948436 0.836884
0.998354 0.856471
1.04827 0.876057
1.09819 0.895644
1.14811 0.915231
1.19802 0.934818
1.24676 0.934818
1.29549 0.983994
1.34422 1.03317
1.39295 1.08235
1.44169 1.13152
1.49042 1.1807
1.53915 1.22988
1.58788 1.27905
1.63661 1.32823
1.68535 1.37741
1.73408 1.42658
1.78281 1.47576
1.83154 1.52493
1.88028 1.57411
1.92901 1.62329
1.97774 1.67246
2.0293 1.67246
2.08087 1.81584
2.13243 1.95922
2.18399 2.1026
2.23555 2.24598
2.28712 2.38936
2.33868 2.53274
2.39024 2.67612
2.44181 2.8195
2.49337 2.96287
2.54493 3.10625
2.59649 3.24963
2.64806 3.39301
2.69962 3.53639
2.74908 3.53639
2.79854 3.54169
2.848 3.547
2.89746 3.5523
2.94692 3.55761
2.99638 3.56291
3.04584 3.56822
3.0953 3.57352
3.14476 3.57883
3.19422 3.58413
3.24368 3.58944
3.29315 3.59474
3.34261 3.60004
3.39207 3.60535
3.44153 3.61065
3.49099 3.61596
3.54045 3.62126
3.58991 3.62657
3.63937 3.63187
3.68883 3.63718
3.73829 3.64248
3.78775 3.64778
3.83721 3.65309
3.88667 3.65839
3.93613 3.6637
3.98559 3.669
4.03505 3.67431
4.08451 3.67961
4.13397 3.68492
4.18343 3.69022
4.23289 3.69553
4.28235 3.70083
4.33253 3.70083
4.3827 3.70083
4.43287 3.70083
4.48305 3.70083
4.53322 3.70083
4.58339 3.70083
4.63357 3.70083
4.68374 3.70083
4.73391 3.70083
4.78409 3.70083
4.83426 3.70083
4.88443 3.70083
4.9346 3.70083
4.98478 3.70083
5.03495 3.70083
5.08512 3.70083
5.1353 3.70083
5.18547 3.70083
5.23564 3.70083
5.28582 3.70083
5.33599 3.70083
5.38616 3.70083
5.43634 3.70083
5.48651 3.70083
5.53668 3.70083
5.58686 3.70083
5.63703 3.70083
5.6872 3.70083
5.73737 3.70083
5.78755 3.70083
5.83772 3.70083
5.88789 3.70083
5.93807 3.70083
5.98824 3.70083
6.03841 3.70083
6.08859 3.70083
6.13876 3.70083
6.18893 3.70083
6.23911 3.70083
6.28928 3.70083
6.33945 3.70083
6.38963 3.70083
6.4398 3.70083
9.2932 5.00632
12.1466 5.00632
15.0 5.00632
0.0 0.483243
0.0503994 0.483243
0.100799 0.503993
0.151198 0.524743
0.201598 0.545493
0.251997 0.566242
0.302397 0.586992
0.352796 0.607742
0.403195 0.628492
0.453595 0.649241
0.503994 0.669991
0.554394 0.690741
0.604793 0.711491
0.655193 0.73224
0.705592 0.75299
0.755991 0.77374
0.806391 0.79449
0.85679 0.815239
0.90719 0.835989
0.957589 0.856739
1.00799 0.877489
1.05839 0.898238
1.10879 0.918988
1.15919 0.939738
1.20959 0.960488
1.25999 0.981237
1.31039 1.00199
1.36078 1.02274
1.41118 1.04349
1.46158 1.06424
1.51181 1.06424
1.56204 1.10204
1.61226 1.13985
1.66249 1.17766
1.71271 1.21547
1.76294 1.25328
1.81317 1.29109
1.86339 1.3289
1.91362 1.3667
1.96385 1.40451
2.01407 1.44232
2.0643 1.48013
2.11453 1.51794
2.16475 1.55575
2.21498 1.59356
2.2652 1.63136
2.31543 1.66917
2.36566 1.70698
2.41565 1.70698
2.46564 1.74813
2.51563 1.78927
2.56562 1.83042
2.61561 1.87157
2.6656 1.91271
2.71559 1.95386
2.76558 1.99501
2.81557 2.03615
2.86556 2.0773
2.91556 2.11844
2.96555 2.15959
3.01554 2.20074
3.06553 2.24188
3.11552 2.28303
3.16551 2.32418
3.2155 2.36532
3.26549 2.40647
3.31548 2.44761
3.36547 2.48876
3.41546 2.52991
3.46545 2.57105
3.51544 2.6122
3.56543 2.65335
3.61543 2.69449
3.66542 2.73564
3.71541 2.77678
3.7654 2.81793
3.81539 2.85908
3.86538 2.90022
3.91537 2.94137
3.96536 2.98252
4.01535 3.02366
4.06534 3.06481
4.11533 3.10595
4.16532 3.1471
4.21531 3.18825
4.26531 3.22939
4.3153 3.27054
4.36529 3.31169
4.41528 3.35283
4.46527 3.39398
4.51526 3.43512
4.56539 3.43512
4.61552 3.44524
4.66566 3.45536
4.71579 3.46548
4.76592 3.4756
4.81605 3.48571
4.86619 3.49583
4.91632 3.50595
4.96645 3.51607
5.01658 3.52618
5.06672 3.5363
5.11685 3.54642
5.16698 3.55654
5.21711 3.56665
5.26724 3.57677
5.31738 3.58689
5.36751 3.59701
5.41764 3.60713
5.46777 3.61724
5.51791 3.62736
5.56804 3.63748
5.61817 3.6476
5.6683 3.65771
5.71844 3.66783
5.76857 3.67795
5.8187 3.68807
5.86883 3.69818
5.91897 3.7083
5.9691 3.71842
6.01923 3.72854
6.06936 3.73866
6.1195 3.74877
6.16963 3.75889
6.21976 3.76901
6.26989 3.77913
6.32003 3.78924
6.37047 3.78924
6.42091 3.78924
6.47135 3.78924
6.52179 3.78924
6.57223 3.78924
6.62267 3.78924
6.67311 3.78924
6.72355 3.78924
6.77399 3.78924
6.82443 3.78924
6.87487 3.78924
6.92531 3.78924
6.97575 3.78924
7.02619 3.78924
7.07663 3.78924
7.12708 3.78924
7.17752 3.78924
7.22796 3.78924
7.2784 3.78924
7.32884 3.78924
7.37928 3.78924
7.42972 3.78924
7.48016 3.78924
7.5306 3.78924
7.58104 3.78924
7.63148 3.78924
10.0877 4.92991
12.5438 4.92991
15.0 4.92991
0.0 0.478569
0.0507594 0.478569
0.101519 0.499918
0.152278 0.521266
0.203038 0.542615
0.253797 0.563963
0.304556 0.585312
0.355316 0.60666
0.406075 0.628009
0.456835 0.649357
0.507594 0.670706
0.558353 0.692055
0.609113 0.713403
0.659872 0.734752
0.710632 0.7561
0.761391 0.777449
0.81215 0.798797
0.86291 0.820146
0.913669 0.841494
0.964429 0.862843
1.01519 0.884191
1.06595 0.90554
1.11671 0.926888
1.16747 0.948237
1.21823 0.969585
1.26898 0.990934
1.31974 1.01228
1.3705 1.03363
1.41972 1.03363
1.46894 1.05754
1.51816 1.08144
1.56738 1.10535
1.6166 1.12925
1.66582 1.15316
1.71504 1.17706
1.76426 1.20097
1.81348 1.22487
1.8627 1.24878
1.91192 1.27268
1.96113 1.29659
2.01035 1.32049
2.05957 1.3444
2.10879 1.3683
2.15801 1.3922
2.20723 1.41611
2.25645 1.44001
2.30567 1.46392
2.35489 1.48782
2.40411 1.51173
2.45333 1.53563
2.50255 1.55954
2.55177 1.58344
2.60099 1.60735
2.6502 1.63125
2.69942 1.65516
2.74864 1.67906
2.79786 1.70297
2.84748 1.70297
2.8971 1.77735
2.94673 1.85174
2.99635 1.92612
3.04597 2.0005
3.09559 2.07488
3.14521 2.14927
3.19483 2.22365
3.24445 2.29803
3.29407 2.37242
3.3437 2.4468
3.39332 2.52118
3.44294 2.59557
3.49256 2.66995
3.54218 2.74433
3.5918 2.81872
3.64142 2.8931
3.69104 2.96748
3.74066 3.04186
3.79029 3.11625
3.83991 3.19063
3.88953 3.26501
3.93915 3.3394
3.98877 3.41378
4.03839 3.48816
4.08857 3.48816
4.13875 3.4952
4.18893 3.50223
4.23912 3.50927
4.2893 3.5163
4.33948 3.52334
4.38966 3.53037
4.43984 3.5374
4.49002 3.54444
4.5402 3.55147
4.59038 3.55851
4.64056 3.56554
4.69075 3.57258
4.74093 3.57961
4.79111 3.58665
4.84129 3.59368
4.89147 3.60071
4.94165 3.60775
4.99183 3.61478
5.04201 3.62182
5.09219 3.62885
5.14238 3.63589
5.19256 3.64292
5.24274 3.64995
5.29292 3.65699
5.3431 3.66402
5.39328 3.67106
5.44346 3.67809
5.49364 3.68513
5.54382 3.69216
5.59401 3.6992
5.64419 3.70623
5.69437 3.71326
5.74455 3.7203
5.79473 3.72733
5.84491 3.73437
5.89509 3.7414
5.94527 3.74844
5.99545 3.75547
6.04563 3.76251
6.09582 3.76954
6.146 3.77657
6.19555 3.77657
6.2451 3.77657
6.29466 3.77657
6.34421 3.77657
6.39376 3.77657
6.44332 3.77657
6.49287 3.77657
6.54242 3.77657
6.59198 3.77657
6.64153 3.77657
6.69108 3.77657
6.74064 3.77657
6.79019 3.77657
6.83974 3.77657
6.8893 3.77657
6.93885 3.77657
6.98841 3.77657
7.03796 3.77657
7.08751 3.77657
7.13707 3.77657
7.18662 3.77657
7.23617 3.77657
7.28573 3.77657
7.33528 3.77657
7.38483 3.77657
7.43439 3.77657
7.48394 3.77657
7.53349 3.77657
7.58305 3.77657
7.6326 3.77657
7.68215 3.77657
10.1214 4.93214
12.5607 4.93214
15.0 4.93214
0.0 0.486906
0.0500529 0.486906
0.100106 0.5047
0.150159 0.522494
0.200212 0.540288
0.250264 0.558082
0.300317 0.575876
0.35037 0.59367
0.400423 0.611465
0.450476 0.629259
0.500529 0.647053
0.550582 0.664847
0.600635 0.682641
0.650688 0.700435
0.70074 0.718229
0.750793 0.736023
0.800846 0.753817
0.850899 0.771611
0.900952 0.789405
0.951005 0.807199
1.00106 0.824993
1.05111 0.842787
1.10116 0.860581
1.15122 0.878376
1.20127 0.89617
1.25132 0.913964
1.30138 0.931758
1.35143 0.949552
1.40148 0.967346
1.45153 0.98514
1.50159 1.00293
1.55131 1.00293
1.60104 1.02517
1.65077 1.04741
1.7005 1.06964
1.75023 1.09188
1.79995 1.11412
1.84968 1.13635
1.89941 1.15859
1.94914 1.18083
1.99886 1.20306
2.04859 1.2253
2.09832 1.24754
2.14805 1.26977
2.19777 1.29201
2.2475 1.31425
2.29723 1.33648
2.34696 1.35872
2.39669 1.38096
2.44641 1.40319
2.49614 1.42543
2.54587 1.44767
2.5956 1.4699
2.64532 1.49214
2.69505 1.51438
2.74478 1.53661
2.79451 1.55885
2.84424 1.58109
2.89396 1.60332
2.94369 1.62556
2.99342 1.64779
3.04315 1.67003
3.09252 1.67003
3.1419 1.73398
3.19127 1.79794
3.24065 1.86189
3.29002 1.92584
3.3394 1.98979
3.38877 2.05375
3.43815 2.1177
3.48752 2.18165
3.5369 2.2456
3.58627 2.30955
3.63565 2.37351
3.68503 2.43746
3.7344 2.50141
3.78378 2.56536
3.83315 2.62932
3.88253 2.69327
3.9319 2.75722
3.98128 2.82117
4.03065 2.88512
4.08003 2.94908
4.1294 3.01303
4.17878 3.07698
4.22815 3.14093
4.27753 3.20489
4.3269 3.26884
4.37628 3.33279
4.42565 3.39674
4.47503 3.46069
4.5249 3.46069
4.57477 3.47049
4.62464 3.48029
4.67452 3.49009
4.72439 3.49988
4.77426 3.50968
4.82413 3.51948
4.874 3.52927
4.92387 3.53907
4.97375 3.54887
5.02362 3.55866
5.07349 3.56846
5.12336 3.57826
5.17323 3.58805
5.2231 3.59785
5.27298 3.60765
5.32285 3.61744
5.37272 3.62724
5.42259 3.63704
5.47246 3.64684
5.52233 3.65663
5.5722 3.66643
5.62208 3.67623
5.67195 3.68602
5.72182 3.69582
5.77169 3.70562
5.82156 3.71541
5.87143 3.72521
5.92131 3.73501
5.97118 3.7448
6.02105 3.7546
6.07092 3.7644
6.12079 3.7742
6.17135 3.7742
6.22192 3.7742
6.27248 3.7742
6.32304 3.7742
6.3736 3.7742
6.42417 3.7742
6.47473 3.7742
6.52529 3.7742
6.57585 3.7742
6.62641 3.7742
6.67698 3.7742
6.72754 3.7742
6.7781 3.7742
6.82866 3.7742
6.87923 3.7742
6.92979 3.7742
6.98035 3.7742
7.03091 3.7742
7.08148 3.7742
7.13204 3.7742
9.75469 4.90752
12.3773 4.90752
15.0 4.90752
0.0 0.486495
0.0502979 0.486495
0.100596 0.506245
0.150894 0.525996
0.201191 0.545746
0.251489 0.565497
0.301787 0.585247
0.352085 0.604998
0.402383 0.624748
0.452681 0.644499
0.502979 0.66425
0.553276 0.684
0.603574 0.703751
0.653872 0.723501
0.70417 0.743252
0.754468 0.763002
0.804766 0.782753
0.855063 0.802503
0.905361 0.822254
0.955659 0.842004
1.00596 0.861755
1.05625 0.881505
1.10655 0.901256
1.15685 0.921006
1.20715 0.940757
1.25745 0.960507
1.30774 0.980258
1.35804 1.00001
1.40834 1.01976
1.45864 1.03951
1.50894 1.05926
1.55923 1.07901
1.60953 1.09876
1.65983 1.11851
1.70955 1.11851
1.75927 1.13246
1.80899 1.14641
1.85871 1.16036
1.90843 1.17431
1.95815 1.18825
2.00787 1.2022
2.0576 1.21615
2.10732 1.2301
2.15704 1.24405
2.20676 1.258
2.25648 1.27194
2.3062 1.28589
2.35592 1.29984
2.40564 1.31379
2.45536 1.32774
2.50508 1.34169
2.5548 1.35563
2.60452 1.36958
2.65424 1.38353
2.70397 1.39748
2.75369 1.41143
2.80341 1.42538
2.85313 1.43932
2.90285 1.45327
2.95257 1.46722
3.00229 1.48117
3.05201 1.49512
3.10173 1.50907
3.15145 1.52302
3.20117 1.53696
3.25089 1.55091
3.30062 1.56486
3.35034 1.57881
3.40006 1.59276
3.44978 1.60671
3.4995 1.62065
3.54922 1.6346
3.59894 1.64855
3.64934 1.64855
3.69973 1.70888
3.75013 1.76921
3.80052 1.82954
3.85092 1.88986
3.90131 1.95019
3.95171 2.01052
4.0021 2.07085
4.0525 2.13118
4.10289 2.1915
4.15329 2.25183
4.20368 2.31216
4.25408 2.37249
4.30447 2.43282
4.35487 2.49315
4.40526 2.55347
4.45566 2.6138
4.50605 2.67413
4.55645 2.73446
4.60684 2.79479
4.65724 2.85512
4.70763 2.91544
4.75803 2.97577
4.80842 3.0361
4.85882 3.09643
4.90921 3.15676
4.95961 3.21708
5.01001 3.27741
5.0604 3.33774
5.1108 3.39807
5.16119 3.4584
5.21159 3.51873
5.26161 3.51873
5.31163 3.52801
5.36165 3.5373
5.41167 3.54658
5.46169 3.55587
5.51171 3.56515
5.56173 3.57444
5.61175 3.58372
5.66177 3.59301
5.71179 3.60229
5.76181 3.61158
5.81183 3.62086
5.86185 3.63015
5.91188 3.63943
5.9619 3.64872
6.01192 3.658
6.06194 3.66729
6.11196 3.67657
6.16198 3.68586
6.212 3.69515
6.26202 3.70443
6.31204 3.71372
6.36206 3.723
6.41208 3.73229
6.4621 3.74157
6.51212 3.75086
6.56214 3.76014
6.61217 3.76943
6.66219 3.77871
6.71221 3.788
6.76223 3.79728
6.81225 3.80657
6.86249 3.80657
6.91273 3.80657
6.96298 3.80657
7.01322 3.80657
7.06346 3.80657
7.1137 3.80657
7.16395 3.80657
7.21419 3.80657
7.26443 3.80657
7.31467 3.80657
7.36492 3.80657
7.41516 3.80657
7.4654 3.80657
9.97693 4.8818
12.4885 4.8818
15.0 4.8818
0.0 0.475971
0.0498412 0.475971
0.0996823 0.495854
0.149523 0.515737
0.199365 0.53562
0.249206 0.555504
0.299047 0.575387
0.348888 0.59527
0.398729 0.615153
0.44857 0.635036
0.498412 0.65492
0.548253 0.674803
0.598094 0.694686
0.647935 0.714569
0.697776 0.734452
0.747617 0.754336
0.797458 0.774219
0.8473 0.794102
0.897141 0.813985
0.946982 0.833868
0.996823 0.853752
1.04666 0.873635
1.09651 0.893518
1.14635 0.913401
1.19619 0.933284
1.24603 0.953168
1.29587 0.973051
1.34571 0.992934
1.39555 1.01282
1.44539 1.0327
1.49523 1.05258
1.54508 1.07247
1.59492 1.09235
1.64476 1.11223
1.6946 1.13212
1.74444 1.152
1.79391 1.152
1.84337 1.16364
1.89283 1.17528
1.9423 1.18692
1.99176 1.19856
2.04123 1.2102
2.09069 1.22184
2.14016 1.23347
2.18962 1.24511
2.23909 1.25675
2.28855 1.26839
2.33802 1.28003
2.38748 1.29167
2.43695 1.30331
2.48641 1.31495
2.53588 1.32659
2.58534 1.33823
2.6348 1.34987
2.68427 1.36151
2.73373 1.37315
2.7832 1.38479
2.83266 1.39642
2.88213 1.40806
2.93159 1.4197
2.98106 1.43134
3.03052 1.44298
3.07999 1.45462
3.12945 1.46626
3.17892 1.4779
3.22838 1.48954
3.27785 1.50118
3.32731 1.51282
3.37678 1.52446
3.42624 1.5361
3.4757 1.54774
3.52517 1.55937
3.57463 1.57101
3.6241 1.58265
3.67356 1.59429
3.72303 1.60593
3.77249 1.61757
3.82196 1.62921
3.87142 1.64085
3.92089 1.65249
3.97079 1.65249
4.02068 1.76604
4.07058 1.8796
4.12048 1.99316
4.17038 2.10671
4.22028 2.22027
4.27018 2.33382
4.32007 2.44738
4.36997 2.56094
4.41987 2.67449
4.46977 2.78805
4.51967 2.9016
4.56957 3.01516
4.61946 3.12871
4.66936 3.24227
4.71926 3.35583
4.76916 3.46938
4.81867 3.46938
4.86819 3.47774
4.9177 3.48611
4.96722 3.49447
5.01673 3.50283
5.06625 3.51119
5.11576 3.51955
5.16528 3.52791
5.21479 3.53628
5.2643 3.54464
5.31382 3.553
5.36333 3.56136
5.41285 3.56972
5.46236 3.57809
5.51188 3.58645
5.56139 3.59481
5.61091 3.60317
5.66042 3.61153
5.70993 3.6199
5.75945 3.62826
5.80896 3.63662
5.85848 3.64498
5.90799 3.65334
5.95751 3.6617
6.00702 3.67007
6.05654 3.67843
6.10605 3.68679
6.15557 3.69515
6.20508 3.70351
6.25459 3.71188
6.30411 3.72024
6.35362 3.7286
6.40314 3.73696
6.45265 3.74532
6.50217 3.75369
6.55168 3.76205
6.6012 3.77041
6.65071 3.77877
6.70022 3.78713
6.74974 3.79549
6.79925 3.80386
6.84877 3.81222
6.89828 3.82058
6.9478 3.82894
6.99731 3.8373
7.04683 3.84567
7.09556 3.84567
7.14429 3.84567
7.19302 3.84567
7.24176 3.84567
7.29049 3.84567
7.33922 3.84567
7.38795 3.84567
7.43668 3.84567
7.48542 3.84567
7.53415 3.84567
7.58288 3.84567
7.63161 3.84567
7.68035 3.84567
7.72908 3.84567
7.77781 3.84567
7.82654 3.84567
7.87528 3.84567
7.92401 3.84567
10.2827 4.87885
12.6413 4.87885
15.0 4.87885
0.0 0.475796
0.0503755 0.475796
0.100751 0.496121
0.151127 0.516446
0.201502 0.536771
0.251878 0.557097
0.302253 0.577422
0.352629 0.597747
0.403004 0.618072
0.45338 0.638397
0.503755 0.658723
0.554131 0.679048
0.604506 0.699373
0.654882 0.719698
0.705257 0.740023
0.755633 0.760349
0.806009 0.780674
0.856384 0.800999
0.90676 0.821324
0.957135 0.841649
1.00751 0.861975
1.05789 0.8823
1.10826 0.902625
1.15864 0.92295
1.20901 0.943275
1.25939 0.963601
1.30976 0.983926
1.36014 1.00425
1.41051 1.02458
1.46089 1.0449
1.51127 1.06523
1.56164 1.08555
1.61202 1.10588
1.66239 1.1262
1.71277 1.14653
1.76281 1.14653
1.81284 1.15879
1.86288 1.17106
1.91292 1.18332
1.96296 1.19559
2.013 1.20786
2.06304 1.22012
2.11307 1.23239
2.16311 1.24465
2.21315 1.25692
2.26319 1.26918
2.31323 1.28145
2.36327 1.29372
2.4133 1.30598
2.46334 1.31825
2.51338 1.33051
2.56342 1.34278
2.61346 1.35504
2.6635 1.36731
2.71353 1.37957
2.76357 1.39184
2.81361 1.40411
2.86365 1.41637
2.91369 1.42864
2.96372 1.4409
3.01376 1.45317
3.0638 1.46543
3.11384 1.4777
3.16388 1.48997
3.21392 1.50223
3.26395 1.5145
3.31399 1.52676
3.36403 1.53903
3.41407 1.55129
3.46411 1.56356
3.51415 1.57583
3.56418 1.58809
3.61422 1.60036
3.66426 1.61262
3.7143 1.62489
3.76434 1.63715
3.81437 1.64942
3.86441 1.66169
3.91445 1.67395
3.96334 1.67395
4.01223 1.81839
4.06111 1.96283
4.11 2.10726
4.15889 2.2517
4.20777 2.39614
4.25666 2.54058
4.30555 2.68501
4.35443 2.82945
4.40332 2.97389
4.45221 3.11833
4.50109 3.26277
4.54998 3.4072
4.59887 3.55164
4.6494 3.55164
4.69994 3.56232
4.75047 3.573
4.801 3.58368
4.85154 3.59436
4.90207 3.60504
4.95261 3.61572
5.00314 3.6264
5.05367 3.63709
5.10421 3.64777
5.15474 3.65845
5.20528 3.66913
5.25581 3.67981
5.30634 3.69049
5.35688 3.70117
5.40741 3.71185
5.45795 3.72253
5.50848 3.73321
5.55901 3.74389
5.60955 3.75457
5.66008 3.76525
5.71062 3.77593
5.76115 3.78661
5.81168 3.79729
5.86222 3.80797
5.91275 3.81865
5.96329 3.82934
6.0137 3.82934
6.06411 3.82934
6.11452 3.82934
6.16493 3.82934
6.21534 3.82934
6.26575 3.82934
6.31616 3.82934
6.36657 3.82934
6.41698 3.82934
6.46739 3.82934
6.5178 3.82934
6.56821 3.82934
6.61862 3.82934
6.66903 3.82934
6.71945 3.82934
6.76986 3.82934
6.82027 3.82934
6.87068 3.82934
9.58045 4.83916
12.2902 4.83916
15.0 4.83916
0.0 0.466369
0.050756 0.466369
0.101512 0.487298
0.152268 0.508226
0.203024 0.529155
0.25378 0.550084
0.304536 0.571012
0.355292 0.591941
0.406048 0.612869
0.456804 0.633798
0.50756 0.654726
0.558316 0.675655
0.609072 0.696583
0.659828 0.717512
0.710584 0.738441
0.76134 0.759369
0.812096 0.780298
0.862852 0.801226
0.913609 0.822155
0.964365 0.843083
1.01512 0.864012
1.06588 0.884941
1.11663 0.905869
1.16739 0.926798
1.21814 0.947726
1.2689 0.968655
1.31966 0.989583
1.37041 1.01051
1.42117 1.03144
1.47057 1.03144
1.51997 1.05521
1.56937 1.07897
1.61877 1.10274
1.66817 1.12651
1.71757 1.15028
1.76697 1.17404
1.81637 1.19781
1.86577 1.22158
1.91517 1.24534
1.96457 1.26911
2.01397 1.29288
2.06337 1.31664
2.11277 1.34041
2.16217 1.36418
2.21157 1.38794
2.26097 1.41171
2.31037 1.43548
2.35977 1.45925
2.40917 1.48301
2.45857 1.50678
2.50797 1.53055
2.55737 1.55431
2.60677 1.57808
2.65617 1.60185
2.70557 1.62561
2.75497 1.64938
2.80566 1.64938
2.85636 1.71113
2.90705 1.77288
2.95775 1.83463
3.00845 1.89638
3.05914 1.95813
3.10984 2.01988
3.16054 2.08163
3.21123 2.14338
3.26193 2.20513
3.31262 2.26687
3.36332 2.32862
3.41402 2.39037
3.46471 2.45212
3.51541 2.51387
3.56611 2.57562
3.6168 2.63737
3.6675 2.69912
3.7182 2.76087
3.76889 2.82262
3.81959 2.88437
3.87028 2.94612
3.92098 3.00787
3.97168 3.06962
4.02237 3.13137
4.07307 3.19311
4.12377 3.25486
4.17446 3.31661
4.22516 3.37836
4.27585 3.44011
4.32655 3.50186
4.37725 3.56361
4.42732 3.56361
4.47739 3.56847
4.52747 3.57332
4.57754 3.57817
4.62761 3.58303
4.67769 3.58788
4.72776 3.59274
4.77783 3.59759
4.82791 3.60245
4.87798 3.6073
4.92805 3.61216
4.97813 3.61701
5.0282 3.62187
5.07827 3.62672
5.12835 3.63158
5.17842 3.63643
5.2285 3.64129
5.27857 3.64614
5.32864 3.65099
5.37872 3.65585
5.42879 3.6607
5.47886 3.66556
5.52894 3.67041
5.57901 3.67527
5.62908 3.68012
5.67916 3.68498
5.72923 3.68983
5.7793 3.69469
5.82938 3.69954
5.87945 3.7044
5.92952 3.70925
5.9796 3.7141
6.02967 3.71896
6.07974 3.72381
6.12982 3.72867
6.17989 3.73352
6.23043 3.73352
6.28097 3.73352
6.3315 3.73352
6.38204 3.73352
6.43258 3.73352
6.48312 3.73352
6.53365 3.73352
6.58419 3.73352
6.63473 3.73352
6.68527 3.73352
6.7358 3.73352
6.78634 3.73352
6.83688 3.73352
6.88742 3.73352
6.93795 3.73352
6.98849 3.73352
7.03903 3.73352
7.08957 3.73352
7.1401 3.73352
7.19064 3.73352
7.24118 3.73352
7.29172 3.73352
7.34225 3.73352
7.39279 3.73352
7.44333 3.73352
7.49387 3.73352
7.5444 3.73352
7.59494 3.73352
7.64548 3.73352
10.097 4.83701
12.5485 4.83701
15.0 4.83701
0.0 0.47287
0.0507711 0.47287
0.101542 0.493475
0.152313 0.51408
0.203084 0.534685
0.253855 0.55529
0.304626 0.575895
0.355397 0.5965
0.406168 0.617105
0.45694 0.63771
0.507711 0.658315
0.558482 0.67892
0.609253 0.699524
0.660024 0.720129
0.710795 0.740734
0.761566 0.761339
0.812337 0.781944
0.863108 0.802549
0.913879 0.823154
0.96465 0.843759
1.01542 0.864364
1.06619 0.884969
1.11696 0.905574
1.16773 0.926179
1.21851 0.946784
1.26928 0.967389
1.32005 0.987993
1.37082 1.0086
1.42159 1.0292
1.47236 1.04981
1.52313 1.07041
1.5739 1.09102
1.62352 1.09102
1.67315 1.12037
1.72277 1.14973
1.77239 1.17909
1.82201 1.20844
1.87163 1.2378
1.92125 1.26715
1.97087 1.29651
2.0205 1.32586
2.07012 1.35522
2.11974 1.38458
2.16936 1.41393
2.21898 1.44329
2.2686 1.47264
2.31822 1.502
2.36785 1.53135
2.41747 1.56071
2.46709 1.59007
2.51671 1.61942
2.56633 1.64878
2.61595 1.67813
2.66648 1.67813
2.717 1.88653
2.76752 2.09493
2.81804 2.30332
2.86857 2.51172
2.91909 2.72012
2.96961 2.92851
3.02014 3.13691
3.07066 3.34531
3.12118 3.55371
3.1698 3.55371
3.21841 3.56742
3.26703 3.58113
3.31564 3.59484
3.36426 3.60855
3.41287 3.62226
3.46149 3.63598
3.5101 3.64969
3.55872 3.6634
3.60733 3.67711
3.65595 3.69082
3.70594 3.69082
3.75593 3.69082
3.80592 3.69082
3.85591 3.69082
3.9059 3.69082
3.95589 3.69082
4.00588 3.69082
4.05587 3.69082
4.10587 3.69082
4.15586 3.69082
4.20585 3.69082
4.25584 3.69082
4.30583 3.69082
4.35582 3.69082
4.40581 3.69082
4.4558 3.69082
4.50579 3.69082
4.55578 3.69082
4.60577 3.69082
4.65576 3.69082
4.70576 3.69082
4.75575 3.69082
4.80574 3.69082
4.85573 3.69082
4.90572 3.69082
4.95571 3.69082
5.0057 3.69082
5.05569 3.69082
5.10568 3.69082
5.15567 3.69082
5.20566 3.69082
5.25565 3.69082
5.30564 3.69082
5.35564 3.69082
5.40563 3.69082
5.45562 3.69082
5.50561 3.69082
5.5556 3.69082
5.60559 3.69082
5.65558 3.69082
5.70557 3.69082
5.75556 3.69082
5.80555 3.69082
5.85554 3.69082
5.90553 3.69082
5.95553 3.69082
6.00552 3.69082
6.05551 3.69082
6.1055 3.69082
6.15549 3.69082
6.20548 3.69082
6.25547 3.69082
9.17031 4.70048
12.0852 4.70048
15.0 4.70048
0.0 0.473864
0.0501254 0.473864
0.100251 0.49316
0.150376 0.512457
0.200502 0.531753
0.250627 0.551049
0.300752 0.570345
0.350878 0.589642
0.401003 0.608938
0.451129 0.628234
0.501254 0.647531
0.551379 0.666827
0.601505 0.686123
0.65163 0.70542
0.701755 0.724716
0.751881 0.744012
0.802006 0.763309
0.852132 0.782605
0.902257 0.801901
0.952382 0.821198
1.00251 0.840494
1.05263 0.85979
1.10276 0.879087
1.15288 0.898383
1.20301 0.917679
1.25313 0.936976
1.30326 0.956272
1.35339 0.975568
1.40351 0.994865
1.45364 1.01416
1.50376 1.03346
1.55389 1.05275
1.60401 1.07205
1.65414 1.09135
1.70361 1.09135
1.75309 1.11186
1.80257 1.13236
1.85204 1.15287
1.90152 1.17338
1.951 1.19389
2.00047 1.2144
2.04995 1.23491
2.09943 1.25542
2.1489 1.27593
2.19838 1.29644
2.24785 1.31695
2.29733 1.33746
2.34681 1.35797
2.39628 1.37848
2.44576 1.39899
2.49524 1.4195
2.54471 1.44001
2.59419 1.46051
2.64367 1.48102
2.69314 1.50153
2.74262 1.52204
2.79209 1.54255
2.84157 1.56306
2.89105 1.58357
2.94052 1.60408
2.99 1.62459
3.03948 1.6451
3.08895 1.66561
3.13843 1.68612
3.18791 1.70663
3.23752 1.70663
3.28714 1.76345
3.33675 1.82027
3.38637 1.87709
3.43599 1.93391
3.4856 1.99073
3.53522 2.04755
3.58484 2.10437
3.63445 2.1612
3.68407 2.21802
3.73369 2.27484
3.7833 2.33166
3.83292 2.38848
3.88254 2.4453
3.93215 2.50212
3.98177 2.55894
4.03138 2.61576
4.081 2.67258
4.13062 2.72941
4.18023 2.78623
4.22985 2.84305
4.27947 2.89987
4.32908 2.95669
4.3787 3.01351
4.42832 3.07033
4.47793 3.12715
4.52755 3.18397
4.57716 3.24079
4.62678 3.29762
4.6764 3.35444
4.72601 3.41126
4.77563 3.46808
4.82525 3.5249
4.87609 3.5249
4.92694 3.53081
4.97778 3.53673
5.02863 3.54264
5.07947 3.54856
5.13032 3.55447
5.18116 3.56039
5.23201 3.5663
5.28285 3.57222
5.3337 3.57813
5.38454 3.58405
5.43539 3.58996
5.48623 3.59588
5.53708 3.60179
5.58792 3.60771
5.63877 3.61362
5.68961 3.61954
5.74046 3.62545
5.7913 3.63137
5.84215 3.63728
5.89174 3.63728
5.94133 3.63728
5.99093 3.63728
6.04052 3.63728
6.09011 3.63728
6.1397 3.63728
6.1893 3.63728
6.23889 3.63728
6.28848 3.63728
6.33807 3.63728
6.38767 3.63728
6.43726 3.63728
6.48685 3.63728
6.53644 3.63728
6.58603 3.63728
6.63563 3.63728
6.68522 3.63728
6.73481 3.63728
6.7844 3.63728
6.834 3.63728
6.88359 3.63728
6.93318 3.63728
6.98277 3.63728
7.03237 3.63728
7.08196 3.63728
7.13155 3.63728
7.18114 3.63728
7.23074 3.63728
7.28033 3.63728
7.32992 3.63728
7.37951 3.63728
7.42911 3.63728
7.4787 3.63728
7.52829 3.63728
7.57788 3.63728
7.62748 3.63728
7.67707 3.63728
7.72666 3.63728
7.77625 3.63728
7.82584 3.63728
7.87544 3.63728
7.92503 3.63728
10.2834 4.62954
12.6417 4.62954
15.0 4.62954
0.0 0.466429
0.0504894 0.466429
0.100979 0.488241
0.151468 0.510053
0.201958 0.531864
0.252447 0.553676
0.302936 0.575488
0.353426 0.5973
0.403915 0.619111
0.454405 0.640923
0.504894 0.662735
0.555383 0.684547
0.605873 0.706358
0.656362 0.72817
0.706851 0.749982
0.757341 0.771794
0.80783 0.793605
0.85832 0.815417
0.908809 0.837229
0.959298 0.859041
1.00979 0.880852
1.06028 0.902664
1.11077 0.924476
1.16126 0.946288
1.21175 0.968099
1.26223 0.989911
1.31272 1.01172
1.36321 1.03353
1.4137 1.05535
1.46419 1.07716
1.51468 1.09897
1.56517 1.12078
1.61566 1.14259
1.66615 1.16441
1.71664 1.18622
1.76793 1.18622
1.81922 1.21416
1.87051 1.24211
1.9218 1.27006
1.97308 1.298
2.02437 1.32595
2.07566 1.3539
2.12695 1.38184
2.17824 1.40979
2.22953 1.43774
2.28082 1.46568
2.33211 1.49363
2.3834 1.52158
2.43469 1.54952
2.48598 1.57747
2.53727 1.60542
2.58855 1.63336
2.63984 1.66131
2.69113 1.68926
2.74192 1.68926
2.79272 1.77009
2.84351 1.85093
2.8943 1.93177
2.94509 2.01261
2.99588 2.09345
3.04667 2.17429
3.09746 2.25513
3.14826 2.33596
3.19905 2.4168
3.24984 2.49764
3.30063 2.57848
3.35142 2.65932
3.40221 2.74016
3.45301 2.82099
3.5038 2.90183
3.55459 2.98267
3.60538 3.06351
3.65617 3.14435
3.70696 3.22519
3.75775 3.30602
3.80855 3.38686
3.85934 3.4677
3.9086 3.4677
3.95787 3.47071
4.00714 3.47373
4.0564 3.47674
4.10567 3.47975
4.15494 3.48277
4.2042 3.48578
4.25347 3.48879
4.30274 3.4918
4.352 3.49482
4.40127 3.49783
4.45053 3.50084
4.4998 3.50385
4.54907 3.50687
4.59833 3.50988
4.6476 3.51289
4.69687 3.51591
4.74613 3.51892
4.7954 3.52193
4.84467 3.52494
4.89393 3.52796
4.9432 3.53097
4.99246 3.53398
5.04173 3.53699
5.091 3.54001
5.14026 3.54302
5.18953 3.54603
5.2388 3.54905
5.28806 3.55206
5.33607 3.55206
5.38407 3.55206
5.43207 3.55206
5.48008 3.55206
5.52808 3.55206
5.57609 3.55206
5.62409 3.55206
5.67209 3.55206
5.7201 3.55206
5.7681 3.55206
8.07608 4.70261
10.3841 4.70261
12.692 4.70261
15.0 4.70261
0.0 0.484612
0.049537 0.484612
0.0990741 0.50471
0.148611 0.524808
0.198148 0.544907
0.247685 0.565005
0.297222 0.585103
0.346759 0.605202
0.396296 0.6253
0.445833 0.645398
0.49537 0.665496
0.544907 0.685595
0.594445 0.705693
0.643982 0.725791
0.693519 0.74589
0.743056 0.765988
0.792593 0.786086
0.84213 0.806184
0.891667 0.826283
0.941204 0.846381
0.990741 0.866479
1.04028 0.886578
1.08981 0.906676
1.13935 0.926774
1.18889 0.946872
1.23843 0.966971
1.28796 0.987069
1.3375 1.00717
1.38704 1.02727
1.43657 1.04736
1.48611 1.06746
1.53565 1.08756
1.58519 1.10766
1.63472 1.12776
1.68426 1.14786
1.7338 1.16795
1.78355 1.16795
1.83331 1.19504
1.88306 1.22214
1.93282 1.24923
1.98257 1.27632
2.03233 1.30341
2.08209 1.3305
2.13184 1.35759
2.1816 1.38468
2.23135 1.41177
2.28111 1.43886
2.33086 1.46595
2.38062 1.49305
2.43037 1.52014
2.48013 1.54723
2.52989 1.57432
2.57964 1.60141
2.6294 1.6285
2.67915 1.65559
2.72891 1.68268
2.77866 1.70977
2.82842 1.73686
2.87817 1.76396
2.92793 1.79105
2.97769 1.81814
3.02744 1.84523
3.0772 1.87232
3.12695 1.89941
3.1771 1.89941
3.22726 2.02426
3.27741 2.14911
3.32756 2.27395
3.37771 2.3988
3.42786 2.52365
3.47801 2.6485
3.52817 2.77334
3.57832 2.89819
3.62847 3.02304
3.67862 3.14789
3.72877 3.27273
3.77892 3.39758
3.82858 3.39758
3.87824 3.39969
3.92789 3.4018
3.97755 3.4039
4.02721 3.40601
4.07686 3.40812
4.12652 3.41022
4.17617 3.41233
4.22583 3.41444
4.27549 3.41655
4.32514 3.41865
4.3748 3.42076
4.42446 3.42287
4.47411 3.42498
4.52377 3.42708
4.57342 3.42919
4.62308 3.4313
4.67274 3.4334
4.72239 3.43551
4.77205 3.43762
4.8217 3.43973
4.87136 3.44183
4.92102 3.44394
4.97067 3.44605
5.02033 3.44815
5.06999 3.45026
5.11964 3.45237
5.1693 3.45448
5.21895 3.45658
5.26861 3.45869
5.31827 3.4608
5.36792 3.46291
5.41758 3.46501
5.46723 3.46712
5.51689 3.46923
5.56655 3.47133
5.6162 3.47344
5.66586 3.47555
5.71552 3.47766
5.76517 3.47976
5.81483 3.48187
5.86448 3.48398
5.91414 3.48609
5.9638 3.48819
6.01345 3.4903
6.06311 3.49241
6.11277 3.49451
6.16242 3.49662
6.21208 3.49873
6.26173 3.50084
6.31139 3.50294
6.36105 3.50505
6.4107 3.50716
6.46036 3.50926
6.51001 3.51137
6.55967 3.51348
6.60933 3.51559
6.65965 3.51559
6.70998 3.51559
6.7603 3.51559
6.81062 3.51559
6.86095 3.51559
6.91127 3.51559
6.9616 3.51559
7.01192 3.51559
7.06225 3.51559
7.11257 3.51559
7.16289 3.51559
7.21322 3.51559
7.26354 3.51559
7.31387 3.51559
7.36419 3.51559
7.41452 3.51559
7.46484 3.51559
7.51516 3.51559
7.56549 3.51559
7.61581 3.51559
7.66614 3.51559
7.71646 3.51559
7.76679 3.51559
7.81711 3.51559
7.86743 3.51559
7.91776 3.51559
10.2785 4.66795
12.6393 4.66795
15.0 4.66795
0.0 0.472067
0.0492536 0.472067
0.0985071 0.493184
0.147761 0.514301
0.197014 0.535418
0.246268 0.556534
0.295521 0.577651
0.344775 0.598768
0.394028 0.619885
0.443282 0.641002
0.492536 0.662118
0.541789 0.683235
0.591043 0.704352
0.640296 0.725469
0.68955 0.746586
0.738803 0.767702
0.788057 0.788819
0.83731 0.809936
0.886564 0.831053
0.935817 0.85217
0.985071 0.873286
1.03432 0.894403
1.08358 0.91552
1.13283 0.936637
1.18209 0.957754
1.23134 0.978871
1.28059 0.999987
1.32985 1.0211
1.3791 1.04222
1.42875 1.04222
1.47839 1.0732
1.52804 1.10417
1.57769 1.13514
1.62733 1.16612
1.67698 1.19709
1.72663 1.22807
1.77627 1.25904
1.82592 1.29002
1.87557 1.32099
1.92521 1.35197
1.97486 1.38294
2.02451 1.41391
2.07415 1.44489
2.1238 1.47586
2.17345 1.50684
2.22309 1.53781
2.27274 1.56879
2.32239 1.59976
2.37204 1.63074
2.42168 1.66171
2.47133 1.69268
2.52098 1.72366
2.57062 1.75463
2.62027 1.78561
2.66992 1.81658
2.71956 1.84756
2.76921 1.87853
2.81886 1.90951
2.8685 1.94048
2.91815 1.97145
2.96823 1.97145
3.01832 2.03636
3.0684 2.10126
3.11848 2.16616
3.16856 2.23106
3.21865 2.29597
3.26873 2.36087
3.31881 2.42577
3.3689 2.49067
3.41898 2.55557
3.46906 2.62048
3.51915 2.68538
3.56923 2.75028
3.61931 2.81518
3.66939 2.88009
3.71948 2.94499
3.76956 3.00989
3.81964 3.07479
3.86973 3.13969
3.91981 3.2046
3.96989 3.2695
4.01997 3.3344
4.06965 3.3344
4.11932 3.34609
4.16899 3.35779
4.21866 3.36948
4.26833 3.38117
4.31801 3.39286
4.36768 3.40456
4.41735 3.41625
4.46702 3.42794
4.51669 3.43963
4.56636 3.45133
4.61604 3.46302
4.66571 3.47471
4.71538 3.48641
4.76505 3.4981
4.81472 3.50979
4.8644 3.52148
4.91407 3.53318
4.96374 3.54487
5.01341 3.55656
5.06308 3.56825
5.11283 3.56825
5.16259 3.56825
5.21234 3.56825
5.26209 3.56825
5.31184 3.56825
5.36159 3.56825
5.41134 3.56825
5.46109 3.56825
5.51084 3.56825
5.56059 3.56825
5.61034 3.56825
5.6601 3.56825
5.70985 3.56825
5.7596 3.56825
5.80935 3.56825
5.8591 3.56825
5.90885 3.56825
5.9586 3.56825
6.00835 3.56825
6.0581 3.56825
6.10785 3.56825
6.15761 3.56825
6.20736 3.56825
6.25711 3.56825
6.30686 3.56825
6.35661 3.56825
6.40636 3.56825
6.45611 3.56825
6.50586 3.56825
6.55561 3.56825
6.60536 3.56825
6.65512 3.56825
6.70487 3.56825
9.46991 4.62385
12.235 4.62385
15.0 4.62385
0.0 0.484892
0.0493782 0.484892
0.0987565 0.502822
0.148135 0.520751
0.197513 0.53868
0.246891 0.556609
0.296269 0.574538
0.345648 0.592467
0.395026 0.610397
0.444404 0.628326
0.493782 0.646255
0.543161 0.664184
0.592539 0.682113
0.641917 0.700042
0.691295 0.717972
0.740674 0.735901
0.790052 0.75383
0.83943 0.771759
0.888808 0.789688
0.938187 0.807617
0.987565 0.825547
1.03694 0.843476
1.08632 0.861405
1.1357 0.879334
1.18508 0.897263
1.23446 0.915192
1.28383 0.933122
1.33321 0.951051
1.38259 0.96898
1.43197 0.986909
1.48135 1.00484
1.53073 1.02277
1.5801 1.0407
1.62986 1.0407
1.67961 1.09632
1.72936 1.15193
1.77911 1.20755
1.82887 1.26317
1.87862 1.31879
1.92837 1.37441
1.97813 1.43003
2.02788 1.48565
2.07763 1.54127
2.12738 1.59689
2.17714 1.65251
2.22689 1.70812
2.27664 1.76374
2.32639 1.81936
2.37615 1.87498
2.4259 1.9306
2.47565 1.98622
2.52541 2.04184
2.57516 2.09746
2.6257 2.09746
2.67625 2.12827
2.72679 2.15908
2.77734 2.18989
2.82788 2.2207
2.87842 2.25151
2.92897 2.28233
2.97951 2.31314
3.03006 2.34395
3.0806 2.37476
3.13114 2.40557
3.18169 2.43638
3.23223 2.46719
3.28278 2.498
3.33332 2.52882
3.38387 2.55963
3.43441 2.59044
3.48495 2.62125
3.5355 2.65206
3.58604 2.68287
3.63659 2.71368
3.68713 2.7445
3.73767 2.77531
3.78822 2.80612
3.83876 2.83693
3.88931 2.86774
3.93985 2.89855
3.9904 2.92936
4.04094 2.96018
4.09148 2.99099
4.14203 3.0218
4.19257 3.05261
4.24312 3.08342
4.29366 3.11423
4.3442 3.14504
4.39475 3.17585
4.44529 3.20667
4.49584 3.23748
4.54638 3.26829
4.59692 3.2991
4.64747 3.32991
4.69801 3.36072
4.74856 3.39153
4.7985 3.39153
4.84844 3.39902
4.89838 3.40651
4.94832 3.414
4.99826 3.42149
5.0482 3.42898
5.09814 3.43647
5.14808 3.44396
5.19803 3.45145
5.24797 3.45894
5.29791 3.46643
5.34785 3.47392
5.39779 3.48141
5.44773 3.4889
5.49767 3.49639
5.54761 3.50388
5.59755 3.51137
5.64749 3.51886
5.69743 3.52635
5.74738 3.53384
5.79732 3.54133
5.84726 3.54882
5.8972 3.55631
5.94714 3.5638
5.99708 3.57129
6.04702 3.57878
6.09696 3.58627
6.14628 3.58627
6.19561 3.58627
6.24493 3.58627
6.29425 3.58627
6.34357 3.58627
6.39289 3.58627
6.44221 3.58627
6.49154 3.58627
6.54086 3.58627
6.59018 3.58627
6.6395 3.58627
6.68882 3.58627
6.73814 3.58627
6.78747 3.58627
6.83679 3.58627
6.88611 3.58627
6.93543 3.58627
6.98475 3.58627
9.6565 4.63519
12.3283 4.63519
15.0 4.63519
0.0 0.480815
0.0507022 0.480815
0.101404 0.502295
0.152107 0.523775
0.202809 0.545256
0.253511 0.566736
0.304213 0.588216
0.354916 0.609697
0.405618 0.631177
0.45632 0.652657
0.507022 0.674137
0.557725 0.695618
0.608427 0.717098
0.659129 0.738578
0.709831 0.760059
0.760534 0.781539
0.811236 0.803019
0.861938 0.824499
0.91264 0.84598
0.963343 0.86746
1.01404 0.88894
1.06475 0.910421
1.11545 0.931901
1.16615 0.953381
1.21685 0.974861
1.26756 0.996342
1.31826 1.01782
1.36896 1.0393
1.41757 1.0393
1.46618 1.14019
1.51479 1.24108
1.5634 1.34197
1.61201 1.44286
1.66062 1.54375
1.70923 1.64464
1.75784 1.74554
1.80645 1.84643
1.85506 1.94732
1.90367 2.04821
1.95228 2.1491
2.0009 2.24999
2.05123 2.24999
2.10157 2.27571
2.1519 2.30142
2.20224 2.32714
2.25257 2.35286
2.30291 2.37858
2.35324 2.4043
2.40358 2.43002
2.45392 2.45574
2.50425 2.48146
2.55459 2.50718
2.60492 2.53289
2.65526 2.55861
2.70559 2.58433
2.75593 2.61005
2.80627 2.63577
2.8566 2.66149
2.90694 2.68721
2.95727 2.71293
3.00761 2.73865
3.05794 2.76436
3.10828 2.79008
3.15862 2.8158
3.20895 2.84152
3.25929 2.86724
3.30962 2.89296
3.35996 2.91868
3.41029 2.9444
3.46063 2.97012
3.51096 2.99583
3.5613 3.02155
3.61164 3.04727
3.66197 3.07299
3.71231 3.09871
3.76264 3.12443
3.81298 3.15015
3.86331 3.17587
3.91365 3.20159
3.96399 3.2273
4.01432 3.25302
4.06466 3.27874
4.11499 3.30446
4.16533 3.33018
4.21566 3.3559
4.266 3.38162
4.31634 3.40734
4.36667 3.43306
4.41701 3.45877
4.46734 3.48449
4.51768 3.51021
4.56801 3.53593
4.6185 3.53593
4.66899 3.54503
4.71948 3.55413
4.76997 3.56323
4.82046 3.57234
4.87096 3.58144
4.92145 3.59054
4.97194 3.59964
5.02243 3.60874
5.07292 3.61784
5.12341 3.62694
5.1739 3.63604
5.22439 3.64514
5.27488 3.65424
5.32537 3.66334
5.37586 3.67245
5.42635 3.68155
5.47684 3.69065
5.52733 3.69975
5.57782 3.70885
5.6276 3.70885
5.67738 3.70885
5.72716 3.70885
5.77694 3.70885
5.82672 3.70885
5.8765 3.70885
5.92628 3.70885
5.97606 3.70885
6.02584 3.70885
6.07562 3.70885
6.1254 3.70885
6.17518 3.70885
6.22496 3.70885
6.27474 3.70885
6.32452 3.70885
6.3743 3.70885
6.42408 3.70885
6.47386 3.70885
6.52364 3.70885
6.57342 3.70885
6.6232 3.70885
6.67298 3.70885
9.44865 4.67267
12.2243 4.67267
15.0 4.67267
0.0 0.490018
0.0501448 0.490018
0.10029 0.508231
0.150434 0.526444
0.200579 0.544656
0.250724 0.562869
0.300869 0.581082
0.351014 0.599294
0.401159 0.617507
0.451303 0.63572
0.501448 0.653932
0.551593 0.672145
0.601738 0.690358
0.651883 0.70857
0.702027 0.726783
0.752172 0.744996
0.802317 0.763208
0.852462 0.781421
0.902607 0.799634
0.952751 0.817846
1.0029 0.836059
1.05304 0.854272
1.10319 0.872484
1.15333 0.890697
1.20348 0.90891
1.25362 0.927122
1.30377 0.945335
1.35391 0.963548
1.40405 0.98176
1.4542 0.999973
1.50434 1.01819
1.55485 1.01819
1.60536 1.10439
1.65587 1.19059
1.70638 1.27679
1.75689 1.36299
1.8074 1.44919
1.85791 1.53539
1.90842 1.62158
1.95893 1.70778
2.00944 1.79398
2.05995 1.88018
2.11046 1.96638
2.16097 2.05258
2.21148 2.13878
2.26199 2.22498
2.31159 2.22498
2.3612 2.25922
2.4108 2.29346
2.46041 2.3277
2.51001 2.36194
2.55962 2.39618
2.60922 2.43042
2.65882 2.46466
2.70843 2.49889
2.75803 2.53313
2.80764 2.56737
2.85724 2.60161
2.90684 2.63585
2.95645 2.67009
3.00605 2.70433
3.05566 2.73856
3.10526 2.7728
3.15486 2.80704
3.20447 2.84128
3.25407 2.87552
3.30368 2.90976
3.35328 2.944
3.40289 2.97823
3.45249 3.01247
3.50209 3.04671
3.5517 3.08095
3.6013 3.11519
3.65091 3.14943
3.70051 3.18367
3.75011 3.21791
3.79972 3.25214
3.84932 3.28638
3.89893 3.32062
3.94853 3.35486
3.99813 3.3891
4.04774 3.42334
4.09734 3.45758
4.14695 3.49181
4.19655 3.52605
4.24616 3.56029
4.29584 3.56029
4.34552 3.57179
4.3952 3.58328
4.44489 3.59478
4.49457 3.60628
4.54425 3.61777
4.59394 3.62927
4.64362 3.64076
4.6933 3.65226
4.74299 3.66376
4.79267 3.67525
4.84235 3.68675
4.89204 3.69825
4.94172 3.70974
4.9914 3.72124
5.04056 3.72124
5.08973 3.72124
5.13889 3.72124
5.18805 3.72124
5.23721 3.72124
5.28638 3.72124
5.33554 3.72124
5.3847 3.72124
5.43387 3.72124
7.8254 4.64182
10.2169 4.64182
12.6085 4.64182
15.0 4.64182
0.0 0.473522
0.0508998 0.473522
0.1018 0.495479
0.1527 0.517435
0.203599 0.539392
0.254499 0.561348
0.305399 0.583304
0.356299 0.605261
0.407199 0.627217
0.458099 0.649174
0.508998 0.67113
0.559898 0.693087
0.610798 0.715043
0.661698 0.736999
0.712598 0.758956
0.763498 0.780912
0.814397 0.802869
0.865297 0.824825
0.916197 0.846781
0.967097 0.868738
1.01723 0.868738
1.06735 0.912895
1.11748 0.957052
1.16761 1.00121
1.21774 1.04537
1.26787 1.08952
1.318 1.13368
1.36812 1.17784
1.41825 1.222
1.46838 1.26615
1.51851 1.31031
1.56864 1.35447
1.61877 1.39862
1.6689 1.44278
1.71902 1.48694
1.76915 1.5311
1.81928 1.57525
1.86941 1.61941
1.91954 1.66357
1.96967 1.70772
2.01979 1.75188
2.06992 1.79604
2.12005 1.8402
2.17018 1.88435
2.22031 1.92851
2.27044 1.97267
2.32057 2.01682
2.37069 2.06098
2.42082 2.10514
2.47095 2.1493
2.52108 2.19345
2.57121 2.23761
2.62134 2.28177
2.67146 2.32592
2.72159 2.37008
2.77172 2.41424
2.82257 2.41424
2.87342 2.47979
2.92427 2.54534
2.97512 2.61089
3.02596 2.67644
3.07681 2.74199
3.12766 2.80754
3.17851 2.87309
3.22936 2.93864
3.28021 3.00419
3.33105 3.06975
3.3819 3.1353
3.43275 3.20085
3.4836 3.2664
3.53445 3.33195
3.5853 3.3975
3.63614 3.46305
3.68699 3.5286
3.73784 3.59415
3.78682 3.59415
3.8358 3.6045
3.88478 3.61485
3.93376 3.6252
3.98274 3.63555
4.03172 3.6459
4.0807 3.65625
4.12968 3.6666
4.17866 3.67695
4.22764 3.6873
4.27662 3.69765
4.3256 3.708
4.37458 3.71835
4.42356 3.72869
4.47254 3.73904
4.52152 3.74939
4.5705 3.75974
4.61948 3.77009
4.66955 3.77009
4.71962 3.77009
4.76969 3.77009
4.81976 3.77009
4.86983 3.77009
4.9199 3.77009
4.96997 3.77009
5.02004 3.77009
5.0701 3.77009
5.12017 3.77009
5.17024 3.77009
5.22031 3.77009
5.27038 3.77009
5.32045 3.77009
5.37052 3.77009
5.42059 3.77009
5.47066 3.77009
5.52072 3.77009
5.57079 3.77009
5.62086 3.77009
5.67093 3.77009
5.721 3.77009
5.77107 3.77009
5.82114 3.77009
5.87121 3.77009
5.92128 3.77009
5.97135 3.77009
6.02141 3.77009
6.07148 3.77009
6.12155 3.77009
6.17162 3.77009
6.22169 3.77009
6.27176 3.77009
6.32183 3.77009
6.3719 3.77009
6.42197 3.77009
6.47204 3.77009
6.5221 3.77009
6.57217 3.77009
6.62224 3.77009
6.67231 3.77009
6.72238 3.77009
6.77245 3.77009
6.82252 3.77009
6.87259 3.77009
6.92266 3.77009
6.97272 3.77009
7.02279 3.77009
7.07286 3.77009
7.12293 3.77009
7.173 3.77009
7.22307 3.77009
7.27314 3.77009
7.32321 3.77009
7.37328 3.77009
7.42335 3.77009
9.9489 4.51395
12.4744 4.51395
15.0 4.51395
0.0 0.484456
0.0502243 0.484456
0.100449 0.50234
0.150673 0.520224
0.200897 0.538109
0.251121 0.555993
0.301346 0.573878
0.35157 0.591762
0.401794 0.609646
0.452018 0.627531
0.502243 0.645415
0.552467 0.6633
0.602691 0.681184
0.652915 0.699068
0.70314 0.716953
0.753364 0.734837
0.803588 0.752722
0.853812 0.770606
0.904037 0.78849
0.954261 0.806375
1.00449 0.824259
1.05471 0.842144
1.10493 0.860028
1.15516 0.877912
1.20538 0.895797
1.25561 0.913681
1.30583 0.931566
1.35605 0.94945
1.40628 0.967334
1.4565 0.985219
1.50673 1.0031
1.55695 1.02099
1.60718 1.03887
1.6574 1.05676
1.70762 1.07464
1.75785 1.09253
1.80807 1.11041
1.85828 1.11041
1.90849 1.27896
1.9587 1.44751
2.00892 1.61606
2.05913 1.78461
2.10934 1.95317
2.15955 2.12172
2.2103 2.12172
2.26106 2.32537
2.31181 2.52903
2.36257 2.73268
2.41332 2.93634
2.46407 3.13999
2.51483 3.34364
2.56558 3.5473
2.61522 3.5473
2.66486 3.55426
2.7145 3.56123
2.76414 3.56819
2.81378 3.57515
2.86342 3.58212
2.91306 3.58908
2.9627 3.59604
3.01234 3.60301
3.06198 3.60997
3.11162 3.61693
3.16126 3.6239
3.2109 3.63086
3.26054 3.63782
3.31018 3.64479
3.35982 3.65175
3.40946 3.65871
3.45909 3.66568
3.50873 3.67264
3.55837 3.6796
3.60801 3.68657
3.65765 3.69353
3.70729 3.7005
3.75693 3.70746
3.80657 3.71442
3.85621 3.72139
3.90559 3.72139
3.95497 3.72139
4.00435 3.72139
4.05373 3.72139
4.10311 3.72139
4.15249 3.72139
4.20187 3.72139
4.25125 3.72139
4.30064 3.72139
4.35002 3.72139
4.3994 3.72139
4.44878 3.72139
4.49816 3.72139
4.54754 3.72139
4.59692 3.72139
4.6463 3.72139
4.69568 3.72139
4.74506 3.72139
4.79444 3.72139
4.84382 3.72139
4.8932 3.72139
4.94258 3.72139
4.99196 3.72139
5.04134 3.72139
7.53101 4.58424
10.0207 4.58424
12.5103 4.58424
15.0 4.58424
0.0 0.481901
0.0499114 0.481901
0.0998228 0.50128
0.149734 0.52066
0.199646 0.540039
0.249557 0.559419
0.299468 0.578798
0.34938 0.598177
0.399291 0.617557
0.449203 0.636936
0.499114 0.656316
0.549025 0.675695
0.598937 0.695074
0.648848 0.714454
0.69876 0.733833
0.748671 0.753213
0.798583 0.772592
0.848494 0.791972
0.898405 0.811351
0.948317 0.83073
0.998228 0.85011
1.04814 0.869489
1.09805 0.888869
1.14796 0.908248
1.19787 0.927628
1.24779 0.947007
1.2977 0.966386
1.34761 0.985766
1.39752 1.00515
1.44743 1.02452
1.49734 1.0439
1.54725 1.06328
1.59717 1.08266
1.64708 1.10204
1.69699 1.12142
1.7469 1.1408
1.79681 1.16018
1.84672 1.17956
1.89663 1.19894
1.94654 1.21832
1.99611 1.21832
2.04567 1.24658
2.09524 1.27484
2.1448 1.30311
2.19437 1.33137
2.24393 1.35963
2.29349 1.38789
2.34306 1.41616
2.39262 1.44442
2.44219 1.47268
2.49175 1.50094
2.54131 1.52921
2.59088 1.55747
2.64044 1.58573
2.69001 1.61399
2.73957 1.64226
2.78914 1.67052
2.8387 1.69878
2.88826 1.72704
2.93783 1.75531
2.98739 1.78357
3.03696 1.81183
3.08652 1.84009
3.13608 1.86836
3.18565 1.89662
3.23521 1.92488
3.28478 1.95314
3.33434 1.98141
3.3839 2.00967
3.43347 2.03793
3.48303 2.06619
3.5326 2.09446
3.58216 2.12272
3.63173 2.15098
3.68129 2.17924
3.73281 2.17924
3.78433 2.53237
3.83585 2.88549
3.88736 3.23861
3.93888 3.59173
3.98852 3.59173
4.03815 3.5942
4.08779 3.59667
4.13742 3.59914
4.18706 3.60161
4.23669 3.60408
4.28633 3.60654
4.33596 3.60901
4.3856 3.61148
4.43523 3.61395
4.48486 3.61642
4.5345 3.61889
4.58413 3.62135
4.63377 3.62382
4.6834 3.62629
4.73304 3.62876
4.78267 3.63123
4.83231 3.6337
4.88194 3.63617
4.93158 3.63863
4.98121 3.6411
5.03085 3.64357
5.08048 3.64604
5.13012 3.64851
5.17975 3.65098
5.22939 3.65344
5.27902 3.65591
5.32866 3.65838
5.37829 3.66085
5.42793 3.66332
5.47756 3.66579
5.5272 3.66825
5.57683 3.67072
5.62647 3.67319
5.6761 3.67566
5.72573 3.67813
5.77517 3.67813
5.8246 3.67813
5.87404 3.67813
5.92348 3.67813
5.97291 3.67813
6.02235 3.67813
6.07178 3.67813
6.12122 3.67813
6.17065 3.67813
6.22009 3.67813
6.26952 3.67813
6.31896 3.67813
6.36839 3.67813
6.41783 3.67813
6.46726 3.67813
6.5167 3.67813
6.56613 3.67813
6.61557 3.67813
6.665 3.67813
6.71444 3.67813
6.76387 3.67813
6.81331 3.67813
6.86274 3.67813
6.91218 3.67813
6.96161 3.67813
7.01105 3.67813
7.06048 3.67813
7.10992 3.67813
7.15935 3.67813
7.20879 3.67813
7.25822 3.67813
9.83882 4.65047
12.4194 4.65047
15.0 4.65047
0.0 0.469004
0.0502028 0.469004
0.100406 0.488832
0.150608 0.508659
0.200811 0.528486
0.251014 0.548313
0.301217 0.568141
0.351419 0.587968
0.401622 0.607795
0.451825 0.627622
0.502028 0.64745
0.552231 0.667277
0.602433 0.687104
0.652636 0.706931
0.702839 0.726759
0.753042 0.746586
0.803244 0.766413
0.853447 0.78624
0.90365 0.806067
0.953853 0.825895
1.00406 0.845722
1.05426 0.865549
1.10446 0.885376
1.15466 0.905204
1.20487 0.925031
1.25507 0.944858
1.30527 0.964685
1.35548 0.984513
1.40568 1.00434
1.45588 1.02417
1.50608 1.04399
1.55629 1.06382
1.60649 1.08365
1.65669 1.10348
1.70689 1.1233
1.7571 1.14313
1.8073 1.16296
1.8575 1.18278
1.90771 1.20261
1.95791 1.22244
2.00811 1.24227
2.05831 1.26209
2.10852 1.28192
2.15816 1.28192
2.2078 1.30898
2.25745 1.33604
2.30709 1.3631
2.35673 1.39017
2.40637 1.41723
2.45602 1.44429
2.50566 1.47135
2.5553 1.49841
2.60495 1.52547
2.65459 1.55253
2.70423 1.57959
2.75388 1.60665
2.80352 1.63372
2.85316 1.66078
2.90281 1.68784
2.95245 1.7149
3.00209 1.74196
3.05173 1.76902
3.10138 1.79608
3.15102 1.82314
3.20066 1.8502
3.25031 1.87727
3.29995 1.90433
3.34959 1.93139
3.39924 1.95845
3.44888 1.98551
3.49852 2.01257
3.54816 2.03963
3.59781 2.06669
3.64745 2.09375
3.69709 2.12082
3.74674 2.14788
3.79638 2.17494
3.84602 2.202
3.89567 2.22906
3.94531 2.25612
3.99476 2.25612
4.04421 2.31422
4.09367 2.37233
4.14312 2.43043
4.19257 2.48854
4.24202 2.54664
4.29148 2.60474
4.34093 2.66285
4.39038 2.72095
4.43984 2.77906
4.48929 2.83716
4.53874 2.89526
4.58819 2.95337
4.63765 3.01147
4.6871 3.06957
4.73655 3.12768
4.786 3.18578
4.83546 3.24389
4.88491 3.30199
4.93436 3.36009
4.98382 3.4182
5.03327 3.4763
5.08272 3.53441
5.13217 3.59251
5.18163 3.65061
5.23212 3.65061
5.28262 3.65209
5.33311 3.65356
5.38361 3.65503
5.4341 3.65651
5.4846 3.65798
5.5351 3.65945
5.58559 3.66093
5.63609 3.6624
5.68658 3.66387
5.73708 3.66535
5.78757 3.66682
5.83807 3.6683
5.88857 3.66977
5.93906 3.67124
5.98956 3.67272
6.04005 3.67419
6.09055 3.67566
6.14104 3.67714
6.19154 3.67861
6.24203 3.68008
6.29253 3.68156
6.34303 3.68303
6.39352 3.6845
6.44402 3.68598
6.49451 3.68745
6.54296 3.68745
6.59141 3.68745
6.63985 3.68745
6.6883 3.68745
6.73675 3.68745
6.7852 3.68745
6.83364 3.68745
6.88209 3.68745
6.93054 3.68745
6.97898 3.68745
7.02743 3.68745
7.07588 3.68745
7.12432 3.68745
7.17277 3.68745
9.78185 4.67351
12.3909 4.67351
15.0 4.67351
0.0 0.468667
0.0504293 0.468667
0.100859 0.488304
0.151288 0.50794
0.201717 0.527577
0.252147 0.547214
0.302576 0.56685
0.353005 0.586487
0.403435 0.606124
0.453864 0.62576
0.504293 0.645397
0.554723 0.665034
0.605152 0.68467
0.655581 0.704307
0.706011 0.723944
0.75644 0.74358
0.80687 0.763217
0.857299 0.782854
0.907728 0.80249
0.958158 0.822127
1.00859 0.841764
1.05902 0.861401
1.10945 0.881037
1.15987 0.900674
1.2103 0.920311
1.26073 0.939947
1.31116 0.959584
1.36159 0.979221
1.41202 0.998857
1.46245 1.01849
1.51288 1.03813
1.56331 1.05777
1.61374 1.0774
1.66417 1.09704
1.7146 1.11668
1.76503 1.13631
1.81546 1.15595
1.86589 1.17559
1.91632 1.19522
1.96674 1.21486
2.01717 1.2345
2.0676 1.25413
2.11803 1.27377
2.16846 1.29341
2.21879 1.29341
2.26912 1.30817
2.31945 1.32293
2.36979 1.33769
2.42012 1.35246
2.47045 1.36722
2.52078 1.38198
2.57111 1.39674
2.62144 1.4115
2.67177 1.42627
2.7221 1.44103
2.77243 1.45579
2.82276 1.47055
2.87309 1.48531
2.92343 1.50008
2.97376 1.51484
3.02409 1.5296
3.07442 1.54436
3.12475 1.55912
3.17508 1.57389
3.22541 1.58865
3.27574 1.60341
3.32607 1.61817
3.3764 1.63293
3.42674 1.6477
3.47707 1.66246
3.5274 1.67722
3.57773 1.69198
3.62806 1.70674
3.67839 1.72151
3.72872 1.73627
3.77905 1.75103
3.82938 1.76579
3.87971 1.78056
3.93004 1.79532
3.98038 1.81008
4.03071 1.82484
4.08104 1.8396
4.13137 1.85437
4.1817 1.86913
4.23203 1.88389
4.28236 1.89865
4.33269 1.91341
4.38302 1.92818
4.43335 1.94294
4.48368 1.9577
4.53402 1.97246
4.58435 1.98722
4.63468 2.00199
4.68501 2.01675
4.73534 2.03151
4.78567 2.04627
4.836 2.06103
4.88633 2.0758
4.93666 2.09056
4.98699 2.10532
5.03732 2.12008
5.08766 2.13484
5.13799 2.14961
5.18832 2.16437
5.23793 2.16437
5.28754 2.22788
5.33715 2.29138
5.38676 2.35489
5.43637 2.4184
5.48598 2.48191
5.53559 2.54542
5.5852 2.60893
5.63481 2.67244
5.68442 2.73594
5.73403 2.79945
5.78364 2.86296
5.83325 2.92647
5.88286 2.98998
5.93247 3.05349
5.98208 3.11699
6.03169 3.1805
6.0813 3.24401
6.13091 3.30752
6.18053 3.37103
6.23014 3.43454
6.27975 3.49804
6.33275 3.49804
6.38576 3.53241
6.43876 3.56678
6.49176 3.60115
6.54477 3.63552
6.59777 3.66988
6.65078 3.70425
6.70378 3.73862
6.75432 3.73862
6.80486 3.73862
6.8554 3.73862
6.90594 3.73862
6.95648 3.73862
7.00702 3.73862
7.05756 3.73862
7.1081 3.73862
7.15864 3.73862
7.20918 3.73862
7.25972 3.73862
7.31026 3.73862
9.87351 4.76564
12.4368 4.76564
15.0 4.76564
0.0 0.468733
0.0505617 0.468733
0.101123 0.491276
0.151685 0.513818
0.202247 0.536361
0.252808 0.558903
0.30337 0.581446
0.353932 0.603989
0.404494 0.626531
0.455055 0.649074
0.505617 0.671616
0.556179 0.694159
0.60674 0.716702
0.657302 0.739244
0.707864 0.761787
0.758425 0.78433
0.808987 0.806872
0.859549 0.829415
0.91011 0.851957
0.960672 0.8745
1.01123 0.897043
1.0618 0.919585
1.11236 0.942128
1.16292 0.96467
1.21348 0.987213
1.26404 1.00976
1.3146 1.0323
1.36517 1.05484
1.41573 1.07738
1.46629 1.09993
1.51685 1.12247
1.56741 1.14501
1.61797 1.16755
1.66854 1.1901
1.7191 1.21264
1.76966 1.23518
1.82022 1.25772
1.87078 1.28027
1.92134 1.30281
1.97191 1.32535
2.02247 1.34789
2.07303 1.37044
2.12261 1.37044
2.17219 1.41279
2.22177 1.45515
2.27135 1.49751
2.32093 1.53986
2.37051 1.58222
2.42009 1.62458
2.46967 1.66694
2.51925 1.70929
2.56883 1.75165
2.61841 1.79401
2.66799 1.83636
2.71757 1.87872
2.76715 1.92108
2.81673 1.96343
2.86631 2.00579
2.91589 2.04815
2.96547 2.0905
3.01505 2.13286
3.06546 2.13286
3.11586 2.18028
3.16627 2.22771
3.21667 2.27513
3.26707 2.32256
3.31748 2.36998
3.36788 2.41741
3.41828 2.46483
3.46869 2.51225
3.51909 2.55968
3.56949 2.6071
3.6199 2.65453
3.6703 2.70195
3.7207 2.74937
3.77111 2.7968
3.82151 2.84422
3.87191 2.89165
3.92232 2.93907
3.97272 2.9865
4.02312 3.03392
4.07353 3.08134
4.12393 3.12877
4.17433 3.17619
4.22474 3.22362
4.27514 3.27104
4.32554 3.31847
4.37595 3.36589
4.42635 3.41331
4.47675 3.46074
4.52716 3.50816
4.57756 3.55559
4.62626 3.55559
4.67496 3.57071
4.72366 3.58583
4.77237 3.60095
4.82107 3.61607
4.86977 3.63119
4.91847 3.64631
4.96717 3.66143
5.01587 3.67655
5.06457 3.69168
5.11327 3.7068
5.16197 3.72192
5.21067 3.73704
5.26117 3.73704
5.31167 3.73704
5.36217 3.73704
5.41267 3.73704
5.46317 3.73704
5.51367 3.73704
5.56417 3.73704
5.61466 3.73704
5.66516 3.73704
5.71566 3.73704
5.76616 3.73704
5.81666 3.73704
5.86716 3.73704
5.91766 3.73704
5.96815 3.73704
6.01865 3.73704
6.06915 3.73704
6.11965 3.73704
6.17015 3.73704
6.22065 3.73704
6.27115 3.73704
6.32164 3.73704
6.37214 3.73704
6.42264 3.73704
6.47314 3.73704
6.52364 3.73704
6.57414 3.73704
6.62464 3.73704
6.67513 3.73704
6.72563 3.73704
6.77613 3.73704
9.51742 4.69729
12.2587 4.69729
15.0 4.69729
0.0 0.480295
0.0500194 0.480295
0.100039 0.498116
0.150058 0.515936
0.200078 0.533757
0.250097 0.551578
0.300117 0.569398
0.350136 0.587219
0.400156 0.605039
0.450175 0.62286
0.500194 0.640681
0.550214 0.658501
0.600233 0.676322
0.650253 0.694142
0.700272 0.711963
0.750292 0.729784
0.800311 0.747604
0.85033 0.765425
0.90035 0.783245
0.950369 0.801066
1.00039 0.818887
1.05041 0.836707
1.10043 0.854528
1.15045 0.872348
1.20047 0.890169
1.25049 0.90799
1.30051 0.92581
1.35052 0.943631
1.40054 0.961451
1.45056 0.979272
1.50058 0.997093
1.5506 1.01491
1.60062 1.03273
1.65064 1.05055
1.70066 1.06838
1.75068 1.0862
1.8007 1.10402
1.85072 1.12184
1.90074 1.13966
1.95076 1.15748
2.00078 1.1753
2.0508 1.19312
2.10082 1.21094
2.15084 1.22876
2.20086 1.24658
2.25087 1.2644
2.30089 1.28222
2.35091 1.30004
2.40093 1.31786
2.45095 1.33568
2.50097 1.3535
2.55202 1.3535
2.60306 1.41016
2.65411 1.46682
2.70516 1.52348
2.7562 1.58014
2.80725 1.6368
2.85829 1.69345
2.90934 1.75011
2.96039 1.80677
3.01143 1.86343
3.06248 1.92009
3.11352 1.97674
3.16457 2.0334
3.21438 2.0334
3.26419 2.09414
3.31399 2.15488
3.3638 2.21561
3.41361 2.27635
3.46342 2.33709
3.51322 2.39782
3.56303 2.45856
3.61284 2.5193
3.66265 2.58003
3.71246 2.64077
3.76226 2.70151
3.81207 2.76224
3.86188 2.82298
3.91169 2.88372
3.9615 2.94445
4.0113 3.00519
4.06111 3.06593
4.11092 3.12666
4.16073 3.1874
4.21053 3.24814
4.26034 3.30887
4.31015 3.36961
4.35996 3.43035
4.40977 3.49108
4.4591 3.49108
4.50843 3.49357
4.55777 3.49606
4.6071 3.49855
4.65643 3.50104
4.70577 3.50353
4.7551 3.50603
4.80444 3.50852
4.85377 3.51101
4.9031 3.5135
4.95244 3.51599
5.00177 3.51848
5.0511 3.52097
5.10044 3.52346
5.14977 3.52595
5.19911 3.52844
5.24844 3.53093
5.29777 3.53342
5.34711 3.53591
5.39644 3.5384
5.44577 3.54089
5.49511 3.54338
5.54444 3.54587
5.59378 3.54836
5.64311 3.55085
5.69244 3.55334
5.74178 3.55583
5.79111 3.55832
5.84044 3.56081
5.88978 3.5633
5.93911 3.56579
5.98844 3.56828
6.03778 3.57077
6.08711 3.57326
6.13645 3.57575
6.18578 3.57824
6.23511 3.58073
6.28509 3.58073
6.33507 3.58073
6.38504 3.58073
6.43502 3.58073
6.485 3.58073
6.53497 3.58073
6.58495 3.58073
6.63492 3.58073
6.6849 3.58073
6.73488 3.58073
6.78485 3.58073
6.83483 3.58073
6.88481 3.58073
6.93478 3.58073
6.98476 3.58073
7.03474 3.58073
7.08471 3.58073
7.13469 3.58073
7.18467 3.58073
7.23464 3.58073
7.28462 3.58073
7.33459 3.58073
7.38457 3.58073
9.92305 4.63599
12.4615 4.63599
15.0 4.63599
0.0 0.486413
0.05025 0.486413
0.1005 0.505105
0.15075 0.523796
0.201 0.542487
0.25125 0.561178
0.3015 0.579869
0.35175 0.59856
0.402 0.617251
0.45225 0.635942
0.5025 0.654633
0.55275 0.673324
0.603 0.692016
0.65325 0.710707
0.7035 0.729398
0.75375 0.748089
0.804 0.76678
0.85425 0.785471
0.9045 0.804162
0.95475 0.822853
1.005 0.841544
1.05525 0.860235
1.1055 0.878927
1.15575 0.897618
1.206 0.916309
1.25625 0.935
1.3065 0.953691
1.35675 0.972382
1.407 0.991073
1.45725 1.00976
1.5075 1.02846
1.55775 1.04715
1.608 1.06584
1.65825 1.08453
1.7085 1.10322
1.75875 1.12191
1.809 1.1406
1.85925 1.15929
1.9095 1.17798
1.95975 1.19668
2.01 1.21537
2.06025 1.23406
2.1105 1.25275
2.16075 1.27144
2.211 1.29013
2.26125 1.30882
2.3115 1.32751
2.36175 1.3462
2.412 1.3649
2.46225 1.38359
2.51307 1.38359
2.56389 1.42368
2.61471 1.46378
2.66553 1.50388
2.71635 1.54397
2.76717 1.58407
2.81799 1.62417
2.86881 1.66426
2.91963 1.70436
2.97045 1.74445
3.02127 1.78455
3.0721 1.82465
3.12292 1.86474
3.17374 1.90484
3.22456 1.94494
3.27532 1.94494
3.32608 2.04589
3.37684 2.14684
3.4276 2.24779
3.47836 2.34875
3.52912 2.4497
3.57988 2.55065
3.63064 2.6516
3.6814 2.75255
3.73216 2.85351
3.78292 2.95446
3.83368 3.05541
3.88444 3.15636
3.9352 3.25731
3.98596 3.35827
4.03672 3.45922
4.08748 3.56017
4.13684 3.56017
4.18619 3.56124
4.23555 3.56232
4.28491 3.5634
4.33426 3.56447
4.38362 3.56555
4.43298 3.56662
4.48234 3.5677
4.53169 3.56877
4.58105 3.56985
4.63041 3.57093
4.67976 3.572
4.72912 3.57308
4.77848 3.57415
4.82784 3.57523
4.87719 3.5763
4.92655 3.57738
4.97591 3.57846
5.02526 3.57953
5.07462 3.58061
5.12398 3.58168
5.17334 3.58276
5.22269 3.58383
5.27205 3.58491
5.32141 3.58599
5.37076 3.58706
5.42012 3.58814
5.46948 3.58921
5.51884 3.59029
5.56982 3.59029
5.6208 3.59029
5.67179 3.59029
5.72277 3.59029
5.77375 3.59029
5.82474 3.59029
5.87572 3.59029
5.9267 3.59029
5.97769 3.59029
6.02867 3.59029
6.07966 3.59029
6.13064 3.59029
6.18162 3.59029
6.23261 3.59029
6.28359 3.59029
6.33457 3.59029
6.38556 3.59029
6.43654 3.59029
6.48752 3.59029
6.53851 3.59029
6.58949 3.59029
9.39299 4.58877
12.1965 4.58877
15.0 4.58877
0.0 0.481903
0.0499369 0.481903
0.0998738 0.501052
0.149811 0.520201
0.199748 0.539351
0.249684 0.5585
0.299621 0.577649
0.349558 0.596799
0.399495 0.615948
0.449432 0.635098
0.499369 0.654247
0.549306 0.673396
0.599243 0.692546
0.64918 0.711695
0.699117 0.730844
0.749053 0.749994
0.79899 0.769143
0.848927 0.788293
0.898864 0.807442
0.948801 0.826591
0.998738 0.845741
1.04867 0.86489
1.09861 0.88404
1.14855 0.903189
1.19849 0.922338
1.24842 0.941488
1.29836 0.960637
1.3483 0.979786
1.39823 0.998936
1.44817 1.01809
1.49811 1.03723
1.54804 1.05638
1.59798 1.07553
1.64792 1.09468
1.69785 1.11383
1.74779 1.13298
1.79773 1.15213
1.84767 1.17128
1.8976 1.19043
1.94754 1.20958
1.99748 1.22873
2.04741 1.24788
2.09735 1.26703
2.14729 1.28618
2.19722 1.30533
2.24716 1.32448
2.2971 1.34362
2.34703 1.36277
2.39697 1.38192
2.44691 1.40107
2.49684 1.42022
2.54678 1.43937
2.59657 1.43937
2.64637 1.47339
2.69616 1.5074
2.74595 1.54142
2.79574 1.57543
2.84554 1.60945
2.89533 1.64346
2.94512 1.67748
2.99492 1.7115
3.04471 1.74551
3.0945 1.77953
3.14429 1.81354
3.19409 1.84756
3.24388 1.88157
3.29367 1.91559
3.34346 1.9496
3.39326 1.98362
3.44134 1.98362
3.48942 2.28907
3.5375 2.59453
3.58559 2.89999
3.63367 3.20544
3.68175 3.5109
3.73145 3.5109
3.78115 3.51316
3.83085 3.51543
3.88055 3.51769
3.93025 3.51996
3.97995 3.52222
4.02965 3.52449
4.07935 3.52676
4.12905 3.52902
4.17875 3.53129
4.22845 3.53355
4.27815 3.53582
4.32785 3.53808
4.37755 3.54035
4.42725 3.54262
4.47695 3.54488
4.52665 3.54715
4.57635 3.54941
4.62605 3.55168
4.67575 3.55394
4.72545 3.55621
4.77515 3.55848
4.82485 3.56074
4.87455 3.56301
4.92425 3.56527
4.97395 3.56754
5.02365 3.5698
5.07335 3.57207
5.12305 3.57433
5.17275 3.5766
5.22245 3.57887
5.27215 3.58113
5.32185 3.5834
5.37155 3.58566
5.42125 3.58793
5.47095 3.59019
5.52065 3.59246
5.57035 3.59473
5.62004 3.59699
5.66974 3.59926
5.71944 3.60152
5.76914 3.60379
5.81884 3.60605
5.86854 3.60832
5.91841 3.60832
5.96827 3.60832
6.01814 3.60832
6.068 3.60832
6.11786 3.60832
6.16773 3.60832
6.21759 3.60832
6.26746 3.60832
6.31732 3.60832
6.36718 3.60832
6.41705 3.60832
6.46691 3.60832
6.51678 3.60832
6.56664 3.60832
6.6165 3.60832
6.66637 3.60832
6.71623 3.60832
6.7661 3.60832
6.81596 3.60832
6.86582 3.60832
6.91569 3.60832
6.96555 3.60832
7.01542 3.60832
7.06528 3.60832
7.11515 3.60832
7.16501 3.60832
7.21487 3.60832
9.80992 4.60139
12.405 4.60139
15.0 4.60139
0.0 0.478971
0.0499439 0.478971
0.0998878 0.496939
0.149832 0.514906
0.199776 0.532873
0.24972 0.55084
0.299664 0.568807
0.349607 0.586774
0.399551 0.604742
0.449495 0.622709
0.499439 0.640676
0.549383 0.658643
0.599327 0.67661
0.649271 0.694577
0.699215 0.712545
0.749159 0.730512
0.799103 0.748479
0.849047 0.766446
0.898991 0.784413
0.948934 0.80238
0.998878 0.820347
1.04882 0.838315
1.09877 0.856282
1.14871 0.874249
1.19865 0.892216
1.2486 0.910183
1.29854 0.92815
1.34849 0.946118
1.39843 0.964085
1.44837 0.982052
1.49832 1.00002
1.54826 1.01799
1.59821 1.03595
1.64815 1.05392
1.69809 1.07189
1.74804 1.08985
1.79798 1.10782
1.84793 1.12579
1.89787 1.14376
1.94781 1.16172
1.99776 1.17969
2.0477 1.19766
2.09764 1.21562
2.14759 1.23359
2.19753 1.25156
2.24748 1.26953
2.29742 1.28749
2.34736 1.30546
2.39731 1.32343
2.44725 1.3414
2.4972 1.35936
2.54714 1.37733
2.59643 1.37733
2.64572 1.41017
2.69501 1.44301
2.7443 1.47585
2.7936 1.50869
2.84289 1.54153
2.89218 1.57437
2.94147 1.60721
2.99076 1.64005
3.04005 1.67289
3.08934 1.70573
3.13863 1.73857
3.18792 1.77141
3.23722 1.80425
3.28651 1.83709
3.3358 1.86993
3.38509 1.90277
3.43438 1.93561
3.48367 1.96845
3.53498 1.96845
3.58629 2.22906
3.6376 2.48966
3.68891 2.75027
3.74022 3.01087
3.79153 3.27148
3.84284 3.53208
3.89277 3.53208
3.94271 3.53704
3.99264 3.54201
4.04258 3.54697
4.09252 3.55193
4.14245 3.55689
4.19239 3.56185
4.24232 3.56681
4.29226 3.57177
4.34219 3.57673
4.39213 3.58169
4.44207 3.58665
4.492 3.59161
4.54194 3.59657
4.59187 3.60153
4.64181 3.6065
4.69174 3.61146
4.74168 3.61642
4.79162 3.62138
4.84155 3.62634
4.89149 3.6313
4.94142 3.63626
4.99166 3.63626
5.0419 3.63626
5.09214 3.63626
5.14238 3.63626
5.19262 3.63626
5.24286 3.63626
5.2931 3.63626
5.34334 3.63626
5.39358 3.63626
5.44382 3.63626
5.49406 3.63626
5.5443 3.63626
5.59454 3.63626
5.64478 3.63626
5.69502 3.63626
5.74526 3.63626
5.7955 3.63626
5.84574 3.63626
5.89598 3.63626
5.94622 3.63626
5.99646 3.63626
6.0467 3.63626
6.09694 3.63626
6.14718 3.63626
6.19742 3.63626
8.39807 4.71763
10.5987 4.71763
12.7994 4.71763
15.0 4.71763
0.0 0.472108
0.0498089 0.472108
0.0996178 0.4932
0.149427 0.514292
0.199236 0.535385
0.249044 0.556477
0.298853 0.57757
0.348662 0.598662
0.398471 0.619754
0.44828 0.640847
0.498089 0.661939
0.547898 0.683031
0.597707 0.704124
0.647515 0.725216
0.697324 0.746309
0.747133 0.767401
0.796942 0.788493
0.846751 0.809586
0.89656 0.830678
0.946369 0.851771
0.996178 0.872863
1.04599 0.893955
1.0958 0.915048
1.1456 0.93614
1.19541 0.957232
1.24522 0.978325
1.29503 0.999417
1.34484 1.02051
1.39465 1.0416
1.44446 1.06269
1.49427 1.08379
1.54408 1.10488
1.59388 1.12597
1.64369 1.14706
1.6935 1.16816
1.74331 1.18925
1.79312 1.21034
1.84293 1.23143
1.89274 1.25253
1.94255 1.27362
1.99236 1.29471
2.04216 1.3158
2.09197 1.3369
2.14178 1.35799
2.19159 1.37908
2.2414 1.40017
2.29121 1.42126
2.3416 1.42126
2.39199 1.45127
2.44239 1.48128
2.49278 1.51128
2.54317 1.54129
2.59356 1.57129
2.64396 1.6013
2.69435 1.6313
2.74474 1.66131
2.79513 1.69131
2.84553 1.72132
2.89592 1.75132
2.94631 1.78133
2.9967 1.81133
3.04709 1.84134
3.09749 1.87134
3.14788 1.90135
3.19827 1.93135
3.24866 1.96136
3.29943 1.96136
3.35019 2.03438
3.40095 2.1074
3.45171 2.18042
3.50247 2.25343
3.55323 2.32645
3.60399 2.39947
3.65475 2.47249
3.70551 2.54551
3.75627 2.61853
3.80703 2.69154
3.8578 2.76456
3.90856 2.83758
3.95932 2.9106
4.01008 2.98362
4.06084 3.05664
4.1116 3.12965
4.16236 3.20267
4.21312 3.27569
4.26388 3.34871
4.31464 3.42173
4.3654 3.49475
4.41617 3.56776
4.46563 3.56776
4.5151 3.57084
4.56457 3.57392
4.61404 3.577
4.66351 3.58008
4.71298 3.58316
4.76245 3.58624
4.81192 3.58932
4.86139 3.5924
4.91086 3.59548
4.96033 3.59856
5.0098 3.60164
5.05927 3.60472
5.10874 3.6078
5.15821 3.61088
5.20768 3.61396
5.25715 3.61704
5.30662 3.62012
5.35609 3.6232
5.40556 3.62628
5.45503 3.62936
5.5045 3.63244
5.55397 3.63552
5.60344 3.6386
5.65291 3.64168
5.70237 3.64476
5.75184 3.64784
5.80225 3.64784
5.85266 3.64784
5.90307 3.64784
5.95348 3.64784
6.00389 3.64784
6.05429 3.64784
6.1047 3.64784
6.15511 3.64784
6.20552 3.64784
6.25593 3.64784
6.30633 3.64784
6.35674 3.64784
6.40715 3.64784
6.45756 3.64784
6.50797 3.64784
6.55838 3.64784
6.60878 3.64784
6.65919 3.64784
6.7096 3.64784
6.76001 3.64784
6.81042 3.64784
6.86083 3.64784
6.91123 3.64784
6.96164 3.64784
7.01205 3.64784
7.06246 3.64784
7.11287 3.64784
7.16327 3.64784
7.21368 3.64784
9.80912 4.59536
12.4046 4.59536
15.0 4.59536
0.0 0.469233
0.0503596 0.469233
0.100719 0.490998
0.151079 0.512762
0.201438 0.534527
0.251798 0.556291
0.302157 0.578056
0.352517 0.59982
0.402876 0.621585
0.453236 0.643349
0.503596 0.665114
0.553955 0.686878
0.604315 0.708643
0.654674 0.730407
0.705034 0.752172
0.755393 0.773936
0.805753 0.795701
0.856112 0.817465
0.906472 0.83923
0.956832 0.860994
1.00719 0.882759
1.05755 0.904523
1.10791 0.926288
1.15827 0.948052
1.20863 0.969817
1.25899 0.991581
1.30935 1.01335
1.35971 1.03511
1.41007 1.05687
1.46043 1.07864
1.51079 1.1004
1.56115 1.12217
1.61151 1.14393
1.66187 1.1657
1.71222 1.18746
1.76258 1.20923
1.81294 1.23099
1.8633 1.25276
1.91366 1.27452
1.96402 1.29628
2.01438 1.31805
2.06474 1.33981
2.1151 1.36158
2.16342 1.36158
2.21174 1.46875
2.26006 1.57591
2.30839 1.68308
2.35671 1.79025
2.40503 1.89742
2.45335 2.00459
2.50272 2.00459
2.55208 2.06096
2.60145 2.11734
2.65082 2.17371
2.70019 2.23009
2.74956 2.28646
2.79892 2.34284
2.84829 2.39921
2.89766 2.45559
2.94703 2.51196
2.99639 2.56833
3.04576 2.62471
3.09513 2.68108
3.1445 2.73746
3.19387 2.79383
3.24323 2.85021
3.2926 2.90658
3.34197 2.96296
3.39134 3.01933
3.4407 3.07571
3.49007 3.13208
3.53944 3.18845
3.58881 3.24483
3.63818 3.3012
3.68754 3.35758
3.73691 3.41395
3.78628 3.47033
3.83565 3.5267
3.88501 3.58308
3.93552 3.58308
3.98603 3.58456
4.03653 3.58605
4.08704 3.58754
4.13755 3.58903
4.18805 3.59052
4.23856 3.59201
4.28907 3.59349
4.33957 3.59498
4.39008 3.59647
4.44059 3.59796
4.49109 3.59945
4.5416 3.60093
4.59211 3.60242
4.64261 3.60391
4.69312 3.6054
4.74363 3.60689
4.79413 3.60837
4.84464 3.60986
4.89515 3.61135
4.94565 3.61284
4.99616 3.61433
5.04667 3.61582
5.09717 3.6173
5.14768 3.61879
5.19819 3.62028
5.24869 3.62177
5.2992 3.62326
5.34971 3.62474
5.40021 3.62623
5.45072 3.62772
5.50122 3.62921
5.55173 3.6307
5.60224 3.63219
5.65274 3.63367
5.70325 3.63516
5.75376 3.63665
5.80426 3.63814
5.85477 3.63963
5.90528 3.64111
5.95578 3.6426
6.00629 3.64409
6.0568 3.64558
6.1073 3.64707
6.15781 3.64856
6.20832 3.65004
6.25882 3.65153
6.30882 3.65153
6.35881 3.65153
6.4088 3.65153
6.45879 3.65153
6.50878 3.65153
6.55877 3.65153
6.60877 3.65153
6.65876 3.65153
6.70875 3.65153
6.75874 3.65153
6.80873 3.65153
6.85873 3.65153
6.90872 3.65153
6.95871 3.65153
7.0087 3.65153
7.05869 3.65153
7.10869 3.65153
7.15868 3.65153
7.20867 3.65153
7.25866 3.65153
7.30865 3.65153
7.35865 3.65153
9.90576 4.57391
12.4529 4.57391
15.0 4.57391
0.0 0.479318
0.0497488 0.479318
0.0994976 0.498494
0.149246 0.517669
0.198995 0.536845
0.248744 0.55602
0.298493 0.575196
0.348241 0.594371
0.39799 0.613547
0.447739 0.632723
0.497488 0.651898
0.547237 0.671074
0.596985 0.690249
0.646734 0.709425
0.696483 0.7286
0.746232 0.747776
0.79598 0.766952
0.845729 0.786127
0.895478 0.805303
0.945227 0.824478
0.994976 0.843654
1.04472 0.862829
1.09447 0.882005
1.14422 0.901181
1.19397 0.920356
1.24372 0.939532
1.29347 0.958707
1.34322 0.977883
1.39297 0.997058
1.44271 1.01623
1.49246 1.03541
1.54221 1.05459
1.59196 1.07376
1.64171 1.09294
1.69146 1.11211
1.74121 1.13129
1.79096 1.15046
1.8407 1.16964
1.89045 1.18881
1.9402 1.20799
1.98995 1.22717
2.0397 1.24634
2.08945 1.26552
2.1392 1.28469
2.18895 1.30387
2.2387 1.32304
2.28844 1.34222
2.33819 1.36139
2.38819 1.36139
2.43818 1.37521
2.48818 1.38902
2.53817 1.40283
2.58817 1.41664
2.63816 1.43045
2.68815 1.44426
2.73815 1.45808
2.78814 1.47189
2.83814 1.4857
2.88813 1.49951
2.93813 1.51332
2.98812 1.52713
3.03812 1.54095
3.08811 1.55476
3.13811 1.56857
3.1881 1.58238
3.2381 1.59619
3.28809 1.61
3.33808 1.62382
3.38808 1.63763
3.43807 1.65144
3.48807 1.66525
3.53806 1.67906
3.58806 1.69287
3.63805 1.70669
3.68805 1.7205
3.73804 1.73431
3.78804 1.74812
3.83803 1.76193
3.88803 1.77574
3.93802 1.78956
3.98801 1.80337
4.03801 1.81718
4.088 1.83099
4.138 1.8448
4.18799 1.85861
4.23799 1.87243
4.28798 1.88624
4.33798 1.90005
4.38797 1.91386
4.43797 1.92767
4.48852 1.92767
4.53907 2.00093
4.58962 2.07418
4.64017 2.14743
4.69072 2.22069
4.74127 2.29394
4.79182 2.36719
4.84237 2.44045
4.89292 2.5137
4.94347 2.58695
4.99402 2.66021
5.04457 2.73346
5.09512 2.80671
5.14567 2.87997
5.19622 2.95322
5.24678 3.02647
5.29733 3.09973
5.34788 3.17298
5.39843 3.24623
5.44898 3.31949
5.49953 3.39274
5.55008 3.46599
5.60063 3.53925
5.65049 3.53925
5.70035 3.54119
5.75021 3.54314
5.80007 3.54509
5.84993 3.54703
5.89978 3.54898
5.94964 3.55092
5.9995 3.55287
6.04936 3.55482
6.09922 3.55676
6.14908 3.55871
6.19894 3.56066
6.2488 3.5626
6.29866 3.56455
6.34852 3.5665
6.39838 3.56844
6.44823 3.57039
6.49809 3.57233
6.54795 3.57428
6.59781 3.57623
6.64767 3.57817
6.69753 3.58012
6.74739 3.58207
6.79725 3.58401
6.84711 3.58596
6.89697 3.58791
6.94683 3.58985
6.99669 3.5918
7.04654 3.59374
7.0964 3.59569
7.14626 3.59764
7.19612 3.59958
7.24598 3.60153
7.29584 3.60348
7.3457 3.60542
7.39556 3.60737
7.44542 3.60932
7.49528 3.61126
7.54514 3.61321
7.59499 3.61515
7.6421 3.61515
7.68921 3.61515
7.73632 3.61515
7.78343 3.61515
7.83053 3.61515
7.87764 3.61515
7.92475 3.61515
10.2832 4.58417
12.6416 4.58417
15.0 4.58417
0.0 0.477533
0.0496952 0.477533
0.0993904 0.498844
0.149086 0.520154
0.198781 0.541465
0.248476 0.562775
0.298171 0.584085
0.347866 0.605396
0.397561 0.626706
0.447257 0.648016
0.496952 0.669327
0.546647 0.690637
0.596342 0.711948
0.646037 0.733258
0.695732 0.754568
0.745428 0.775879
0.795123 0.797189
0.844818 0.8185
0.894513 0.83981
0.944208 0.86112
0.993904 0.882431
1.0436 0.903741
1.09329 0.925051
1.14299 0.946362
1.19268 0.967672
1.24238 0.988983
1.29207 1.01029
1.34177 1.0316
1.39146 1.05291
1.44116 1.07422
1.49086 1.09553
1.54055 1.11684
1.59025 1.13816
1.63994 1.15947
1.68964 1.18078
1.73933 1.20209
1.78903 1.2234
1.83872 1.24471
1.88842 1.26602
1.93811 1.28733
1.98781 1.30864
2.0375 1.32995
2.0872 1.35126
2.13689 1.37257
2.18677 1.37257
2.23665 1.38716
2.28653 1.40176
2.33642 1.41636
2.3863 1.43095
2.43618 1.44555
2.48606 1.46014
2.53594 1.47474
2.58582 1.48933
2.6357 1.50393
2.68558 1.51852
2.73546 1.53312
2.78534 1.54771
2.83522 1.56231
2.8851 1.5769
2.93498 1.5915
2.98487 1.60609
3.03475 1.62069
3.08463 1.63528
3.13451 1.64988
3.18439 1.66447
3.23427 1.67907
3.28415 1.69366
3.33403 1.70826
3.38391 1.72285
3.43379 1.73745
3.48367 1.75204
3.53355 1.76664
3.58343 1.78123
3.63332 1.79583
3.6832 1.81043
3.73308 1.82502
3.78296 1.83962
3.83284 1.85421
3.88272 1.86881
3.9326 1.8834
3.98248 1.898
4.03236 1.91259
4.08224 1.92719
4.13365 1.92719
4.18505 2.0272
4.23646 2.12722
4.28786 2.22724
4.33927 2.32725
4.39067 2.42727
4.44207 2.52729
4.49348 2.62731
4.54488 2.72732
4.59629 2.82734
4.64769 2.92736
4.6991 3.02737
4.7505 3.12739
4.80191 3.22741
4.85331 3.32742
4.90472 3.42744
4.95612 3.52746
5.00632 3.52746
5.05652 3.53202
5.10671 3.53658
5.15691 3.54114
5.20711 3.54571
5.25731 3.55027
5.3075 3.55483
5.3577 3.55939
5.4079 3.56395
5.4581 3.56852
5.50829 3.57308
5.55849 3.57764
5.60869 3.5822
5.65889 3.58676
5.70908 3.59133
5.75928 3.59589
5.80948 3.60045
5.85968 3.60501
5.90987 3.60957
5.96007 3.61414
6.01027 3.6187
6.06047 3.62326
6.11066 3.62782
6.16086 3.63238
6.21106 3.63695
6.26126 3.64151
6.31145 3.64607
6.36165 3.65063
6.41185 3.65519
6.46205 3.65976
6.51224 3.66432
6.56244 3.66888
6.61264 3.67344
6.66284 3.678
6.71303 3.68257
6.76403 3.68257
6.81503 3.68257
6.86603 3.68257
6.91703 3.68257
6.96802 3.68257
7.01902 3.68257
7.07002 3.68257
9.71335 4.56724
12.3567 4.56724
15.0 4.56724
0.0 0.479058
0.0501628 0.479058
0.100326 0.498417
0.150488 0.517776
0.200651 0.537135
0.250814 0.556495
0.300977 0.575854
0.35114 0.595213
0.401302 0.614573
0.451465 0.633932
0.501628 0.653291
0.551791 0.67265
0.601954 0.69201
0.652116 0.711369
0.702279 0.730728
0.752442 0.750087
0.802605 0.769447
0.852768 0.788806
0.90293 0.808165
0.953093 0.827525
1.00326 0.846884
1.05342 0.866243
1.10358 0.885602
1.15374 0.904962
1.20391 0.924321
1.25407 0.94368
1.30423 0.96304
1.3544 0.982399
1.40456 1.00176
1.45472 1.02112
1.50488 1.04048
1.55505 1.05984
1.60521 1.0792
1.65537 1.09855
1.70554 1.11791
1.7557 1.13727
1.80586 1.15663
1.85602 1.17599
1.90619 1.19535
1.95635 1.21471
2.00651 1.23407
2.05667 1.25343
2.10684 1.27279
2.157 1.29215
2.20716 1.31151
2.25733 1.33087
2.30773 1.33087
2.35813 1.35585
2.40853 1.38084
2.45893 1.40582
2.50934 1.43081
2.55974 1.4558
2.61014 1.48078
2.66054 1.50577
2.71095 1.53075
2.76135 1.55574
2.81175 1.58073
2.86215 1.60571
2.91255 1.6307
2.96296 1.65568
3.01336 1.68067
3.06376 1.70566
3.11416 1.73064
3.16457 1.75563
3.21497 1.78061
3.26537 1.8056
3.31577 1.83059
3.36617 1.85557
3.41658 1.88056
3.46698 1.90554
3.51838 1.90554
3.56978 2.01856
3.62117 2.13157
3.67257 2.24459
3.72397 2.3576
3.77537 2.47061
3.82677 2.58363
3.87817 2.69664
3.92957 2.80965
3.98097 2.92267
4.03237 3.03568
4.08376 3.14869
4.13516 3.26171
4.18656 3.37472
4.23796 3.48774
4.28745 3.48774
4.33694 3.49236
4.38642 3.49697
4.43591 3.50159
4.4854 3.50621
4.53489 3.51083
4.58437 3.51545
4.63386 3.52007
4.68335 3.52469
4.73283 3.52931
4.78232 3.53393
4.83181 3.53855
4.8813 3.54317
4.93078 3.54779
4.98027 3.55241
5.02976 3.55703
5.07925 3.56165
5.12873 3.56627
5.17822 3.57089
5.22771 3.57551
5.2772 3.58013
5.32668 3.58475
5.37617 3.58936
5.42566 3.59398
5.47515 3.5986
5.52463 3.60322
5.57412 3.60784
5.62361 3.61246
5.6731 3.61708
5.72258 3.6217
5.77207 3.62632
5.82156 3.63094
5.87105 3.63556
5.92053 3.64018
5.97002 3.6448
6.01951 3.64942
6.07026 3.64942
6.12101 3.64942
6.17177 3.64942
6.22252 3.64942
6.27327 3.64942
6.32403 3.64942
6.37478 3.64942
6.42553 3.64942
6.47629 3.64942
6.52704 3.64942
6.57779 3.64942
6.62855 3.64942
6.6793 3.64942
6.73005 3.64942
6.78081 3.64942
6.83156 3.64942
6.88231 3.64942
6.93307 3.64942
6.98382 3.64942
7.03457 3.64942
7.08533 3.64942
7.13608 3.64942
7.18683 3.64942
7.23759 3.64942
7.28834 3.64942
7.33909 3.64942
7.38985 3.64942
7.4406 3.64942
7.49135 3.64942
7.54211 3.64942
10.0281 4.5747
12.514 4.5747
15.0 4.5747
0.0 0.472594
0.0503778 0.472594
0.100756 0.493288
0.151133 0.513982
0.201511 0.534676
0.251889 0.55537
0.302267 0.576064
0.352644 0.596757
0.403022 0.617451
0.4534 0.638145
0.503778 0.658839
0.554155 0.679533
0.604533 0.700227
0.654911 0.720921
0.705289 0.741615
0.755667 0.762308
0.806044 0.783002
0.856422 0.803696
0.9068 0.82439
0.957178 0.845084
1.00756 0.865778
1.05793 0.886472
1.10831 0.907165
1.15869 0.927859
1.20907 0.948553
1.25944 0.969247
1.30982 0.989941
1.3602 1.01063
1.41058 1.03133
1.46096 1.05202
1.51133 1.07272
1.56171 1.09341
1.61209 1.1141
1.66247 1.1348
1.71284 1.15549
1.76322 1.17619
1.8136 1.19688
1.86398 1.21757
1.91436 1.23827
1.96473 1.25896
2.01511 1.27966
2.06549 1.30035
2.11587 1.32104
2.16624 1.34174
2.21662 1.36243
2.26689 1.36243
2.31715 1.37136
2.36741 1.38028
2.41768 1.38921
2.46794 1.39813
2.51821 1.40706
2.56847 1.41599
2.61874 1.42491
2.669 1.43384
2.71927 1.44276
2.76953 1.45169
2.81979 1.46062
2.87006 1.46954
2.92032 1.47847
2.97059 1.48739
3.02085 1.49632
3.07112 1.50524
3.12138 1.51417
3.17164 1.5231
3.22191 1.53202
3.27217 1.54095
3.32244 1.54987
3.3727 1.5588
3.42297 1.56773
3.47323 1.57665
3.52349 1.58558
3.57376 1.5945
3.62402 1.60343
3.67429 1.61235
3.72455 1.62128
3.77482 1.63021
3.82508 1.63913
3.87535 1.64806
3.92561 1.65698
3.97587 1.66591
4.02614 1.67484
4.0764 1.68376
4.12667 1.69269
4.17693 1.70161
4.2272 1.71054
4.27746 1.71947
4.32772 1.72839
4.37799 1.73732
4.42825 1.74624
4.47852 1.75517
4.52878 1.76409
4.5785 1.76409
4.62822 1.89543
4.67794 2.02678
4.72767 2.15812
4.77739 2.28946
4.82711 2.4208
4.87683 2.55214
4.92655 2.68348
4.97627 2.81482
5.02599 2.94616
5.07571 3.0775
5.12543 3.20884
5.17516 3.34018
5.22488 3.47152
5.27591 3.47152
5.32695 3.48204
5.37798 3.49256
5.42902 3.50308
5.48005 3.51361
5.53109 3.52413
5.58213 3.53465
5.63316 3.54517
5.6842 3.55569
5.73523 3.56622
5.78627 3.57674
5.8373 3.58726
5.88834 3.59778
5.93938 3.6083
5.99041 3.61883
6.04145 3.62935
6.09248 3.63987
6.14352 3.65039
6.19455 3.66091
6.2448 3.66091
6.29505 3.66091
6.34529 3.66091
6.39554 3.66091
6.44579 3.66091
6.49603 3.66091
6.54628 3.66091
6.59653 3.66091
6.64677 3.66091
6.69702 3.66091
6.74727 3.66091
6.79751 3.66091
6.84776 3.66091
6.89801 3.66091
6.94826 3.66091
6.9985 3.66091
7.04875 3.66091
7.099 3.66091
7.14924 3.66091
7.19949 3.66091
7.24974 3.66091
7.29998 3.66091
7.35023 3.66091
7.40048 3.66091
7.45072 3.66091
7.50097 3.66091
7.55122 3.66091
7.60146 3.66091
7.65171 3.66091
7.70196 3.66091
7.7522 3.66091
7.80245 3.66091
7.8527 3.66091
7.90295 3.66091
7.95319 3.66091
10.3021 4.5866
12.6511 4.5866
15.0 4.5866
0.0 0.484826
0.0504065 0.484826
0.100813 0.503049
0.151219 0.521273
0.201626 0.539497
0.252032 0.557721
0.302439 0.575944
0.352845 0.594168
0.403252 0.612392
0.453658 0.630616
0.504065 0.64884
0.554471 0.667063
0.604877 0.685287
0.655284 0.703511
0.70569 0.721735
0.756097 0.739958
0.806503 0.758182
0.85691 0.776406
0.907316 0.79463
0.957723 0.812853
1.00813 0.831077
1.05854 0.849301
1.10894 0.867525
1.15935 0.885749
1.20975 0.903972
1.25993 0.903972
1.3101 0.949143
1.36028 0.994314
1.41045 1.03948
1.46063 1.08466
1.5108 1.12983
1.56097 1.175
1.61115 1.22017
1.66132 1.26534
1.7115 1.31051
1.76167 1.35568
1.81185 1.40085
1.86202 1.44602
1.91219 1.49119
1.96237 1.53636
2.01254 1.58153
2.06272 1.6267
2.11289 1.67187
2.16307 1.71704
2.21324 1.76222
2.26341 1.80739
2.31359 1.85256
2.36376 1.89773
2.41394 1.9429
2.46411 1.98807
2.51429 2.03324
2.56446 2.07841
2.61463 2.12358
2.66481 2.16875
2.71498 2.21392
2.76516 2.25909
2.81533 2.30426
2.86551 2.34943
2.91568 2.3946
2.96585 2.43978
3.01603 2.48495
3.0662 2.53012
3.11638 2.57529
3.16699 2.57529
3.21761 2.60121
3.26822 2.62713
3.31884 2.65305
3.36945 2.67897
3.42007 2.7049
3.47068 2.73082
3.5213 2.75674
3.57191 2.78266
3.62253 2.80858
3.67314 2.8345
3.72376 2.86043
3.77437 2.88635
3.82499 2.91227
3.8756 2.93819
3.92622 2.96411
3.97683 2.99003
4.02744 3.01596
4.07806 3.04188
4.12867 3.0678
4.17929 3.09372
4.2299 3.11964
4.28052 3.14556
4.33113 3.17149
4.38175 3.19741
4.43236 3.22333
4.48298 3.24925
4.53359 3.27517
4.58421 3.30109
4.63482 3.32702
4.68544 3.35294
4.73605 3.37886
4.78667 3.40478
4.83656 3.40478
4.88645 3.45118
4.93633 3.49758
4.98622 3.54399
5.03611 3.59039
5.086 3.63679
5.13589 3.68319
5.18578 3.72959
5.23567 3.776
5.28556 3.8224
5.33545 3.8688
5.38533 3.9152
5.43522 3.96161
5.48511 4.00801
5.535 4.05441
5.58489 4.10081
5.6352 4.10081
5.68552 4.10081
5.73583 4.10081
5.78614 4.10081
5.83645 4.10081
5.88677 4.10081
5.93708 4.10081
5.98739 4.10081
6.0377 4.10081
6.08802 4.10081
6.13833 4.10081
6.18864 4.10081
6.23895 4.10081
6.28927 4.10081
9.19284 4.77359
12.0964 4.77359
15.0 4.77359
0.0 0.480822
0.0498984 0.480822
0.0997969 0.499078
0.149695 0.517335
0.199594 0.535592
0.249492 0.553848
0.299391 0.572105
0.349289 0.590361
0.399188 0.608618
0.449086 0.626875
0.498984 0.645131
0.548883 0.663388
0.598781 0.681645
0.64868 0.699901
0.698578 0.718158
0.748477 0.736415
0.798375 0.754671
0.848274 0.772928
0.898172 0.791184
0.94807 0.809441
0.997969 0.827698
1.04787 0.845954
1.09777 0.864211
1.14766 0.882468
1.19756 0.900724
1.24746 0.918981
1.29736 0.937238
1.34623 0.937238
1.39509 1.09759
1.44396 1.25794
1.49283 1.4183
1.5417 1.57865
1.59056 1.739
1.63943 1.89936
1.6883 2.05971
1.73717 2.22006
1.78603 2.38042
1.8349 2.54077
1.88377 2.70112
1.9336 2.70112
1.98344 2.71461
2.03327 2.72809
2.0831 2.74157
2.13294 2.75505
2.18277 2.76854
2.23261 2.78202
2.28244 2.7955
2.33227 2.80899
2.38211 2.82247
2.43194 2.83595
2.48177 2.84944
2.53161 2.86292
2.58144 2.8764
2.63128 2.88989
2.68111 2.90337
2.73094 2.91685
2.78078 2.93033
2.83061 2.94382
2.88044 2.9573
2.93028 2.97078
2.98011 2.98427
3.02995 2.99775
3.07978 3.01123
3.12961 3.02472
3.17945 3.0382
3.22928 3.05168
3.27911 3.06517
3.32895 3.07865
3.37878 3.09213
3.42862 3.10562
3.47845 3.1191
3.52828 3.13258
3.57812 3.14606
3.62795 3.15955
3.67778 3.17303
3.72762 3.18651
3.77745 3.2
3.82729 3.21348
3.87712 3.22696
3.92695 3.24045
3.97679 3.25393
4.02662 3.26741
4.07646 3.2809
4.12629 3.29438
4.17612 3.30786
4.22596 3.32134
4.27515 3.32134
4.32435 3.3522
4.37355 3.38305
4.42274 3.41391
4.47194 3.44476
4.52114 3.47561
4.57033 3.50647
4.61953 3.53732
4.66873 3.56818
4.71792 3.59903
4.76712 3.62988
4.81632 3.66074
4.86551 3.69159
4.91471 3.72245
4.96391 3.7533
5.0131 3.78415
5.0623 3.81501
5.1115 3.84586
5.16069 3.87672
5.20989 3.90757
5.25909 3.93843
5.30828 3.96928
5.35748 4.00013
5.40668 4.03099
5.45587 4.06184
5.50507 4.0927
5.55565 4.0927
5.60623 4.0927
5.65681 4.0927
5.70739 4.0927
5.75797 4.0927
5.80855 4.0927
5.85913 4.0927
5.90971 4.0927
5.96029 4.0927
6.01087 4.0927
6.06145 4.0927
6.11203 4.0927
6.16261 4.0927
6.21319 4.0927
6.26377 4.0927
6.31435 4.0927
6.36493 4.0927
6.41551 4.0927
9.27701 4.86515
12.1385 4.86515
15.0 4.86515
0.0 0.483649
0.0497265 0.483649
0.0994529 0.502518
0.149179 0.521386
0.198906 0.540255
0.248632 0.559124
0.298359 0.577992
0.348085 0.596861
0.397812 0.615729
0.447538 0.634598
0.497265 0.653466
0.546991 0.672335
0.596718 0.691204
0.646444 0.710072
0.69617 0.728941
0.745897 0.747809
0.795623 0.766678
0.84535 0.785546
0.895076 0.804415
0.944803 0.823284
0.994529 0.842152
1.04426 0.861021
1.09398 0.879889
1.14371 0.898758
1.19344 0.917626
1.24316 0.936495
1.29289 0.955363
1.34261 0.974232
1.39273 0.974232
1.44284 1.01913
1.49296 1.06403
1.54307 1.10893
1.59319 1.15383
1.6433 1.19873
1.69342 1.24363
1.74353 1.28853
1.79365 1.33343
1.84376 1.37833
1.89388 1.42323
1.94399 1.46813
1.9941 1.51303
2.04422 1.55793
2.09433 1.60283
2.14445 1.64773
2.19456 1.69263
2.24468 1.73753
2.29479 1.78243
2.34491 1.82733
2.39502 1.87223
2.44514 1.91713
2.49525 1.96203
2.54537 2.00693
2.59548 2.05184
2.64559 2.09674
2.69571 2.14164
2.74582 2.18654
2.79594 2.23144
2.84605 2.27634
2.89617 2.32124
2.94628 2.36614
2.9964 2.41104
3.04651 2.45594
3.09663 2.50084
3.14674 2.54574
3.19685 2.59064
3.24509 2.59064
3.29332 2.66908
3.34156 2.74753
3.38979 2.82597
3.43803 2.90441
3.48626 2.98286
3.5345 3.0613
3.58273 3.13975
3.63096 3.21819
3.68021 3.21819
3.72945 3.26534
3.7787 3.3125
3.82794 3.35965
3.87719 3.4068
3.92643 3.45395
3.97568 3.50111
4.02492 3.54826
4.07417 3.59541
4.12341 3.64256
4.17266 3.68971
4.2219 3.73687
4.27115 3.78402
4.32039 3.83117
4.36964 3.87832
4.41888 3.92548
4.46812 3.97263
4.51737 4.01978
4.56661 4.06693
4.61586 4.11408
4.6651 4.16124
4.71364 4.16124
4.76217 4.16124
4.81071 4.16124
4.85924 4.16124
4.90778 4.16124
4.95631 4.16124
5.00485 4.16124
5.05338 4.16124
5.10192 4.16124
5.15045 4.16124
5.19899 4.16124
5.24752 4.16124
5.29605 4.16124
5.34459 4.16124
5.39312 4.16124
5.44166 4.16124
7.83124 4.85179
10.2208 4.85179
12.6104 4.85179
15.0 4.85179
0.0 0.477541
0.0506236 0.477541
0.101247 0.495719
0.151871 0.513897
0.202494 0.532075
0.253118 0.550252
0.303742 0.56843
0.354365 0.586608
0.404989 0.604786
0.455612 0.622964
0.506236 0.641141
0.55686 0.659319
0.607483 0.677497
0.658107 0.695675
0.70873 0.713853
0.759354 0.73203
0.809977 0.750208
0.860601 0.768386
0.911225 0.786564
0.961848 0.804741
1.01247 0.822919
1.0631 0.841097
1.11372 0.859275
1.16434 0.877453
1.21497 0.89563
1.26559 0.913808
1.31621 0.931986
1.3669 0.931986
1.41759 0.984271
1.46828 1.03656
1.51896 1.08884
1.56965 1.14113
1.62034 1.19341
1.67103 1.24569
1.72171 1.29798
1.7724 1.35026
1.82309 1.40255
1.87378 1.45483
1.92446 1.50712
1.97515 1.5594
2.02584 1.61169
2.07653 1.66397
2.12722 1.71626
2.1779 1.76854
2.22859 1.82083
2.27928 1.87311
2.32997 1.9254
2.38065 1.97768
2.43134 2.02997
2.48203 2.08225
2.53272 2.13454
2.5834 2.18682
2.63409 2.23911
2.68478 2.29139
2.73547 2.34368
2.78615 2.39596
2.83684 2.44825
2.88753 2.50053
2.93822 2.55282
2.98698 2.55282
3.03574 2.5921
3.08451 2.63139
3.13327 2.67067
3.18203 2.70996
3.2308 2.74925
3.27956 2.78853
3.32832 2.82782
3.37709 2.86711
3.42585 2.90639
3.47461 2.94568
3.52338 2.98497
3.57214 3.02425
3.62091 3.06354
3.66967 3.10283
3.71843 3.14211
3.77077 3.14211
3.8231 3.30871
3.87544 3.47531
3.92777 3.64191
3.98011 3.8085
4.03244 3.9751
4.08478 4.1417
4.13532 4.1417
4.18586 4.1417
4.2364 4.1417
4.28694 4.1417
4.33749 4.1417
4.38803 4.1417
4.43857 4.1417
4.48911 4.1417
4.53965 4.1417
4.59019 4.1417
4.64073 4.1417
4.69127 4.1417
4.74181 4.1417
4.79235 4.1417
4.8429 4.1417
4.89344 4.1417
4.94398 4.1417
4.99452 4.1417
5.04506 4.1417
7.5338 4.74158
10.0225 4.74158
12.5113 4.74158
15.0 4.74158
0.0 0.478704
0.0507939 0.478704
0.101588 0.49965
0.152382 0.520595
0.203176 0.541541
0.253969 0.562487
0.304763 0.583433
0.355557 0.604379
0.406351 0.625324
0.457145 0.64627
0.507939 0.667216
0.558733 0.688162
0.609527 0.709107
0.660321 0.730053
0.711114 0.750999
0.761908 0.771945
0.812702 0.79289
0.863496 0.813836
0.91429 0.834782
0.965084 0.855728
1.01588 0.876674
1.06667 0.897619
1.11747 0.918565
1.16826 0.939511
1.21953 0.939511
1.2708 1.09243
1.32207 1.24534
1.37333 1.39826
1.4246 1.55117
1.47587 1.70409
1.52714 1.857
1.57841 2.00992
1.62968 2.16283
1.68094 2.31575
1.73221 2.46866
1.78348 2.62158
1.83234 2.62158
1.88119 2.66441
1.93005 2.70725
1.97891 2.75008
2.02776 2.79292
2.07662 2.83575
2.12548 2.87858
2.17433 2.92142
2.22319 2.96425
2.27204 3.00708
2.3209 3.04992
2.36976 3.09275
2.41861 3.13559
2.46837 3.13559
2.51813 3.29896
2.56789 3.46233
2.61764 3.6257
2.6674 3.78907
2.71716 3.95244
2.76691 4.11582
2.81667 4.27919
2.86663 4.27919
2.91659 4.27919
2.96654 4.27919
3.0165 4.27919
3.06646 4.27919
3.11641 4.27919
3.16637 4.27919
3.21633 4.27919
3.26629 4.27919
3.31624 4.27919
3.3662 4.27919
3.41616 4.27919
3.46612 4.27919
3.51607 4.27919
3.56603 4.27919
3.61599 4.27919
3.66594 4.27919
3.7159 4.27919
3.76586 4.27919
3.81582 4.27919
3.86577 4.27919
3.91573 4.27919
3.96569 4.27919
4.01564 4.27919
4.0656 4.27919
4.11556 4.27919
4.16552 4.27919
4.21547 4.27919
4.26543 4.27919
4.31539 4.27919
4.36535 4.27919
4.4153 4.27919
4.46526 4.27919
4.51522 4.27919
4.56517 4.27919
4.61513 4.27919
4.66509 4.27919
4.71505 4.27919
7.28628 4.82786
9.85752 4.82786
12.4288 4.82786
15.0 4.82786
0.0 0.489336
0.0500236 0.489336
0.100047 0.508518
0.150071 0.5277
0.200094 0.546882
0.250118 0.566064
0.300142 0.585246
0.350165 0.604428
0.400189 0.62361
0.450212 0.642792
0.500236 0.661974
0.55026 0.681156
0.600283 0.700338
0.650307 0.71952
0.70033 0.738702
0.750354 0.757885
0.800378 0.777067
0.850401 0.796249
0.900425 0.815431
0.950449 0.834613
1.00047 0.853795
1.0505 0.872977
1.10052 0.892159
1.15054 0.911341
1.19927 0.911341
1.24799 1.04006
1.29671 1.16878
1.34543 1.29751
1.39415 1.42623
1.44288 1.55495
1.4916 1.68367
1.54032 1.81239
1.58904 1.94111
1.63777 2.06983
1.68649 2.19855
1.73521 2.32728
1.78393 2.456
1.83266 2.58472
1.88123 2.58472
1.9298 2.63581
1.97837 2.6869
2.02694 2.738
2.07552 2.78909
2.12409 2.84018
2.17266 2.89127
2.22123 2.94236
2.2698 2.99346
2.31837 3.04455
2.36695 3.09564
2.41616 3.09564
2.46538 3.30198
2.51459 3.50832
2.56381 3.71466
2.61302 3.921
2.66224 4.12734
2.71145 4.33368
2.76108 4.33368
2.81071 4.33368
2.86034 4.33368
2.90997 4.33368
2.9596 4.33368
3.00922 4.33368
3.05885 4.33368
3.10848 4.33368
3.15811 4.33368
3.20774 4.33368
3.25737 4.33368
3.307 4.33368
3.35663 4.33368
3.40626 4.33368
3.45589 4.33368
3.50552 4.33368
3.55514 4.33368
3.60477 4.33368
3.6544 4.33368
5.92352 4.90003
8.19264 4.90003
10.4618 4.90003
12.7309 4.90003
15.0 4.90003
0.0 0.4799
0.0492941 0.4799
0.0985882 0.50085
0.147882 0.521801
0.197176 0.542751
0.246471 0.563701
0.295765 0.584652
0.345059 0.605602
0.394353 0.626553
0.443647 0.647503
0.492941 0.668453
0.542235 0.689404
0.591529 0.710354
0.640823 0.731304
0.690117 0.752255
0.739412 0.773205
0.788706 0.794156
0.838 0.815106
0.887294 0.836056
0.936588 0.857007
0.985882 0.877957
1.03518 0.898908
1.08447 0.919858
1.13376 0.940808
1.18306 0.961759
1.23235 0.982709
1.28165 1.00366
1.33094 1.02461
1.37959 1.02461
1.42823 1.18289
1.47688 1.34117
1.52552 1.49945
1.57417 1.65773
1.62281 1.81601
1.67145 1.97428
1.7201 2.13256
1.76874 2.29084
1.81739 2.44912
1.86603 2.6074
1.91337 2.6074
1.9607 2.66283
2.00803 2.71826
2.05536 2.77369
2.1027 2.82912
2.15003 2.88454
2.19736 2.93997
2.2447 2.9954
2.29203 3.05083
2.34204 3.05083
2.39204 3.21254
2.44205 3.37425
2.49206 3.53597
2.54207 3.69768
2.59207 3.85939
2.64208 4.0211
2.69209 4.18281
2.7421 4.34452
2.79289 4.34452
2.84368 4.34452
2.89448 4.34452
2.94527 4.34452
2.99607 4.34452
3.04686 4.34452
3.09766 4.34452
5.47813 4.94633
7.85859 4.94633
10.2391 4.94633
12.6195 4.94633
15.0 4.94633
0.0 0.47454
0.0494574 0.47454
0.0989148 0.493611
0.148372 0.512681
0.19783 0.531752
0.247287 0.550822
0.296744 0.569893
0.346202 0.588964
0.395659 0.608034
0.445117 0.627105
0.494574 0.646175
0.544031 0.665246
0.593489 0.684317
0.642946 0.703387
0.692404 0.722458
0.741861 0.741529
0.791318 0.760599
0.840776 0.77967
0.890233 0.79874
0.939691 0.817811
0.989148 0.836882
1.03861 0.855952
1.08806 0.875023
1.13752 0.894093
1.18698 0.913164
1.23644 0.932235
1.28589 0.951305
1.33535 0.970376
1.38481 0.989446
1.43426 1.00852
1.48372 1.02759
1.53318 1.04666
1.58264 1.06573
1.63209 1.0848
1.68155 1.10387
1.73101 1.12294
1.78047 1.14201
1.82992 1.16108
1.87938 1.18015
1.92884 1.19922
1.9783 1.21829
2.02654 1.21829
2.07478 1.30911
2.12302 1.39993
2.17126 1.49076
2.2195 1.58158
2.26774 1.6724
2.31598 1.76322
2.36422 1.85404
2.41247 1.94486
2.46071 2.03568
2.50895 2.1265
2.55719 2.21732
2.60821 2.21732
2.65923 2.25991
2.71025 2.3025
2.76127 2.34509
2.81229 2.38768
2.86332 2.43027
2.91434 2.47286
2.96536 2.51545
3.01638 2.55804
3.0674 2.60063
3.11842 2.64322
3.16944 2.6858
3.22046 2.72839
3.27148 2.77098
3.3225 2.81357
3.37353 2.85616
3.42455 2.89875
3.47557 2.94134
3.52659 2.98393
3.57761 3.02652
3.62863 3.06911
3.67817 3.06911
3.7277 3.10982
3.77724 3.15052
3.82677 3.19123
3.87631 3.23193
3.92584 3.27264
3.97538 3.31335
4.02491 3.35405
4.07445 3.39476
4.12398 3.43546
4.17352 3.47617
4.22305 3.51687
4.27258 3.55758
4.32212 3.59829
4.37165 3.63899
4.42119 3.6797
4.47072 3.7204
4.52026 3.76111
4.56979 3.80182
4.61933 3.84252
4.66886 3.88323
4.7184 3.92393
4.76889 3.92393
4.81938 3.92393
4.86987 3.92393
4.92036 3.92393
4.97085 3.92393
5.02134 3.92393
5.07183 3.92393
5.12232 3.92393
5.17281 3.92393
5.2233 3.92393
5.27379 3.92393
5.32429 3.92393
5.37478 3.92393
5.42527 3.92393
5.47576 3.92393
5.52625 3.92393
5.57674 3.92393
5.62723 3.92393
5.67772 3.92393
5.72821 3.92393
5.7787 3.92393
5.82919 3.92393
5.87968 3.92393
5.93017 3.92393
5.98066 3.92393
8.2355 5.66001
10.4903 5.66001
12.7452 5.66001
15.0 5.66001
0.0 0.477062
0.0500106 0.477062
0.100021 0.496879
0.150032 0.516696
0.200042 0.536513
0.250053 0.556329
0.300063 0.576146
0.350074 0.595963
0.400084 0.61578
0.450095 0.635596
0.500106 0.655413
0.550116 0.67523
0.600127 0.695047
0.650137 0.714863
0.700148 0.73468
0.750158 0.754497
0.800169 0.774314
0.85018 0.79413
0.90019 0.813947
0.950201 0.833764
1.00021 0.853581
1.05022 0.873397
1.10023 0.893214
1.15024 0.913031
1.20025 0.932848
1.25026 0.952664
1.30027 0.972481
1.35029 0.992298
1.4003 1.01211
1.45031 1.03193
1.50032 1.05175
1.55033 1.07156
1.60034 1.09138
1.65035 1.1112
1.70036 1.13102
1.75037 1.15083
1.80038 1.17065
1.85039 1.19047
1.9004 1.21028
1.95041 1.2301
1.99721 1.2301
2.04402 1.41703
2.09082 1.60396
2.13762 1.79089
2.18442 1.97782
2.23123 2.16475
2.28089 2.16475
2.33055 2.18994
2.38021 2.21513
2.42987 2.24031
2.47954 2.2655
2.5292 2.29068
2.57886 2.31587
2.62852 2.34106
2.67818 2.36624
2.72784 2.39143
2.77751 2.41661
2.82717 2.4418
2.87683 2.46698
2.92649 2.49217
2.97615 2.51736
3.02582 2.54254
3.07548 2.56773
3.12514 2.59291
3.1748 2.6181
3.22446 2.64329
3.27413 2.66847
3.32379 2.69366
3.37345 2.71884
3.42311 2.74403
3.47277 2.76922
3.52244 2.7944
3.5721 2.81959
3.62176 2.84477
3.67142 2.86996
3.72108 2.89514
3.77074 2.92033
3.82041 2.94552
3.87007 2.9707
3.91973 2.99589
3.96939 3.02107
4.01905 3.04626
4.06872 3.07145
4.11838 3.09663
4.16804 3.12182
4.21876 3.12182
4.26947 3.16651
4.32019 3.21121
4.3709 3.25591
4.42162 3.30061
4.47233 3.3453
4.52305 3.39
4.57376 3.4347
4.62448 3.47939
4.6752 3.52409
4.72591 3.56879
4.77663 3.61348
4.82734 3.65818
4.87806 3.70288
4.92877 3.74757
4.97949 3.79227
5.0302 3.83697
5.08092 3.88166
5.13163 3.92636
5.18216 3.92636
5.23269 3.92636
5.28322 3.92636
5.33375 3.92636
5.38427 3.92636
5.4348 3.92636
5.48533 3.92636
5.53586 3.92636
5.58638 3.92636
5.63691 3.92636
5.68744 3.92636
5.73797 3.92636
5.78849 3.92636
5.83902 3.92636
5.88955 3.92636
5.94008 3.92636
5.9906 3.92636
6.04113 3.92636
6.09166 3.92636
6.14219 3.92636
6.19271 3.92636
6.24324 3.92636
6.29377 3.92636
6.3443 3.92636
9.22953 5.67142
12.1148 5.67142
15.0 5.67142
0.0 0.477691
0.0494774 0.477691
0.0989547 0.496988
0.148432 0.516285
0.197909 0.535582
0.247387 0.554879
0.296864 0.574176
0.346341 0.593473
0.395819 0.61277
0.445296 0.632067
0.494774 0.651364
0.544251 0.670661
0.593728 0.689958
0.643206 0.709255
0.692683 0.728552
0.74216 0.747849
0.791638 0.767146
0.841115 0.786443
0.890592 0.80574
0.94007 0.825037
0.989547 0.844334
1.03902 0.863632
1.0885 0.882929
1.13798 0.902226
1.18746 0.921523
1.23693 0.94082
1.28641 0.960117
1.33589 0.979414
1.38537 0.998711
1.43484 1.01801
1.48432 1.0373
1.5338 1.0566
1.58328 1.0759
1.63275 1.0952
1.68223 1.11449
1.73171 1.13379
1.78118 1.15309
1.83066 1.17238
1.88014 1.19168
1.92962 1.21098
1.97909 1.23028
2.03096 1.23028
2.08282 1.33796
2.13469 1.44565
2.18655 1.55334
2.23842 1.66102
2.29028 1.76871
2.34215 1.8764
2.39401 1.98408
2.44588 2.09177
2.49774 2.19946
2.54741 2.19946
2.59707 2.21629
2.64674 2.23313
2.6964 2.24996
2.74606 2.2668
2.79573 2.28363
2.84539 2.30047
2.89505 2.3173
2.94472 2.33413
2.99438 2.35097
3.04405 2.3678
3.09371 2.38464
3.14337 2.40147
3.19304 2.41831
3.2427 2.43514
3.29236 2.45198
3.34203 2.46881
3.39169 2.48565
3.44136 2.50248
3.49102 2.51931
3.54068 2.53615
3.59035 2.55298
3.64001 2.56982
3.68967 2.58665
3.73934 2.60349
3.789 2.62032
3.83867 2.63716
3.88833 2.65399
3.93799 2.67083
3.98766 2.68766
4.03732 2.70449
4.08698 2.72133
4.13665 2.73816
4.18631 2.755
4.23598 2.77183
4.28564 2.78867
4.3353 2.8055
4.38497 2.82234
4.43463 2.83917
4.48429 2.85601
4.53396 2.87284
4.58362 2.88967
4.63329 2.90651
4.68295 2.92334
4.73261 2.94018
4.78228 2.95701
4.83194 2.97385
4.8816 2.99068
4.93127 3.00752
4.98093 3.02435
5.0306 3.04118
5.08026 3.05802
5.13 3.05802
5.17973 3.07797
5.22947 3.09792
5.27921 3.11787
5.32894 3.13782
5.37868 3.15777
5.42842 3.17772
5.47815 3.19768
5.52789 3.21763
5.57763 3.23758
5.62736 3.25753
5.6771 3.27748
5.72684 3.29743
5.77657 3.31738
5.82631 3.33733
5.87605 3.35728
5.92578 3.37723
5.97552 3.39718
6.02526 3.41713
6.07499 3.43708
6.12473 3.45704
6.17447 3.47699
6.2242 3.49694
6.27394 3.51689
6.32368 3.53684
6.37341 3.55679
6.42315 3.57674
6.47289 3.59669
6.52262 3.61664
6.57236 3.63659
6.6221 3.65654
6.67183 3.67649
6.72157 3.69645
6.77131 3.7164
6.82104 3.73635
6.87078 3.7563
6.92052 3.77625
6.97025 3.7962
7.01999 3.81615
7.06973 3.8361
7.11946 3.85605
7.1692 3.876
7.21894 3.89595
7.26867 3.9159
7.32045 3.9159
7.37223 3.9159
7.42401 3.9159
7.47578 3.9159
7.52756 3.9159
7.57934 3.9159
7.63112 3.9159
10.0874 5.66991
12.5437 5.66991
15.0 5.66991
0.0 0.491248
0.0505042 0.491248
0.101008 0.508863
0.151512 0.526478
0.202017 0.544092
0.252521 0.561707
0.303025 0.579321
0.353529 0.596936
0.404033 0.61455
0.454537 0.632165
0.505042 0.649779
0.555546 0.667394
0.60605 0.685008
0.656554 0.702623
0.707058 0.720238
0.757562 0.737852
0.808066 0.755467
0.858571 0.773081
0.909075 0.790696
0.959579 0.80831
1.01008 0.825925
1.06059 0.843539
1.11109 0.861154
1.1616 0.878769
1.2121 0.896383
1.2626 0.913998
1.31311 0.931612
1.36361 0.949227
1.41412 0.966841
1.46462 0.984456
1.51512 1.00207
1.56563 1.01968
1.61613 1.0373
1.66664 1.05491
1.71714 1.07253
1.76765 1.09014
1.81815 1.10776
1.86865 1.12537
1.91916 1.14299
1.96966 1.1606
2.02017 1.17822
2.07067 1.19583
2.12117 1.21345
2.17168 1.23106
2.22272 1.23106
2.27375 1.28287
2.32479 1.33468
2.37583 1.38649
2.42687 1.43829
2.47791 1.4901
2.52894 1.54191
2.57998 1.59372
2.63102 1.64553
2.68206 1.69734
2.7331 1.74915
2.78413 1.80096
2.83517 1.85277
2.88621 1.90457
2.93725 1.95638
2.98829 2.00819
3.03932 2.06
3.09036 2.11181
3.1414 2.16362
3.19193 2.16362
3.24245 2.19626
3.29298 2.2289
3.3435 2.26154
3.39403 2.29418
3.44456 2.32683
3.49508 2.35947
3.54561 2.39211
3.59613 2.42475
3.64666 2.45739
3.69718 2.49003
3.74771 2.52267
3.79824 2.55531
3.84876 2.58796
3.89929 2.6206
3.94981 2.65324
4.00034 2.68588
4.05086 2.71852
4.10139 2.75116
4.15192 2.7838
4.20244 2.81645
4.25297 2.84909
4.30349 2.88173
4.35402 2.91437
4.40454 2.94701
4.45507 2.97965
4.5056 3.01229
4.55612 3.04494
4.60665 3.07758
4.65717 3.11022
4.70691 3.11022
4.75664 3.12467
4.80638 3.13912
4.85611 3.15358
4.90584 3.16803
4.95558 3.18248
5.00531 3.19694
5.05505 3.21139
5.10478 3.22584
5.15451 3.2403
5.20425 3.25475
5.25398 3.2692
5.30372 3.28366
5.35345 3.29811
5.40319 3.31256
5.45292 3.32701
5.50265 3.34147
5.55239 3.35592
5.60212 3.37037
5.65186 3.38483
5.70159 3.39928
5.75132 3.41373
5.80106 3.42819
5.85079 3.44264
5.90053 3.45709
5.95026 3.47155
5.99999 3.486
6.04973 3.50045
6.09946 3.51491
6.1492 3.52936
6.19893 3.54381
6.24867 3.55826
6.2984 3.57272
6.34813 3.58717
6.39787 3.60162
6.4476 3.61608
6.49734 3.63053
6.54707 3.64498
6.5968 3.65944
6.64654 3.67389
6.69627 3.68834
6.74601 3.7028
6.79574 3.71725
6.84547 3.7317
6.89521 3.74616
6.94494 3.76061
6.99468 3.77506
7.04441 3.78951
7.09415 3.80397
7.14388 3.81842
7.19361 3.83287
7.24335 3.84733
7.29308 3.86178
7.34282 3.87623
7.39255 3.89069
7.44041 3.89069
7.48828 3.89069
7.53614 3.89069
7.58401 3.89069
7.63187 3.89069
7.67974 3.89069
7.7276 3.89069
7.77547 3.89069
10.1836 5.63644
12.5918 5.63644
15.0 5.63644
0.0 0.488062
0.0495222 0.488062
0.0990443 0.506161
0.148566 0.52426
0.198089 0.542359
0.247611 0.560458
0.297133 0.578557
0.346655 0.596657
0.396177 0.614756
0.445699 0.632855
0.495222 0.650954
0.544744 0.669053
0.594266 0.687152
0.643788 0.705251
0.69331 0.723351
0.742832 0.74145
0.792355 0.759549
0.841877 0.777648
0.891399 0.795747
0.940921 0.813846
0.990443 0.831946
1.03997 0.850045
1.08949 0.868144
1.13901 0.886243
1.18853 0.904342
1.23805 0.922441
1.28758 0.94054
1.3371 0.95864
1.38662 0.976739
1.43614 0.994838
1.48566 1.01294
1.53519 1.03104
1.58471 1.04914
1.63423 1.06723
1.68375 1.08533
1.73328 1.10343
1.7828 1.12153
1.83232 1.13963
1.88184 1.15773
1.93136 1.17583
1.98089 1.19393
2.03041 1.21203
2.07993 1.23013
2.12945 1.24823
2.17898 1.26633
2.2285 1.28442
2.27802 1.30252
2.32754 1.32062
2.37706 1.33872
2.42689 1.33872
2.47671 1.37961
2.52654 1.4205
2.57636 1.46138
2.62618 1.50227
2.67601 1.54316
2.72583 1.58405
2.77566 1.62493
2.82548 1.66582
2.87531 1.70671
2.92513 1.7476
2.97495 1.78848
3.02478 1.82937
3.0746 1.87026
3.12443 1.91115
3.17425 1.95203
3.22407 1.99292
3.2739 2.03381
3.32372 2.07469
3.37355 2.11558
3.42337 2.15647
3.4732 2.19736
3.52247 2.19736
3.57175 2.23734
3.62103 2.27732
3.67031 2.31731
3.71959 2.35729
3.76887 2.39727
3.81815 2.43726
3.86743 2.47724
3.91671 2.51723
3.96599 2.55721
4.01526 2.59719
4.06454 2.63718
4.11382 2.67716
4.1631 2.71714
4.21238 2.75713
4.26166 2.79711
4.31094 2.83709
4.36022 2.87708
4.4095 2.91706
4.45878 2.95704
4.50805 2.99703
4.55733 3.03701
4.60661 3.07699
4.65589 3.11698
4.70508 3.11698
4.75427 3.15861
4.80347 3.20023
4.85266 3.24186
4.90185 3.28349
4.95104 3.32511
5.00023 3.36674
5.04942 3.40837
5.09861 3.44999
5.14781 3.49162
5.197 3.53325
5.24619 3.57488
5.29538 3.6165
5.34457 3.65813
5.39376 3.69976
5.44295 3.74138
5.49215 3.78301
5.54134 3.82464
5.59053 3.86626
5.63972 3.90789
5.68891 3.94952
5.7381 3.99115
5.78729 4.03277
5.83649 4.0744
5.88568 4.11603
5.93657 4.11603
5.98747 4.11603
6.03837 4.11603
6.08927 4.11603
6.14017 4.11603
6.19106 4.11603
6.24196 4.11603
6.29286 4.11603
6.34376 4.11603
6.39465 4.11603
6.44555 4.11603
6.49645 4.11603
6.54735 4.11603
6.59825 4.11603
6.64914 4.11603
6.70004 4.11603
9.46669 5.74383
12.2333 5.74383
15.0 5.74383
0.0 0.481939
0.0503232 0.481939
0.100646 0.499744
0.15097 0.51755
0.201293 0.535356
0.251616 0.553162
0.301939 0.570968
0.352262 0.588774
0.402585 0.606579
0.452909 0.624385
0.503232 0.642191
0.553555 0.659997
0.603878 0.677803
0.654201 0.695608
0.704525 0.713414
0.754848 0.73122
0.805171 0.749026
0.855494 0.766832
0.905817 0.784637
0.95614 0.802443
1.00646 0.820249
1.05679 0.838055
1.10711 0.855861
1.15743 0.873667
1.20776 0.891472
1.25808 0.909278
1.3084 0.927084
1.35873 0.94489
1.40905 0.962696
1.45937 0.980501
1.5097 0.998307
1.56002 1.01611
1.61034 1.03392
1.66066 1.05172
1.71099 1.06953
1.76131 1.08734
1.81163 1.10514
1.86196 1.12295
1.91228 1.14075
1.9626 1.15856
2.01293 1.17637
2.06325 1.19417
2.11357 1.21198
2.1639 1.22978
2.21422 1.24759
2.26513 1.24759
2.31604 1.28191
2.36695 1.31622
2.41786 1.35054
2.46876 1.38486
2.51967 1.41918
2.57058 1.45349
2.62149 1.48781
2.6724 1.52213
2.72331 1.55645
2.77422 1.59076
2.82513 1.62508
2.87604 1.6594
2.92695 1.69371
2.97785 1.72803
3.02876 1.76235
3.07967 1.79667
3.13058 1.83098
3.18149 1.8653
3.2324 1.89962
3.28331 1.93394
3.33422 1.96825
3.38513 2.00257
3.43604 2.03689
3.48695 2.07121
3.53785 2.10552
3.58876 2.13984
3.63942 2.13984
3.69008 2.21837
3.74075 2.29689
3.79141 2.37542
3.84207 2.45394
3.89273 2.53247
3.94339 2.611
3.99405 2.68952
4.04471 2.76805
4.09537 2.84657
4.14603 2.9251
4.19669 3.00363
4.24735 3.08215
4.29628 3.08215
4.3452 3.1304
4.39412 3.17865
4.44304 3.2269
4.49197 3.27515
4.54089 3.3234
4.58981 3.37165
4.63873 3.4199
4.68766 3.46815
4.73658 3.5164
4.7855 3.56465
4.83442 3.6129
4.88335 3.66115
4.93227 3.7094
4.98119 3.75765
5.03011 3.8059
5.07904 3.85415
5.12796 3.9024
5.17688 3.95065
5.2258 3.9989
5.27473 4.04715
5.32365 4.0954
5.37379 4.0954
5.42394 4.0954
5.47408 4.0954
5.52423 4.0954
5.57437 4.0954
5.62452 4.0954
5.67466 4.0954
5.72481 4.0954
5.77495 4.0954
5.8251 4.0954
5.87524 4.0954
5.92539 4.0954
5.97553 4.0954
6.02568 4.0954
6.07582 4.0954
6.12597 4.0954
6.17611 4.0954
6.22626 4.0954
6.2764 4.0954
6.32655 4.0954
6.37669 4.0954
6.42684 4.0954
6.47698 4.0954
6.52713 4.0954
6.57727 4.0954
6.62742 4.0954
6.67756 4.0954
6.72771 4.0954
6.77785 4.0954
6.828 4.0954
6.87814 4.0954
6.92829 4.0954
6.97843 4.0954
7.02858 4.0954
7.07872 4.0954
7.12887 4.0954
7.17901 4.0954
7.22916 4.0954
7.2793 4.0954
7.32945 4.0954
7.37959 4.0954
7.42974 4.0954
7.47988 4.0954
9.98659 5.85007
12.4933 5.85007
15.0 5.85007
0.0 0.480805
0.0499667 0.480805
0.0999334 0.499094
0.1499 0.517383
0.199867 0.535673
0.249834 0.553962
0.2998 0.572251
0.349767 0.590541
0.399734 0.60883
0.4497 0.627119
0.499667 0.645408
0.549634 0.663698
0.599601 0.681987
0.649567 0.700276
0.699534 0.718566
0.749501 0.736855
0.799467 0.755144
0.849434 0.773433
0.899401 0.791723
0.949368 0.810012
0.999334 0.828301
1.0493 0.846591
1.09927 0.86488
1.14923 0.883169
1.1992 0.901459
1.24917 0.919748
1.29913 0.938037
1.3491 0.956326
1.39907 0.974616
1.44903 0.992905
1.499 1.01119
1.54897 1.02948
1.59893 1.04777
1.6489 1.06606
1.69887 1.08435
1.74884 1.10264
1.7988 1.12093
1.84857 1.12093
1.89834 1.18012
1.94811 1.23932
1.99789 1.29851
2.04766 1.3577
2.09743 1.4169
2.1472 1.47609
2.19697 1.53528
2.24674 1.59447
2.29651 1.65367
2.34628 1.71286
2.39605 1.77205
2.44582 1.83125
2.49559 1.89044
2.54536 1.94963
2.59514 2.00883
2.64491 2.06802
2.69468 2.12721
2.74375 2.12721
2.79282 2.17701
2.84189 2.2268
2.89096 2.2766
2.94003 2.3264
2.9891 2.37619
3.03817 2.42599
3.08724 2.47579
3.13631 2.52558
3.18538 2.57538
3.23445 2.62517
3.28352 2.67497
3.33259 2.72477
3.38167 2.77456
3.43074 2.82436
3.47981 2.87415
3.52888 2.92395
3.57795 2.97375
3.62702 3.02354
3.67609 3.07334
3.7259 3.07334
3.77572 3.10047
3.82554 3.1276
3.87535 3.15474
3.92517 3.18187
3.97498 3.209
4.0248 3.23614
4.07461 3.26327
4.12443 3.29041
4.17425 3.31754
4.22406 3.34467
4.27388 3.37181
4.32369 3.39894
4.37351 3.42607
4.42333 3.45321
4.47314 3.48034
4.52296 3.50747
4.57277 3.53461
4.62259 3.56174
4.6724 3.58887
4.72222 3.61601
4.77204 3.64314
4.82185 3.67027
4.87167 3.69741
4.92148 3.72454
4.9713 3.75167
5.02111 3.77881
5.07093 3.80594
5.12075 3.83307
5.17056 3.86021
5.22038 3.88734
5.27019 3.91447
5.32001 3.94161
5.36982 3.96874
5.41964 3.99587
5.46946 4.02301
5.51993 4.02301
5.57041 4.02301
5.62088 4.02301
5.67136 4.02301
5.72183 4.02301
5.77231 4.02301
5.82278 4.02301
5.87326 4.02301
5.92373 4.02301
5.97421 4.02301
6.02468 4.02301
6.07516 4.02301
6.12563 4.02301
6.17611 4.02301
6.22658 4.02301
6.27706 4.02301
6.32753 4.02301
6.37801 4.02301
9.25201 5.76484
12.126 5.76484
15.0 5.76484
0.0 0.475523
0.0507715 0.475523
0.101543 0.497492
0.152314 0.51946
0.203086 0.541428
0.253857 0.563396
0.304629 0.585365
0.3554 0.607333
0.406172 0.629301
0.456943 0.65127
0.507715 0.673238
0.558486 0.695206
0.609258 0.717175
0.660029 0.739143
0.710801 0.761111
0.761572 0.783079
0.812344 0.805048
0.863115 0.827016
0.913887 0.848984
0.964658 0.870953
1.01543 0.892921
1.0662 0.914889
1.11697 0.936857
1.16774 0.958826
1.21852 0.980794
1.26929 1.00276
1.32006 1.02473
1.37083 1.0467
1.4216 1.06867
1.47205 1.06867
1.5225 1.12693
1.57295 1.18519
1.6234 1.24345
1.67385 1.30171
1.72431 1.35998
1.77476 1.41824
1.82521 1.4765
1.87566 1.53476
1.92611 1.59302
1.97656 1.65128
2.02701 1.70955
2.07746 1.76781
2.12791 1.82607
2.17836 1.88433
2.22881 1.94259
2.27926 2.00085
2.32971 2.05912
2.38016 2.11738
2.43061 2.17564
2.48217 2.17564
2.53372 2.23753
2.58527 2.29942
2.63682 2.3613
2.68837 2.42319
2.73992 2.48508
2.79148 2.54697
2.84303 2.60885
2.89458 2.67074
2.94613 2.73263
2.99768 2.79452
3.04923 2.85641
3.10079 2.91829
3.15234 2.98018
3.20286 2.98018
3.25338 3.01915
3.3039 3.05812
3.35443 3.09708
3.40495 3.13605
3.45547 3.17502
3.50599 3.21399
3.55651 3.25295
3.60703 3.29192
3.65756 3.33089
3.70808 3.36985
3.7586 3.40882
3.80912 3.44779
3.85964 3.48675
3.91017 3.52572
3.96069 3.56469
4.01121 3.60366
4.06173 3.64262
4.11225 3.68159
4.16277 3.72056
4.2133 3.75952
4.26382 3.79849
4.31434 3.83746
4.36486 3.87643
4.41538 3.91539
4.46591 3.95436
4.51643 3.99333
4.56695 4.03229
4.61747 4.07126
4.66736 4.07126
4.71725 4.07126
4.76714 4.07126
4.81702 4.07126
4.86691 4.07126
4.9168 4.07126
4.96669 4.07126
5.01658 4.07126
5.06647 4.07126
5.11636 4.07126
5.16624 4.07126
5.21613 4.07126
5.26602 4.07126
5.31591 4.07126
5.3658 4.07126
5.41569 4.07126
5.46558 4.07126
5.51546 4.07126
7.8866 5.74432
10.2577 5.74432
12.6289 5.74432
15.0 5.74432
0.0 0.475561
0.0497417 0.475561
0.0994833 0.496234
0.149225 0.516906
0.198967 0.537579
0.248708 0.558252
0.29845 0.578925
0.348192 0.599597
0.397933 0.62027
0.447675 0.640943
0.497417 0.661615
0.547158 0.682288
0.5969 0.702961
0.646642 0.723634
0.696383 0.744306
0.746125 0.764979
0.795867 0.785652
0.845608 0.806324
0.89535 0.826997
0.945092 0.84767
0.994833 0.868342
1.04458 0.889015
1.09432 0.909688
1.14406 0.930361
1.1938 0.951033
1.24354 0.971706
1.29328 0.992379
1.34303 1.01305
1.39277 1.03372
1.44251 1.0544
1.49225 1.07507
1.54199 1.09574
1.59173 1.11642
1.64148 1.13709
1.69122 1.15776
1.74375 1.15776
1.79629 1.26069
1.84883 1.36362
1.90136 1.46654
1.9539 1.56947
2.00644 1.6724
2.05898 1.77533
2.11151 1.87826
2.16405 1.98118
2.21306 1.98118
2.26208 2.05775
2.3111 2.13431
2.36011 2.21087
2.40913 2.28743
2.45814 2.364
2.50716 2.44056
2.55618 2.51712
2.60519 2.59368
2.65421 2.67025
2.70322 2.74681
2.75224 2.82337
2.80126 2.89993
2.85027 2.9765
2.89929 3.05306
2.9483 3.12962
2.99646 3.12962
3.04462 3.21395
3.09278 3.29828
3.14094 3.38261
3.18909 3.46694
3.23725 3.55127
3.28541 3.6356
3.33357 3.71993
3.38173 3.80426
3.42988 3.88859
3.47804 3.97292
3.5262 4.05725
3.57634 4.05725
3.62648 4.05725
3.67663 4.05725
3.72677 4.05725
3.77691 4.05725
3.82705 4.05725
3.8772 4.05725
3.92734 4.05725
3.97748 4.05725
4.02763 4.05725
4.07777 4.05725
4.12791 4.05725
4.17805 4.05725
4.2282 4.05725
4.27834 4.05725
4.32848 4.05725
4.37863 4.05725
4.42877 4.05725
4.47891 4.05725
4.52905 4.05725
4.5792 4.05725
4.62934 4.05725
4.67948 4.05725
4.72962 4.05725
4.77977 4.05725
4.82991 4.05725
4.88005 4.05725
4.9302 4.05725
4.98034 4.05725
7.48525 5.60629
9.99017 5.60629
12.4951 5.60629
15.0 5.60629
0.0 0.471159
0.0507343 0.471159
0.101469 0.491745
0.152203 0.512332
0.202937 0.532918
0.253672 0.553504
0.304406 0.57409
0.35514 0.594677
0.405875 0.615263
0.456609 0.635849
0.507343 0.656435
0.558078 0.677022
0.608812 0.697608
0.659546 0.718194
0.710281 0.73878
0.761015 0.759367
0.811749 0.779953
0.862484 0.800539
0.913218 0.821125
0.963952 0.841712
1.01469 0.862298
1.06542 0.882884
1.11616 0.90347
1.16689 0.924057
1.21762 0.944643
1.26836 0.965229
1.31909 0.985815
1.36983 1.0064
1.42056 1.02699
1.4713 1.04757
1.52203 1.06816
1.57276 1.08875
1.6235 1.10933
1.67423 1.12992
1.72355 1.12992
1.77286 1.16666
1.82218 1.20341
1.87149 1.24015
1.92081 1.2769
1.97012 1.31364
2.01944 1.35038
2.06875 1.38713
2.11807 1.42387
2.16738 1.46062
2.21669 1.49736
2.26601 1.5341
2.31532 1.57085
2.36464 1.60759
2.41395 1.64434
2.46327 1.68108
2.51258 1.71782
2.5619 1.75457
2.61121 1.79131
2.66053 1.82806
2.70984 1.8648
2.75916 1.90154
2.80847 1.93829
2.85779 1.97503
2.9071 2.01178
2.95642 2.04852
3.00573 2.08526
3.05504 2.12201
3.10616 2.12201
3.15728 2.19748
3.2084 2.27295
3.25952 2.34841
3.31064 2.42388
3.36176 2.49935
3.41288 2.57482
3.464 2.65029
3.51512 2.72576
3.56624 2.80123
3.61736 2.87669
3.66848 2.95216
3.7196 3.02763
3.77072 3.1031
3.82184 3.17857
3.87296 3.25404
3.92408 3.32951
3.97519 3.40498
4.0261 3.40498
4.07701 3.42136
4.12792 3.43774
4.17883 3.45412
4.22974 3.4705
4.28065 3.48688
4.33156 3.50327
4.38247 3.51965
4.43338 3.53603
4.48429 3.55241
4.5352 3.56879
4.58611 3.58517
4.63702 3.60156
4.68793 3.61794
4.73884 3.63432
4.78975 3.6507
4.84066 3.66708
4.89157 3.68346
4.94248 3.69985
4.99339 3.71623
5.04429 3.73261
5.0952 3.74899
5.14611 3.76537
5.19702 3.78175
5.24687 3.78175
5.29671 3.78175
5.34655 3.78175
5.3964 3.78175
5.44624 3.78175
5.49608 3.78175
5.54593 3.78175
5.59577 3.78175
5.64561 3.78175
5.69546 3.78175
5.7453 3.78175
5.79514 3.78175
5.84498 3.78175
5.89483 3.78175
5.94467 3.78175
5.99451 3.78175
6.04436 3.78175
6.0942 3.78175
8.32065 5.7316
10.5471 5.7316
12.7736 5.7316
15.0 5.7316
0.0 0.479103
0.0504797 0.479103
0.100959 0.498837
0.151439 0.518571
0.201919 0.538305
0.252399 0.558039
0.302878 0.577773
0.353358 0.597507
0.403838 0.617241
0.454317 0.636975
0.504797 0.656709
0.555277 0.676443
0.605757 0.696177
0.656236 0.715911
0.706716 0.735645
0.757196 0.755379
0.807675 0.775113
0.858155 0.794847
0.908635 0.814581
0.959114 0.834314
1.00959 0.854048
1.06007 0.873782
1.11055 0.893516
1.16103 0.91325
1.21151 0.932984
1.26199 0.952718
1.31247 0.972452
1.36295 0.992186
1.41343 1.01192
1.46391 1.03165
1.51439 1.05139
1.56487 1.07112
1.61535 1.09086
1.66583 1.11059
1.71631 1.13032
1.76679 1.15006
1.81727 1.16979
1.86775 1.18953
1.91664 1.18953
1.96552 1.232
2.01441 1.27448
2.0633 1.31696
2.11219 1.35943
2.16107 1.40191
2.20996 1.44438
2.25885 1.48686
2.30774 1.52934
2.35662 1.57181
2.40551 1.61429
2.4544 1.65677
2.50329 1.69924
2.55217 1.74172
2.60106 1.78419
2.64995 1.82667
2.69884 1.86915
2.74772 1.91162
2.79661 1.9541
2.84681 1.9541
2.89701 2.01971
2.94722 2.08532
2.99742 2.15094
3.04762 2.21655
3.09782 2.28216
3.14802 2.34777
3.19823 2.41339
3.24843 2.479
3.29863 2.54461
3.34883 2.61022
3.39903 2.67583
3.44924 2.74145
3.49944 2.80706
3.54964 2.87267
3.59984 2.93828
3.65004 3.0039
3.70025 3.06951
3.75045 3.13512
3.80065 3.20073
3.85085 3.26635
3.90024 3.26635
3.94962 3.30906
3.999 3.35177
4.04838 3.39449
4.09777 3.4372
4.14715 3.47992
4.19653 3.52263
4.24592 3.56535
4.2953 3.60806
4.34468 3.65077
4.39407 3.69349
4.44345 3.7362
4.49283 3.77892
4.54221 3.82163
4.5916 3.86435
4.64098 3.90706
4.69036 3.94977
4.73975 3.99249
4.7871 3.99249
4.83445 3.99249
4.8818 3.99249
4.92916 3.99249
4.97651 3.99249
5.02386 3.99249
5.07121 3.99249
5.11857 3.99249
7.58892 6.08497
10.0593 6.08497
12.5296 6.08497
15.0 6.08497
0.0 0.483629
0.0503301 0.483629
0.10066 0.50147
0.15099 0.519311
0.20132 0.537153
0.251651 0.554994
0.301981 0.572836
0.352311 0.590677
0.402641 0.608518
0.452971 0.62636
0.503301 0.644201
0.553631 0.662042
0.603961 0.679884
0.654292 0.697725
0.704622 0.715567
0.754952 0.733408
0.805282 0.751249
0.855612 0.769091
0.905942 0.786932
0.956272 0.804773
1.0066 0.822615
1.05693 0.840456
1.10726 0.858298
1.15759 0.876139
1.20792 0.89398
1.25825 0.911822
1.30858 0.929663
1.35891 0.947504
1.40924 0.965346
1.45957 0.983187
1.5099 1.00103
1.56023 1.01887
1.61056 1.03671
1.66089 1.05455
1.71122 1.07239
1.76155 1.09024
1.81188 1.10808
1.86221 1.12592
1.91254 1.14376
1.96287 1.1616
2.01167 1.1616
2.06047 1.23178
2.10926 1.30197
2.15806 1.37215
2.20685 1.44234
2.25565 1.51252
2.30444 1.58271
2.35324 1.65289
2.40203 1.72307
2.45083 1.79326
2.49962 1.86344
2.54842 1.93363
2.59722 2.00381
2.64601 2.07399
2.69699 2.07399
2.74797 2.13172
2.79895 2.18944
2.84993 2.24717
2.90091 2.30489
2.95189 2.36262
3.00287 2.42034
3.05384 2.47807
3.10482 2.5358
3.1558 2.59352
3.20678 2.65125
3.25776 2.70897
3.30874 2.7667
3.35972 2.82442
3.4107 2.88215
3.46168 2.93987
3.51266 2.9976
3.56364 3.05532
3.61462 3.11305
3.66559 3.17077
3.71657 3.2285
3.76755 3.28622
3.81803 3.28622
3.86851 3.30153
3.91899 3.31684
3.96947 3.33215
4.01995 3.34745
4.07043 3.36276
4.12091 3.37807
4.17139 3.39337
4.22187 3.40868
4.27235 3.42399
4.32283 3.43929
4.37331 3.4546
4.42379 3.46991
4.47427 3.48522
4.52475 3.50052
4.57522 3.51583
4.6257 3.53114
4.67618 3.54644
4.72666 3.56175
4.77714 3.57706
4.82762 3.59237
4.8781 3.60767
4.92858 3.62298
4.97906 3.63829
5.02954 3.65359
5.08002 3.6689
5.1305 3.68421
5.18098 3.69952
5.23146 3.71482
5.28194 3.73013
5.33242 3.74544
5.3829 3.76074
5.43338 3.77605
5.48386 3.79136
5.53433 3.80667
5.58481 3.82197
5.63529 3.83728
5.68577 3.85259
5.73625 3.86789
5.78673 3.8832
5.83721 3.89851
5.88769 3.91381
5.93817 3.92912
5.98865 3.94443
6.03913 3.95974
6.08961 3.97504
6.14009 3.99035
6.19057 4.00566
6.24105 4.02096
6.29153 4.03627
6.34201 4.05158
6.39236 4.05158
6.44272 4.05158
6.49308 4.05158
6.54343 4.05158
6.59379 4.05158
6.64414 4.05158
6.6945 4.05158
6.74486 4.05158
6.79521 4.05158
6.84557 4.05158
6.89592 4.05158
9.59728 6.06769
12.2986 6.06769
15.0 6.06769
0.0 0.478344
0.05067 0.478344
0.10134 0.500726
0.15201 0.523108
0.20268 0.545491
0.25335 0.567873
0.30402 0.590255
0.35469 0.612637
0.40536 0.635019
0.45603 0.657401
0.5067 0.679783
0.557369 0.702165
0.608039 0.724547
0.658709 0.746929
0.709379 0.769311
0.760049 0.791693
0.810719 0.814075
0.861389 0.836458
0.912059 0.85884
0.962729 0.881222
1.0134 0.903604
1.06407 0.925986
1.11474 0.948368
1.16541 0.97075
1.21608 0.993132
1.26675 1.01551
1.31742 1.0379
1.36809 1.06028
1.41876 1.08266
1.46943 1.10504
1.51929 1.10504
1.56916 1.19923
1.61902 1.29342
1.66889 1.3876
1.71875 1.48179
1.76862 1.57598
1.81848 1.67017
1.86834 1.76435
1.91821 1.85854
1.96807 1.95273
2.01794 2.04691
2.07132 2.04691
2.1247 2.25641
2.17808 2.46591
2.23146 2.67541
2.28484 2.88491
2.33822 3.09441
2.3916 3.30391
2.44188 3.30391
2.49217 3.32895
2.54246 3.35399
2.59275 3.37903
2.64303 3.40407
2.69332 3.42912
2.74361 3.45416
2.7939 3.4792
2.84418 3.50424
2.89447 3.52928
2.94476 3.55432
2.99505 3.57937
3.04533 3.60441
3.09562 3.62945
3.14591 3.65449
3.1962 3.67953
3.24648 3.70457
3.29677 3.72962
3.34706 3.75466
3.39735 3.7797
3.44764 3.80474
3.49792 3.82978
3.54821 3.85482
3.5985 3.87987
3.64879 3.90491
3.69907 3.92995
3.74936 3.95499
3.79965 3.98003
3.84994 4.00507
3.90022 4.03012
3.94994 4.03012
3.99966 4.03012
4.04938 4.03012
4.0991 4.03012
4.14882 4.03012
4.19854 4.03012
4.24826 4.03012
4.29797 4.03012
4.34769 4.03012
4.39741 4.03012
4.44713 4.03012
4.49685 4.03012
4.54657 4.03012
4.59629 4.03012
4.64601 4.03012
4.69573 4.03012
4.74544 4.03012
4.79516 4.03012
4.84488 4.03012
4.8946 4.03012
4.94432 4.03012
4.99404 4.03012
5.04376 4.03012
5.09348 4.03012
5.1432 4.03012
5.19291 4.03012
5.24263 4.03012
5.29235 4.03012
5.34207 4.03012
5.39179 4.03012
5.44151 4.03012
5.49123 4.03012
5.54095 4.03012
5.59067 4.03012
5.64038 4.03012
5.6901 4.03012
5.73982 4.03012
5.78954 4.03012
8.09216 6.16108
10.3948 6.16108
12.6974 6.16108
15.0 6.16108
0.0 0.487422
0.0494158 0.487422
0.0988317 0.504101
0.148248 0.520779
0.197663 0.537457
0.247079 0.554136
0.296495 0.570814
0.345911 0.587493
0.395327 0.604171
0.444743 0.62085
0.494158 0.637528
0.543574 0.654206
0.59299 0.670885
0.642406 0.687563
0.691822 0.704242
0.741238 0.72092
0.790654 0.737599
0.840069 0.754277
0.889485 0.770956
0.938901 0.787634
0.988317 0.804312
1.03773 0.820991
1.08715 0.837669
1.13656 0.854348
1.18598 0.871026
1.2354 0.887705
1.28481 0.904383
1.33423 0.921061
1.38364 0.93774
1.43306 0.954418
1.48248 0.971097
1.53189 0.987775
1.58131 1.00445
1.63072 1.02113
1.68014 1.03781
1.72955 1.05449
1.77897 1.07117
1.82839 1.08785
1.8778 1.10452
1.92722 1.1212
1.97663 1.13788
2.02605 1.15456
2.07547 1.17124
2.12634 1.17124
2.17722 1.25519
2.22809 1.33914
2.27897 1.42309
2.32984 1.50704
2.38072 1.591
2.43159 1.67495
2.48247 1.7589
2.53334 1.84285
2.58422 1.9268
2.63509 2.01075
2.68597 2.0947
2.73372 2.0947
2.78148 2.34748
2.82923 2.60027
2.87699 2.85305
2.92474 3.10583
2.9725 3.35861
3.02228 3.35861
3.07206 3.37296
3.12185 3.38731
3.17163 3.40166
3.22142 3.41601
3.2712 3.43036
3.32099 3.4447
3.37077 3.45905
3.42056 3.4734
3.47034 3.48775
3.52013 3.5021
3.56991 3.51645
3.6197 3.5308
3.66948 3.54515
3.71927 3.5595
3.76905 3.57385
3.81884 3.5882
3.86862 3.60255
3.91841 3.6169
3.96819 3.63125
4.01798 3.6456
4.06776 3.65995
4.11755 3.6743
4.16733 3.68865
4.21712 3.70299
4.2669 3.71734
4.31669 3.73169
4.36647 3.74604
4.41625 3.76039
4.46604 3.77474
4.51582 3.78909
4.56561 3.80344
4.61539 3.81779
4.66518 3.83214
4.71496 3.84649
4.76475 3.86084
4.81453 3.87519
4.86432 3.88954
4.9141 3.90389
4.96389 3.91824
5.01367 3.93259
5.06346 3.94693
5.11324 3.96128
5.16303 3.97563
5.21281 3.98998
5.2626 4.00433
5.31238 4.01868
5.36217 4.03303
5.41195 4.04738
5.46163 4.04738
5.51131 4.04738
5.56099 4.04738
5.61067 4.04738
5.66035 4.04738
5.71003 4.04738
5.7597 4.04738
5.80938 4.04738
5.85906 4.04738
5.90874 4.04738
5.95842 4.04738
6.0081 4.04738
6.05778 4.04738
6.10746 4.04738
6.15714 4.04738
6.20681 4.04738
6.25649 4.04738
6.30617 4.04738
6.35585 4.04738
6.40553 4.04738
6.45521 4.04738
6.50489 4.04738
6.55457 4.04738
6.60425 4.04738
6.65393 4.04738
6.7036 4.04738
6.75328 4.04738
6.80296 4.04738
6.85264 4.04738
6.90232 4.04738
6.952 4.04738
7.00168 4.04738
7.05136 4.04738
7.10104 4.04738
7.15071 4.04738
7.20039 4.04738
7.25007 4.04738
7.29975 4.04738
7.34943 4.04738
7.39911 4.04738
9.93274 6.03251
12.4664 6.03251
15.0 6.03251
0.0 0.471587
0.0505237 0.471587
0.101047 0.491322
0.151571 0.511057
0.202095 0.530792
0.252618 0.550527
0.303142 0.570262
0.353666 0.589997
0.404189 0.609732
0.454713 0.629467
0.505237 0.649202
0.55576 0.668937
0.606284 0.688672
0.656808 0.708407
0.707331 0.728142
0.757855 0.747877
0.808379 0.767612
0.858903 0.787347
0.909426 0.807081
0.95995 0.826816
1.01047 0.846551
1.061 0.866286
1.11152 0.886021
1.16204 0.905756
1.21257 0.925491
1.26309 0.945226
1.31362 0.964961
1.36414 0.984696
1.41466 1.00443
1.46519 1.02417
1.51571 1.0439
1.56623 1.06364
1.61676 1.08337
1.66728 1.10311
1.71781 1.12284
1.76833 1.14258
1.81885 1.16231
1.86938 1.18205
1.9199 1.20178
1.96974 1.20178
2.01958 1.24548
2.06942 1.28918
2.11926 1.33288
2.1691 1.37658
2.21894 1.42028
2.26878 1.46398
2.31862 1.50769
2.36846 1.55139
2.4183 1.59509
2.46814 1.63879
2.51798 1.68249
2.56782 1.72619
2.61766 1.76989
2.6675 1.81359
2.71734 1.85729
2.76718 1.90099
2.81702 1.94469
2.86686 1.98839
2.91671 2.03209
2.96655 2.07579
3.01639 2.11949
3.06623 2.16319
3.11736 2.16319
3.1685 2.28871
3.21964 2.41422
3.27078 2.53973
3.32191 2.66524
3.37305 2.79075
3.42419 2.91626
3.47533 3.04177
3.52646 3.16728
3.5776 3.29279
3.62786 3.29279
3.67811 3.30954
3.72837 3.32629
3.77862 3.34304
3.82888 3.35978
3.87913 3.37653
3.92939 3.39328
3.97964 3.41003
4.0299 3.42678
4.08015 3.44352
4.13041 3.46027
4.18066 3.47702
4.23092 3.49377
4.28117 3.51051
4.33143 3.52726
4.38168 3.54401
4.43194 3.56076
4.48219 3.57751
4.53245 3.59425
4.58271 3.611
4.63296 3.62775
4.68322 3.6445
4.73347 3.66125
4.78373 3.67799
4.83398 3.69474
4.88424 3.71149
4.93449 3.72824
4.98475 3.74498
5.035 3.76173
5.08526 3.77848
5.13551 3.79523
5.18577 3.81198
5.23602 3.82872
5.28628 3.84547
5.33653 3.86222
5.38679 3.87897
5.43704 3.89572
5.4873 3.91246
5.53755 3.92921
5.58781 3.94596
5.63806 3.96271
5.6874 3.96271
5.73674 3.96271
5.78607 3.96271
5.83541 3.96271
5.88475 3.96271
5.93408 3.96271
5.98342 3.96271
6.03275 3.96271
6.08209 3.96271
6.13143 3.96271
6.18076 3.96271
6.2301 3.96271
6.27943 3.96271
6.32877 3.96271
6.37811 3.96271
6.42744 3.96271
6.47678 3.96271
6.52612 3.96271
6.57545 3.96271
6.62479 3.96271
6.67412 3.96271
6.72346 3.96271
6.7728 3.96271
9.5152 5.99362
12.2576 5.99362
15.0 5.99362
0.0 0.473224
0.0506953 0.473224
0.101391 0.493544
0.152086 0.513864
0.202781 0.534184
0.253476 0.554504
0.304172 0.574823
0.354867 0.595143
0.405562 0.615463
0.456257 0.635783
0.506953 0.656103
0.557648 0.676423
0.608343 0.696743
0.659038 0.717063
0.709734 0.737382
0.760429 0.757702
0.811124 0.778022
0.861819 0.798342
0.912515 0.818662
0.96321 0.838982
1.01391 0.859302
1.0646 0.879621
1.1153 0.899941
1.16599 0.920261
1.21669 0.940581
1.26738 0.960901
1.31808 0.981221
1.36877 1.00154
1.41947 1.02186
1.47016 1.04218
1.52086 1.0625
1.57155 1.08282
1.62225 1.10314
1.67294 1.12346
1.72364 1.14378
1.77433 1.1641
1.82407 1.1641
1.87381 1.1841
1.92354 1.2041
1.97328 1.2241
2.02302 1.24409
2.07275 1.26409
2.12249 1.28409
2.17223 1.30409
2.22197 1.32409
2.2717 1.34409
2.32144 1.36409
2.37118 1.38408
2.42091 1.40408
2.47065 1.42408
2.52039 1.44408
2.57012 1.46408
2.61986 1.48408
2.6696 1.50408
2.71933 1.52407
2.76907 1.54407
2.81881 1.56407
2.86854 1.58407
2.91828 1.60407
2.96802 1.62407
3.01775 1.64407
3.06749 1.66406
3.11723 1.68406
3.16697 1.70406
3.2167 1.72406
3.26644 1.74406
3.31618 1.76406
3.36591 1.78406
3.41565 1.80406
3.46539 1.82405
3.51512 1.84405
3.56486 1.86405
3.6146 1.88405
3.66433 1.90405
3.71407 1.92405
3.76381 1.94405
3.81354 1.96404
3.86328 1.98404
3.91302 2.00404
3.96275 2.02404
4.01249 2.04404
4.06223 2.06404
4.11196 2.08404
4.1617 2.10403
4.21144 2.12403
4.26118 2.14403
4.31091 2.16403
4.36065 2.18403
4.41249 2.18403
4.46434 2.28186
4.51618 2.37968
4.56802 2.47751
4.61987 2.57534
4.67171 2.67316
4.72355 2.77099
4.7754 2.86882
4.82724 2.96664
4.87908 3.06447
4.93093 3.1623
4.98277 3.26013
5.0318 3.26013
5.08083 3.29043
5.12986 3.32074
5.17889 3.35105
5.22792 3.38136
5.27695 3.41167
5.32598 3.44198
5.37501 3.47229
5.42404 3.5026
5.47307 3.53291
5.5221 3.56322
5.57113 3.59353
5.62016 3.62384
5.66919 3.65414
5.71822 3.68445
5.76725 3.71476
5.81628 3.74507
5.86531 3.77538
5.91434 3.80569
5.96337 3.836
6.01239 3.86631
6.06142 3.89662
6.11136 3.89662
6.1613 3.89662
6.21123 3.89662
6.26117 3.89662
6.31111 3.89662
6.36104 3.89662
6.41098 3.89662
6.46092 3.89662
6.51085 3.89662
6.56079 3.89662
6.61073 3.89662
6.66066 3.89662
6.7106 3.89662
6.76053 3.89662
6.81047 3.89662
6.86041 3.89662
6.91034 3.89662
6.96028 3.89662
7.01022 3.89662
7.06015 3.89662
7.11009 3.89662
7.16003 3.89662
7.20996 3.89662
7.2599 3.89662
7.30984 3.89662
7.35977 3.89662
7.40971 3.89662
7.45964 3.89662
7.50958 3.89662
7.55952 3.89662
7.60945 3.89662
7.65939 3.89662
10.1063 6.01942
12.5531 6.01942
15.0 6.01942
0.0 0.482015
0.0505856 0.482015
0.101171 0.501255
0.151757 0.520495
0.202342 0.539735
0.252928 0.558976
0.303513 0.578216
0.354099 0.597456
0.404684 0.616696
0.45527 0.635936
0.505856 0.655176
0.556441 0.674416
0.607027 0.693656
0.657612 0.712896
0.708198 0.732136
0.758783 0.751376
0.809369 0.770616
0.859954 0.789857
0.91054 0.809097
0.961126 0.828337
1.01171 0.847577
1.0623 0.866817
1.11288 0.886057
1.16347 0.905297
1.21405 0.924537
1.26464 0.943777
1.31522 0.963017
1.36581 0.982257
1.4164 1.0015
1.46698 1.02074
1.51757 1.03998
1.56815 1.05922
1.61874 1.07846
1.66932 1.0977
1.71991 1.11694
1.77049 1.13618
1.82108 1.15542
1.87167 1.17466
1.92225 1.1939
1.97284 1.21314
2.02342 1.23238
2.07401 1.25162
2.12496 1.25162
2.17591 1.29944
2.22686 1.34725
2.27782 1.39507
2.32877 1.44289
2.37972 1.4907
2.43067 1.53852
2.48162 1.58634
2.53257 1.63416
2.58353 1.68197
2.63448 1.72979
2.68543 1.77761
2.73638 1.82542
2.78733 1.87324
2.83829 1.92106
2.88924 1.96888
2.94019 2.01669
2.99114 2.06451
3.04209 2.11233
3.09305 2.16014
3.144 2.20796
3.1927 2.20796
3.2414 2.29767
3.2901 2.38738
3.3388 2.47709
3.3875 2.56681
3.4362 2.65652
3.4849 2.74623
3.5336 2.83594
3.5823 2.92565
3.631 3.01536
3.6797 3.10507
3.72839 3.19478
3.77709 3.2845
3.82763 3.2845
3.87816 3.29883
3.92869 3.31316
3.97923 3.3275
4.02976 3.34183
4.08029 3.35617
4.13082 3.3705
4.18136 3.38484
4.23189 3.39917
4.28242 3.4135
4.33296 3.42784
4.38349 3.44217
4.43402 3.45651
4.48455 3.47084
4.53509 3.48518
4.58562 3.49951
4.63615 3.51384
4.68669 3.52818
4.73722 3.54251
4.78775 3.55685
4.83828 3.57118
4.88882 3.58552
4.93935 3.59985
4.98988 3.61418
5.04042 3.62852
5.09095 3.64285
5.14148 3.65719
5.19201 3.67152
5.24255 3.68586
5.29308 3.70019
5.34361 3.71452
5.39415 3.72886
5.44468 3.74319
5.49521 3.75753
5.54574 3.77186
5.59628 3.7862
5.64681 3.80053
5.69734 3.81486
5.74682 3.81486
5.79629 3.81486
5.84576 3.81486
5.89524 3.81486
5.94471 3.81486
5.99419 3.81486
6.04366 3.81486
6.09313 3.81486
6.14261 3.81486
6.19208 3.81486
6.24156 3.81486
6.29103 3.81486
6.3405 3.81486
6.38998 3.81486
6.43945 3.81486
6.48892 3.81486
6.5384 3.81486
6.58787 3.81486
6.63735 3.81486
6.68682 3.81486
6.73629 3.81486
6.78577 3.81486
6.83524 3.81486
6.88472 3.81486
6.93419 3.81486
6.98366 3.81486
9.65578 6.02578
12.3279 6.02578
15.0 6.02578
0.0 0.475396
0.0501443 0.475396
0.100289 0.493591
0.150433 0.511786
0.200577 0.529981
0.250722 0.548176
0.300866 0.566371
0.35101 0.584566
0.401155 0.602761
0.451299 0.620956
0.501443 0.639151
0.551588 0.657346
0.601732 0.675541
0.651876 0.693736
0.702021 0.711931
0.752165 0.730126
0.802309 0.748321
0.852454 0.766516
0.902598 0.784711
0.952742 0.802906
1.00289 0.821101
1.05303 0.839297
1.10318 0.857492
1.15332 0.875687
1.20346 0.893882
1.25361 0.912077
1.30375 0.930272
1.3539 0.948467
1.40404 0.966662
1.45419 0.984857
1.50433 1.00305
1.55447 1.02125
1.60462 1.03944
1.65476 1.05764
1.70491 1.07583
1.75505 1.09403
1.8052 1.11222
1.85534 1.13042
1.90548 1.14861
1.95563 1.16681
2.00577 1.185
2.05592 1.2032
2.10606 1.22139
2.15718 1.22139
2.2083 1.26676
2.25941 1.31212
2.31053 1.35749
2.36165 1.40285
2.41277 1.44821
2.46388 1.49358
2.515 1.53894
2.56612 1.58431
2.61724 1.62967
2.66835 1.67504
2.71947 1.7204
2.77059 1.76576
2.82171 1.81113
2.87282 1.85649
2.92394 1.90186
2.97506 1.94722
3.02617 1.99259
3.07729 2.03795
3.12841 2.08331
3.17803 2.08331
3.22765 2.10742
3.27728 2.13152
3.3269 2.15562
3.37652 2.17973
3.42614 2.20383
3.47577 2.22793
3.52539 2.25203
3.57501 2.27614
3.62463 2.30024
3.67426 2.32434
3.72388 2.34845
3.7735 2.37255
3.82313 2.39665
3.87275 2.42075
3.92237 2.44486
3.97199 2.46896
4.02162 2.49306
4.07124 2.51717
4.12086 2.54127
4.17048 2.56537
4.22011 2.58947
4.26973 2.61358
4.31935 2.63768
4.36897 2.66178
4.4186 2.68589
4.46822 2.70999
4.51784 2.73409
4.56746 2.75819
4.61709 2.7823
4.66671 2.8064
4.71633 2.8305
4.76595 2.85461
4.81558 2.87871
4.8652 2.90281
4.91482 2.92691
4.96444 2.95102
5.01407 2.97512
5.06369 2.99922
5.11331 3.02333
5.16293 3.04743
5.21256 3.07153
5.26218 3.09563
5.3118 3.11974
5.35749 3.11974
5.40318 3.45201
5.44887 3.78427
5.49902 3.78427
5.54916 3.78427
5.5993 3.78427
5.64944 3.78427
5.69958 3.78427
5.74973 3.78427
5.79987 3.78427
5.85001 3.78427
5.90015 3.78427
5.95029 3.78427
6.00043 3.78427
6.05058 3.78427
6.10072 3.78427
6.15086 3.78427
6.201 3.78427
6.25114 3.78427
6.30128 3.78427
6.35143 3.78427
6.40157 3.78427
6.45171 3.78427
6.50185 3.78427
6.55199 3.78427
6.60214 3.78427
6.65228 3.78427
6.70242 3.78427
6.75256 3.78427
6.8027 3.78427
6.85284 3.78427
6.90299 3.78427
6.95313 3.78427
9.63542 5.913
12.3177 5.913
15.0 5.913
0.0 0.473696
0.0494768 0.473696
0.0989536 0.495116
0.14843 0.516536
0.197907 0.537955
0.247384 0.559375
0.296861 0.580795
0.346338 0.602215
0.395814 0.623635
0.445291 0.645055
0.494768 0.666475
0.544245 0.687895
0.593722 0.709315
0.643198 0.730735
0.692675 0.752155
0.742152 0.773575
0.791629 0.794995
0.841106 0.816415
0.890582 0.837835
0.940059 0.859255
0.989536 0.880675
1.03901 0.902095
1.08849 0.923515
1.13797 0.944935
1.18744 0.966355
1.23692 0.987775
1.2864 1.00919
1.33587 1.03061
1.38535 1.05203
1.43483 1.07345
1.4843 1.09487
1.53378 1.11629
1.58326 1.13771
1.63273 1.15913
1.68221 1.18055
1.73169 1.20197
1.78152 1.20197
1.83134 1.21931
1.88117 1.23665
1.931 1.25399
1.98082 1.27133
2.03065 1.28866
2.08048 1.306
2.13031 1.32334
2.18013 1.34068
2.22996 1.35802
2.27979 1.37535
2.32961 1.39269
2.37944 1.41003
2.42927 1.42737
2.4791 1.44471
2.52892 1.46204
2.57875 1.47938
2.62858 1.49672
2.67841 1.51406
2.72823 1.5314
2.77806 1.54873
2.82789 1.56607
2.87771 1.58341
2.92754 1.60075
2.97737 1.61809
3.0272 1.63542
3.07702 1.65276
3.12685 1.6701
3.17668 1.68744
3.22651 1.70478
3.27633 1.72211
3.32616 1.73945
3.37599 1.75679
3.42581 1.77413
3.47564 1.79146
3.52547 1.8088
3.5753 1.82614
3.62512 1.84348
3.67495 1.86082
3.72478 1.87815
3.7746 1.89549
3.82443 1.91283
3.87426 1.93017
3.92409 1.94751
3.97391 1.96484
4.02374 1.98218
4.07357 1.99952
4.1234 2.01686
4.17322 2.0342
4.22305 2.05153
4.27288 2.06887
4.3227 2.08621
4.37253 2.10355
4.42236 2.12089
4.47219 2.13822
4.52201 2.15556
4.5715 2.15556
4.62099 2.18705
4.67049 2.21853
4.71998 2.25002
4.76947 2.2815
4.81896 2.31298
4.86845 2.34447
4.91794 2.37595
4.96743 2.40744
5.01692 2.43892
5.06641 2.47041
5.1159 2.50189
5.16539 2.53337
5.21488 2.56486
5.26437 2.59634
5.31386 2.62783
5.36335 2.65931
5.41284 2.6908
5.46233 2.72228
5.51182 2.75377
5.56131 2.78525
5.6108 2.81673
5.66029 2.84822
5.70979 2.8797
5.75928 2.91119
5.80877 2.94267
5.85826 2.97416
5.90775 3.00564
5.95724 3.03713
6.00673 3.06861
6.05622 3.10009
6.10571 3.13158
6.15507 3.13158
6.20442 3.16471
6.25378 3.19784
6.30314 3.23096
6.35249 3.26409
6.40185 3.29722
6.45121 3.33035
6.50056 3.36348
6.54992 3.39661
6.59928 3.42974
6.64863 3.46286
6.69799 3.49599
6.74735 3.52912
6.7967 3.56225
6.84606 3.59538
6.89542 3.62851
6.94478 3.66164
6.99413 3.69476
7.04349 3.72789
7.09151 3.72789
7.13953 3.72789
7.18756 3.72789
7.23558 3.72789
7.2836 3.72789
7.33162 3.72789
7.37964 3.72789
7.42767 3.72789
7.47569 3.72789
7.52371 3.72789
7.57173 3.72789
7.61975 3.72789
10.0798 5.92443
12.5399 5.92443
15.0 5.92443
0.0 0.469071
0.0503392 0.469071
0.100678 0.489361
0.151018 0.50965
0.201357 0.52994
0.251696 0.550229
0.302035 0.570519
0.352374 0.590808
0.402713 0.611097
0.453053 0.631387
0.503392 0.651676
0.553731 0.671966
0.60407 0.692255
0.654409 0.712545
0.704748 0.732834
0.755088 0.753124
0.805427 0.773413
0.855766 0.793702
0.906105 0.813992
0.956444 0.834281
1.00678 0.854571
1.05712 0.87486
1.10746 0.89515
1.1578 0.915439
1.20814 0.935728
1.25848 0.956018
1.30882 0.976307
1.35916 0.996597
1.4095 1.01689
1.45984 1.03718
1.51018 1.05747
1.56051 1.07775
1.61085 1.09804
1.66119 1.11833
1.71153 1.13862
1.76187 1.15891
1.81221 1.1792
1.86255 1.19949
1.91289 1.21978
1.96323 1.24007
2.01357 1.26036
2.06391 1.28065
2.11404 1.28065
2.16418 1.29401
2.21432 1.30738
2.26446 1.32074
2.31459 1.3341
2.36473 1.34747
2.41487 1.36083
2.46501 1.3742
2.51514 1.38756
2.56528 1.40092
2.61542 1.41429
2.66556 1.42765
2.71569 1.44101
2.76583 1.45438
2.81597 1.46774
2.86611 1.48111
2.91624 1.49447
2.96638 1.50783
3.01652 1.5212
3.06666 1.53456
3.11679 1.54792
3.16693 1.56129
3.21707 1.57465
3.26721 1.58802
3.31734 1.60138
3.36748 1.61474
3.41762 1.62811
3.46776 1.64147
3.51789 1.65483
3.56803 1.6682
3.61817 1.68156
3.66831 1.69493
3.71844 1.70829
3.76858 1.72165
3.81872 1.73502
3.86886 1.74838
3.91899 1.76175
3.96913 1.77511
4.01927 1.78847
4.06941 1.80184
4.11954 1.8152
4.16968 1.82856
4.21982 1.84193
4.26996 1.85529
4.32009 1.86866
4.37023 1.88202
4.42037 1.89538
4.47051 1.90875
4.52064 1.92211
4.57078 1.93547
4.62092 1.94884
4.67106 1.9622
4.72119 1.97557
4.77174 1.97557
4.82229 2.00854
4.87284 2.04152
4.9234 2.07449
4.97395 2.10747
5.0245 2.14045
5.07505 2.17342
5.1256 2.2064
5.17615 2.23937
5.2267 2.27235
5.27725 2.30533
5.3278 2.3383
5.37835 2.37128
5.4289 2.40425
5.47945 2.43723
5.53 2.47021
5.58055 2.50318
5.6311 2.53616
5.68165 2.56913
5.7322 2.60211
5.78275 2.63509
5.8333 2.66806
5.88385 2.70104
5.9344 2.73401
5.98495 2.76699
6.0355 2.79997
6.08605 2.83294
6.1366 2.86592
6.18715 2.89889
6.2377 2.93187
6.28825 2.96485
6.3388 2.99782
6.38935 3.0308
6.4399 3.06378
6.49045 3.09675
6.541 3.12973
6.59155 3.1627
6.6421 3.19568
6.69202 3.19568
6.74193 3.25352
6.79184 3.31136
6.84176 3.3692
6.89167 3.42704
6.94158 3.48488
6.9915 3.54272
7.04141 3.60056
7.09132 3.6584
7.14124 3.71624
7.19115 3.77408
7.24363 3.77408
7.29612 3.77408
7.3486 3.77408
7.40108 3.77408
7.45357 3.77408
7.50605 3.77408
7.55854 3.77408
10.039 5.89977
12.5195 5.89977
15.0 5.89977
0.0 0.468954
0.050197 0.468954
0.100394 0.491196
0.150591 0.513438
0.200788 0.53568
0.250985 0.557922
0.301182 0.580164
0.351379 0.602406
0.401576 0.624648
0.451773 0.64689
0.50197 0.669132
0.552167 0.691374
0.602364 0.713616
0.652561 0.735858
0.702758 0.7581
0.752955 0.780342
0.803151 0.802584
0.853348 0.824826
0.903545 0.847068
0.953742 0.86931
1.00394 0.891552
1.05414 0.913795
1.10433 0.936037
1.15453 0.958279
1.20473 0.980521
1.25492 1.00276
1.30512 1.025
1.35532 1.04725
1.40552 1.06949
1.45571 1.09173
1.50591 1.11397
1.55611 1.13621
1.6063 1.15846
1.6565 1.1807
1.7067 1.20294
1.75689 1.22518
1.80709 1.24742
1.85729 1.26967
1.90748 1.29191
1.95768 1.31415
2.00857 1.31415
2.05946 1.34408
2.11035 1.37401
2.16124 1.40394
2.21213 1.43387
2.26302 1.46381
2.31391 1.49374
2.3648 1.52367
2.41569 1.5536
2.46658 1.58353
2.51747 1.61346
2.56836 1.64339
2.61925 1.67332
2.67014 1.70325
2.72103 1.73318
2.77192 1.76311
2.82281 1.79305
2.8737 1.82298
2.92459 1.85291
2.97548 1.88284
3.02637 1.91277
3.07726 1.9427
3.12815 1.97263
3.17806 1.97263
3.22796 2.00348
3.27787 2.03432
3.32777 2.06517
3.37768 2.09602
3.42759 2.12686
3.47749 2.15771
3.5274 2.18855
3.5773 2.2194
3.62721 2.25025
3.67711 2.28109
3.72702 2.31194
3.77692 2.34278
3.82683 2.37363
3.87673 2.40448
3.92664 2.43532
3.97655 2.46617
4.02645 2.49702
4.07636 2.52786
4.12626 2.55871
4.17617 2.58955
4.22607 2.6204
4.27598 2.65125
4.32588 2.68209
4.37579 2.71294
4.42569 2.74379
4.4756 2.77463
4.5255 2.80548
4.57541 2.83632
4.62532 2.86717
4.67522 2.89802
4.72513 2.92886
4.77503 2.95971
4.82494 2.99055
4.87484 3.0214
4.92475 3.05225
4.97465 3.08309
5.02456 3.11394
5.07446 3.14479
5.12437 3.17563
5.17428 3.20648
5.22418 3.23732
5.27409 3.23732
5.32399 3.27931
5.37389 3.3213
5.4238 3.36328
5.4737 3.40527
5.52361 3.44726
5.57351 3.48924
5.62342 3.53123
5.67332 3.57322
5.72323 3.6152
5.77313 3.65719
5.82304 3.69917
5.87294 3.74116
5.92285 3.78315
5.97246 3.78315
6.02208 3.78315
6.0717 3.78315
6.12131 3.78315
6.17093 3.78315
6.22055 3.78315
6.27017 3.78315
6.31978 3.78315
6.3694 3.78315
6.41902 3.78315
6.46864 3.78315
6.51825 3.78315
6.56787 3.78315
6.61749 3.78315
6.6671 3.78315
6.71672 3.78315
6.76634 3.78315
6.81596 3.78315
6.86557 3.78315
6.91519 3.78315
6.96481 3.78315
7.01442 3.78315
7.06404 3.78315
7.11366 3.78315
7.16328 3.78315
7.21289 3.78315
9.8086 5.85658
12.4043 5.85658
15.0 5.85658
0.0 0.482249
0.0505526 0.482249
0.101105 0.501689
0.151658 0.521129
0.202211 0.540569
0.252763 0.560009
0.303316 0.579449
0.353868 0.59889
0.404421 0.61833
0.454974 0.63777
0.505526 0.65721
0.556079 0.67665
0.606632 0.696091
0.657184 0.715531
0.707737 0.734971
0.758289 0.754411
0.808842 0.773851
0.859395 0.793291
0.909947 0.812732
0.9605 0.832172
1.01105 0.851612
1.06161 0.871052
1.11216 0.890492
1.16271 0.909933
1.21326 0.929373
1.26382 0.948813
1.31437 0.968253
1.36492 0.987693
1.41547 1.00713
1.46603 1.02657
1.51658 1.04601
1.56713 1.06545
1.61768 1.08489
1.66824 1.10433
1.71879 1.12377
1.76934 1.14321
1.81989 1.16265
1.87045 1.1821
1.921 1.20154
1.97155 1.22098
2.02211 1.24042
2.07266 1.25986
2.12321 1.2793
2.17376 1.29874
2.2239 1.29874
2.27404 1.35185
2.32417 1.40497
2.37431 1.45808
2.42445 1.5112
2.47459 1.56432
2.52472 1.61743
2.57486 1.67055
2.625 1.72366
2.67514 1.77678
2.72527 1.82989
2.77541 1.88301
2.82555 1.93613
2.8749 1.93613
2.92425 1.97631
2.97361 2.0165
3.02296 2.05669
3.07231 2.09688
3.12166 2.13707
3.17102 2.17725
3.22037 2.21744
3.26972 2.25763
3.31908 2.29782
3.36843 2.33801
3.41778 2.37819
3.46713 2.41838
3.51649 2.45857
3.56584 2.49876
3.61519 2.53895
3.66454 2.57913
3.7139 2.61932
3.76325 2.65951
3.8126 2.6997
3.86195 2.73989
3.91131 2.78007
3.96066 2.82026
4.01001 2.86045
4.05937 2.90064
4.10872 2.94083
4.15807 2.98101
4.20742 3.0212
4.25678 3.06139
4.30613 3.10158
4.35548 3.14177
4.40483 3.18195
4.45419 3.22214
4.50354 3.26233
4.55289 3.30252
4.60286 3.30252
4.65282 3.31637
4.70279 3.33022
4.75275 3.34407
4.80272 3.35792
4.85269 3.37177
4.90265 3.38562
4.95262 3.39947
5.00258 3.41332
5.05255 3.42717
5.10251 3.44102
5.15248 3.45487
5.20244 3.46871
5.25241 3.48256
5.30238 3.49641
5.35234 3.51026
5.40231 3.52411
5.45227 3.53796
5.50224 3.55181
5.5522 3.56566
5.60217 3.57951
5.65213 3.59336
5.7021 3.60721
5.75207 3.62106
5.80203 3.63491
5.852 3.64876
5.90196 3.66261
5.95193 3.67646
6.00189 3.69031
6.05186 3.70416
6.10182 3.71801
6.15179 3.73186
6.20176 3.74571
6.25172 3.75956
6.30169 3.77341
6.35165 3.78726
6.39885 3.78726
6.44604 3.78726
6.49324 3.78726
6.54043 3.78726
6.58762 3.78726
6.63482 3.78726
9.42321 5.86529
12.2116 5.86529
15.0 5.86529
0.0 0.47881
0.0494887 0.47881
0.0989773 0.500393
0.148466 0.521976
0.197955 0.543558
0.247443 0.565141
0.296932 0.586724
0.346421 0.608307
0.395909 0.629889
0.445398 0.651472
0.494887 0.673055
0.544375 0.694637
0.593864 0.71622
0.643353 0.737803
0.692841 0.759385
0.74233 0.780968
0.791819 0.802551
0.841307 0.824133
0.890796 0.845716
0.940285 0.867299
0.989773 0.888881
1.03926 0.910464
1.08875 0.932047
1.13824 0.953629
1.18773 0.975212
1.23722 0.996795
1.28671 1.01838
1.33619 1.03996
1.38568 1.06154
1.43517 1.08313
1.48466 1.10471
1.53415 1.12629
1.58364 1.14787
1.63313 1.16946
1.68261 1.19104
1.7321 1.21262
1.78159 1.2342
1.83108 1.25579
1.88057 1.27737
1.93006 1.29895
1.97955 1.32053
2.02904 1.34212
2.07852 1.3637
2.12801 1.38528
2.17936 1.38528
2.23072 1.44469
2.28207 1.5041
2.33342 1.56351
2.38477 1.62292
2.43613 1.68234
2.48748 1.74175
2.53883 1.80116
2.59018 1.86057
2.64095 1.86057
2.69172 1.95304
2.74249 2.04551
2.79325 2.13798
2.84402 2.23046
2.89479 2.32293
2.94556 2.4154
2.99633 2.50788
3.0471 2.60035
3.09786 2.69282
3.14863 2.78529
3.1994 2.87777
3.25017 2.97024
3.30094 3.06271
3.3517 3.15518
3.40247 3.24766
3.45324 3.34013
3.50305 3.34013
3.55287 3.34973
3.60268 3.35932
3.6525 3.36892
3.70231 3.37852
3.75213 3.38812
3.80194 3.39771
3.85176 3.40731
3.90157 3.41691
3.95138 3.4265
4.0012 3.4361
4.05101 3.4457
4.10083 3.45529
4.15064 3.46489
4.20046 3.47449
4.25027 3.48409
4.30008 3.49368
4.3499 3.50328
4.39971 3.51288
4.44953 3.52247
4.49934 3.53207
4.54916 3.54167
4.59897 3.55126
4.64878 3.56086
4.6986 3.57046
4.74841 3.58006
4.79823 3.58965
4.84804 3.59925
4.89786 3.60885
4.94767 3.61844
4.99748 3.62804
5.0473 3.63764
5.09711 3.64723
5.14693 3.65683
5.19674 3.66643
5.24656 3.67603
5.29637 3.68562
5.34618 3.69522
5.396 3.70482
5.44581 3.71441
5.49563 3.72401
5.54544 3.73361
5.59526 3.7432
5.64507 3.7528
5.69488 3.7624
5.7447 3.772
5.79451 3.78159
5.84433 3.79119
5.89495 3.79119
5.94558 3.79119
5.99621 3.79119
6.04683 3.79119
6.09746 3.79119
6.14809 3.79119
6.19871 3.79119
6.24934 3.79119
6.29996 3.79119
6.35059 3.79119
6.40122 3.79119
6.45184 3.79119
6.50247 3.79119
6.5531 3.79119
6.60372 3.79119
6.65435 3.79119
6.70498 3.79119
6.7556 3.79119
6.80623 3.79119
6.85686 3.79119
6.90748 3.79119
6.95811 3.79119
7.00873 3.79119
7.05936 3.79119
7.10999 3.79119
7.16061 3.79119
9.77374 5.92996
12.3869 5.92996
15.0 5.92996
0.0 0.485768
0.0499984 0.485768
0.0999967 0.507454
0.149995 0.52914
0.199993 0.550827
0.249992 0.572513
0.29999 0.594199
0.349989 0.615886
0.399987 0.637572
0.449985 0.659258
0.499984 0.680945
0.549982 0.702631
0.59998 0.724317
0.649979 0.746004
0.699977 0.76769
0.749976 0.789376
0.799974 0.811063
0.849972 0.832749
0.899971 0.854435
0.949969 0.876122
0.999967 0.897808
1.04997 0.919494
1.09996 0.941181
1.14996 0.962867
1.19996 0.984553
1.24996 1.00624
1.29996 1.02793
1.34996 1.04961
1.39995 1.0713
1.44995 1.09298
1.49995 1.11467
1.54995 1.13636
1.59995 1.15804
1.64995 1.17973
1.69994 1.20142
1.74994 1.2231
1.79994 1.24479
1.84994 1.26648
1.89994 1.28816
1.94994 1.30985
1.99993 1.33153
2.04993 1.35322
2.09993 1.37491
2.14993 1.39659
2.19993 1.41828
2.24993 1.43997
2.30029 1.43997
2.35066 1.47784
2.40102 1.51571
2.45139 1.55358
2.50175 1.59146
2.55212 1.62933
2.60248 1.6672
2.65285 1.70508
2.70321 1.74295
2.75358 1.78082
2.80394 1.81869
2.85591 1.81869
2.90787 1.9598
2.95983 2.10092
3.0118 2.24203
3.06376 2.38314
3.11572 2.52425
3.16769 2.66536
3.21965 2.80647
3.27162 2.94758
3.32358 3.08869
3.37554 3.2298
3.42751 3.37092
3.47772 3.37092
3.52793 3.38748
3.57814 3.40405
3.62835 3.42062
3.67856 3.43718
3.72878 3.45375
3.77899 3.47032
3.8292 3.48688
3.87941 3.50345
3.92962 3.52001
3.97983 3.53658
4.03004 3.55315
4.08025 3.56971
4.13046 3.58628
4.18067 3.60285
4.23089 3.61941
4.2811 3.63598
4.33131 3.65255
4.38152 3.66911
4.43173 3.68568
4.48194 3.70225
4.53215 3.71881
4.58236 3.73538
4.63257 3.75195
4.68279 3.76851
4.733 3.78508
4.78321 3.80165
4.83342 3.81821
4.88363 3.83478
4.9328 3.83478
4.98198 3.83478
5.03115 3.83478
5.08032 3.83478
5.1295 3.83478
5.17867 3.83478
5.22785 3.83478
5.27702 3.83478
5.32619 3.83478
5.37537 3.83478
5.42454 3.83478
5.47371 3.83478
5.52289 3.83478
5.57206 3.83478
5.62124 3.83478
5.67041 3.83478
5.71958 3.83478
5.76876 3.83478
5.81793 3.83478
5.8671 3.83478
5.91628 3.83478
5.96545 3.83478
6.01462 3.83478
6.0638 3.83478
8.29785 5.98799
10.5319 5.98799
12.7659 5.98799
15.0 5.98799
0.0 0.480975
0.0504116 0.480975
0.100823 0.504178
0.151235 0.527381
0.201646 0.550585
0.252058 0.573788
0.30247 0.596992
0.352881 0.620195
0.403293 0.643398
0.453704 0.666602
0.504116 0.689805
0.554528 0.713008
0.604939 0.736212
0.655351 0.759415
0.705763 0.782619
0.756174 0.805822
0.806586 0.829025
0.856997 0.852229
0.907409 0.875432
0.957821 0.898636
1.00823 0.921839
1.05864 0.945042
1.10906 0.968246
1.15947 0.991449
1.20988 1.01465
1.26029 1.03786
1.3107 1.06106
1.36111 1.08426
1.41153 1.10747
1.46194 1.13067
1.51235 1.15387
1.56276 1.17708
1.61317 1.20028
1.66358 1.22348
1.71399 1.24669
1.76441 1.26989
1.81482 1.29309
1.86523 1.3163
1.91564 1.3395
1.96605 1.3627
2.01646 1.38591
2.06688 1.40911
2.11588 1.40911
2.16487 1.44351
2.21387 1.4779
2.26287 1.5123
2.31187 1.5467
2.36087 1.5811
2.40987 1.61549
2.45887 1.64989
2.50787 1.68429
2.55687 1.71869
2.60587 1.75308
2.65487 1.78748
2.70387 1.82188
2.75286 1.85628
2.80179 1.85628
2.85071 1.97373
2.89963 2.09118
2.94855 2.20864
2.99747 2.32609
3.04639 2.44354
3.09531 2.561
3.14423 2.67845
3.19315 2.7959
3.24207 2.91336
3.29099 3.03081
3.33992 3.14826
3.38884 3.26572
3.43776 3.38317
3.48885 3.38317
3.53994 3.4045
3.59104 3.42583
3.64213 3.44716
3.69322 3.46849
3.74431 3.48982
3.79541 3.51115
3.8465 3.53248
3.89759 3.55381
3.94868 3.57514
3.99978 3.59647
4.05087 3.6178
4.10196 3.63913
4.15306 3.66046
4.20415 3.68179
4.25524 3.70312
4.30633 3.72446
4.35743 3.74579
4.40852 3.76712
4.45961 3.78845
4.5107 3.80978
4.5618 3.83111
4.61248 3.83111
4.66316 3.83111
4.71384 3.83111
4.76452 3.83111
4.8152 3.83111
4.86588 3.83111
4.91656 3.83111
4.96724 3.83111
5.01792 3.83111
5.0686 3.83111
5.11927 3.83111
5.16995 3.83111
5.22063 3.83111
5.27131 3.83111
5.32199 3.83111
5.37267 3.83111
5.42335 3.83111
5.47403 3.83111
5.52471 3.83111
5.57539 3.83111
5.62607 3.83111
5.67675 3.83111
5.72743 3.83111
5.77811 3.83111
5.82879 3.83111
5.87947 3.83111
8.1596 6.03967
10.4397 6.03967
12.7199 6.03967
15.0 6.03967
0.0 0.477505
0.049489 0.477505
0.098978 0.499376
0.148467 0.521248
0.197956 0.54312
0.247445 0.564991
0.296934 0.586863
0.346423 0.608735
0.395912 0.630607
0.445401 0.652478
0.49489 0.67435
0.544379 0.696222
0.593868 0.718093
0.643357 0.739965
0.692846 0.761837
0.742335 0.783709
0.791824 0.80558
0.841313 0.827452
0.890802 0.849324
0.940291 0.871195
0.98978 0.893067
1.03927 0.914939
1.08876 0.936811
1.13825 0.958682
1.18774 0.980554
1.23722 1.00243
1.28671 1.0243
1.3362 1.04617
1.38569 1.06804
1.43518 1.08991
1.48467 1.11178
1.53416 1.13366
1.58365 1.15553
1.63314 1.1774
1.68263 1.19927
1.73211 1.22114
1.7816 1.24301
1.83109 1.26489
1.88058 1.28676
1.93007 1.30863
1.97956 1.3305
2.02905 1.35237
2.07854 1.37424
2.12803 1.39612
2.17752 1.41799
2.227 1.43986
2.27698 1.43986
2.32695 1.4732
2.37692 1.50654
2.42689 1.53988
2.47686 1.57323
2.52684 1.60657
2.57681 1.63991
2.62678 1.67325
2.67675 1.70659
2.72673 1.73993
2.7767 1.77327
2.82667 1.80662
2.87743 1.80662
2.92819 1.91056
2.97896 2.0145
3.02972 2.11845
3.08048 2.22239
3.13124 2.32633
3.182 2.43027
3.23276 2.53422
3.28353 2.63816
3.33429 2.7421
3.38505 2.84605
3.43581 2.94999
3.48657 3.05393
3.53733 3.15788
3.5881 3.26182
3.63886 3.36576
3.68842 3.36576
3.73798 3.38681
3.78754 3.40787
3.8371 3.42892
3.88667 3.44997
3.93623 3.47103
3.98579 3.49208
4.03535 3.51313
4.08491 3.53419
4.13447 3.55524
4.18403 3.57629
4.2336 3.59735
4.28316 3.6184
4.33272 3.63945
4.38228 3.6605
4.43184 3.68156
4.4814 3.70261
4.53096 3.72366
4.58053 3.74472
4.63009 3.76577
4.67965 3.78682
4.72921 3.80788
4.77877 3.82893
4.82833 3.84998
4.8779 3.87103
4.92784 3.87103
4.97778 3.87103
5.02772 3.87103
5.07766 3.87103
5.1276 3.87103
5.17754 3.87103
5.22749 3.87103
5.27743 3.87103
5.32737 3.87103
5.37731 3.87103
5.42725 3.87103
5.47719 3.87103
5.52714 3.87103
5.57708 3.87103
5.62702 3.87103
5.67696 3.87103
5.7269 3.87103
5.77684 3.87103
5.82679 3.87103
5.87673 3.87103
5.92667 3.87103
5.97661 3.87103
6.02655 3.87103
6.07649 3.87103
6.12644 3.87103
6.17638 3.87103
6.22632 3.87103
6.27626 3.87103
6.3262 3.87103
6.37614 3.87103
6.42609 3.87103
6.47603 3.87103
6.52597 3.87103
6.57591 3.87103
6.62585 3.87103
6.67579 3.87103
6.72573 3.87103
6.77568 3.87103
9.51712 6.00885
12.2586 6.00885
15.0 6.00885
0.0 0.470035
0.0501855 0.470035
0.100371 0.490876
0.150556 0.511718
0.200742 0.532559
0.250927 0.5534
0.301113 0.574241
0.351298 0.595082
0.401484 0.615923
0.451669 0.636764
0.501855 0.657605
0.55204 0.678447
0.602226 0.699288
0.652411 0.720129
0.702597 0.74097
0.752782 0.761811
0.802968 0.782652
0.853153 0.803493
0.903339 0.824334
0.953524 0.845176
1.00371 0.866017
1.0539 0.886858
1.10408 0.907699
1.15427 0.92854
1.20445 0.949381
1.25464 0.970222
1.30482 0.991063
1.35501 1.0119
1.40519 1.03275
1.45538 1.05359
1.50556 1.07443
1.55575 1.09527
1.60594 1.11611
1.65612 1.13695
1.70631 1.15779
1.75649 1.17863
1.80668 1.19947
1.85686 1.22032
1.90705 1.24116
1.95723 1.262
2.00742 1.28284
2.05761 1.30368
2.10779 1.32452
2.15798 1.34536
2.20816 1.3662
2.25835 1.38704
2.30853 1.40789
2.35872 1.42873
2.4089 1.44957
2.4587 1.44957
2.5085 1.45381
2.55829 1.45805
2.60809 1.46229
2.65788 1.46653
2.70768 1.47077
2.75747 1.47501
2.80727 1.47925
2.85707 1.48349
2.90686 1.48773
2.95666 1.49197
3.00645 1.49621
3.05625 1.50045
3.10604 1.50469
3.15584 1.50893
3.20564 1.51317
3.25543 1.51741
3.30523 1.52165
3.35502 1.52589
3.40482 1.53013
3.45461 1.53437
3.50441 1.53861
3.55421 1.54285
3.604 1.54709
3.6538 1.55133
3.70359 1.55557
3.75339 1.55981
3.80318 1.56405
3.85298 1.56829
3.90278 1.57253
3.95257 1.57677
4.00237 1.58101
4.05216 1.58525
4.10196 1.58949
4.15175 1.59373
4.20155 1.59797
4.25135 1.60221
4.30114 1.60645
4.35094 1.61068
4.40073 1.61492
4.45053 1.61916
4.50032 1.6234
4.55012 1.62764
4.59992 1.63188
4.64971 1.63612
4.69951 1.64036
4.7493 1.6446
4.7991 1.64884
4.84942 1.64884
4.89974 1.72254
4.95006 1.79624
5.00038 1.86994
5.0507 1.94364
5.10101 2.01734
5.15133 2.09104
5.20165 2.16474
5.25197 2.23844
5.30229 2.31214
5.35261 2.38584
5.40293 2.45954
5.45325 2.53324
5.50357 2.60694
5.55389 2.68064
5.60421 2.75434
5.65453 2.82804
5.70485 2.90174
5.75517 2.97544
5.80549 3.04914
5.85581 3.12284
5.90612 3.19654
5.95644 3.27024
6.00676 3.34394
6.05708 3.41764
6.1074 3.49134
6.15685 3.49134
6.20629 3.5272
6.25574 3.56306
6.30519 3.59892
6.35463 3.63479
6.40408 3.67065
6.45352 3.70651
6.50297 3.74237
6.55242 3.77823
6.60186 3.81409
6.65063 3.81409
6.69941 3.81409
6.74818 3.81409
6.79695 3.81409
6.84572 3.81409
6.89449 3.81409
6.94326 3.81409
6.99203 3.81409
7.0408 3.81409
7.08957 3.81409
7.13835 3.81409
7.18712 3.81409
9.79141 5.96723
12.3957 5.96723
15.0 5.96723
0.0 0.474971
0.0496061 0.474971
0.0992122 0.494221
0.148818 0.51347
0.198424 0.532719
0.248031 0.551969
0.297637 0.571218
0.347243 0.590467
0.396849 0.609717
0.446455 0.628966
0.496061 0.648215
0.545667 0.667465
0.595273 0.686714
0.644879 0.705963
0.694485 0.725213
0.744092 0.744462
0.793698 0.763711
0.843304 0.782961
0.89291 0.80221
0.942516 0.821459
0.992122 0.840709
1.04173 0.859958
1.09133 0.879207
1.14094 0.898457
1.19055 0.917706
1.24015 0.936955
1.28976 0.956205
1.33936 0.975454
1.38897 0.994703
1.43858 1.01395
1.48818 1.0332
1.53779 1.05245
1.5874 1.0717
1.637 1.09095
1.68661 1.1102
1.73621 1.12945
1.78582 1.1487
1.83543 1.16795
1.88503 1.1872
1.93464 1.20645
1.98424 1.2257
2.03385 1.24494
2.08346 1.26419
2.13306 1.28344
2.18267 1.30269
2.23227 1.32194
2.28188 1.34119
2.33149 1.36044
2.38109 1.37969
2.4307 1.39894
2.48031 1.41819
2.52991 1.43744
2.57952 1.45669
2.63049 1.45669
2.68146 1.49127
2.73242 1.52584
2.78339 1.56042
2.83436 1.595
2.88533 1.62958
2.9363 1.66416
2.98727 1.69873
3.03824 1.73331
3.08921 1.76789
3.14018 1.80247
3.19115 1.83705
3.24211 1.87163
3.29308 1.9062
3.34405 1.94078
3.39502 1.97536
3.44599 2.00994
3.49696 2.04452
3.54737 2.04452
3.59779 2.13825
3.6482 2.23199
3.69862 2.32572
3.74903 2.41946
3.79945 2.5132
3.84986 2.60693
3.90028 2.70067
3.95069 2.7944
4.00111 2.88814
4.05152 2.98188
4.10193 3.07561
4.15235 3.16935
4.20276 3.26308
4.25318 3.35682
4.30359 3.45056
4.35401 3.54429
4.40442 3.63803
4.45484 3.73176
4.50525 3.8255
4.55567 3.91924
4.60523 3.91924
4.6548 3.92576
4.70437 3.93229
4.75393 3.93882
4.8035 3.94535
4.85307 3.95188
4.90263 3.9584
4.9522 3.96493
5.00177 3.97146
5.05133 3.97799
5.1009 3.98452
5.15047 3.99105
5.20003 3.99757
5.2496 4.0041
5.29917 4.01063
5.34873 4.01716
5.39829 4.01716
5.44785 4.01716
5.49741 4.01716
5.54697 4.01716
5.59653 4.01716
5.64608 4.01716
5.69564 4.01716
8.02173 5.9677
10.3478 5.9677
12.6739 5.9677
15.0 5.9677
0.0 0.482986
0.0499348 0.482986
0.0998697 0.501017
0.149805 0.519047
0.199739 0.537077
0.249674 0.555107
0.299609 0.573137
0.349544 0.591168
0.399479 0.609198
0.449414 0.627228
0.499348 0.645258
0.549283 0.663288
0.599218 0.681319
0.649153 0.699349
0.699088 0.717379
0.749023 0.735409
0.798957 0.753439
0.848892 0.77147
0.898827 0.7895
0.948762 0.80753
0.998697 0.82556
1.04863 0.84359
1.09857 0.861621
1.1485 0.879651
1.19844 0.897681
1.24837 0.915711
1.29831 0.933741
1.34824 0.951771
1.39818 0.969802
1.44811 0.987832
1.49805 1.00586
1.54798 1.02389
1.59791 1.04192
1.64785 1.05995
1.69778 1.07798
1.74772 1.09601
1.79765 1.11404
1.84759 1.13207
1.89752 1.1501
1.94746 1.16813
1.99739 1.18616
2.04733 1.20419
2.09726 1.22222
2.1472 1.24025
2.19713 1.25828
2.24707 1.27631
2.297 1.29435
2.34694 1.31238
2.39687 1.33041
2.44681 1.34844
2.49674 1.36647
2.54668 1.3845
2.59661 1.40253
2.64655 1.42056
2.69648 1.43859
2.74642 1.45662
2.79635 1.47465
2.84629 1.49268
2.89874 1.49268
2.9512 1.56035
3.00365 1.62803
3.05611 1.69571
3.10856 1.76339
3.16102 1.83106
3.21347 1.89874
3.26593 1.96642
3.31838 2.03409
3.37084 2.10177
3.42055 2.10177
3.47027 2.24179
3.51999 2.38182
3.5697 2.52184
3.61942 2.66186
3.66914 2.80189
3.71885 2.94191
3.76857 3.08193
3.81828 3.22196
3.868 3.36198
3.91772 3.502
3.96743 3.64202
4.01715 3.78205
4.06687 3.92207
4.11654 3.92207
4.16621 3.92298
4.21589 3.92389
4.26556 3.92479
4.31524 3.9257
4.36491 3.92661
4.41458 3.92752
4.46426 3.92842
4.51393 3.92933
4.56361 3.93024
4.61328 3.93115
4.66295 3.93205
4.71263 3.93296
4.7623 3.93387
4.81198 3.93477
4.86165 3.93568
4.91132 3.93659
4.961 3.9375
5.01067 3.9384
5.06034 3.93931
5.11002 3.94022
5.15969 3.94113
5.20937 3.94203
5.25904 3.94294
5.30871 3.94385
5.35839 3.94476
5.40806 3.94566
5.45774 3.94657
5.50741 3.94748
5.55827 3.94748
5.60914 3.94748
5.66 3.94748
5.71086 3.94748
5.76173 3.94748
5.81259 3.94748
5.86345 3.94748
5.91432 3.94748
5.96518 3.94748
6.01605 3.94748
6.06691 3.94748
6.11777 3.94748
6.16864 3.94748
8.37648 5.91943
10.5843 5.91943
12.7922 5.91943
15.0 5.91943
0.0 0.471778
0.0503101 0.471778
0.10062 0.491476
0.15093 0.511174
0.201241 0.530872
0.251551 0.55057
0.301861 0.570268
0.352171 0.589966
0.402481 0.609664
0.452791 0.629362
0.503101 0.64906
0.553411 0.668759
0.603722 0.688457
0.654032 0.708155
0.704342 0.727853
0.754652 0.747551
0.804962 0.767249
0.855272 0.786947
0.905582 0.806645
0.955892 0.826343
1.0062 0.846041
1.05651 0.865739
1.10682 0.885437
1.15713 0.905135
1.20744 0.924834
1.25775 0.944532
1.30806 0.96423
1.35837 0.983928
1.40868 1.00363
1.45899 1.02332
1.5093 1.04302
1.55961 1.06272
1.60992 1.08242
1.66023 1.10212
1.71054 1.12181
1.76085 1.14151
1.81116 1.16121
1.86147 1.18091
1.91178 1.20061
1.96209 1.2203
2.01241 1.24
2.06272 1.2597
2.11303 1.2794
2.16334 1.2991
2.21365 1.3188
2.26396 1.33849
2.31427 1.35819
2.36458 1.37789
2.41489 1.39759
2.4652 1.41729
2.51558 1.41729
2.56596 1.47596
2.61634 1.53464
2.66672 1.59332
2.7171 1.65199
2.76748 1.71067
2.81786 1.76935
2.86824 1.82802
2.91862 1.8867
2.969 1.94538
3.01938 2.00405
3.06976 2.06273
3.12014 2.12141
3.17052 2.18008
3.2209 2.23876
3.2695 2.23876
3.3181 2.48213
3.36669 2.72551
3.41529 2.96889
3.46389 3.21226
3.51248 3.45564
3.56108 3.69901
3.60968 3.94239
3.65988 3.94239
3.71008 3.94365
3.76028 3.94491
3.81048 3.94618
3.86069 3.94744
3.91089 3.9487
3.96109 3.94996
4.01129 3.95122
4.06149 3.95249
4.1117 3.95375
4.1619 3.95501
4.2121 3.95627
4.2623 3.95754
4.31251 3.9588
4.36271 3.96006
4.41291 3.96132
4.46311 3.96258
4.51331 3.96385
4.56352 3.96511
4.61372 3.96637
4.66392 3.96763
4.71412 3.9689
4.76432 3.97016
4.81453 3.97142
4.86473 3.97268
4.91493 3.97394
4.96521 3.97394
5.01549 3.97394
5.06577 3.97394
5.11605 3.97394
5.16633 3.97394
5.21661 3.97394
5.26689 3.97394
5.31717 3.97394
5.36745 3.97394
5.41773 3.97394
5.46801 3.97394
5.51829 3.97394
5.56857 3.97394
5.61885 3.97394
5.66913 3.97394
5.71941 3.97394
5.76969 3.97394
5.81997 3.97394
5.87025 3.97394
5.92053 3.97394
5.97081 3.97394
6.02109 3.97394
8.26582 5.93293
10.5105 5.93293
12.7553 5.93293
15.0 5.93293
0.0 0.459378
0.0507229 0.459378
0.101446 0.485034
0.152169 0.51069
0.202892 0.536346
0.253615 0.562002
0.304338 0.587659
0.35506 0.613315
0.405783 0.638971
0.456506 0.664627
0.507229 0.690283
0.55826 0.690283
0.60929 0.802719
0.660321 0.915155
0.711351 1.02759
0.762382 1.14003
0.813412 1.25246
0.864443 1.3649
0.915473 1.47734
0.966504 1.58977
1.01753 1.70221
1.06856 1.81464
1.1196 1.92708
1.17063 2.03952
1.22166 2.15195
1.27269 2.26439
1.32372 2.37682
1.37475 2.48926
1.42268 2.48926
1.47061 2.6034
1.51853 2.71754
1.56646 2.83168
1.61439 2.94581
1.66232 3.05995
1.71025 3.17409
1.75818 3.28823
1.80611 3.40237
1.85404 3.51651
1.90197 3.63065
1.95338 3.63065
2.0048 3.64294
2.05622 3.65523
2.10763 3.66752
2.15905 3.67981
2.21047 3.6921
2.26188 3.70439
2.3133 3.71668
2.36471 3.72897
2.41613 3.74126
2.46755 3.75355
2.51896 3.76584
2.57042 3.76584
2.62188 3.76584
2.67334 3.76584
2.7248 3.76584
2.77626 3.76584
2.82771 3.76584
2.87917 3.76584
2.93063 3.76584
5.3445 6.25008
7.75838 6.25008
10.1723 6.25008
12.5861 6.25008
15.0 6.25008
0.0 0.485433
0.0492676 0.485433
0.0985352 0.506555
0.147803 0.527678
0.19707 0.5488
0.246338 0.569923
0.295606 0.591045
0.344873 0.612167
0.394141 0.63329
0.443409 0.654412
0.492676 0.675535
0.541944 0.696657
0.591211 0.717779
0.640479 0.738902
0.689747 0.760024
0.739014 0.781147
0.788282 0.802269
0.837549 0.823392
0.886817 0.844514
0.936085 0.865636
0.985352 0.886759
1.03462 0.907881
1.08389 0.929004
1.13316 0.950126
1.18242 0.971249
1.23169 0.992371
1.28096 1.01349
1.33023 1.03462
1.37949 1.05574
1.42876 1.07686
1.4783 1.07686
1.52784 1.14309
1.57738 1.20932
1.62692 1.27556
1.67646 1.34179
1.726 1.40802
1.77554 1.47425
1.82508 1.54048
1.87462 1.60671
1.92415 1.67295
1.97369 1.73918
2.02323 1.80541
2.07277 1.87164
2.12231 1.93787
2.17185 2.0041
2.22139 2.07034
2.27093 2.13657
2.32047 2.2028
2.37001 2.26903
2.41955 2.33526
2.46909 2.40149
2.51863 2.46773
2.56817 2.53396
2.61771 2.60019
2.66835 2.60019
2.719 2.63184
2.76964 2.66349
2.82029 2.69514
2.87093 2.7268
2.92158 2.75845
2.97222 2.7901
3.02287 2.82175
3.07351 2.8534
3.12416 2.88505
3.1748 2.91671
3.22545 2.94836
3.27609 2.98001
3.32674 3.01166
3.37738 3.04331
3.42803 3.07496
3.47867 3.10662
3.52932 3.13827
3.57997 3.16992
3.63061 3.20157
3.68126 3.23322
3.7319 3.26487
3.78255 3.29653
3.83319 3.32818
3.88384 3.35983
3.93448 3.39148
3.98513 3.42313
4.03577 3.45478
4.08642 3.48644
4.13706 3.51809
4.18771 3.54974
4.23835 3.58139
4.289 3.61304
4.33964 3.64469
4.38969 3.64469
4.43974 3.64938
4.48978 3.65407
4.53983 3.65875
4.58988 3.66344
4.63992 3.66813
4.68997 3.67281
4.74001 3.6775
4.79006 3.68219
4.84011 3.68687
4.89015 3.69156
4.9402 3.69624
4.99025 3.70093
5.04029 3.70562
5.09034 3.7103
5.14039 3.71499
5.19043 3.71968
5.24048 3.72436
5.29052 3.72905
5.34057 3.73374
5.39062 3.73842
5.44066 3.74311
5.49071 3.7478
5.54076 3.75248
5.5908 3.75717
5.64085 3.76185
5.6909 3.76654
5.74094 3.77123
5.79099 3.77591
5.84103 3.7806
5.89108 3.78529
5.94113 3.78997
5.99117 3.79466
6.04122 3.79935
6.09127 3.80403
6.14131 3.80872
6.20372 3.80872
6.26612 3.80872
9.17741 6.23547
12.0887 6.23547
15.0 6.23547
0.0 0.477898
0.051011 0.477898
0.102022 0.500106
0.153033 0.522314
0.204044 0.544523
0.255055 0.566731
0.306066 0.588939
0.357077 0.611148
0.408088 0.633356
0.459099 0.655564
0.51011 0.677772
0.561121 0.699981
0.612132 0.722189
0.663143 0.744397
0.714154 0.766606
0.765165 0.788814
0.816176 0.811022
0.867186 0.83323
0.918197 0.855439
0.969208 0.877647
1.01951 0.877647
1.06981 0.95121
1.12011 1.02477
1.17041 1.09833
1.22071 1.1719
1.27101 1.24546
1.32131 1.31902
1.37161 1.39258
1.42191 1.46615
1.47221 1.53971
1.52251 1.61327
1.57281 1.68683
1.62311 1.7604
1.67341 1.83396
1.72371 1.90752
1.77401 1.98108
1.82431 2.05465
1.87461 2.12821
1.92491 2.20177
1.97521 2.27533
2.02551 2.3489
2.07581 2.42246
2.12611 2.49602
2.1759 2.49602
2.22569 2.52773
2.27549 2.55943
2.32528 2.59113
2.37508 2.62284
2.42487 2.65454
2.47466 2.68625
2.52446 2.71795
2.57425 2.74966
2.62405 2.78136
2.67384 2.81306
2.72363 2.84477
2.77343 2.87647
2.82322 2.90818
2.87302 2.93988
2.92281 2.97158
2.9726 3.00329
3.0224 3.03499
3.07219 3.0667
3.12199 3.0984
3.17178 3.13011
3.22157 3.16181
3.27137 3.19351
3.32116 3.22522
3.37096 3.25692
3.42075 3.28863
3.47054 3.32033
3.52034 3.35203
3.57013 3.38374
3.61993 3.41544
3.66984 3.41544
3.71975 3.42378
3.76967 3.43211
3.81958 3.44045
3.86949 3.44878
3.91941 3.45711
3.96932 3.46545
4.01924 3.47378
4.06915 3.48212
4.11906 3.49045
4.16898 3.49879
4.21889 3.50712
4.2688 3.51546
4.31872 3.52379
4.36863 3.53212
4.41855 3.54046
4.46846 3.54879
4.51837 3.55713
4.56829 3.56546
4.6182 3.5738
4.66812 3.58213
4.71803 3.59046
4.76794 3.5988
4.81786 3.60713
4.86777 3.61547
4.91768 3.6238
4.9676 3.63214
5.01751 3.64047
5.06743 3.64881
5.11734 3.65714
5.16725 3.66547
5.21717 3.67381
5.26697 3.67381
5.31678 3.67381
5.36658 3.67381
5.41639 3.67381
5.46619 3.67381
5.51599 3.67381
5.5658 3.67381
5.6156 3.67381
5.66541 3.67381
5.71521 3.67381
5.76502 3.67381
5.81482 3.67381
5.86463 3.67381
5.91443 3.67381
5.96424 3.67381
6.01404 3.67381
6.06385 3.67381
6.11365 3.67381
6.16346 3.67381
6.21326 3.67381
6.26306 3.67381
6.31287 3.67381
6.36267 3.67381
6.41248 3.67381
6.46228 3.67381
6.51209 3.67381
6.56189 3.67381
6.6117 3.67381
9.4078 6.04554
12.2039 6.04554
15.0 6.04554
0.0 0.479321
0.0505395 0.479321
0.101079 0.501108
0.151618 0.522894
0.202158 0.54468
0.252697 0.566466
0.303237 0.588253
0.353776 0.610039
0.404316 0.631825
0.454855 0.653611
0.505395 0.675397
0.555934 0.697184
0.606474 0.71897
0.657013 0.740756
0.707553 0.762542
0.758092 0.784329
0.808632 0.806115
0.859171 0.827901
0.909711 0.849687
0.96025 0.871474
1.01079 0.89326
1.06082 0.89326
1.11085 0.92476
1.16088 0.956261
1.2109 0.987761
1.26093 1.01926
1.31096 1.05076
1.36099 1.08226
1.41102 1.11376
1.46105 1.14526
1.51107 1.17676
1.5611 1.20826
1.61113 1.23977
1.66116 1.27127
1.71119 1.30277
1.76122 1.33427
1.81125 1.36577
1.86127 1.39727
1.9113 1.42877
1.96133 1.46027
2.01136 1.49177
2.06139 1.52327
2.11142 1.55477
2.16144 1.58627
2.21147 1.61777
2.2615 1.64927
2.31153 1.68077
2.36156 1.71227
2.41159 1.74377
2.46162 1.77527
2.51164 1.80677
2.56167 1.83828
2.6117 1.86978
2.66173 1.90128
2.71176 1.93278
2.76179 1.96428
2.81181 1.99578
2.86184 2.02728
2.91187 2.05878
2.9619 2.09028
3.01193 2.12178
3.06196 2.15328
3.11199 2.18478
3.16201 2.21628
3.21204 2.24778
3.26207 2.27928
3.3121 2.31078
3.36213 2.34228
3.412 2.34228
3.46188 2.39968
3.51175 2.45707
3.56163 2.51446
3.6115 2.57186
3.66138 2.62925
3.71125 2.68664
3.76113 2.74404
3.811 2.80143
3.86088 2.85883
3.91075 2.91622
3.96063 2.97361
4.0105 3.03101
4.06038 3.0884
4.11025 3.14579
4.16013 3.20319
4.21 3.26058
4.25988 3.31797
4.30976 3.37537
4.35963 3.43276
4.40951 3.49016
4.45938 3.54755
4.50897 3.54755
4.55855 3.55651
4.60814 3.56548
4.65773 3.57445
4.70731 3.58341
4.7569 3.59238
4.80648 3.60134
4.85607 3.61031
4.90566 3.61927
4.95524 3.62824
5.00483 3.6372
5.05442 3.64617
5.104 3.65514
5.15359 3.6641
5.20318 3.67307
5.25276 3.68203
5.30235 3.691
5.35193 3.69996
5.40152 3.70893
5.45111 3.71789
5.50069 3.72686
5.55028 3.73582
5.59987 3.74479
5.64945 3.75376
5.69904 3.76272
5.74862 3.77169
5.79821 3.78065
5.8478 3.78962
5.89738 3.79858
5.94697 3.80755
5.99656 3.81651
6.04614 3.82548
6.09573 3.83445
6.14532 3.84341
6.19597 3.84341
6.24663 3.84341
6.29729 3.84341
6.34795 3.84341
6.39861 3.84341
6.44927 3.84341
6.49993 3.84341
6.55059 3.84341
6.60125 3.84341
6.65191 3.84341
6.70257 3.84341
6.75323 3.84341
6.80389 3.84341
6.85455 3.84341
6.9052 3.84341
6.95586 3.84341
7.00652 3.84341
7.05718 3.84341
7.10784 3.84341
7.1585 3.84341
7.20916 3.84341
7.25982 3.84341
7.31048 3.84341
7.36114 3.84341
7.4118 3.84341
7.46246 3.84341
7.51312 3.84341
7.56378 3.84341
7.61443 3.84341
7.66509 3.84341
7.71575 3.84341
7.76641 3.84341
7.81707 3.84341
10.2114 5.9921
12.6057 5.9921
15.0 5.9921
0.0 0.479809
0.0507804 0.479809
0.101561 0.502432
0.152341 0.525056
0.203122 0.547679
0.253902 0.570302
0.304683 0.592925
0.355463 0.615548
0.406244 0.638172
0.457024 0.660795
0.507804 0.683418
0.558585 0.706041
0.609365 0.728664
0.660146 0.751288
0.710926 0.773911
0.761707 0.796534
0.812487 0.819157
0.863268 0.84178
0.914048 0.864404
0.964828 0.887027
1.01561 0.90965
1.06639 0.932273
1.11717 0.954896
1.16768 0.954896
1.21819 1.00198
1.2687 1.04906
1.3192 1.09615
1.36971 1.14323
1.42022 1.19031
1.47073 1.2374
1.52124 1.28448
1.57175 1.33156
1.62226 1.37865
1.67276 1.42573
1.72327 1.47281
1.77378 1.5199
1.82429 1.56698
1.8748 1.61406
1.92531 1.66115
1.97582 1.70823
2.02632 1.75531
2.07683 1.8024
2.12734 1.84948
2.17785 1.89656
2.22836 1.94365
2.27887 1.99073
2.32938 2.03781
2.37988 2.0849
2.43039 2.13198
2.4809 2.17906
2.53141 2.22615
2.58192 2.27323
2.63243 2.32031
2.68221 2.32031
2.73199 2.34907
2.78177 2.37782
2.83156 2.40657
2.88134 2.43532
2.93112 2.46407
2.9809 2.49282
3.03068 2.52158
3.08047 2.55033
3.13025 2.57908
3.18003 2.60783
3.22981 2.63658
3.2796 2.66533
3.32938 2.69409
3.37916 2.72284
3.42894 2.75159
3.47872 2.78034
3.52851 2.80909
3.57829 2.83784
3.62807 2.86659
3.67785 2.89535
3.72764 2.9241
3.77742 2.95285
3.8272 2.9816
3.87698 3.01035
3.92677 3.0391
3.97655 3.06786
4.02633 3.09661
4.07611 3.12536
4.12589 3.15411
4.17568 3.18286
4.22546 3.21161
4.27524 3.24037
4.32502 3.26912
4.37481 3.29787
4.42459 3.32662
4.47437 3.35537
4.52415 3.38412
4.57393 3.41288
4.62372 3.44163
4.6735 3.47038
4.72328 3.49913
4.77306 3.52788
4.82285 3.55663
4.87355 3.55663
4.92425 3.56896
4.97495 3.58128
5.02566 3.59361
5.07636 3.60594
5.12706 3.61826
5.17777 3.63059
5.22847 3.64291
5.27917 3.65524
5.32988 3.66757
5.38058 3.67989
5.43128 3.69222
5.48198 3.70454
5.53269 3.71687
5.58339 3.72919
5.63409 3.74152
5.6848 3.75385
5.7355 3.76617
5.7862 3.7785
5.83691 3.79082
5.88761 3.80315
5.93831 3.81547
5.98901 3.8278
6.03972 3.84013
6.09042 3.85245
6.14112 3.86478
6.19183 3.8771
6.24168 3.8771
6.29154 3.8771
6.3414 3.8771
6.39125 3.8771
6.44111 3.8771
6.49097 3.8771
6.54082 3.8771
6.59068 3.8771
6.64054 3.8771
6.69039 3.8771
6.74025 3.8771
6.79011 3.8771
6.83996 3.8771
6.88982 3.8771
6.93968 3.8771
6.98953 3.8771
7.03939 3.8771
7.08925 3.8771
7.1391 3.8771
7.18896 3.8771
7.23882 3.8771
7.28867 3.8771
7.33853 3.8771
7.38839 3.8771
7.43824 3.8771
7.4881 3.8771
7.53796 3.8771
7.58781 3.8771
7.63767 3.8771
7.68753 3.8771
7.73738 3.8771
10.1583 5.99297
12.5791 5.99297
15.0 5.99297
0.0 0.48531
0.0496817 0.48531
0.0993634 0.505408
0.149045 0.525507
0.198727 0.545605
0.248409 0.565703
0.29809 0.585802
0.347772 0.6059
0.397454 0.625999
0.447135 0.646097
0.496817 0.666195
0.546499 0.686294
0.596181 0.706392
0.645862 0.72649
0.695544 0.746589
0.745226 0.766687
0.794907 0.786785
0.844589 0.806884
0.894271 0.826982
0.943952 0.847081
0.993634 0.867179
1.04332 0.887277
1.093 0.907376
1.14268 0.927474
1.19236 0.947572
1.24204 0.967671
1.29172 0.987769
1.34141 1.00787
1.39191 1.00787
1.44241 1.04845
1.49291 1.08904
1.54341 1.12962
1.59392 1.17021
1.64442 1.21079
1.69492 1.25138
1.74542 1.29196
1.79592 1.33255
1.84643 1.37313
1.89693 1.41372
1.94743 1.4543
1.99793 1.49489
2.04843 1.53547
2.09894 1.57606
2.14944 1.61664
2.19994 1.65723
2.25044 1.69781
2.30094 1.7384
2.35145 1.77898
2.40195 1.81957
2.45245 1.86015
2.50295 1.90074
2.55345 1.94132
2.60396 1.98191
2.65446 2.02249
2.70496 2.06308
2.75546 2.10366
2.80596 2.14425
2.85646 2.18483
2.90697 2.22542
2.95747 2.266
3.00797 2.30659
3.05822 2.30659
3.10846 2.33842
3.15871 2.37026
3.20896 2.40209
3.25921 2.43393
3.30945 2.46577
3.3597 2.4976
3.40995 2.52944
3.46019 2.56128
3.51044 2.59311
3.56069 2.62495
3.61093 2.65679
3.66118 2.68862
3.71143 2.72046
3.76167 2.7523
3.81192 2.78413
3.86217 2.81597
3.91241 2.8478
3.96266 2.87964
4.01291 2.91148
4.06315 2.94331
4.1134 2.97515
4.16365 3.00699
4.2139 3.03882
4.26414 3.07066
4.31439 3.1025
4.36464 3.13433
4.41488 3.16617
4.46513 3.19801
4.51538 3.22984
4.56562 3.26168
4.61587 3.29351
4.66612 3.32535
4.71636 3.35719
4.76661 3.38902
4.81686 3.42086
4.8671 3.4527
4.91735 3.48453
4.9676 3.51637
5.01785 3.54821
5.06779 3.54821
5.11773 3.55838
5.16767 3.56855
5.21761 3.57873
5.26756 3.5889
5.3175 3.59908
5.36744 3.60925
5.41738 3.61943
5.46733 3.6296
5.51727 3.63978
5.56721 3.64995
5.61715 3.66013
5.6671 3.6703
5.71704 3.68047
5.76698 3.69065
5.81692 3.70082
5.86687 3.711
5.91681 3.72117
5.96675 3.73135
6.01669 3.74152
6.06664 3.7517
6.11658 3.76187
6.16652 3.77204
6.21646 3.78222
6.26641 3.79239
6.31635 3.80257
6.36629 3.81274
6.41623 3.82292
6.46618 3.83309
6.51612 3.84327
6.56606 3.85344
6.616 3.86362
6.66594 3.87379
6.71589 3.88396
6.76486 3.88396
6.81383 3.88396
6.8628 3.88396
6.91177 3.88396
6.96074 3.88396
7.00971 3.88396
7.05868 3.88396
7.10765 3.88396
7.15662 3.88396
7.20559 3.88396
7.25456 3.88396
7.30353 3.88396
7.3525 3.88396
9.90167 6.03497
12.4508 6.03497
15.0 6.03497
0.0 0.489613
0.0504251 0.489613
0.10085 0.505605
0.151275 0.521598
0.2017 0.537591
0.252126 0.553584
0.302551 0.569576
0.352976 0.585569
0.403401 0.601562
0.453826 0.617554
0.504251 0.633547
0.554676 0.64954
0.605101 0.665532
0.655527 0.681525
0.705952 0.697518
0.756377 0.713511
0.806802 0.729503
0.857227 0.745496
0.907652 0.761489
0.958077 0.777481
1.0085 0.793474
1.05893 0.809467
1.10935 0.825459
1.15978 0.841452
1.2102 0.857445
1.26063 0.873438
1.31058 0.873438
1.36054 0.901598
1.4105 0.929759
1.46046 0.957919
1.51041 0.98608
1.56037 1.01424
1.61033 1.0424
1.66028 1.07056
1.71024 1.09872
1.7602 1.12688
1.81015 1.15504
1.86011 1.1832
1.91007 1.21136
1.96002 1.23952
2.00998 1.26768
2.05994 1.29585
2.1099 1.32401
2.15985 1.35217
2.20981 1.38033
2.25977 1.40849
2.30972 1.43665
2.35968 1.46481
2.40964 1.49297
2.45959 1.52113
2.50955 1.54929
2.55951 1.57745
2.60946 1.60561
2.65942 1.63377
2.70938 1.66193
2.75934 1.69009
2.80929 1.71825
2.85925 1.74641
2.90921 1.77457
2.95916 1.80273
3.00912 1.8309
3.05908 1.85906
3.10903 1.88722
3.15899 1.91538
3.20895 1.94354
3.2589 1.9717
3.30886 1.99986
3.35882 2.02802
3.40877 2.05618
3.45873 2.08434
3.50869 2.1125
3.55865 2.14066
3.6086 2.16882
3.66042 2.16882
3.71224 2.32997
3.76406 2.49112
3.81588 2.65227
3.86771 2.81342
3.91953 2.97457
3.97135 3.13571
4.02317 3.29686
4.07499 3.45801
4.12681 3.61916
4.17499 3.61916
4.22318 3.63994
4.27136 3.66072
4.31955 3.6815
4.36773 3.70228
4.41592 3.72306
4.4641 3.74384
4.51229 3.76462
4.56048 3.7854
4.60866 3.80618
4.65823 3.80618
4.7078 3.80618
4.75737 3.80618
4.80694 3.80618
4.85652 3.80618
4.90609 3.80618
4.95566 3.80618
5.00523 3.80618
5.0548 3.80618
5.10437 3.80618
5.15394 3.80618
5.20351 3.80618
5.25308 3.80618
5.30265 3.80618
5.35222 3.80618
5.4018 3.80618
5.45137 3.80618
5.50094 3.80618
5.55051 3.80618
5.60008 3.80618
5.64965 3.80618
5.69922 3.80618
5.74879 3.80618
5.79836 3.80618
5.84793 3.80618
5.8975 3.80618
5.94708 3.80618
5.99665 3.80618
6.04622 3.80618
6.09579 3.80618
6.14536 3.80618
6.19493 3.80618
8.3962 5.73355
10.5975 5.73355
12.7987 5.73355
15.0 5.73355
0.0 0.481813
0.0495841 0.481813
0.0991682 0.501765
0.148752 0.521718
0.198336 0.541671
0.247921 0.561624
0.297505 0.581576
0.347089 0.601529
0.396673 0.621482
0.446257 0.641434
0.495841 0.661387
0.545425 0.68134
0.595009 0.701292
0.644593 0.721245
0.694177 0.741198
0.743762 0.761151
0.793346 0.781103
0.84293 0.801056
0.892514 0.821009
0.943064 0.821009
0.993615 0.875078
1.04417 0.929147
1.09472 0.983216
1.14527 1.03729
1.19582 1.09135
1.24637 1.14542
1.29692 1.19949
1.34747 1.25356
1.39802 1.30763
1.44857 1.3617
1.49912 1.41577
1.54967 1.46984
1.60022 1.52391
1.65077 1.57798
1.70132 1.63205
1.75187 1.68612
1.80242 1.74019
1.85297 1.79425
1.90352 1.84832
1.95407 1.90239
2.00463 1.95646
2.05518 2.01053
2.10573 2.0646
2.15628 2.11867
2.20683 2.17274
2.25851 2.17274
2.3102 2.32998
2.36189 2.48723
2.41357 2.64447
2.46526 2.80172
2.51695 2.95896
2.56863 3.11621
2.62032 3.27345
2.67201 3.4307
2.72369 3.58794
2.77688 3.58794
2.83007 3.68918
2.88326 3.79042
2.93645 3.89166
2.987 3.89166
3.03756 3.89166
3.08812 3.89166
3.13868 3.89166
3.18923 3.89166
3.23979 3.89166
3.29035 3.89166
3.34091 3.89166
3.39146 3.89166
3.44202 3.89166
3.49258 3.89166
3.54314 3.89166
3.59369 3.89166
3.64425 3.89166
3.69481 3.89166
3.74537 3.89166
3.79592 3.89166
3.84648 3.89166
3.89704 3.89166
3.9476 3.89166
3.99816 3.89166
4.04871 3.89166
4.09927 3.89166
4.14983 3.89166
4.20039 3.89166
4.25094 3.89166
4.3015 3.89166
4.35206 3.89166
4.40262 3.89166
4.45317 3.89166
4.50373 3.89166
4.55429 3.89166
4.60485 3.89166
4.6554 3.89166
4.70596 3.89166
4.75652 3.89166
4.80708 3.89166
4.85763 3.89166
4.90819 3.89166
4.95875 3.89166
5.00931 3.89166
5.05986 3.89166
5.11042 3.89166
7.58282 5.81774
10.0552 5.81774
12.5276 5.81774
15.0 5.81774
0.0 0.467413
0.0515983 0.467413
0.103197 0.482359
0.154795 0.497305
0.206393 0.51225
0.257991 0.527196
0.30959 0.542142
0.359822 0.542142
0.410054 0.696347
0.460287 0.850552
0.510519 1.00476
0.560751 1.15896
0.610984 1.31317
0.661216 1.46737
0.711448 1.62158
0.761681 1.77578
0.811913 1.92999
0.862145 2.08419
0.912506 2.08419
0.962867 2.12025
1.01323 2.15631
1.06359 2.19237
1.11395 2.22843
1.16431 2.26449
1.21467 2.30055
1.26503 2.33661
1.31539 2.37267
1.36575 2.40873
1.41611 2.44479
1.46648 2.48085
1.51684 2.5169
1.5672 2.55296
1.61756 2.58902
1.66792 2.62508
1.71828 2.66114
1.76864 2.6972
1.819 2.73326
1.86936 2.76932
1.91972 2.80538
1.97008 2.84144
2.02045 2.8775
2.07081 2.91356
2.12117 2.94962
2.17153 2.98568
2.22189 3.02173
2.27225 3.05779
2.32261 3.09385
2.37297 3.12991
2.42333 3.16597
2.47369 3.20203
2.52405 3.23809
2.57441 3.27415
2.62478 3.31021
2.67514 3.34627
2.7255 3.38233
2.77586 3.41839
2.82622 3.45445
2.87658 3.49051
2.92638 3.49051
2.97619 3.53889
3.02599 3.58728
3.07579 3.63566
3.1256 3.68405
3.1754 3.73244
3.2252 3.78082
3.27501 3.82921
3.32481 3.8776
3.37461 3.92598
3.42442 3.97437
3.47422 4.02275
3.52402 4.07114
3.57321 4.07114
3.6224 4.07114
3.6716 4.07114
3.72079 4.07114
3.76998 4.07114
3.81917 4.07114
3.86836 4.07114
3.91755 4.07114
3.96674 4.07114
4.01593 4.07114
4.06512 4.07114
4.11431 4.07114
6.83573 5.5801
9.55716 5.5801
12.2786 5.5801
15.0 5.5801
0.0 0.482404
0.0509292 0.482404
0.101858 0.49439
0.152788 0.506376
0.203717 0.518362
0.254646 0.530348
0.30421 0.530348
0.353773 0.589919
0.403337 0.64949
0.4529 0.709061
0.502464 0.768632
0.552027 0.828203
0.60159 0.887774
0.651154 0.947345
0.700717 1.00692
0.750281 1.06649
0.799844 1.12606
0.849408 1.18563
0.898971 1.2452
0.948535 1.30477
0.998098 1.36434
1.04766 1.42391
1.09723 1.48348
1.14679 1.54306
1.19635 1.60263
1.24592 1.6622
1.29548 1.72177
1.34504 1.78134
1.39461 1.84091
1.44417 1.90048
1.49373 1.96005
1.5433 2.01962
1.59286 2.07919
1.64267 2.07919
1.69248 2.11003
1.7423 2.14087
1.79211 2.17171
1.84192 2.20255
1.89173 2.23339
1.94155 2.26423
1.99136 2.29507
2.04117 2.32591
2.09098 2.35675
2.1408 2.38759
2.19061 2.41843
2.24042 2.44927
2.29023 2.48011
2.34005 2.51095
2.38986 2.54179
2.43967 2.57263
2.48948 2.60347
2.5393 2.63431
2.58911 2.66515
2.63892 2.69599
2.68873 2.72683
2.73855 2.75767
2.78836 2.78851
2.83817 2.81935
2.88798 2.85019
2.93779 2.88103
2.98761 2.91187
3.03742 2.94271
3.08723 2.97355
3.13704 3.00439
3.18686 3.03523
3.23667 3.06607
3.28648 3.09691
3.33629 3.12775
3.38611 3.15859
3.43592 3.18943
3.48573 3.22027
3.53554 3.25111
3.58536 3.28195
3.63517 3.31279
3.68498 3.34363
3.73479 3.37447
3.78461 3.40531
3.83442 3.43615
3.88423 3.46699
3.93404 3.49783
3.98344 3.49783
4.03284 3.52627
4.08224 3.55472
4.13164 3.58316
4.18104 3.61161
4.23043 3.64005
4.27983 3.66849
4.32923 3.69694
4.37863 3.72538
4.42803 3.75383
4.47743 3.78227
4.52682 3.81072
4.57622 3.83916
4.62562 3.8676
4.67502 3.89605
4.72442 3.92449
4.77382 3.95294
4.82321 3.98138
4.87261 4.00983
4.92201 4.03827
4.97158 4.03827
5.02114 4.03827
5.07071 4.03827
5.12028 4.03827
5.16984 4.03827
5.21941 4.03827
5.26898 4.03827
5.31854 4.03827
5.36811 4.03827
7.77608 5.59127
10.1841 5.59127
12.592 5.59127
15.0 5.59127
0.0 0.484578
0.0491564 0.484578
0.0983129 0.485023
0.147469 0.485468
0.196626 0.485913
0.245782 0.486358
0.294939 0.486803
0.343792 0.486803
0.392645 0.647473
0.441498 0.808143
0.490352 0.968813
0.539205 1.12948
0.588058 1.29015
0.636911 1.45082
0.685764 1.61149
0.734618 1.77216
0.783471 1.93283
0.832324 2.0935
0.88144 2.0935
0.930555 2.15328
0.979671 2.21306
1.02879 2.27284
1.0779 2.33262
1.12702 2.39241
1.17613 2.45219
1.22525 2.51197
1.27437 2.57175
1.32348 2.63153
1.3726 2.69131
1.42171 2.75109
1.47083 2.81087
1.51994 2.87065
1.56906 2.93043
1.61817 2.99021
1.66729 3.04999
1.71641 3.10977
1.76552 3.16955
1.81464 3.22933
1.86375 3.28911
1.91287 3.34889
1.96198 3.40867
2.0111 3.46845
2.06044 3.46845
2.10978 3.48375
2.15912 3.49904
2.20846 3.51433
2.2578 3.52962
2.30714 3.54491
2.35648 3.5602
2.40582 3.57549
2.45516 3.59079
2.5045 3.60608
2.55384 3.62137
2.60318 3.63666
2.65252 3.65195
2.70186 3.66724
2.7512 3.68253
2.80054 3.69783
2.84988 3.71312
2.89922 3.72841
2.94856 3.7437
2.9979 3.75899
3.04724 3.77428
3.09658 3.78957
3.14592 3.80487
3.19526 3.82016
3.2446 3.83545
3.29394 3.85074
3.34328 3.86603
3.39262 3.88132
3.44196 3.89661
3.4913 3.91191
3.54064 3.9272
3.58998 3.94249
3.63932 3.95778
3.68866 3.97307
3.738 3.98836
3.78734 4.00365
3.83668 4.01894
3.88558 4.01894
3.93448 4.01894
3.98338 4.01894
4.03228 4.01894
4.08118 4.01894
4.13008 4.01894
4.17898 4.01894
4.22787 4.01894
4.27677 4.01894
4.32567 4.01894
4.37457 4.01894
4.42347 4.01894
4.47237 4.01894
4.52127 4.01894
4.57017 4.01894
4.61906 4.01894
4.66796 4.01894
4.71686 4.01894
4.76576 4.01894
4.81466 4.01894
7.36099 5.61673
9.90733 5.61673
12.4537 5.61673
15.0 5.61673
0.0 0.47889
0.0516557 0.47889
0.103311 0.484022
0.154967 0.489154
0.206623 0.494287
0.258278 0.499419
0.309934 0.504551
0.359573 0.504551
0.409212 0.683727
0.458852 0.862903
0.508491 1.04208
0.55813 1.22126
0.607769 1.40043
0.657408 1.57961
0.707047 1.75878
0.756686 1.93796
0.806325 2.11714
0.855116 2.11714
0.903907 2.20198
0.952698 2.28681
1.00149 2.37165
1.05028 2.45649
1.09907 2.54133
1.14786 2.62617
1.19665 2.711
1.24544 2.79584
1.29423 2.88068
1.34302 2.96552
1.39181 3.05036
1.4406 3.13519
1.4894 3.22003
1.53819 3.30487
1.58698 3.38971
1.63577 3.47455
1.68456 3.55938
1.73485 3.55938
1.78515 3.56854
1.83544 3.57769
1.88574 3.58685
1.93603 3.596
1.98633 3.60516
2.03662 3.61431
2.08692 3.62346
2.13721 3.63262
2.18751 3.64177
2.2378 3.65093
2.28809 3.66008
2.33839 3.66924
2.38868 3.67839
2.43898 3.68754
2.48927 3.6967
2.53957 3.70585
2.58986 3.71501
2.64016 3.72416
2.69045 3.73332
2.74075 3.74247
2.79104 3.75162
2.84134 3.76078
2.89163 3.76993
2.94193 3.77909
2.99222 3.78824
3.04252 3.79739
3.09281 3.80655
3.14311 3.8157
3.1934 3.82486
3.24369 3.83401
3.29399 3.84317
3.34428 3.85232
3.39458 3.86147
3.44487 3.87063
3.49517 3.87978
3.54546 3.88894
3.59576 3.89809
3.64605 3.90725
3.69635 3.9164
3.74664 3.92555
3.79694 3.93471
3.84723 3.94386
3.89753 3.95302
3.94752 3.95302
3.99751 3.95302
4.0475 3.95302
4.09749 3.95302
4.14748 3.95302
4.19747 3.95302
4.24746 3.95302
4.29746 3.95302
4.34745 3.95302
4.39744 3.95302
4.44743 3.95302
4.49742 3.95302
4.54741 3.95302
4.5974 3.95302
4.64739 3.95302
4.69739 3.95302
4.74738 3.95302
4.79737 3.95302
7.34803 5.60586
9.89868 5.60586
12.4493 5.60586
15.0 5.60586
0.0 0.470867
0.0500511 0.470867
0.100102 0.480555
0.150153 0.490243
0.200204 0.49993
0.250256 0.509618
0.301701 0.509618
0.353146 0.619235
0.404591 0.728851
0.456036 0.838468
0.507482 0.948085
0.558927 1.0577
0.610372 1.16732
0.661817 1.27693
0.713262 1.38655
0.764708 1.49617
0.816153 1.60578
0.867598 1.7154
0.919043 1.82502
0.970488 1.93463
1.02193 2.04425
1.07338 2.15387
1.12315 2.15387
1.17292 2.27223
1.22269 2.39059
1.27246 2.50895
1.32224 2.62732
1.37201 2.74568
1.42178 2.86404
1.47155 2.9824
1.52132 3.10077
1.57109 3.21913
1.62086 3.33749
1.67064 3.45585
1.72041 3.57422
1.77041 3.57422
1.8204 3.58454
1.8704 3.59487
1.9204 3.6052
1.9704 3.61552
2.02039 3.62585
2.07039 3.63618
2.12039 3.64651
2.17039 3.65683
2.22039 3.66716
2.27038 3.67749
2.32038 3.68782
2.37038 3.69814
2.42038 3.70847
2.47037 3.7188
2.52037 3.72912
2.57037 3.73945
2.62037 3.74978
2.67037 3.76011
2.72036 3.77043
2.77036 3.78076
2.82036 3.79109
2.87036 3.80142
2.92036 3.81174
2.97035 3.82207
3.02035 3.8324
3.07035 3.84273
3.12035 3.85305
3.17034 3.86338
3.22034 3.87371
3.27034 3.88403
3.32034 3.89436
3.37034 3.90469
3.42033 3.91502
3.47162 3.91502
3.52291 3.91502
3.5742 3.91502
3.62549 3.91502
3.67678 3.91502
3.72807 3.91502
3.77936 3.91502
3.83065 3.91502
3.88194 3.91502
3.93323 3.91502
3.98452 3.91502
4.03581 3.91502
4.08709 3.91502
6.81532 5.55277
9.54355 5.55277
12.2718 5.55277
15.0 5.55277
0.0 0.482736
0.0441758 0.482736
0.0883516 0.484239
0.132527 0.485743
0.176703 0.487246
0.22704 0.487246
0.277376 0.532235
0.327713 0.577224
0.378049 0.622212
0.428385 0.667201
0.478722 0.71219
0.529058 0.757178
0.579395 0.802167
0.629731 0.847156
0.680068 0.892144
0.730404 0.937133
0.78074 0.982122
0.831077 1.02711
0.881413 1.0721
0.93175 1.11709
0.982086 1.16208
1.03242 1.20707
1.08276 1.25205
1.1331 1.29704
1.18343 1.34203
1.23377 1.38702
1.2841 1.43201
1.33444 1.477
1.38478 1.52199
1.43511 1.56697
1.48545 1.61196
1.53579 1.65695
1.58612 1.70194
1.63646 1.74693
1.6868 1.79192
1.73713 1.83691
1.78747 1.8819
1.83781 1.92688
1.88814 1.97187
1.93848 2.01686
1.98881 2.06185
2.03915 2.10684
2.08949 2.15183
2.13934 2.15183
2.18919 2.31682
2.23904 2.48182
2.28889 2.64681
2.33875 2.81181
2.3886 2.9768
2.43845 3.1418
2.4883 3.30679
2.53815 3.47178
2.58848 3.47178
2.6388 3.48778
2.68913 3.50378
2.73946 3.51977
2.78978 3.53577
2.84011 3.55176
2.89044 3.56776
2.94076 3.58375
2.99109 3.59975
3.04142 3.61574
3.09174 3.63174
3.14207 3.64773
3.1924 3.66373
3.24272 3.67973
3.29305 3.69572
3.34338 3.71172
3.3937 3.72771
3.44403 3.74371
3.49436 3.7597
3.54468 3.7757
3.59501 3.79169
3.64534 3.80769
3.69566 3.82369
3.74599 3.83968
3.79632 3.85568
3.84664 3.87167
3.89697 3.88767
3.9473 3.90366
3.99762 3.91966
4.04795 3.93565
4.09828 3.95165
4.14916 3.95165
4.20005 3.95165
4.25093 3.95165
4.30182 3.95165
4.3527 3.95165
4.40359 3.95165
4.45448 3.95165
4.50536 3.95165
4.55625 3.95165
4.60713 3.95165
4.65802 3.95165
7.24351 5.51174
9.82901 5.51174
12.4145 5.51174
15.0 5.51174
0.0 0.47613
0.0529266 0.47613
0.105853 0.486865
0.15878 0.4976
0.211706 0.508336
0.264633 0.519071
0.317559 0.529806
0.367041 0.529806
0.416522 0.585447
0.466004 0.641087
0.515486 0.696728
0.564967 0.752369
0.614449 0.808009
0.66393 0.86365
0.713412 0.919291
0.762893 0.974931
0.812375 1.03057
0.861856 1.08621
0.911338 1.14185
0.960819 1.19749
1.0103 1.25313
1.05978 1.30878
1.10926 1.36442
1.15875 1.42006
1.20823 1.4757
1.25771 1.53134
1.30719 1.58698
1.35667 1.64262
1.40615 1.69826
1.45563 1.7539
1.50512 1.80954
1.5546 1.86518
1.60408 1.92082
1.65356 1.97646
1.70304 2.0321
1.75252 2.08774
1.802 2.14338
1.85149 2.19903
1.90097 2.25467
1.95045 2.31031
1.99993 2.36595
2.04921 2.36595
2.09848 2.45065
2.14776 2.53534
2.19704 2.62004
2.24631 2.70474
2.29559 2.78944
2.34487 2.87414
2.39414 2.95884
2.44342 3.04354
2.4927 3.12824
2.54197 3.21293
2.59125 3.29763
2.64053 3.38233
2.6898 3.46703
2.73973 3.46703
2.78965 3.47983
2.83958 3.49262
2.8895 3.50542
2.93943 3.51822
2.98935 3.53102
3.03928 3.54381
3.0892 3.55661
3.13913 3.56941
3.18906 3.5822
3.23898 3.595
3.28891 3.6078
3.33883 3.62059
3.38876 3.63339
3.43868 3.64619
3.48861 3.65898
3.53853 3.67178
3.58846 3.68458
3.63838 3.69738
3.68831 3.71017
3.73823 3.72297
3.78816 3.73577
3.83808 3.74856
3.88801 3.76136
3.93794 3.77416
3.98786 3.78695
4.03779 3.79975
4.08771 3.81255
4.13764 3.82534
4.18756 3.83814
4.23749 3.85094
4.28741 3.86374
4.33734 3.87653
4.38726 3.88933
4.43719 3.90213
4.48711 3.91492
4.53704 3.92772
4.58632 3.92772
4.63559 3.92772
4.68487 3.92772
4.73414 3.92772
4.78342 3.92772
4.83269 3.92772
4.88197 3.92772
4.93124 3.92772
4.98052 3.92772
5.02979 3.92772
5.07907 3.92772
5.12834 3.92772
5.17762 3.92772
5.2269 3.92772
5.27617 3.92772
5.32545 3.92772
5.37472 3.92772
7.78104 5.48491
10.1874 5.48491
12.5937 5.48491
15.0 5.48491
0.0 0.471883
0.0479292 0.471883
0.0958585 0.480991
0.143788 0.490098
0.191717 0.499206
0.239646 0.508313
0.287575 0.517421
0.337167 0.517421
0.386758 0.588966
0.436349 0.660511
0.48594 0.732056
0.535531 0.803601
0.585123 0.875146
0.634714 0.946691
0.684305 1.01824
0.733896 1.08978
0.783487 1.16133
0.833079 1.23287
0.88267 1.30442
0.932261 1.37596
0.981852 1.44751
1.03144 1.51905
1.08103 1.5906
1.13063 1.66214
1.18022 1.73369
1.22981 1.80523
1.2794 1.87678
1.32899 1.94832
1.37858 2.01987
1.42817 2.09141
1.47776 2.16296
1.52736 2.2345
1.57695 2.30605
1.62654 2.37759
1.67613 2.44914
1.72657 2.44914
1.77701 2.4751
1.82746 2.50106
1.8779 2.52703
1.92834 2.55299
1.97878 2.57895
2.02923 2.60491
2.07967 2.63088
2.13011 2.65684
2.18055 2.6828
2.231 2.70877
2.28144 2.73473
2.33188 2.76069
2.38232 2.78666
2.43277 2.81262
2.48321 2.83858
2.53365 2.86454
2.5841 2.89051
2.63454 2.91647
2.68498 2.94243
2.73542 2.9684
2.78587 2.99436
2.83631 3.02032
2.88675 3.04629
2.93719 3.07225
2.98764 3.09821
3.03808 3.12417
3.08852 3.15014
3.13896 3.1761
3.18941 3.20206
3.23985 3.22803
3.29029 3.25399
3.34073 3.27995
3.39118 3.30592
3.44162 3.33188
3.49206 3.35784
3.5425 3.3838
3.59295 3.40977
3.64313 3.40977
3.69331 3.44693
3.74349 3.48409
3.79368 3.52125
3.84386 3.55841
3.89404 3.59557
3.94423 3.63273
3.99441 3.66989
4.04459 3.70706
4.09477 3.74422
4.14496 3.78138
4.19514 3.81854
4.24375 3.81854
4.29237 3.81854
4.34098 3.81854
4.3896 3.81854
4.43821 3.81854
4.48683 3.81854
4.53544 3.81854
4.58405 3.81854
4.63267 3.81854
7.2245 5.45653
9.81633 5.45653
12.4082 5.45653
15.0 5.45653
0.0 0.475491
0.0506433 0.475491
0.101287 0.494501
0.15193 0.51351
0.202573 0.53252
0.253217 0.551529
0.30386 0.570539
0.354503 0.589548
0.405147 0.608558
0.45579 0.627568
0.506433 0.646577
0.557077 0.665587
0.60772 0.684596
0.658363 0.703606
0.709007 0.722615
0.75965 0.741625
0.810293 0.760635
0.860937 0.779644
0.91158 0.798654
0.962223 0.817663
1.01287 0.836673
1.06351 0.855682
1.11415 0.874692
1.1648 0.893702
1.21544 0.912711
1.26608 0.931721
1.31673 0.95073
1.36737 0.96974
1.41801 0.988749
1.46866 1.00776
1.5193 1.02677
1.56994 1.04578
1.62028 1.04578
1.67062 1.07861
1.72096 1.11145
1.7713 1.14429
1.82164 1.17712
1.87198 1.20996
1.92232 1.24279
1.97266 1.27563
2.02301 1.30846
2.07335 1.3413
2.12369 1.37413
2.17403 1.40697
2.22437 1.43981
2.27471 1.47264
2.32505 1.50548
2.37539 1.53831
2.42573 1.57115
2.47607 1.60398
2.52641 1.63682
2.57675 1.66966
2.62709 1.70249
2.67743 1.73533
2.72777 1.76816
2.77811 1.801
2.82845 1.83383
2.87879 1.86667
2.92913 1.8995
2.97947 1.93234
3.02981 1.96518
3.08015 1.99801
3.13049 2.03085
3.18083 2.06368
3.23117 2.09652
3.28151 2.12935
3.33185 2.16219
3.38219 2.19503
3.43253 2.22786
3.48287 2.2607
3.53321 2.29353
3.58355 2.32637
3.63389 2.3592
3.68423 2.39204
3.73457 2.42488
3.78491 2.45771
3.83525 2.49055
3.88559 2.52338
3.93593 2.55622
3.98679 2.55622
4.03765 2.63461
4.0885 2.713
4.13936 2.7914
4.19022 2.86979
4.24108 2.94818
4.29193 3.02658
4.34279 3.10497
4.39365 3.18336
4.4445 3.26175
4.49536 3.34015
4.54582 3.34015
4.59629 3.34988
4.64675 3.35962
4.69721 3.36935
4.74767 3.37909
4.79814 3.38882
4.8486 3.39856
4.89906 3.40829
4.94952 3.41803
4.99999 3.42776
5.05045 3.4375
5.10091 3.44723
5.15137 3.45697
5.20184 3.4667
5.2523 3.47644
5.30276 3.48617
5.35322 3.49591
5.40368 3.50564
5.45415 3.51538
5.50461 3.52512
5.55507 3.53485
5.60553 3.54459
5.656 3.55432
5.70646 3.56406
5.75692 3.57379
5.80738 3.58353
5.85785 3.59326
5.90831 3.603
5.95877 3.61273
6.00923 3.62247
6.0597 3.6322
6.11016 3.64194
6.16062 3.65167
6.21108 3.66141
6.26155 3.67114
6.31201 3.68088
6.36247 3.69061
6.41293 3.70035
6.4634 3.71008
6.51386 3.71982
6.56432 3.72955
6.61478 3.73929
6.66556 3.73929
6.71633 3.73929
6.7671 3.73929
6.81787 3.73929
6.86865 3.73929
6.91942 3.73929
6.97019 3.73929
7.02097 3.73929
7.07174 3.73929
7.12251 3.73929
7.17329 3.73929
7.22406 3.73929
7.27483 3.73929
7.3256 3.73929
7.37638 3.73929
7.42715 3.73929
7.47792 3.73929
9.98528 5.30821
12.4926 5.30821
15.0 5.30821
0.0 0.484698
0.0503167 0.484698
0.100633 0.505081
0.15095 0.525464
0.201267 0.545847
0.251584 0.56623
0.3019 0.586613
0.352217 0.606996
0.402534 0.62738
0.45285 0.647763
0.503167 0.668146
0.553484 0.688529
0.603801 0.708912
0.654117 0.729295
0.704434 0.749678
0.754751 0.770061
0.805068 0.790444
0.855384 0.810828
0.905701 0.831211
0.956018 0.851594
1.00633 0.871977
1.05665 0.89236
1.10697 0.912743
1.15728 0.933126
1.2076 0.953509
1.25792 0.973893
1.30823 0.994276
1.35855 1.01466
1.40887 1.03504
1.45918 1.05542
1.5095 1.07581
1.55888 1.07581
1.60826 1.1256
1.65763 1.17539
1.70701 1.22518
1.75639 1.27498
1.80577 1.32477
1.85515 1.37456
1.90452 1.42435
1.9539 1.47415
2.00328 1.52394
2.05266 1.57373
2.10203 1.62352
2.15141 1.67331
2.20079 1.72311
2.25017 1.7729
2.29955 1.82269
2.34892 1.87248
2.3983 1.92227
2.44768 1.97207
2.49706 2.02186
2.54643 2.07165
2.59581 2.12144
2.64519 2.17123
2.69457 2.22103
2.74394 2.27082
2.79332 2.32061
2.8427 2.3704
2.89208 2.4202
2.94146 2.46999
2.99083 2.51978
3.04021 2.56957
3.08959 2.61936
3.13933 2.61936
3.18907 2.65061
3.23881 2.68185
3.28856 2.71309
3.3383 2.74434
3.38804 2.77558
3.43778 2.80682
3.48752 2.83807
3.53726 2.86931
3.58701 2.90055
3.63675 2.9318
3.68649 2.96304
3.73623 2.99428
3.78597 3.02553
3.83572 3.05677
3.88546 3.08801
3.9352 3.11925
3.98494 3.1505
4.03468 3.18174
4.08442 3.21298
4.13417 3.24423
4.18391 3.27547
4.23365 3.30671
4.28339 3.33796
4.33313 3.3692
4.38287 3.40044
4.43359 3.40044
4.48431 3.41414
4.53503 3.42784
4.58575 3.44154
4.63647 3.45523
4.68718 3.46893
4.7379 3.48263
4.78862 3.49633
4.83934 3.51002
4.89006 3.52372
4.94077 3.53742
4.99149 3.55112
5.04221 3.56481
5.09293 3.57851
5.14365 3.59221
5.19436 3.60591
5.24508 3.61961
5.2958 3.6333
5.34652 3.647
5.39724 3.6607
5.44796 3.6744
5.49867 3.68809
5.54939 3.70179
5.60011 3.71549
5.65083 3.72919
5.70155 3.74288
5.75226 3.75658
5.80298 3.77028
5.8537 3.78398
5.90442 3.79767
5.95575 3.79767
6.00707 3.79767
6.0584 3.79767
6.10973 3.79767
6.16106 3.79767
6.21238 3.79767
6.26371 3.79767
6.31504 3.79767
6.36637 3.79767
6.41769 3.79767
6.46902 3.79767
6.52035 3.79767
6.57168 3.79767
6.623 3.79767
6.67433 3.79767
6.72566 3.79767
6.77699 3.79767
9.51799 5.22975
12.259 5.22975
15.0 5.22975
0.0 0.474345
0.0495146 0.474345
0.0990291 0.494423
0.148544 0.514501
0.198058 0.534579
0.247573 0.554657
0.297087 0.574735
0.346602 0.594813
0.396117 0.614891
0.445631 0.634969
0.495146 0.655047
0.54466 0.675124
0.594175 0.695202
0.643689 0.71528
0.693204 0.735358
0.742719 0.755436
0.792233 0.775514
0.841748 0.795592
0.891262 0.81567
0.940777 0.835748
0.990291 0.855826
1.03981 0.875903
1.08932 0.895981
1.13884 0.916059
1.18835 0.936137
1.23786 0.956215
1.28738 0.976293
1.33689 0.996371
1.38641 1.01645
1.43592 1.03653
1.48544 1.0566
1.53495 1.07668
1.58447 1.09676
1.63398 1.11684
1.6835 1.13692
1.73301 1.15699
1.78349 1.15699
1.83397 1.20071
1.88446 1.24443
1.93494 1.28816
1.98542 1.33188
2.0359 1.3756
2.08639 1.41932
2.13687 1.46304
2.18735 1.50676
2.23783 1.55048
2.28831 1.5942
2.3388 1.63792
2.38928 1.68164
2.43976 1.72536
2.49024 1.76908
2.54073 1.8128
2.59121 1.85652
2.64169 1.90024
2.69217 1.94396
2.74265 1.98768
2.79314 2.0314
2.84362 2.07512
2.8941 2.11884
2.94458 2.16256
2.99507 2.20628
3.04555 2.25
3.09603 2.29373
3.14651 2.33745
3.19699 2.38117
3.24748 2.42489
3.29796 2.46861
3.34844 2.51233
3.39892 2.55605
3.44941 2.59977
3.49989 2.64349
3.5506 2.64349
3.60132 2.73733
3.65203 2.83117
3.70274 2.92501
3.75346 3.01885
3.80417 3.1127
3.85489 3.20654
3.9056 3.30038
3.95486 3.30038
4.00412 3.32995
4.05338 3.35951
4.10265 3.38908
4.15191 3.41865
4.20117 3.44822
4.25043 3.47778
4.29969 3.50735
4.34896 3.53692
4.39822 3.56649
4.44748 3.59606
4.49674 3.62562
4.546 3.65519
4.59526 3.68476
4.64453 3.71433
4.69379 3.74389
4.74305 3.77346
4.79231 3.80303
4.84157 3.8326
4.89084 3.86217
4.9401 3.89173
4.98936 3.9213
5.03862 3.95087
5.08905 3.95087
5.13947 3.95087
5.1899 3.95087
5.24033 3.95087
5.29075 3.95087
5.34118 3.95087
5.39161 3.95087
5.44203 3.95087
5.49246 3.95087
5.54289 3.95087
5.59331 3.95087
5.64374 3.95087
5.69416 3.95087
5.74459 3.95087
5.79502 3.95087
5.84544 3.95087
5.89587 3.95087
5.9463 3.95087
5.99672 3.95087
6.04715 3.95087
6.09758 3.95087
6.148 3.95087
6.19843 3.95087
6.24886 3.95087
6.29928 3.95087
6.34971 3.95087
6.40013 3.95087
6.45056 3.95087
6.50099 3.95087
6.55141 3.95087
6.60184 3.95087
9.40123 5.05355
12.2006 5.05355
15.0 5.05355
0.0 0.492355
0.0502876 0.492355
0.100575 0.510873
0.150863 0.529392
0.201151 0.54791
0.251438 0.566428
0.301726 0.584947
0.352013 0.603465
0.402301 0.621983
0.452589 0.640502
0.502876 0.65902
0.553164 0.677538
0.603452 0.696056
0.653739 0.714575
0.704027 0.733093
0.754315 0.751611
0.804602 0.77013
0.85489 0.788648
0.905177 0.807166
0.955465 0.825685
1.00575 0.844203
1.05604 0.862721
1.10633 0.88124
1.15662 0.899758
1.2069 0.918276
1.25719 0.936794
1.30748 0.955313
1.35777 0.973831
1.40805 0.992349
1.45834 1.01087
1.50863 1.02939
1.55892 1.0479
1.60776 1.0479
1.6566 1.16323
1.70544 1.27855
1.75428 1.39387
1.80312 1.5092
1.85197 1.62452
1.90081 1.73984
1.94965 1.85517
1.99849 1.97049
2.04733 2.08582
2.09617 2.20114
2.14502 2.31646
2.19386 2.43179
2.2427 2.54711
2.29154 2.66243
2.34038 2.77776
2.39012 2.77776
2.43985 2.78234
2.48959 2.78693
2.53932 2.79152
2.58906 2.79611
2.63879 2.8007
2.68853 2.80529
2.73826 2.80988
2.788 2.81447
2.83773 2.81906
2.88747 2.82365
2.93721 2.82824
2.98694 2.83283
3.03668 2.83742
3.08641 2.84201
3.13615 2.8466
3.18588 2.85119
3.23562 2.85578
3.28535 2.86037
3.33509 2.86496
3.38482 2.86955
3.43456 2.87413
3.48429 2.87872
3.53403 2.88331
3.58376 2.8879
3.6335 2.89249
3.68324 2.89708
3.73297 2.90167
3.78271 2.90626
3.83244 2.91085
3.88218 2.91544
3.93191 2.92003
3.98165 2.92462
4.03138 2.92921
4.08112 2.9338
4.13085 2.93839
4.18059 2.94298
4.23032 2.94757
4.28006 2.95216
4.32979 2.95675
4.37953 2.96134
4.42927 2.96592
4.479 2.97051
4.52874 2.9751
4.57847 2.97969
4.62821 2.98428
4.67794 2.98887
4.72768 2.99346
4.77741 2.99805
4.82715 3.00264
4.87688 3.00723
4.92662 3.01182
4.97635 3.01641
5.02609 3.021
5.07582 3.02559
5.12556 3.03018
5.1753 3.03477
5.22503 3.03936
5.27477 3.04395
5.32461 3.04395
5.37445 3.0937
5.42429 3.14345
5.47413 3.1932
5.52397 3.24295
5.57382 3.2927
5.62366 3.34245
5.6735 3.3922
5.72334 3.44195
5.77318 3.4917
5.82303 3.54145
5.87287 3.5912
5.92271 3.64095
5.97255 3.6907
6.02239 3.74045
6.07223 3.7902
6.12208 3.83995
6.17192 3.8897
6.22176 3.93945
6.27126 3.93945
6.32076 3.93945
6.37026 3.93945
6.41976 3.93945
6.46926 3.93945
6.51876 3.93945
6.56826 3.93945
6.61776 3.93945
6.66726 3.93945
6.71676 3.93945
6.76626 3.93945
6.81576 3.93945
6.86526 3.93945
6.91476 3.93945
6.96426 3.93945
7.01376 3.93945
7.06326 3.93945
7.11276 3.93945
7.16226 3.93945
9.77484 4.83116
12.3874 4.83116
15.0 4.83116
0.0 0.480378
0.050411 0.480378
0.100822 0.502241
0.151233 0.524104
0.201644 0.545966
0.252055 0.567829
0.302466 0.589692
0.352877 0.611554
0.403288 0.633417
0.453699 0.65528
0.50411 0.677142
0.554521 0.699005
0.604932 0.720868
0.655343 0.74273
0.705753 0.764593
0.756164 0.786456
0.806575 0.808318
0.856986 0.830181
0.907397 0.852044
0.957808 0.873906
1.00822 0.895769
1.05863 0.917632
1.10904 0.939494
1.15945 0.961357
1.20986 0.98322
1.26027 1.00508
1.31069 1.02694
1.36066 1.02694
1.41063 1.06652
1.4606 1.10609
1.51057 1.14567
1.56055 1.18524
1.61052 1.22482
1.66049 1.26439
1.71046 1.30397
1.76043 1.34354
1.81041 1.38312
1.86038 1.42269
1.91035 1.46226
1.96032 1.50184
2.01029 1.54141
2.06027 1.58099
2.11024 1.62056
2.16021 1.66014
2.21018 1.69971
2.26016 1.73929
2.31013 1.77886
2.3601 1.81844
2.41007 1.85801
2.46004 1.89758
2.51002 1.93716
2.55999 1.97673
2.60996 2.01631
2.65993 2.05588
2.7099 2.09546
2.75988 2.13503
2.80985 2.17461
2.85982 2.21418
2.90979 2.25376
2.95977 2.29333
3.00974 2.3329
3.05971 2.37248
3.10968 2.41205
3.15965 2.45163
3.20963 2.4912
3.2596 2.53078
3.30957 2.57035
3.35954 2.60993
3.40951 2.6495
3.45949 2.68908
3.50946 2.72865
3.55943 2.76822
3.61021 2.76822
3.66099 2.77743
3.71178 2.78664
3.76256 2.79585
3.81334 2.80506
3.86412 2.81427
3.9149 2.82348
3.96568 2.83269
4.01646 2.8419
4.06725 2.85111
4.11803 2.86032
4.16881 2.86953
4.21959 2.87874
4.27037 2.88795
4.32115 2.89716
4.37194 2.90637
4.42272 2.91558
4.4735 2.92479
4.52428 2.934
4.57506 2.94321
4.62584 2.95242
4.67662 2.96162
4.72741 2.97083
4.77819 2.98004
4.82897 2.98925
4.87975 2.99846
4.93053 3.00767
4.98037 3.00767
5.03021 3.02793
5.08004 3.04819
5.12988 3.06846
5.17972 3.08872
5.22956 3.10898
5.27939 3.12924
5.32923 3.1495
5.37907 3.16976
5.42891 3.19002
5.47874 3.21029
5.52858 3.23055
5.57842 3.25081
5.62826 3.27107
5.67809 3.29133
5.72793 3.31159
5.77777 3.33185
5.82761 3.35212
5.87744 3.37238
5.92728 3.39264
5.97712 3.4129
6.02696 3.43316
6.07679 3.45342
6.12663 3.47368
6.17647 3.49395
6.22631 3.51421
6.27614 3.53447
6.32598 3.55473
6.37582 3.57499
6.42566 3.59525
6.47549 3.61551
6.52533 3.63578
6.57517 3.65604
6.62501 3.6763
6.67484 3.69656
6.72468 3.71682
6.77452 3.73708
6.82436 3.75734
6.87419 3.7776
6.92403 3.79787
6.97387 3.81813
7.02371 3.83839
7.07354 3.85865
7.12338 3.87891
7.17183 3.87891
7.22028 3.87891
7.26872 3.87891
7.31717 3.87891
7.36562 3.87891
7.41406 3.87891
7.46251 3.87891
7.51096 3.87891
7.5594 3.87891
7.60785 3.87891
7.6563 3.87891
7.70474 3.87891
7.75319 3.87891
7.80164 3.87891
10.2011 4.79449
12.6005 4.79449
15.0 4.79449
0.0 0.485932
0.0492374 0.485932
0.0984749 0.503996
0.147712 0.52206
0.19695 0.540124
0.246187 0.558189
0.295425 0.576253
0.344662 0.594317
0.393899 0.612381
0.443137 0.630445
0.492374 0.64851
0.541612 0.666574
0.590849 0.684638
0.640087 0.702702
0.689324 0.720766
0.738561 0.73883
0.787799 0.756895
0.837036 0.774959
0.886274 0.793023
0.935511 0.811087
0.984749 0.829151
1.03399 0.847215
1.08322 0.86528
1.13246 0.883344
1.1817 0.901408
1.23094 0.919472
1.28017 0.937536
1.32941 0.955601
1.37865 0.973665
1.42789 0.991729
1.47741 0.991729
1.52693 1.03754
1.57645 1.08336
1.62597 1.12918
1.67549 1.17499
1.72501 1.22081
1.77453 1.26662
1.82405 1.31244
1.87357 1.35825
1.92309 1.40407
1.97261 1.44988
2.02213 1.4957
2.07165 1.54151
2.12117 1.58733
2.17069 1.63314
2.22021 1.67896
2.26973 1.72478
2.31925 1.77059
2.36877 1.81641
2.41829 1.86222
2.46781 1.90804
2.51733 1.95385
2.56685 1.99967
2.61637 2.04548
2.66589 2.0913
2.71541 2.13711
2.76493 2.18293
2.81445 2.22874
2.86397 2.27456
2.91349 2.32038
2.96301 2.36619
3.01253 2.41201
3.06205 2.45782
3.11157 2.50364
3.16109 2.54945
3.21061 2.59527
3.26013 2.64108
3.30965 2.6869
3.35917 2.73271
3.40869 2.77853
3.45744 2.77853
3.50619 2.79395
3.55493 2.80938
3.60368 2.82481
3.65243 2.84023
3.70118 2.85566
3.74992 2.87108
3.79867 2.88651
3.84742 2.90193
3.89616 2.91736
3.94491 2.93278
3.99366 2.94821
4.04241 2.96363
4.09115 2.97906
4.1399 2.99448
4.18865 3.00991
4.2374 3.02533
4.28777 3.02533
4.33815 3.03995
4.38853 3.05457
4.4389 3.06919
4.48928 3.08381
4.53965 3.09843
4.59003 3.11305
4.64041 3.12767
4.69078 3.14229
4.74116 3.15691
4.79154 3.17153
4.84191 3.18615
4.89229 3.20077
4.94267 3.21539
4.99304 3.23001
5.04342 3.24463
5.0938 3.25925
5.14417 3.27387
5.19455 3.28849
5.24493 3.30311
5.2953 3.31773
5.34568 3.33235
5.39606 3.34697
5.44643 3.36159
5.49681 3.37621
5.54719 3.39083
5.59756 3.40545
5.64794 3.42007
5.69832 3.43469
5.74869 3.44931
5.79907 3.46392
5.84945 3.47854
5.89982 3.49316
5.9502 3.50778
6.00058 3.5224
6.05095 3.53702
6.10133 3.55164
6.1517 3.56626
6.20208 3.58088
6.25246 3.5955
6.30283 3.61012
6.35321 3.62474
6.40359 3.63936
6.45396 3.65398
6.50434 3.6686
6.55472 3.68322
6.60509 3.69784
6.65547 3.71246
6.70585 3.72708
6.75622 3.7417
6.8066 3.75632
6.85698 3.77094
6.90735 3.78556
6.95773 3.80018
7.00856 3.80018
7.0594 3.80018
7.11023 3.80018
7.16107 3.80018
7.2119 3.80018
7.26274 3.80018
7.31357 3.80018
7.36441 3.80018
7.41524 3.80018
7.46608 3.80018
7.51691 3.80018
7.56775 3.80018
7.61858 3.80018
7.66941 3.80018
7.72025 3.80018
10.1468 4.79969
12.5734 4.79969
15.0 4.79969
0.0 0.482286
0.0505148 0.482286
0.10103 0.500965
0.151544 0.519644
0.202059 0.538322
0.252574 0.557001
0.303089 0.57568
0.353604 0.594359
0.404118 0.613037
0.454633 0.631716
0.505148 0.650395
0.555663 0.669074
0.606178 0.687752
0.656692 0.706431
0.707207 0.72511
0.757722 0.743788
0.808237 0.762467
0.858752 0.781146
0.909266 0.799825
0.959781 0.818503
1.0103 0.837182
1.06081 0.855861
1.11133 0.87454
1.16184 0.893218
1.21236 0.911897
1.26215 0.911897
1.31195 0.963505
1.36175 1.01511
1.41155 1.06672
1.46134 1.11833
1.51114 1.16994
1.56094 1.22155
1.61074 1.27315
1.66053 1.32476
1.71033 1.37637
1.76013 1.42798
1.80993 1.47959
1.85972 1.5312
1.90952 1.5828
1.95932 1.63441
2.00912 1.68602
2.05891 1.73763
2.10871 1.78924
2.15851 1.84085
2.20831 1.89245
2.25811 1.94406
2.3079 1.99567
2.3577 2.04728
2.4075 2.09889
2.4573 2.15049
2.50709 2.2021
2.55689 2.25371
2.60669 2.30532
2.65649 2.35693
2.70628 2.40854
2.75608 2.46014
2.80588 2.51175
2.85568 2.56336
2.90547 2.61497
2.95527 2.66658
3.00507 2.71819
3.05487 2.76979
3.10503 2.76979
3.15519 2.77788
3.20535 2.78597
3.25551 2.79406
3.30567 2.80215
3.35584 2.81024
3.406 2.81832
3.45616 2.82641
3.50632 2.8345
3.55648 2.84259
3.60664 2.85068
3.65681 2.85877
3.70697 2.86686
3.75713 2.87494
3.80729 2.88303
3.85745 2.89112
3.90761 2.89921
3.95778 2.9073
4.00794 2.91539
4.0581 2.92348
4.10826 2.93156
4.15842 2.93965
4.20858 2.94774
4.25875 2.95583
4.30891 2.96392
4.35907 2.97201
4.40923 2.9801
4.45939 2.98818
4.50955 2.99627
4.55971 3.00436
4.60988 3.01245
4.66004 3.02054
4.7102 3.02863
4.76036 3.03671
4.81052 3.0448
4.86068 3.05289
4.91085 3.06098
4.96101 3.06907
5.01117 3.07716
5.06133 3.08525
5.11149 3.09333
5.16074 3.09333
5.20999 3.12145
5.25924 3.14956
5.30849 3.17768
5.35774 3.20579
5.40699 3.2339
5.45623 3.26202
5.50548 3.29013
5.55473 3.31824
5.60398 3.34636
5.65323 3.37447
5.70248 3.40258
5.75173 3.4307
5.80098 3.45881
5.85023 3.48692
5.89947 3.51504
5.94872 3.54315
5.99797 3.57126
6.04722 3.59938
6.09647 3.62749
6.14565 3.62749
6.19482 3.62749
6.244 3.62749
6.29318 3.62749
6.34236 3.62749
6.39153 3.62749
6.44071 3.62749
6.48989 3.62749
6.53906 3.62749
6.58824 3.62749
6.63742 3.62749
6.6866 3.62749
6.73577 3.62749
6.78495 3.62749
6.83413 3.62749
6.88331 3.62749
6.93248 3.62749
6.98166 3.62749
7.03084 3.62749
7.08001 3.62749
7.12919 3.62749
7.17837 3.62749
7.22755 3.62749
7.27672 3.62749
7.3259 3.62749
7.37508 3.62749
7.42425 3.62749
7.47343 3.62749
7.52261 3.62749
7.57179 3.62749
10.0479 4.87768
12.5239 4.87768
15.0 4.87768
0.0 0.470399
0.0504213 0.470399
0.100843 0.492499
0.151264 0.5146
0.201685 0.5367
0.252106 0.558801
0.302528 0.580902
0.352949 0.603002
0.40337 0.625103
0.453791 0.647203
0.504213 0.669304
0.554634 0.691404
0.605055 0.713505
0.655477 0.735606
0.705898 0.757706
0.756319 0.779807
0.80674 0.801907
0.857162 0.824008
0.907583 0.846108
0.958004 0.868209
1.00843 0.890309
1.05885 0.91241
1.10846 0.91241
1.15808 0.944466
1.20769 0.976521
1.25731 1.00858
1.30692 1.04063
1.35654 1.07269
1.40616 1.10474
1.45577 1.1368
1.50539 1.16885
1.555 1.20091
1.60462 1.23297
1.65423 1.26502
1.70385 1.29708
1.75346 1.32913
1.80308 1.36119
1.8527 1.39324
1.90231 1.4253
1.95193 1.45736
2.00154 1.48941
2.05116 1.52147
2.10077 1.55352
2.15039 1.58558
2.2 1.61763
2.24962 1.64969
2.29924 1.68174
2.34885 1.7138
2.39847 1.74586
2.44808 1.77791
2.4977 1.80997
2.54731 1.84202
2.59693 1.87408
2.64654 1.90613
2.69616 1.93819
2.74577 1.97024
2.79539 2.0023
2.84501 2.03436
2.89462 2.06641
2.94424 2.09847
2.99385 2.13052
3.04347 2.16258
3.09308 2.19463
3.1427 2.22669
3.19231 2.25875
3.24193 2.2908
3.29155 2.32286
3.34116 2.35491
3.39078 2.38697
3.44039 2.41902
3.49001 2.45108
3.53962 2.48313
3.58924 2.51519
3.63885 2.54725
3.68847 2.5793
3.73809 2.61136
3.7877 2.64341
3.83732 2.67547
3.88693 2.70752
3.93655 2.73958
3.98616 2.77163
4.03511 2.77163
4.08406 2.79505
4.13301 2.81847
4.18196 2.84189
4.23091 2.86531
4.27986 2.88873
4.32881 2.91215
4.37776 2.93557
4.42671 2.95899
4.47566 2.98241
4.52461 3.00583
4.57356 3.02925
4.62251 3.05267
4.67146 3.07608
4.72041 3.0995
4.76936 3.12292
4.81831 3.14634
4.8673 3.14634
4.91629 3.17467
4.96528 3.20299
5.01427 3.23132
5.06326 3.25964
5.11224 3.28797
5.16123 3.31629
5.21022 3.34462
5.25921 3.37294
5.3082 3.40127
5.35719 3.42959
5.40618 3.45792
5.45517 3.48624
5.50416 3.51457
5.55315 3.54289
5.60214 3.57122
5.65113 3.59954
5.70012 3.62787
5.75011 3.62787
5.8001 3.62787
5.85008 3.62787
5.90007 3.62787
5.95006 3.62787
6.00004 3.62787
6.05003 3.62787
6.10002 3.62787
6.15001 3.62787
6.19999 3.62787
6.24998 3.62787
6.29997 3.62787
6.34995 3.62787
6.39994 3.62787
6.44993 3.62787
6.49992 3.62787
6.5499 3.62787
6.59989 3.62787
6.64988 3.62787
6.69986 3.62787
6.74985 3.62787
6.79984 3.62787
6.84983 3.62787
9.56655 4.93587
12.2833 4.93587
15.0 4.93587
0.0 0.477575
0.0489334 0.477575
0.0978667 0.495752
0.1468 0.513929
0.195733 0.532106
0.244667 0.550284
0.2936 0.568461
0.342534 0.586638
0.391467 0.604815
0.4404 0.622992
0.489334 0.64117
0.538267 0.659347
0.5872 0.677524
0.636134 0.695701
0.685067 0.713878
0.734 0.732055
0.782934 0.750233
0.831867 0.76841
0.880801 0.786587
0.929734 0.804764
0.978667 0.822941
1.0276 0.841118
1.07653 0.859296
1.12547 0.877473
1.17648 0.877473
1.2275 0.956126
1.27851 1.03478
1.32953 1.11343
1.38054 1.19209
1.43156 1.27074
1.48257 1.34939
1.53359 1.42805
1.58461 1.5067
1.63562 1.58536
1.68664 1.66401
1.73765 1.74266
1.78867 1.82132
1.83968 1.89997
1.8907 1.97862
1.94171 2.05728
1.99273 2.13593
2.04374 2.21459
2.09476 2.29324
2.14577 2.37189
2.19679 2.45055
2.2478 2.5292
2.29882 2.60785
2.34984 2.68651
2.39944 2.68651
2.44905 2.71328
2.49865 2.74006
2.54826 2.76683
2.59786 2.79361
2.64747 2.82038
2.69707 2.84716
2.74668 2.87394
2.79628 2.90071
2.84589 2.92749
2.89549 2.95426
2.9451 2.98104
2.9947 3.00781
3.04431 3.03459
3.09391 3.06136
3.14352 3.08814
3.19312 3.11491
3.24273 3.14169
3.29233 3.16846
3.34194 3.19524
3.39153 3.19524
3.44113 3.20196
3.49073 3.20868
3.54032 3.21539
3.58992 3.22211
3.63951 3.22883
3.68911 3.23554
3.73871 3.24226
3.7883 3.24898
3.8379 3.2557
3.8875 3.26241
3.93709 3.26913
3.98669 3.27585
4.03629 3.28257
4.08588 3.28928
4.13548 3.296
4.18507 3.30272
4.23467 3.30944
4.28427 3.31615
4.33386 3.32287
4.38346 3.32959
4.43306 3.33631
4.48265 3.34302
4.53225 3.34974
4.58185 3.35646
4.63144 3.36318
4.68104 3.36989
4.73064 3.37661
4.78023 3.38333
4.82983 3.39005
4.87942 3.39676
4.92902 3.40348
4.97862 3.4102
5.02821 3.41692
5.07781 3.42363
5.12741 3.43035
5.177 3.43707
5.2266 3.44379
5.2765 3.44379
5.3264 3.44379
5.37629 3.44379
5.42619 3.44379
5.47609 3.44379
5.52599 3.44379
5.57589 3.44379
5.62579 3.44379
5.67569 3.44379
5.72559 3.44379
5.77548 3.44379
5.82538 3.44379
5.87528 3.44379
5.92518 3.44379
5.97508 3.44379
6.02498 3.44379
6.07488 3.44379
6.12477 3.44379
6.17467 3.44379
6.22457 3.44379
6.27447 3.44379
6.32437 3.44379
6.37427 3.44379
6.42417 3.44379
6.47406 3.44379
6.52396 3.44379
6.57386 3.44379
6.62376 3.44379
9.41584 4.8536
12.2079 4.8536
15.0 4.8536
0.0 0.473116
0.0500674 0.473116
0.100135 0.493449
0.150202 0.513781
0.20027 0.534114
0.250337 0.554446
0.300404 0.574778
0.350472 0.595111
0.400539 0.615443
0.450607 0.635775
0.500674 0.656108
0.550741 0.67644
0.600809 0.696772
0.650876 0.717105
0.700944 0.737437
0.751011 0.75777
0.801078 0.778102
0.851146 0.798434
0.901213 0.818767
0.951281 0.839099
1.00135 0.859431
1.05142 0.879764
1.10148 0.900096
1.15155 0.920428
1.20162 0.940761
1.25169 0.961093
1.30175 0.981426
1.35182 1.00176
1.40189 1.02209
1.45195 1.04242
1.50202 1.06276
1.55291 1.06276
1.60379 1.16198
1.65467 1.2612
1.70556 1.36043
1.75644 1.45965
1.80732 1.55888
1.85821 1.6581
1.90909 1.75733
1.95997 1.85655
2.01086 1.95578
2.06174 2.055
2.11262 2.15423
2.16351 2.25345
2.21439 2.35267
2.26527 2.4519
2.31616 2.55112
2.36704 2.65035
2.41792 2.74957
2.47057 2.74957
2.52322 2.80801
2.57588 2.86645
2.62853 2.92489
2.68118 2.98333
2.73383 3.04177
2.78648 3.10021
2.83913 3.15865
2.89178 3.21709
2.94099 3.21709
2.9902 3.21769
3.03941 3.2183
3.08861 3.2189
3.13782 3.21951
3.18703 3.22011
3.23624 3.22072
3.28544 3.22132
3.33465 3.22192
3.38386 3.22253
3.43307 3.22313
3.48227 3.22374
3.53148 3.22434
3.58069 3.22495
3.6299 3.22555
3.6791 3.22616
3.72831 3.22676
3.77752 3.22737
3.82672 3.22797
3.87593 3.22858
3.92514 3.22918
3.97435 3.22978
4.02514 3.22978
4.07593 3.22978
4.12672 3.22978
4.17751 3.22978
4.2283 3.22978
4.27909 3.22978
4.32988 3.22978
4.38067 3.22978
4.43146 3.22978
4.48225 3.22978
4.53304 3.22978
4.58383 3.22978
4.63462 3.22978
4.68541 3.22978
4.7362 3.22978
4.78699 3.22978
4.83778 3.22978
4.88857 3.22978
4.93936 3.22978
4.99015 3.22978
5.04094 3.22978
5.09173 3.22978
5.14252 3.22978
5.19331 3.22978
5.2441 3.22978
5.29489 3.22978
5.34567 3.22978
5.39646 3.22978
7.79735 4.81016
10.1982 4.81016
12.5991 4.81016
15.0 4.81016
0.0 0.471119
0.050748 0.471119
0.101496 0.491951
0.152244 0.512782
0.202992 0.533614
0.25374 0.554446
0.304488 0.575278
0.355236 0.59611
0.405984 0.616942
0.456732 0.637773
0.50748 0.658605
0.558228 0.679437
0.608976 0.700269
0.659724 0.721101
0.710472 0.741932
0.76122 0.762764
0.811968 0.783596
0.862716 0.804428
0.913464 0.82526
0.964212 0.846092
1.01496 0.866923
1.06571 0.887755
1.11646 0.908587
1.1672 0.929419
1.21795 0.950251
1.2687 0.971082
1.32001 0.971082
1.37132 1.07588
1.42264 1.18068
1.47395 1.28549
1.52526 1.39029
1.57657 1.49509
1.62788 1.59989
1.67919 1.70469
1.73051 1.80949
1.78182 1.91429
1.83313 2.01909
1.88444 2.1239
1.93575 2.2287
1.98707 2.3335
2.03838 2.4383
2.08969 2.5431
2.141 2.6479
2.19231 2.7527
2.24263 2.7527
2.29295 2.78162
2.34327 2.81053
2.39358 2.83945
2.4439 2.86837
2.49422 2.89728
2.54454 2.9262
2.59486 2.95512
2.64517 2.98403
2.69549 3.01295
2.74581 3.04186
2.79613 3.07078
2.84644 3.0997
2.89676 3.12861
2.94603 3.12861
2.99529 3.13328
3.04456 3.13794
3.09382 3.1426
3.14309 3.14726
3.19235 3.15193
3.24162 3.15659
3.29088 3.16125
3.34015 3.16591
3.38941 3.17058
3.43868 3.17524
3.48794 3.1799
3.53721 3.18457
3.58648 3.18923
3.63574 3.19389
3.68501 3.19855
3.73427 3.20322
3.78354 3.20788
3.8328 3.21254
3.88207 3.2172
3.93281 3.2172
3.98356 3.2172
4.03431 3.2172
4.08505 3.2172
4.1358 3.2172
4.18654 3.2172
4.23729 3.2172
4.28804 3.2172
4.33878 3.2172
4.38953 3.2172
4.44027 3.2172
4.49102 3.2172
4.54177 3.2172
4.59251 3.2172
4.64326 3.2172
4.69401 3.2172
4.74475 3.2172
4.7955 3.2172
4.84624 3.2172
4.89699 3.2172
4.94774 3.2172
4.99848 3.2172
5.04923 3.2172
5.09998 3.2172
5.15072 3.2172
5.20147 3.2172
5.25221 3.2172
5.30296 3.2172
7.72722 4.83191
10.1515 4.83191
12.5757 4.83191
15.0 4.83191
0.0 0.482167
0.0509478 0.482167
0.101896 0.502305
0.152843 0.522443
0.203791 0.54258
0.254739 0.562718
0.305687 0.582856
0.356635 0.602994
0.407582 0.623132
0.45853 0.64327
0.509478 0.663407
0.560426 0.683545
0.611374 0.703683
0.662321 0.723821
0.713269 0.743959
0.764217 0.764097
0.815165 0.784235
0.866113 0.804372
0.91706 0.82451
0.968008 0.844648
1.01896 0.864786
1.0699 0.884924
1.12085 0.905062
1.1707 0.905062
1.22055 0.984549
1.2704 1.06404
1.32025 1.14352
1.3701 1.22301
1.41996 1.3025
1.46981 1.38199
1.51966 1.46147
1.56951 1.54096
1.61936 1.62045
1.66921 1.69994
1.71906 1.77942
1.76891 1.85891
1.81876 1.9384
1.86861 2.01789
1.91846 2.09738
1.96831 2.17686
2.01816 2.25635
2.06801 2.33584
2.11786 2.41533
2.16771 2.49481
2.21756 2.5743
2.26742 2.65379
2.31727 2.73328
2.36785 2.73328
2.41844 2.7562
2.46902 2.77912
2.51961 2.80205
2.5702 2.82497
2.62078 2.8479
2.67137 2.87082
2.72196 2.89374
2.77254 2.91667
2.82313 2.93959
2.87371 2.96252
2.9243 2.98544
2.97489 3.00836
3.02547 3.03129
3.07606 3.05421
3.12665 3.07714
3.17723 3.10006
3.22782 3.12298
3.2784 3.14591
3.32899 3.16883
3.37958 3.19176
3.4286 3.19176
3.47762 3.19183
3.52664 3.19191
3.57565 3.19198
3.62467 3.19206
3.67369 3.19213
3.72271 3.19221
3.77173 3.19228
3.82075 3.19236
3.86977 3.19243
3.91879 3.1925
3.96781 3.19258
4.01683 3.19265
4.06585 3.19273
4.11487 3.1928
4.16389 3.19288
4.21291 3.19295
4.26193 3.19303
4.31239 3.19303
4.36285 3.19303
4.41331 3.19303
4.46376 3.19303
4.51422 3.19303
4.56468 3.19303
4.61514 3.19303
4.6656 3.19303
4.71606 3.19303
4.76652 3.19303
4.81698 3.19303
4.86744 3.19303
4.9179 3.19303
7.43842 4.78377
9.95895 4.78377
12.4795 4.78377
15.0 4.78377
0.0 0.472369
0.0505629 0.472369
0.101126 0.492965
0.151689 0.513561
0.202252 0.534158
0.252814 0.554754
0.303377 0.57535
0.35394 0.595946
0.404503 0.616542
0.455066 0.637138
0.505629 0.657734
0.556192 0.67833
0.606755 0.698926
0.657317 0.719522
0.70788 0.740118
0.758443 0.760715
0.809006 0.781311
0.859569 0.801907
0.910132 0.822503
0.960695 0.843099
1.01126 0.863695
1.06182 0.884291
1.11238 0.904887
1.16295 0.925483
1.21351 0.946079
1.26407 0.966675
1.31463 0.987271
1.3652 1.00787
1.41576 1.02846
1.46632 1.04906
1.51689 1.06966
1.56745 1.09025
1.61645 1.09025
1.66545 1.15869
1.71445 1.22713
1.76345 1.29557
1.81245 1.36401
1.86145 1.43246
1.91045 1.5009
1.95945 1.56934
2.00845 1.63778
2.05745 1.70622
2.10645 1.77466
2.15545 1.8431
2.20445 1.91154
2.25345 1.97998
2.30245 2.04842
2.35145 2.11686
2.40045 2.1853
2.44945 2.25374
2.49845 2.32218
2.54745 2.39062
2.59645 2.45906
2.64545 2.52751
2.69445 2.59595
2.7449 2.59595
2.79535 2.61052
2.84581 2.6251
2.89626 2.63968
2.94671 2.65426
2.99717 2.66884
3.04762 2.68342
3.09807 2.69799
3.14853 2.71257
3.19898 2.72715
3.24943 2.74173
3.29989 2.75631
3.35034 2.77089
3.40079 2.78546
3.45125 2.80004
3.5017 2.81462
3.55215 2.8292
3.60261 2.84378
3.65306 2.85836
3.70351 2.87294
3.75397 2.88751
3.80442 2.90209
3.85487 2.91667
3.90533 2.93125
3.95578 2.94583
4.00623 2.96041
4.05669 2.97498
4.10714 2.98956
4.1576 3.00414
4.20805 3.01872
4.2585 3.0333
4.30896 3.04788
4.35941 3.06245
4.40867 3.06245
4.45793 3.07111
4.5072 3.07978
4.55646 3.08844
4.60572 3.0971
4.65498 3.10576
4.70425 3.11442
4.75351 3.12308
4.80277 3.13174
4.85203 3.1404
4.9013 3.14906
4.95056 3.15772
4.99982 3.16638
5.04908 3.17504
5.09835 3.1837
5.14761 3.19236
5.19687 3.20102
5.24613 3.20968
5.2954 3.21834
5.34466 3.227
5.39392 3.23566
5.44374 3.23566
5.49356 3.23566
5.54338 3.23566
5.5932 3.23566
5.64302 3.23566
5.69283 3.23566
5.74265 3.23566
5.79247 3.23566
5.84229 3.23566
5.89211 3.23566
5.94193 3.23566
5.99175 3.23566
6.04157 3.23566
6.09139 3.23566
6.14121 3.23566
6.19102 3.23566
6.24084 3.23566
6.29066 3.23566
6.34048 3.23566
6.3903 3.23566
6.44012 3.23566
6.48994 3.23566
6.53976 3.23566
6.58958 3.23566
6.6394 3.23566
6.68921 3.23566
6.73903 3.23566
6.78885 3.23566
6.83867 3.23566
6.88849 3.23566
6.93831 3.23566
6.98813 3.23566
7.03795 3.23566
7.08777 3.23566
7.13758 3.23566
7.1874 3.23566
7.23722 3.23566
7.28704 3.23566
7.33686 3.23566
7.38668 3.23566
7.4365 3.23566
7.48632 3.23566
7.53614 3.23566
7.58596 3.23566
7.63577 3.23566
7.68559 3.23566
10.1237 4.68093
12.5619 4.68093
15.0 4.68093
0.0 0.480317
0.0494414 0.480317
0.0988827 0.501172
0.148324 0.522027
0.197765 0.542882
0.247207 0.563737
0.296648 0.584592
0.34609 0.605447
0.395531 0.626302
0.444972 0.647157
0.494414 0.668011
0.543855 0.688866
0.593296 0.709721
0.642738 0.730576
0.692179 0.751431
0.74162 0.772286
0.791062 0.793141
0.840503 0.813996
0.889945 0.834851
0.939386 0.855706
0.988827 0.876561
1.03827 0.897416
1.08771 0.918271
1.13715 0.939125
1.18659 0.95998
1.23603 0.980835
1.28548 1.00169
1.33492 1.02255
1.38436 1.0434
1.4338 1.06426
1.48324 1.08511
1.53268 1.10596
1.58212 1.12682
1.63265 1.12682
1.68318 1.16286
1.7337 1.19891
1.78423 1.23495
1.83475 1.271
1.88528 1.30704
1.93581 1.34309
1.98633 1.37913
2.03686 1.41517
2.08738 1.45122
2.13791 1.48726
2.18844 1.52331
2.23896 1.55935
2.28949 1.5954
2.34001 1.63144
2.39054 1.66749
2.44107 1.70353
2.49159 1.73957
2.54212 1.77562
2.59264 1.81166
2.64317 1.84771
2.6937 1.88375
2.74422 1.9198
2.79475 1.95584
2.84528 1.99189
2.8958 2.02793
2.94633 2.06397
2.99685 2.10002
3.04738 2.13606
3.09791 2.17211
3.14843 2.20815
3.19896 2.2442
3.24948 2.28024
3.30001 2.31628
3.35054 2.35233
3.40106 2.38837
3.45159 2.42442
3.50211 2.46046
3.55264 2.49651
3.60317 2.53255
3.65369 2.5686
3.70422 2.60464
3.75468 2.60464
3.80514 2.63245
3.8556 2.66026
3.90606 2.68807
3.95652 2.71588
4.00698 2.74368
4.05744 2.77149
4.1079 2.7993
4.15836 2.82711
4.20882 2.85492
4.25928 2.88273
4.30974 2.91054
4.36021 2.93835
4.41067 2.96615
4.46113 2.99396
4.51159 3.02177
4.56205 3.04958
4.61193 3.04958
4.66182 3.05571
4.7117 3.06183
4.76159 3.06796
4.81147 3.07409
4.86136 3.08021
4.91125 3.08634
4.96113 3.09246
5.01102 3.09859
5.0609 3.10472
5.11079 3.11084
5.16067 3.11697
5.21056 3.1231
5.26044 3.12922
5.31033 3.13535
5.36021 3.14147
5.4101 3.1476
5.45998 3.15373
5.50987 3.15985
5.55976 3.16598
5.60964 3.17211
5.65953 3.17823
5.70941 3.18436
5.7593 3.19048
5.80918 3.19661
5.85907 3.20274
5.90895 3.20886
5.95884 3.21499
6.00872 3.22112
6.05891 3.22112
6.1091 3.22112
6.15928 3.22112
6.20947 3.22112
6.25966 3.22112
6.30984 3.22112
6.36003 3.22112
6.41022 3.22112
6.4604 3.22112
6.51059 3.22112
6.56078 3.22112
6.61097 3.22112
6.66115 3.22112
6.71134 3.22112
6.76153 3.22112
6.81171 3.22112
6.8619 3.22112
6.91209 3.22112
6.96227 3.22112
7.01246 3.22112
7.06265 3.22112
7.11283 3.22112
7.16302 3.22112
7.21321 3.22112
7.26339 3.22112
7.31358 3.22112
7.36377 3.22112
7.41395 3.22112
9.94264 4.70672
12.4713 4.70672
15.0 4.70672
0.0 0.481531
0.0503208 0.481531
0.100642 0.499995
0.150962 0.51846
0.201283 0.536924
0.251604 0.555388
0.301925 0.573852
0.352245 0.592316
0.402566 0.610781
0.452887 0.629245
0.503208 0.647709
0.553529 0.666173
0.603849 0.684637
0.65417 0.703102
0.704491 0.721566
0.754812 0.74003
0.805133 0.758494
0.855453 0.776959
0.905774 0.795423
0.956095 0.813887
1.00642 0.832351
1.05674 0.850815
1.10706 0.86928
1.15738 0.887744
1.2077 0.906208
1.25802 0.924672
1.30834 0.943136
1.35866 0.961601
1.40898 0.980065
1.4593 0.998529
1.50962 1.01699
1.55994 1.03546
1.61027 1.05392
1.66059 1.07239
1.71091 1.09085
1.76123 1.10931
1.81155 1.12778
1.86187 1.14624
1.91219 1.16471
1.96251 1.18317
2.01283 1.20164
2.06201 1.20164
2.11118 1.24937
2.16036 1.2971
2.20953 1.34484
2.25871 1.39257
2.30788 1.4403
2.35706 1.48804
2.40623 1.53577
2.4554 1.58351
2.50458 1.63124
2.55375 1.67897
2.60293 1.72671
2.6521 1.77444
2.70128 1.82218
2.75045 1.86991
2.79963 1.91764
2.8488 1.96538
2.89798 2.01311
2.94715 2.06084
2.99633 2.10858
3.0455 2.15631
3.09468 2.20405
3.14385 2.25178
3.19303 2.29951
3.2422 2.34725
3.29138 2.39498
3.34055 2.44272
3.38973 2.49045
3.4389 2.53818
3.4884 2.53818
3.5379 2.55635
3.58739 2.57453
3.63689 2.5927
3.68639 2.61087
3.73588 2.62904
3.78538 2.64721
3.83488 2.66538
3.88437 2.68355
3.93387 2.70172
3.98337 2.71989
4.03286 2.73806
4.08236 2.75624
4.13186 2.77441
4.18135 2.79258
4.23085 2.81075
4.28035 2.82892
4.32984 2.84709
4.37934 2.86526
4.42884 2.88343
4.47833 2.9016
4.52783 2.91978
4.57679 2.91978
4.62575 2.93543
4.67472 2.95109
4.72368 2.96675
4.77264 2.98241
4.8216 2.99807
4.87056 3.01373
4.91952 3.02939
4.96849 3.04504
5.01745 3.0607
5.06641 3.07636
5.11537 3.09202
5.16433 3.10768
5.21329 3.12334
5.26226 3.139
5.31122 3.15465
5.36018 3.17031
5.40914 3.18597
5.4581 3.20163
5.50706 3.21729
5.5577 3.21729
5.60834 3.21729
5.65898 3.21729
5.70962 3.21729
5.76025 3.21729
5.81089 3.21729
5.86153 3.21729
5.91217 3.21729
5.96281 3.21729
6.01344 3.21729
6.06408 3.21729
6.11472 3.21729
6.16536 3.21729
6.216 3.21729
6.26663 3.21729
6.31727 3.21729
6.36791 3.21729
6.41855 3.21729
6.46918 3.21729
6.51982 3.21729
6.57046 3.21729
6.6211 3.21729
6.67174 3.21729
6.72237 3.21729
6.77301 3.21729
6.82365 3.21729
6.87429 3.21729
6.92493 3.21729
6.97556 3.21729
7.0262 3.21729
7.07684 3.21729
7.12748 3.21729
7.17812 3.21729
7.22875 3.21729
7.27939 3.21729
9.85293 4.73397
12.4265 4.73397
15.0 4.73397
0.0 0.481527
0.0495264 0.481527
0.0990528 0.499739
0.148579 0.517951
0.198106 0.536163
0.247632 0.554375
0.297159 0.572587
0.346685 0.590799
0.396211 0.609011
0.445738 0.627223
0.495264 0.645435
0.544791 0.663647
0.594317 0.681859
0.643843 0.700071
0.69337 0.718283
0.742896 0.736495
0.792423 0.754707
0.841949 0.77292
0.891476 0.791132
0.941002 0.809344
0.990528 0.827556
1.04005 0.845768
1.08958 0.86398
1.13911 0.882192
1.18863 0.900404
1.23816 0.918616
1.28769 0.936828
1.33721 0.95504
1.38674 0.973252
1.43627 0.991464
1.48579 1.00968
1.53532 1.02789
1.58485 1.0461
1.63437 1.06431
1.6839 1.08252
1.73342 1.10074
1.78295 1.11895
1.83248 1.13716
1.882 1.15537
1.93373 1.15537
1.98545 1.29777
2.03717 1.44017
2.08889 1.58257
2.14062 1.72497
2.19234 1.86737
2.24406 2.00976
2.29578 2.15216
2.34751 2.29456
2.39923 2.43696
2.45095 2.57936
2.50176 2.57936
2.55257 2.5924
2.60338 2.60544
2.65419 2.61848
2.70499 2.63152
2.7558 2.64456
2.80661 2.6576
2.85742 2.67064
2.90823 2.68368
2.95904 2.69672
3.00985 2.70976
3.06065 2.7228
3.11146 2.73585
3.16227 2.74889
3.21308 2.76193
3.26389 2.77497
3.3147 2.78801
3.36551 2.80105
3.41631 2.81409
3.46712 2.82713
3.51793 2.84017
3.56874 2.85321
3.61955 2.86625
3.67036 2.87929
3.71982 2.87929
3.76928 2.89107
3.81875 2.90285
3.86821 2.91463
3.91767 2.92641
3.96714 2.93819
4.0166 2.94997
4.06606 2.96175
4.11553 2.97353
4.16499 2.98531
4.21445 2.99709
4.26392 3.00887
4.31338 3.02065
4.36284 3.03243
4.41231 3.04421
4.46177 3.05599
4.51123 3.06777
4.56069 3.07955
4.61016 3.09133
4.65962 3.10311
4.70908 3.11489
4.75855 3.12667
4.80801 3.13845
4.85747 3.15023
4.90694 3.16201
4.9564 3.17379
5.00586 3.18557
5.05533 3.19735
5.10479 3.20913
5.15425 3.22091
5.20372 3.23269
5.25318 3.24447
5.30317 3.24447
5.35315 3.24447
5.40314 3.24447
5.45313 3.24447
5.50312 3.24447
5.5531 3.24447
5.60309 3.24447
5.65308 3.24447
5.70307 3.24447
5.75306 3.24447
5.80304 3.24447
5.85303 3.24447
5.90302 3.24447
5.95301 3.24447
6.00299 3.24447
6.05298 3.24447
6.10297 3.24447
6.15296 3.24447
6.20294 3.24447
6.25293 3.24447
6.30292 3.24447
6.35291 3.24447
6.40289 3.24447
6.45288 3.24447
6.50287 3.24447
6.55286 3.24447
6.60284 3.24447
6.65283 3.24447
6.70282 3.24447
6.75281 3.24447
6.80279 3.24447
6.85278 3.24447
6.90277 3.24447
6.95276 3.24447
7.00275 3.24447
7.05273 3.24447
7.10272 3.24447
7.15271 3.24447
7.2027 3.24447
7.25268 3.24447
7.30267 3.24447
7.35266 3.24447
7.40265 3.24447
7.45263 3.24447
7.50262 3.24447
7.55261 3.24447
7.6026 3.24447
7.65258 3.24447
7.70257 3.24447
7.75256 3.24447
10.1684 4.77638
12.5842 4.77638
15.0 4.77638
0.0 0.471984
0.0501788 0.471984
0.100358 0.491782
0.150537 0.51158
0.200715 0.531378
0.250894 0.551176
0.301073 0.570974
0.351252 0.590771
0.401431 0.610569
0.45161 0.630367
0.501788 0.650165
0.551967 0.669963
0.602146 0.689761
0.652325 0.709558
0.702504 0.729356
0.752683 0.749154
0.802861 0.768952
0.85304 0.78875
0.903219 0.808547
0.953398 0.828345
1.00358 0.848143
1.05376 0.867941
1.10393 0.887739
1.15411 0.907537
1.20429 0.927334
1.25447 0.947132
1.30465 0.96693
1.35483 0.986728
1.40501 1.00653
1.45519 1.02632
1.50537 1.04612
1.55554 1.06592
1.60572 1.08572
1.6559 1.10551
1.70608 1.12531
1.75626 1.14511
1.80644 1.16491
1.85648 1.16491
1.90652 1.26524
1.95657 1.36558
2.00661 1.46591
2.05665 1.56625
2.1067 1.66658
2.15674 1.76692
2.20678 1.86725
2.25682 1.96758
2.30687 2.06792
2.35691 2.16825
2.40695 2.26859
2.457 2.36892
2.50704 2.46926
2.55708 2.56959
2.60701 2.56959
2.65694 2.58331
2.70687 2.59702
2.7568 2.61074
2.80673 2.62446
2.85665 2.63818
2.90658 2.65189
2.95651 2.66561
3.00644 2.67933
3.05637 2.69304
3.1063 2.70676
3.15623 2.72048
3.20616 2.7342
3.25608 2.74791
3.30601 2.76163
3.35594 2.77535
3.40587 2.78906
3.4558 2.80278
3.50573 2.8165
3.55566 2.83021
3.60558 2.84393
3.65551 2.85765
3.70544 2.87137
3.75537 2.88508
3.80603 2.88508
3.85668 2.89632
3.90734 2.90755
3.95799 2.91879
4.00865 2.93003
4.0593 2.94126
4.10996 2.9525
4.16061 2.96374
4.21126 2.97497
4.26192 2.98621
4.31257 2.99745
4.36323 3.00868
4.41388 3.01992
4.46454 3.03115
4.51519 3.04239
4.56585 3.05363
4.6165 3.06486
4.66716 3.0761
4.71781 3.08734
4.76847 3.09857
4.81912 3.10981
4.86978 3.12104
4.92043 3.13228
4.97109 3.14352
5.02174 3.15475
5.0724 3.16599
5.12305 3.17723
5.17371 3.18846
5.22436 3.1997
5.27502 3.21094
5.32567 3.22217
5.37633 3.23341
5.42698 3.24464
5.47649 3.24464
5.52599 3.24464
5.5755 3.24464
5.625 3.24464
5.67451 3.24464
5.72401 3.24464
5.77352 3.24464
5.82303 3.24464
5.87253 3.24464
5.92204 3.24464
5.97154 3.24464
6.02105 3.24464
6.07055 3.24464
6.12006 3.24464
6.16956 3.24464
6.21907 3.24464
6.26857 3.24464
6.31808 3.24464
6.36758 3.24464
6.41709 3.24464
6.46659 3.24464
6.5161 3.24464
6.56561 3.24464
6.61511 3.24464
6.66462 3.24464
6.71412 3.24464
6.76363 3.24464
6.81313 3.24464
6.86264 3.24464
6.91214 3.24464
6.96165 3.24464
7.01115 3.24464
7.06066 3.24464
7.11016 3.24464
7.15967 3.24464
7.20918 3.24464
7.25868 3.24464
7.30819 3.24464
7.35769 3.24464
7.4072 3.24464
7.4567 3.24464
7.50621 3.24464
7.55571 3.24464
7.60522 3.24464
10.0701 4.8356
12.5351 4.8356
15.0 4.8356
0.0 0.479926
0.0499782 0.479926
0.0999563 0.499466
0.149935 0.519006
0.199913 0.538547
0.249891 0.558087
0.299869 0.577627
0.349847 0.597167
0.399825 0.616707
0.449804 0.636248
0.499782 0.655788
0.54976 0.675328
0.599738 0.694868
0.649716 0.714409
0.699694 0.733949
0.749673 0.753489
0.799651 0.773029
0.849629 0.79257
0.899607 0.81211
0.949585 0.83165
0.999563 0.85119
1.04954 0.87073
1.09952 0.890271
1.1495 0.909811
1.19948 0.929351
1.24945 0.948891
1.29943 0.968432
1.34941 0.987972
1.39939 1.00751
1.44937 1.02705
1.49935 1.04659
1.54932 1.06613
1.5993 1.08567
1.64928 1.10521
1.69926 1.12475
1.74924 1.14429
1.79921 1.16383
1.84919 1.18337
1.89917 1.20291
1.94915 1.22245
1.99913 1.24199
2.0491 1.26154
2.09908 1.28108
2.14906 1.30062
2.19904 1.32016
2.2488 1.32016
2.29856 1.41536
2.34833 1.51057
2.39809 1.60578
2.44785 1.70099
2.49761 1.7962
2.54738 1.89141
2.59714 1.98662
2.6469 2.08182
2.69666 2.17703
2.74643 2.27224
2.79619 2.36745
2.84595 2.46266
2.89571 2.55787
2.94585 2.55787
2.996 2.57063
3.04614 2.58339
3.09628 2.59615
3.14642 2.60892
3.19657 2.62168
3.24671 2.63444
3.29685 2.6472
3.34699 2.65996
3.39714 2.67273
3.44728 2.68549
3.49742 2.69825
3.54756 2.71101
3.59771 2.72377
3.64785 2.73654
3.69799 2.7493
3.74813 2.76206
3.79828 2.77482
3.84842 2.78759
3.89856 2.80035
3.9487 2.81311
3.99885 2.82587
4.04899 2.83863
4.09904 2.83863
4.14909 2.85191
4.19914 2.86519
4.2492 2.87847
4.29925 2.89174
4.3493 2.90502
4.39935 2.9183
4.4494 2.93158
4.49946 2.94485
4.54951 2.95813
4.59956 2.97141
4.64961 2.98469
4.69966 2.99796
4.74971 3.01124
4.79977 3.02452
4.84982 3.0378
4.89987 3.05107
4.94992 3.06435
4.99997 3.07763
5.05002 3.09091
5.10008 3.10418
5.15013 3.11746
5.20018 3.13074
5.25023 3.14402
5.30028 3.15729
5.35033 3.17057
5.40039 3.18385
5.45044 3.19713
5.50049 3.2104
5.55054 3.22368
5.60059 3.23696
5.65064 3.25024
5.7007 3.26351
5.75075 3.27679
5.8008 3.29007
5.85085 3.30335
5.9009 3.31662
5.94965 3.31662
5.99841 3.31662
6.04716 3.31662
6.09591 3.31662
6.14466 3.31662
6.19341 3.31662
6.24217 3.31662
6.29092 3.31662
6.33967 3.31662
6.38842 3.31662
6.43717 3.31662
6.48593 3.31662
6.53468 3.31662
6.58343 3.31662
6.63218 3.31662
6.68093 3.31662
6.72969 3.31662
6.77844 3.31662
9.51896 4.82588
12.2595 4.82588
15.0 4.82588
0.0 0.489849
0.0500495 0.489849
0.100099 0.508409
0.150148 0.526969
0.200198 0.54553
0.250247 0.56409
0.300297 0.582651
0.350346 0.601211
0.400396 0.619771
0.450445 0.638332
0.500495 0.656892
0.550544 0.675453
0.600593 0.694013
0.650643 0.712573
0.700692 0.731134
0.750742 0.749694
0.800791 0.768254
0.850841 0.786815
0.90089 0.805375
0.95094 0.823936
1.00099 0.842496
1.05104 0.861056
1.10109 0.879617
1.15114 0.898177
1.20119 0.916738
1.25124 0.935298
1.30129 0.953858
1.35134 0.972419
1.40138 0.990979
1.45143 1.00954
1.50148 1.0281
1.55153 1.04666
1.60158 1.06522
1.65163 1.08378
1.70168 1.10234
1.75173 1.1209
1.80178 1.13946
1.85183 1.15802
1.90188 1.17658
1.95193 1.19514
2.00198 1.2137
2.05203 1.23226
2.10208 1.25082
2.15213 1.26939
2.20218 1.28795
2.25223 1.30651
2.30227 1.32507
2.35232 1.34363
2.40237 1.36219
2.45242 1.38075
2.50247 1.39931
2.55252 1.41787
2.60257 1.43643
2.65262 1.45499
2.70267 1.47355
2.75251 1.47355
2.80236 1.53336
2.8522 1.59316
2.90204 1.65297
2.95189 1.71277
3.00173 1.77258
3.05157 1.83239
3.10141 1.89219
3.15126 1.952
3.2011 2.0118
3.25094 2.07161
3.30079 2.13142
3.35063 2.19122
3.40047 2.25103
3.45032 2.31083
3.50016 2.37064
3.55 2.43045
3.59985 2.49025
3.64969 2.55006
3.69953 2.60987
3.74943 2.60987
3.79933 2.62264
3.84923 2.63542
3.89913 2.64819
3.94903 2.66097
3.99893 2.67375
4.04883 2.68652
4.09873 2.6993
4.14863 2.71208
4.19853 2.72485
4.24843 2.73763
4.29833 2.75041
4.34823 2.76318
4.39813 2.77596
4.44803 2.78873
4.49793 2.80151
4.54783 2.81429
4.59793 2.81429
4.64803 2.82785
4.69813 2.84141
4.74823 2.85497
4.79833 2.86853
4.84843 2.88209
4.89854 2.89566
4.94864 2.90922
4.99874 2.92278
5.04884 2.93634
5.09894 2.9499
5.14904 2.96346
5.19914 2.97702
5.24925 2.99058
5.29935 3.00415
5.34945 3.01771
5.39955 3.03127
5.44965 3.04483
5.49975 3.05839
5.54985 3.07195
5.59996 3.08551
5.65006 3.09907
5.70016 3.11264
5.75026 3.1262
5.80036 3.13976
5.85046 3.15332
5.90056 3.16688
5.95067 3.18044
6.00077 3.194
6.05087 3.20756
6.10097 3.22112
6.15107 3.23469
6.20117 3.24825
6.25127 3.26181
6.30138 3.27537
6.35148 3.28893
6.40158 3.30249
6.45168 3.31605
6.50178 3.32961
6.55188 3.34318
6.60116 3.34318
6.65045 3.34318
6.69973 3.34318
6.74901 3.34318
6.79829 3.34318
6.84757 3.34318
6.89685 3.34318
6.94613 3.34318
6.99541 3.34318
7.04469 3.34318
7.09397 3.34318
9.72932 4.79493
12.3647 4.79493
15.0 4.79493
0.0 0.48975
0.0497698 0.48975
0.0995395 0.509247
0.149309 0.528744
0.199079 0.548241
0.248849 0.567737
0.298619 0.587234
0.348388 0.606731
0.398158 0.626228
0.447928 0.645724
0.497698 0.665221
0.547467 0.684718
0.597237 0.704215
0.647007 0.723711
0.696777 0.743208
0.746546 0.762705
0.796316 0.782202
0.846086 0.801698
0.895856 0.821195
0.945625 0.840692
0.995395 0.860189
1.04516 0.879685
1.09493 0.899182
1.1447 0.918679
1.19447 0.938176
1.24424 0.957672
1.29401 0.977169
1.34378 0.996666
1.39355 1.01616
1.44332 1.03566
1.49309 1.05516
1.54286 1.07465
1.59263 1.09415
1.6424 1.11365
1.69217 1.13314
1.74194 1.15264
1.79171 1.17214
1.84148 1.19163
1.89125 1.21113
1.94102 1.23063
1.99079 1.25012
2.04056 1.26962
2.09033 1.28912
2.1401 1.30861
2.18987 1.32811
2.23964 1.34761
2.28941 1.3671
2.33918 1.3866
2.38895 1.4061
2.43872 1.42559
2.48849 1.44509
2.53826 1.46459
2.58807 1.46459
2.63788 1.53259
2.68769 1.60059
2.73751 1.6686
2.78732 1.7366
2.83713 1.8046
2.88694 1.8726
2.93676 1.9406
2.98657 2.00861
3.03638 2.07661
3.08619 2.14461
3.13601 2.21261
3.18582 2.28062
3.23563 2.34862
3.28544 2.41662
3.33526 2.48462
3.38507 2.55263
3.43488 2.62063
3.48655 2.62063
3.53821 2.63153
3.58988 2.64242
3.64154 2.65332
3.6932 2.66422
3.74487 2.67512
3.79653 2.68602
3.8482 2.69692
3.89986 2.70782
3.95153 2.71871
4.00319 2.72961
4.05486 2.74051
4.10652 2.75141
4.15819 2.76231
4.20985 2.77321
4.26017 2.77321
4.3105 2.78336
4.36082 2.79351
4.41115 2.80366
4.46147 2.81381
4.51179 2.82396
4.56212 2.83411
4.61244 2.84426
4.66276 2.85441
4.71309 2.86456
4.76341 2.87471
4.81374 2.88486
4.86406 2.89501
4.91438 2.90516
4.96471 2.91532
5.01503 2.92547
5.06535 2.93562
5.11568 2.94577
5.166 2.95592
5.21633 2.96607
5.26665 2.97622
5.31697 2.98637
5.3673 2.99652
5.41762 3.00667
5.46794 3.01682
5.51827 3.02697
5.56859 3.03712
5.61892 3.04727
5.66924 3.05743
5.71956 3.06758
5.76989 3.07773
5.82021 3.08788
5.87053 3.09803
5.92086 3.10818
5.97118 3.11833
6.0215 3.12848
6.07183 3.13863
6.12215 3.14878
6.17248 3.15893
6.2228 3.16908
6.27312 3.17923
6.32345 3.18938
6.37377 3.19954
6.42409 3.20969
6.47442 3.21984
6.52474 3.22999
6.57507 3.24014
6.62539 3.25029
6.67571 3.26044
6.72604 3.27059
6.77636 3.28074
6.82668 3.29089
6.87701 3.30104
6.92733 3.31119
6.97766 3.32134
7.02798 3.33149
7.07694 3.33149
7.12591 3.33149
7.17488 3.33149
7.22384 3.33149
7.27281 3.33149
7.32177 3.33149
7.37074 3.33149
7.4197 3.33149
7.46867 3.33149
7.51763 3.33149
7.5666 3.33149
7.61557 3.33149
7.66453 3.33149
7.7135 3.33149
10.1423 4.7312
12.5712 4.7312
15.0 4.7312
0.0 0.488047
0.0497055 0.488047
0.099411 0.50744
0.149117 0.526832
0.198822 0.546225
0.248528 0.565618
0.298233 0.585011
0.347939 0.604403
0.397644 0.623796
0.44735 0.643189
0.497055 0.662582
0.546761 0.681974
0.596466 0.701367
0.646172 0.72076
0.695877 0.740152
0.745583 0.759545
0.795288 0.778938
0.844994 0.798331
0.894699 0.817723
0.944405 0.837116
0.99411 0.856509
1.04382 0.875901
1.09352 0.895294
1.14323 0.914687
1.19293 0.93408
1.24264 0.953472
1.29234 0.972865
1.34205 0.992258
1.39175 1.01165
1.44146 1.03104
1.49117 1.05044
1.54087 1.06983
1.59058 1.08922
1.64028 1.10861
1.68999 1.12801
1.73969 1.1474
1.7894 1.16679
1.8391 1.18618
1.88881 1.20558
1.93851 1.22497
1.98822 1.24436
2.03793 1.26376
2.08763 1.28315
2.13734 1.30254
2.18704 1.32193
2.23675 1.34133
2.28645 1.36072
2.33616 1.38011
2.38586 1.3995
2.43557 1.4189
2.48528 1.43829
2.53498 1.45768
2.58469 1.47708
2.63483 1.47708
2.68497 1.58313
2.73512 1.68918
2.78526 1.79523
2.8354 1.90128
2.88555 2.00734
2.93569 2.11339
2.98583 2.21944
3.03598 2.32549
3.08612 2.43155
3.13626 2.5376
3.18641 2.64365
3.23454 2.64365
3.28267 2.65146
3.3308 2.65926
3.37893 2.66707
3.42706 2.67488
3.4752 2.68269
3.52333 2.69049
3.57146 2.6983
3.61959 2.70611
3.66772 2.71391
3.71585 2.72172
3.76399 2.72953
3.81212 2.73733
3.8619 2.73733
3.91168 2.7522
3.96146 2.76706
4.01124 2.78193
4.06102 2.79679
4.1108 2.81166
4.16058 2.82652
4.21036 2.84139
4.26014 2.85625
4.30992 2.87111
4.3597 2.88598
4.40948 2.90084
4.45926 2.91571
4.50904 2.93057
4.55882 2.94544
4.6086 2.9603
4.65838 2.97517
4.70816 2.99003
4.75794 3.00489
4.80772 3.01976
4.8575 3.03462
4.90728 3.04949
4.95706 3.06435
5.00684 3.07922
5.05662 3.09408
5.1064 3.10895
5.15618 3.12381
5.20596 3.13867
5.25574 3.15354
5.30552 3.1684
5.3553 3.18327
5.40508 3.19813
5.45486 3.213
5.50464 3.22786
5.55442 3.24273
5.6058 3.24273
5.65717 3.24273
5.70855 3.24273
5.75993 3.24273
5.8113 3.24273
5.86268 3.24273
5.91406 3.24273
5.96543 3.24273
6.01681 3.24273
6.06819 3.24273
6.11956 3.24273
6.17094 3.24273
6.22232 3.24273
6.27369 3.24273
6.32507 3.24273
6.37645 3.24273
6.42782 3.24273
9.28521 4.66325
12.1426 4.66325
15.0 4.66325
0.0 0.480684
0.049491 0.480684
0.098982 0.50197
0.148473 0.523256
0.197964 0.544543
0.247455 0.565829
0.296946 0.587116
0.346437 0.608402
0.395928 0.629688
0.445419 0.650975
0.49491 0.672261
0.544401 0.693548
0.593892 0.714834
0.643383 0.73612
0.692874 0.757407
0.742365 0.778693
0.791856 0.79998
0.841347 0.821266
0.890838 0.842552
0.940329 0.863839
0.98982 0.885125
1.03931 0.906412
1.0888 0.927698
1.13829 0.948984
1.18778 0.970271
1.23727 0.991557
1.28677 1.01284
1.33626 1.03413
1.38575 1.05542
1.43524 1.0767
1.48473 1.09799
1.53422 1.11928
1.58371 1.14056
1.6332 1.16185
1.68269 1.18313
1.73218 1.20442
1.78168 1.22571
1.83117 1.24699
1.88066 1.26828
1.93015 1.28957
1.97964 1.31085
2.02913 1.33214
2.07862 1.35343
2.12811 1.37471
2.1776 1.396
2.22709 1.41729
2.27659 1.43857
2.32633 1.43857
2.37607 1.49458
2.42582 1.55059
2.47556 1.60659
2.52531 1.6626
2.57505 1.71861
2.6248 1.77462
2.67454 1.83063
2.72429 1.88663
2.77403 1.94264
2.82378 1.99865
2.87352 2.05466
2.92327 2.11066
2.97301 2.16667
3.02275 2.22268
3.0725 2.27869
3.12224 2.3347
3.17199 2.3907
3.22173 2.44671
3.27148 2.50272
3.32122 2.55873
3.37097 2.61473
3.42071 2.67074
3.48135 2.67074
3.54199 2.70301
3.59209 2.70301
3.64219 2.74761
3.69228 2.7922
3.74238 2.8368
3.79247 2.88139
3.84257 2.92599
3.89267 2.97058
3.94276 3.01518
3.99286 3.05977
4.04296 3.10437
4.09305 3.14896
4.14315 3.19356
4.19325 3.23815
4.24334 3.28275
4.29351 3.28275
4.34368 3.28275
4.39385 3.28275
4.44402 3.28275
4.49419 3.28275
4.54436 3.28275
4.59453 3.28275
4.6447 3.28275
4.69487 3.28275
4.74504 3.28275
4.79521 3.28275
4.84537 3.28275
4.89554 3.28275
4.94571 3.28275
4.99588 3.28275
5.04605 3.28275
5.09622 3.28275
5.14639 3.28275
5.19656 3.28275
5.24673 3.28275
5.2969 3.28275
5.34707 3.28275
5.39724 3.28275
5.44741 3.28275
5.49758 3.28275
5.54775 3.28275
5.59791 3.28275
5.64808 3.28275
5.69825 3.28275
5.74842 3.28275
5.79859 3.28275
5.84876 3.28275
5.89893 3.28275
5.9491 3.28275
5.99927 3.28275
6.04944 3.28275
6.09961 3.28275
6.14978 3.28275
6.19995 3.28275
6.25012 3.28275
6.30029 3.28275
6.35045 3.28275
6.40062 3.28275
6.45079 3.28275
6.50096 3.28275
6.55113 3.28275
6.6013 3.28275
6.65147 3.28275
6.70164 3.28275
6.75181 3.28275
6.80198 3.28275
6.85215 3.28275
6.90232 3.28275
6.95249 3.28275
7.00266 3.28275
7.05283 3.28275
7.10299 3.28275
7.15316 3.28275
7.20333 3.28275
7.2535 3.28275
7.30367 3.28275
7.35384 3.28275
7.40401 3.28275
7.45418 3.28275
7.50435 3.28275
7.55452 3.28275
7.60469 3.28275
10.0698 4.70946
12.5349 4.70946
15.0 4.70946
0.0 0.481082
0.0502234 0.481082
0.100447 0.501478
0.15067 0.521874
0.200894 0.54227
0.251117 0.562666
0.30134 0.583062
0.351564 0.603458
0.401787 0.623854
0.452011 0.64425
0.502234 0.664646
0.552457 0.685042
0.602681 0.705438
0.652904 0.725834
0.703128 0.746229
0.753351 0.766625
0.803575 0.787021
0.853798 0.807417
0.904021 0.827813
0.954245 0.848209
1.00447 0.868605
1.05469 0.889001
1.10491 0.909397
1.15514 0.929793
1.20536 0.950189
1.25559 0.970585
1.30581 0.990981
1.35603 1.01138
1.40626 1.03177
1.45648 1.05217
1.5067 1.07256
1.55693 1.09296
1.60715 1.11336
1.65737 1.13375
1.7076 1.15415
1.75782 1.17454
1.80804 1.19494
1.85827 1.21534
1.90849 1.23573
1.95871 1.25613
2.00894 1.27652
2.05916 1.29692
2.10938 1.31732
2.15961 1.33771
2.20983 1.35811
2.26005 1.3785
2.31028 1.3989
2.3605 1.4193
2.41072 1.43969
2.46095 1.46009
2.51117 1.48048
2.56024 1.48048
2.60932 1.54165
2.65839 1.60282
2.70747 1.66399
2.75654 1.72516
2.80562 1.78633
2.85469 1.8475
2.90376 1.90867
2.95284 1.96984
3.00191 2.03101
3.05099 2.09218
3.10006 2.15335
3.14913 2.21451
3.19821 2.27568
3.24728 2.33685
3.29636 2.39802
3.34543 2.45919
3.3945 2.52036
3.44358 2.58153
3.49265 2.6427
3.54191 2.6427
3.59116 2.64586
3.64042 2.64902
3.68967 2.65218
3.73893 2.65533
3.78819 2.65849
3.83744 2.66165
3.8867 2.66481
3.93595 2.66797
3.98521 2.67113
4.03446 2.67429
4.08372 2.67745
4.13298 2.6806
4.18223 2.68376
4.23149 2.68692
4.28074 2.69008
4.33 2.69324
4.37925 2.6964
4.42851 2.69956
4.47776 2.70272
4.52702 2.70587
4.57628 2.70903
4.62553 2.71219
4.67479 2.71535
4.72404 2.71851
4.7733 2.72167
4.82255 2.72483
4.87181 2.72799
4.92106 2.73114
4.97032 2.7343
5.01975 2.7343
5.06919 2.75767
5.11862 2.78103
5.16805 2.80439
5.21749 2.82775
5.26692 2.85111
5.31635 2.87447
5.36579 2.89784
5.41522 2.9212
5.46465 2.94456
5.51409 2.96792
5.56352 2.99128
5.61295 3.01465
5.66239 3.03801
5.71182 3.06137
5.76125 3.08473
5.81069 3.10809
5.86012 3.13146
5.90955 3.15482
5.95899 3.17818
6.00842 3.20154
6.05785 3.2249
6.10729 3.24827
6.15672 3.27163
6.20615 3.29499
6.2557 3.29499
6.30524 3.29499
6.35478 3.29499
6.40432 3.29499
6.45387 3.29499
6.50341 3.29499
6.55295 3.29499
6.6025 3.29499
6.65204 3.29499
6.70158 3.29499
6.75112 3.29499
6.80067 3.29499
6.85021 3.29499
6.89975 3.29499
6.94929 3.29499
6.99884 3.29499
7.04838 3.29499
7.09792 3.29499
7.14746 3.29499
7.19701 3.29499
7.24655 3.29499
7.29609 3.29499
7.34563 3.29499
7.39518 3.29499
7.44472 3.29499
9.96315 4.77395
12.4816 4.77395
15.0 4.77395
