0.0 0.924499
0.049116 0.924499
0.0982321 0.964953
0.147348 1.00541
0.196464 1.04586
0.24558 1.08631
0.294696 1.12677
0.343812 1.16722
0.392928 1.20767
0.442044 1.24812
0.49116 1.28858
0.540276 1.32903
0.589393 1.36948
0.638509 1.40994
0.687625 1.45039
0.736741 1.49084
0.785857 1.5313
0.834973 1.57175
0.884089 1.6122
0.933205 1.65266
0.982321 1.69311
1.03144 1.73356
1.08149 1.73356
1.13155 1.80414
1.18161 1.87472
1.23166 1.94531
1.28172 2.01589
1.33177 2.08647
1.38183 2.15705
1.43189 2.22763
1.48194 2.29821
1.532 2.36879
1.58206 2.43937
1.63211 2.50995
1.68217 2.58054
1.73222 2.65112
1.78228 2.7217
1.83234 2.79228
1.88239 2.86286
1.93245 2.93344
1.98251 3.00402
2.03256 3.0746
2.08262 3.14518
2.13267 3.21576
2.18273 3.28635
2.23282 3.28635
2.28292 3.34898
2.33301 3.41161
2.3831 3.47424
2.43319 3.53687
2.48329 3.5995
2.53338 3.66213
2.58347 3.72476
2.63357 3.78739
2.68366 3.85003
2.73375 3.91266
2.78384 3.97529
2.83394 4.03792
2.88403 4.10055
2.93412 4.16318
2.98421 4.22581
3.03431 4.28844
3.0844 4.35108
3.13449 4.41371
3.18459 4.47634
3.23468 4.53897
3.28477 4.6016
3.33486 4.66423
3.38479 4.66423
3.43471 4.6648
3.48464 4.66537
3.53457 4.66594
3.58449 4.66651
3.63442 4.66708
3.68434 4.66765
3.73427 4.66821
3.78419 4.66878
3.83412 4.66935
3.88404 4.66992
3.93397 4.67049
3.98389 4.67106
4.03382 4.67163
4.08374 4.6722
4.13367 4.67277
4.18359 4.67333
4.23352 4.6739
4.28345 4.67447
4.33337 4.67504
4.3833 4.67561
4.43322 4.67618
4.48315 4.67675
4.53307 4.67732
4.583 4.67789
4.63292 4.67846
4.68285 4.67902
4.73277 4.67959
4.7827 4.68016
4.83262 4.68073
4.88255 4.6813
4.93247 4.68187
4.9824 4.68244
5.03232 4.68301
5.08225 4.68358
5.13218 4.68414
5.1821 4.68471
5.23203 4.68528
5.28195 4.68585
5.33188 4.68642
5.3818 4.68699
5.43173 4.68756
5.48165 4.68813
5.53158 4.6887
5.5815 4.68927
5.63143 4.68983
5.68135 4.6904
5.73128 4.69097
5.7812 4.69154
5.83113 4.69211
5.88105 4.69268
5.93098 4.69325
5.98091 4.69382
6.03083 4.69439
6.08076 4.69496
6.13068 4.69552
6.18061 4.69609
6.23053 4.69666
6.28046 4.69723
6.33038 4.6978
6.38031 4.69837
6.43023 4.69894
6.48016 4.69951
6.53008 4.70008
6.58001 4.70064
6.62993 4.70121
6.67905 4.70121
6.72817 4.70121
6.77729 4.70121
6.82641 4.70121
6.87553 4.70121
6.92465 4.70121
6.97377 4.70121
7.02289 4.70121
7.072 4.70121
9.71467 5.50007
12.3573 5.50007
15.0 5.50007
0.0 0.94283
0.0495296 0.94283
0.0990593 0.979382
0.148589 1.01593
0.198119 1.05248
0.247648 1.08904
0.297178 1.12559
0.346707 1.16214
0.396237 1.19869
0.445767 1.23524
0.495296 1.27179
0.544826 1.30835
0.594356 1.3449
0.643885 1.38145
0.693415 1.418
0.742945 1.45455
0.792474 1.4911
0.842004 1.52766
0.891534 1.56421
0.941063 1.60076
0.990593 1.63731
1.04012 1.67386
1.08965 1.71041
1.13918 1.74696
1.18871 1.78352
1.23824 1.82007
1.28777 1.85662
1.3373 1.89317
1.38683 1.92972
1.43636 1.96627
1.48589 2.00283
1.53542 2.03938
1.58495 2.07593
1.63447 2.07593
1.68399 2.09076
1.7335 2.1056
1.78302 2.12044
1.83254 2.13527
1.88206 2.15011
1.93158 2.16494
1.9811 2.17978
2.03061 2.19461
2.08013 2.20945
2.12965 2.22428
2.17917 2.23912
2.22869 2.25396
2.27821 2.26879
2.32772 2.28363
2.37724 2.29846
2.42676 2.3133
2.47628 2.32813
2.5258 2.34297
2.57532 2.35781
2.62483 2.37264
2.67435 2.38748
2.72387 2.40231
2.77339 2.41715
2.82291 2.43198
2.87243 2.44682
2.92356 2.44682
2.97469 2.46993
3.02582 2.49304
3.07695 2.51615
3.12808 2.53926
3.17921 2.56237
3.23034 2.58547
3.28147 2.60858
3.3326 2.63169
3.38373 2.6548
3.43486 2.67791
3.48599 2.70102
3.53713 2.72413
3.58826 2.74724
3.63939 2.77035
3.69052 2.79346
3.73926 2.79346
3.788 2.84895
3.83674 2.90445
3.88548 2.95994
3.93422 3.01543
3.98296 3.07093
4.0317 3.12642
4.08044 3.18192
4.12918 3.23741
4.17793 3.2929
4.22667 3.3484
4.27541 3.40389
4.32415 3.45939
4.37289 3.51488
4.42163 3.57037
4.47037 3.62587
4.51911 3.68136
4.56785 3.73686
4.61894 3.73686
4.67003 3.73686
4.72112 3.73686
4.77221 3.73686
4.8233 3.73686
4.87439 3.73686
4.92548 3.73686
4.97657 3.73686
5.02766 3.73686
5.07875 3.73686
7.55906 6.18771
10.0394 6.18771
12.5197 6.18771
15.0 6.18771
0.0 0.938783
0.0498154 0.938783
0.0996308 0.978849
0.149446 1.01892
0.199262 1.05898
0.249077 1.09905
0.298892 1.13911
0.348708 1.17918
0.398523 1.21925
0.448339 1.25931
0.498154 1.29938
0.54797 1.33944
0.597785 1.37951
0.6476 1.41958
0.697416 1.45964
0.747231 1.49971
0.797047 1.53977
0.846862 1.57984
0.896677 1.61991
0.946493 1.65997
0.996308 1.70004
1.04612 1.7401
1.09594 1.78017
1.14575 1.82024
1.19557 1.8603
1.24539 1.90037
1.2952 1.94043
1.34502 1.9805
1.39483 2.02057
1.44465 2.06063
1.49446 2.1007
1.54428 2.14076
1.59409 2.18083
1.64391 2.2209
1.69372 2.26096
1.74354 2.30103
1.79335 2.34109
1.84317 2.38116
1.89299 2.42123
1.9428 2.46129
1.99262 2.50136
2.04243 2.54142
2.09225 2.58149
2.14206 2.62156
2.19188 2.66162
2.24169 2.70169
2.29151 2.74176
2.34132 2.78182
2.39036 2.78182
2.4394 2.80343
2.48844 2.82503
2.53748 2.84664
2.58652 2.86824
2.63556 2.88985
2.6846 2.91145
2.73364 2.93306
2.78268 2.95466
2.83172 2.97627
2.88076 2.99787
2.9298 3.01947
2.97884 3.04108
3.02787 3.06268
3.07691 3.08429
3.12595 3.10589
3.17499 3.1275
3.22403 3.1491
3.27307 3.17071
3.32211 3.19231
3.37115 3.21392
3.42019 3.23552
3.46923 3.25713
3.51827 3.27873
3.56652 3.27873
3.61478 3.29445
3.66304 3.31017
3.71129 3.32588
3.75955 3.3416
3.80781 3.35731
3.85607 3.37303
3.90432 3.38875
3.95258 3.40446
4.00084 3.42018
4.04909 3.43589
4.09735 3.45161
4.14744 3.45161
4.19754 3.4632
4.24763 3.47479
4.29772 3.48637
4.34782 3.49796
4.39791 3.50955
4.448 3.52113
4.4981 3.53272
4.54819 3.54431
4.59828 3.5559
4.64838 3.56748
4.69847 3.57907
4.74857 3.59066
4.79866 3.60224
4.84875 3.61383
4.89885 3.62542
4.94894 3.637
4.99903 3.64859
5.04913 3.66018
5.09922 3.67177
5.14931 3.68335
5.19941 3.69494
5.2495 3.70653
5.29959 3.71811
5.34969 3.7297
5.39978 3.74129
5.44987 3.75288
5.49997 3.76446
5.55006 3.77605
5.60016 3.78764
5.65025 3.79922
5.70034 3.81081
5.75044 3.8224
5.8017 3.8224
5.85296 3.8224
5.90422 3.8224
5.95549 3.8224
6.00675 3.8224
6.05801 3.8224
6.10927 3.8224
6.16054 3.8224
6.2118 3.8224
6.26306 3.8224
9.17537 3.87876
12.0877 3.87876
15.0 3.87876
0.0 0.944026
0.0496817 0.944026
0.0993633 0.981135
0.149045 1.01824
0.198727 1.05535
0.248408 1.09246
0.29809 1.12957
0.347772 1.16668
0.397453 1.20379
0.447135 1.2409
0.496817 1.27801
0.546498 1.31512
0.59618 1.35223
0.645862 1.38934
0.695543 1.42645
0.745225 1.46356
0.794907 1.50066
0.844588 1.53777
0.89427 1.57488
0.943952 1.61199
0.993633 1.6491
1.04331 1.68621
1.093 1.72332
1.14268 1.76043
1.19236 1.79754
1.24204 1.83465
1.29172 1.87176
1.3414 1.90887
1.39109 1.94598
1.44077 1.98308
1.49045 2.02019
1.54013 2.0573
1.58981 2.09441
1.63949 2.13152
1.68918 2.16863
1.73886 2.20574
1.78854 2.24285
1.83822 2.27996
1.8879 2.31707
1.93758 2.35418
1.98727 2.39129
2.03695 2.4284
2.08663 2.46551
2.13631 2.50261
2.18599 2.53972
2.23567 2.57683
2.28536 2.61394
2.33504 2.65105
2.38472 2.68816
2.4344 2.72527
2.48408 2.76238
2.53376 2.79949
2.58345 2.8366
2.63313 2.87371
2.68281 2.91082
2.73249 2.94793
2.78217 2.98503
2.83313 2.98503
2.8841 3.05572
2.93506 3.12641
2.98602 3.1971
3.03698 3.26778
3.08794 3.33847
3.13891 3.40916
3.18987 3.47985
3.24083 3.55053
3.29179 3.62122
3.34275 3.69191
3.38997 3.69191
3.43718 3.79028
3.48439 3.88864
3.53161 3.98701
3.57882 4.08537
3.6285 4.08537
3.67817 4.09079
3.72785 4.0962
3.77753 4.10162
3.82721 4.10704
3.87688 4.11245
3.92656 4.11787
3.97624 4.12328
4.02592 4.1287
4.07559 4.13412
4.12527 4.13953
4.17495 4.14495
4.22462 4.15036
4.2743 4.15578
4.32398 4.16119
4.37366 4.16661
4.42333 4.17203
4.47301 4.17744
4.52269 4.18286
4.57236 4.18827
4.62204 4.19369
4.67172 4.19911
4.7214 4.20452
4.77107 4.20994
4.82075 4.21535
4.87043 4.22077
4.92011 4.22619
4.97 4.22619
5.0199 4.22619
5.0698 4.22619
5.11969 4.22619
5.16959 4.22619
5.21949 4.22619
5.26938 4.22619
5.31928 4.22619
5.36918 4.22619
5.41907 4.22619
5.46897 4.22619
5.51887 4.22619
5.56876 4.22619
5.61866 4.22619
5.66856 4.22619
5.71845 4.22619
5.76835 4.22619
5.81825 4.22619
5.86814 4.22619
5.91804 4.22619
5.96794 4.22619
6.01783 4.22619
6.06773 4.22619
6.11763 4.22619
6.16752 4.22619
8.37564 4.97708
10.5838 4.97708
12.7919 4.97708
15.0 4.97708
0.0 0.912166
0.050211 0.912166
0.100422 0.956075
0.150633 0.999984
0.200844 1.04389
0.251055 1.0878
0.301266 1.13171
0.351477 1.17562
0.401688 1.21953
0.451899 1.26344
0.50211 1.30735
0.552321 1.35126
0.602532 1.39517
0.652743 1.43908
0.702954 1.48299
0.753165 1.52689
0.803376 1.5708
0.853587 1.61471
0.903798 1.65862
0.954009 1.70253
1.00422 1.74644
1.05443 1.79035
1.10464 1.83426
1.15485 1.87817
1.20506 1.92208
1.25528 1.96599
1.30549 2.0099
1.3557 2.0538
1.40591 2.09771
1.45612 2.14162
1.50633 2.18553
1.55654 2.22944
1.60675 2.27335
1.65696 2.31726
1.70717 2.36117
1.75739 2.40508
1.8076 2.44899
1.85781 2.4929
1.90802 2.53681
1.95823 2.58071
2.00844 2.62462
2.05865 2.66853
2.10886 2.71244
2.15898 2.71244
2.2091 2.74043
2.25922 2.76841
2.30934 2.79639
2.35946 2.82438
2.40958 2.85236
2.4597 2.88034
2.50982 2.90833
2.55994 2.93631
2.61006 2.9643
2.66018 2.99228
2.7103 3.02026
2.76042 3.04825
2.81054 3.07623
2.86066 3.10421
2.91078 3.1322
2.9609 3.16018
3.01102 3.18816
3.06114 3.21615
3.11126 3.24413
3.16138 3.27212
3.2115 3.3001
3.26162 3.32808
3.3112 3.32808
3.36078 3.33288
3.41036 3.33768
3.45995 3.34247
3.50953 3.34727
3.55911 3.35206
3.60869 3.35686
3.65827 3.36165
3.70785 3.36645
3.75743 3.37125
3.80701 3.37604
3.85659 3.38084
3.90617 3.38563
3.95575 3.39043
4.00533 3.39523
4.05491 3.40002
4.10449 3.40482
4.15407 3.40961
4.20365 3.41441
4.25323 3.41921
4.30281 3.424
4.35239 3.4288
4.40197 3.43359
4.45155 3.43839
4.50113 3.44319
4.55071 3.44798
4.60029 3.45278
4.64987 3.45757
4.69945 3.46237
4.74903 3.46716
4.79861 3.47196
4.84819 3.47676
4.89777 3.48155
4.94812 3.48155
4.99847 3.49134
5.04882 3.50112
5.09916 3.51091
5.14951 3.5207
5.19986 3.53048
5.25021 3.54027
5.30056 3.55005
5.35091 3.55984
5.40125 3.56962
5.4516 3.57941
5.50195 3.58919
5.5523 3.59898
5.60265 3.60877
5.65299 3.61855
5.70334 3.62834
5.75369 3.63812
5.80404 3.64791
5.85439 3.65769
5.90474 3.66748
5.95508 3.67726
6.00543 3.68705
6.05578 3.69684
6.10613 3.70662
6.15648 3.71641
6.20682 3.72619
6.25717 3.73598
6.30607 3.73598
6.35496 3.73598
6.40386 3.73598
6.45275 3.73598
6.50164 3.73598
6.55054 3.73598
6.59943 3.73598
6.64833 3.73598
6.69722 3.73598
6.74612 3.73598
6.79501 3.73598
6.8439 3.73598
6.8928 3.73598
6.94169 3.73598
6.99059 3.73598
7.03948 3.73598
7.08838 3.73598
7.13727 3.73598
7.18616 3.73598
7.23506 3.73598
9.82337 3.95923
12.4117 3.95923
15.0 3.95923
0.0 0.952414
0.0498079 0.952414
0.0996158 0.989493
0.149424 1.02657
0.199232 1.06365
0.249039 1.10073
0.298847 1.13781
0.348655 1.17489
0.398463 1.21197
0.448271 1.24905
0.498079 1.28613
0.547887 1.3232
0.597695 1.36028
0.647502 1.39736
0.69731 1.43444
0.747118 1.47152
0.796926 1.5086
0.846734 1.54568
0.896542 1.58276
0.94635 1.61984
0.996158 1.65692
1.04597 1.69399
1.09577 1.73107
1.14558 1.76815
1.19539 1.80523
1.2452 1.84231
1.295 1.87939
1.34481 1.91647
1.39462 1.95355
1.44443 1.99063
1.49424 2.02771
1.54404 2.06478
1.59385 2.10186
1.64366 2.13894
1.69347 2.17602
1.74328 2.2131
1.79308 2.25018
1.84289 2.28726
1.8927 2.32434
1.94251 2.36142
1.99232 2.3985
2.04212 2.43557
2.09193 2.47265
2.14174 2.50973
2.19155 2.54681
2.24135 2.58389
2.29116 2.62097
2.34097 2.65805
2.39078 2.69513
2.44059 2.73221
2.49039 2.76929
2.5402 2.80636
2.59001 2.84344
2.63982 2.88052
2.6893 2.88052
2.73877 2.93752
2.78825 2.99452
2.83773 3.05152
2.88721 3.10851
2.93668 3.16551
2.98616 3.22251
3.03564 3.27951
3.08512 3.33651
3.13459 3.3935
3.18407 3.4505
3.23355 3.5075
3.28303 3.5645
3.33251 3.6215
3.38198 3.67849
3.43146 3.73549
3.48094 3.79249
3.53028 3.79249
3.57962 3.81263
3.62896 3.83278
3.67829 3.85292
3.72763 3.87306
3.77697 3.8932
3.82631 3.91335
3.87565 3.93349
3.92499 3.95363
3.97433 3.97378
4.02367 3.99392
4.07301 4.01406
4.12235 4.0342
4.17168 4.05435
4.22102 4.07449
4.27036 4.09463
4.3197 4.11478
4.36904 4.13492
4.41838 4.15506
4.46772 4.1752
4.51706 4.19535
4.5664 4.21549
4.61669 4.21549
4.66699 4.21841
4.71729 4.22133
4.76759 4.22425
4.81788 4.22716
4.86818 4.23008
4.91848 4.233
4.96878 4.23592
5.01907 4.23884
5.06937 4.24176
5.11967 4.24468
5.16996 4.24759
5.22026 4.25051
5.27056 4.25343
5.32086 4.25635
5.37115 4.25927
5.42145 4.26219
5.47175 4.26511
5.52205 4.26802
5.57234 4.27094
5.62264 4.27386
5.67294 4.27678
5.72324 4.2797
5.77353 4.28262
5.82383 4.28554
5.87413 4.28845
5.92398 4.28845
5.97384 4.28845
6.02369 4.28845
6.07355 4.28845
6.1234 4.28845
6.17326 4.28845
6.22311 4.28845
6.27297 4.28845
6.32283 4.28845
6.37268 4.28845
6.42254 4.28845
6.47239 4.28845
6.52225 4.28845
6.5721 4.28845
6.62196 4.28845
6.67181 4.28845
6.72167 4.28845
6.77152 4.28845
6.82138 4.28845
6.87123 4.28845
6.92109 4.28845
6.97094 4.28845
7.0208 4.28845
7.07065 4.28845
7.12051 4.28845
7.17037 4.28845
7.22022 4.28845
7.27008 4.28845
7.31993 4.28845
7.36979 4.28845
7.41964 4.28845
7.4695 4.28845
7.51935 4.28845
7.56921 4.28845
7.61906 4.28845
7.66892 4.28845
7.71877 4.28845
10.1458 4.8761
12.5729 4.8761
15.0 4.8761
0.0 0.914383
0.0500657 0.914383
0.100131 0.958292
0.150197 1.0022
0.200263 1.04611
0.250329 1.09002
0.300394 1.13393
0.35046 1.17784
0.400526 1.22174
0.450592 1.26565
0.500657 1.30956
0.550723 1.35347
0.600789 1.39738
0.650855 1.44129
0.70092 1.4852
0.750986 1.52911
0.801052 1.57301
0.851117 1.61692
0.901183 1.66083
0.951249 1.70474
1.00131 1.74865
1.05138 1.79256
1.10239 1.79256
1.15341 1.84453
1.20442 1.8965
1.25544 1.94847
1.30645 2.00045
1.35747 2.05242
1.40848 2.10439
1.4595 2.15636
1.51051 2.20834
1.56152 2.26031
1.61254 2.31228
1.66355 2.36425
1.71457 2.41622
1.76508 2.41622
1.81559 2.43385
1.86611 2.45148
1.91662 2.4691
1.96713 2.48673
2.01765 2.50435
2.06816 2.52198
2.11867 2.5396
2.16918 2.55723
2.2197 2.57486
2.26352 2.57486
2.30734 3.58208
2.35695 3.58208
2.40656 3.58208
2.45617 3.58208
2.50578 3.58208
2.55539 3.58208
2.605 3.58208
2.65461 3.58208
2.70422 3.58208
2.75383 3.58208
5.20307 6.25135
7.6523 6.25135
10.1015 6.25135
12.5508 6.25135
15.0 6.25135
0.0 0.937346
0.0515251 0.937346
0.10305 0.978722
0.154575 1.0201
0.206101 1.06147
0.257626 1.10285
0.309151 1.14423
0.360676 1.1856
0.412201 1.22698
0.463726 1.26836
0.515251 1.30973
0.566777 1.35111
0.618302 1.39248
0.669827 1.43386
0.721352 1.47524
0.770797 1.47524
0.820242 1.5599
0.869687 1.64456
0.919132 1.72921
0.968577 1.81387
1.01802 1.89853
1.06747 1.98319
1.11691 2.06785
1.16636 2.15251
1.2158 2.23717
1.26525 2.32183
1.31469 2.40649
1.36414 2.49115
1.41358 2.57581
1.46303 2.66047
1.51247 2.74513
1.56192 2.82979
1.61136 2.91445
1.66081 2.99911
1.71025 3.08377
1.7597 3.16843
1.80914 3.25309
1.85942 3.25309
1.90971 3.28285
1.95999 3.31262
2.01027 3.34238
2.06055 3.37214
2.11083 3.40191
2.16111 3.43167
2.2114 3.46144
2.26168 3.4912
2.31196 3.52096
2.36224 3.55073
2.41252 3.58049
2.4628 3.61026
2.51309 3.64002
2.56337 3.66978
2.61365 3.69955
2.66393 3.72931
2.71421 3.75908
2.76449 3.78884
2.81478 3.8186
2.86506 3.84837
2.91534 3.87813
2.96562 3.9079
3.0159 3.93766
3.06618 3.96742
3.11647 3.99719
3.16675 4.02695
3.21703 4.05672
3.26731 4.08648
3.31759 4.11624
3.36787 4.14601
3.41816 4.17577
3.46844 4.20554
3.51872 4.2353
3.569 4.26506
3.61928 4.29483
3.66956 4.32459
3.71985 4.35436
3.77013 4.38412
3.82041 4.41388
3.87069 4.44365
3.92097 4.47341
3.97125 4.50318
4.02154 4.53294
4.07258 4.53294
4.12363 4.54814
4.17467 4.56334
4.22572 4.57854
4.27676 4.59374
4.32781 4.60894
4.37885 4.62414
4.4299 4.63934
4.48094 4.65455
4.53199 4.66975
4.58179 4.66975
4.6316 4.66975
4.68141 4.66975
4.73122 4.66975
4.78103 4.66975
4.83084 4.66975
4.88064 4.66975
4.93045 4.66975
4.98026 4.66975
5.03007 4.66975
5.07988 4.66975
5.12969 4.66975
5.1795 4.66975
5.2293 4.66975
5.27911 4.66975
5.32892 4.66975
5.37873 4.66975
5.42854 4.66975
5.47835 4.66975
5.52815 4.66975
5.57796 4.66975
5.62777 4.66975
5.67758 4.66975
8.00818 5.69278
10.3388 5.69278
12.6694 5.69278
15.0 5.69278
0.0 0.931859
0.0503603 0.931859
0.100721 0.971207
0.151081 1.01055
0.201441 1.0499
0.251802 1.08925
0.302162 1.1286
0.352522 1.16795
0.402882 1.20729
0.453243 1.24664
0.503603 1.28599
0.553963 1.32534
0.604324 1.36468
0.654684 1.40403
0.705044 1.44338
0.755405 1.48273
0.805765 1.52207
0.856125 1.56142
0.906486 1.60077
0.956846 1.64012
1.00721 1.67946
1.05757 1.71881
1.10793 1.75816
1.15829 1.79751
1.20865 1.83686
1.25901 1.8762
1.30937 1.91555
1.35973 1.9549
1.41009 1.99425
1.46045 2.03359
1.51081 2.07294
1.56117 2.11229
1.61153 2.15164
1.66189 2.19098
1.71225 2.23033
1.76261 2.26968
1.81297 2.30903
1.86333 2.34838
1.91369 2.38772
1.96405 2.42707
2.01441 2.46642
2.06477 2.50577
2.11513 2.54511
2.16549 2.58446
2.21585 2.62381
2.26621 2.66316
2.31657 2.7025
2.36665 2.7025
2.41673 2.71405
2.46681 2.7256
2.51689 2.73715
2.56697 2.7487
2.61705 2.76025
2.66713 2.7718
2.71721 2.78334
2.76729 2.79489
2.81737 2.80644
2.86745 2.81799
2.91753 2.82954
2.96761 2.84109
3.01769 2.85263
3.06777 2.86418
3.11785 2.87573
3.16793 2.88728
3.21801 2.89883
3.26809 2.91038
3.31817 2.92193
3.36825 2.93347
3.41833 2.94502
3.46841 2.95657
3.51849 2.96812
3.56857 2.97967
3.61865 2.99122
3.66873 3.00277
3.71881 3.01431
3.76889 3.02586
3.81897 3.03741
3.86905 3.04896
3.91913 3.06051
3.96921 3.07206
4.01929 3.0836
4.06937 3.09515
4.11945 3.1067
4.16953 3.11825
4.21961 3.1298
4.26969 3.14135
4.31977 3.1529
4.36985 3.16444
4.41993 3.17599
4.47001 3.18754
4.52009 3.19909
4.56988 3.19909
4.61968 3.20608
4.66947 3.21306
4.71926 3.22005
4.76906 3.22704
4.81885 3.23403
4.86864 3.24101
4.91844 3.248
4.96823 3.25499
5.01802 3.26198
5.06782 3.26896
5.11761 3.27595
5.1674 3.28294
5.21608 3.28294
5.26476 3.29311
5.31344 3.30329
5.36212 3.31346
5.4108 3.32364
5.45948 3.33382
5.50815 3.34399
5.55683 3.35417
5.60551 3.36434
5.65419 3.37452
5.70287 3.38469
5.75155 3.39487
5.80023 3.40504
5.84891 3.41522
5.89758 3.4254
5.94626 3.43557
5.99494 3.44575
6.04302 3.44575
6.0911 3.44575
6.13918 3.44575
6.18726 3.44575
6.23533 3.44575
8.4265 4.01462
10.6177 4.01462
12.8088 4.01462
15.0 4.01462
0.0 0.923661
0.0506852 0.923661
0.10137 0.965611
0.152056 1.00756
0.202741 1.04951
0.253426 1.09146
0.304111 1.13341
0.354797 1.17536
0.405482 1.21731
0.456167 1.25926
0.506852 1.30121
0.557538 1.34316
0.608223 1.38511
0.658908 1.42706
0.709593 1.46901
0.760279 1.51096
0.810964 1.55291
0.861649 1.59486
0.912334 1.63681
0.96302 1.67876
1.0137 1.7207
1.06439 1.76265
1.11508 1.8046
1.16557 1.8046
1.21607 1.93334
1.26656 2.06207
1.31706 2.1908
1.36756 2.31953
1.41805 2.44827
1.46806 2.44827
1.51807 2.46395
1.56807 2.47963
1.61808 2.49531
1.66809 2.51099
1.7181 2.52667
1.76811 2.54235
1.81811 2.55804
1.86812 2.57372
1.91813 2.5894
1.96814 2.60508
2.02427 2.60508
2.0804 3.0858
2.13653 3.56653
2.18552 3.56653
2.2345 3.56653
2.28348 3.56653
2.33247 3.56653
2.38145 3.56653
2.43044 3.56653
2.47942 3.56653
2.52841 3.56653
2.57739 3.56653
2.62638 3.56653
2.67536 3.56653
2.72435 3.56653
5.17948 6.22041
7.63461 6.22041
10.0897 6.22041
12.5449 6.22041
15.0 6.22041
0.0 0.948786
0.0495445 0.948786
0.0990889 0.984628
0.148633 1.02047
0.198178 1.05631
0.247722 1.09216
0.297267 1.128
0.346811 1.16384
0.396356 1.19968
0.4459 1.23553
0.495445 1.27137
0.544989 1.30721
0.594534 1.34305
0.644078 1.3789
0.693622 1.41474
0.743167 1.45058
0.792711 1.48642
0.842256 1.52227
0.8918 1.55811
0.941345 1.59395
0.990889 1.62979
1.04043 1.66564
1.08998 1.70148
1.13952 1.73732
1.18907 1.77316
1.23861 1.809
1.28816 1.84485
1.3377 1.88069
1.38724 1.91653
1.43679 1.95237
1.48633 1.98822
1.53588 2.02406
1.58542 2.0599
1.63497 2.09574
1.68451 2.13159
1.73406 2.16743
1.7836 2.20327
1.83315 2.23911
1.88269 2.27496
1.93223 2.3108
1.98178 2.34664
2.03132 2.38248
2.08087 2.41833
2.13041 2.45417
2.17996 2.49001
2.2295 2.52585
2.27905 2.5617
2.32859 2.59754
2.37813 2.63338
2.42768 2.66922
2.47722 2.70507
2.52688 2.70507
2.57654 2.71722
2.6262 2.72938
2.67586 2.74154
2.72552 2.7537
2.77518 2.76586
2.82485 2.77802
2.87451 2.79018
2.92417 2.80233
2.97383 2.81449
3.02349 2.82665
3.07315 2.83881
3.12281 2.85097
3.17247 2.86313
3.22213 2.87529
3.27179 2.88745
3.32145 2.8996
3.37111 2.91176
3.42077 2.92392
3.47043 2.93608
3.52009 2.94824
3.56975 2.9604
3.61941 2.97256
3.66907 2.98471
3.71873 2.99687
3.76839 3.00903
3.81805 3.02119
3.86771 3.03335
3.91737 3.04551
3.96703 3.05767
4.01669 3.06982
4.06635 3.08198
4.11601 3.09414
4.16567 3.1063
4.21533 3.11846
4.26499 3.13062
4.31465 3.14278
4.36377 3.14278
4.41288 3.14575
4.46199 3.14873
4.5111 3.15171
4.56021 3.15469
4.60933 3.15767
4.65844 3.16065
4.70755 3.16363
4.75666 3.16661
4.80577 3.16959
4.85489 3.17257
4.904 3.17555
4.95311 3.17853
5.00222 3.18151
5.05133 3.18448
5.10044 3.18746
5.14956 3.19044
5.19867 3.19342
5.24778 3.1964
5.29689 3.19938
5.346 3.20236
5.39512 3.20534
5.44423 3.20832
5.49334 3.2113
5.54245 3.21428
5.59156 3.21726
5.64068 3.22023
5.69128 3.22023
5.74189 3.23794
5.7925 3.25564
5.84311 3.27334
5.89371 3.29105
5.94432 3.30875
5.99493 3.32645
6.04553 3.34416
6.09614 3.36186
6.14675 3.37956
6.19736 3.39727
6.24796 3.41497
6.29857 3.43267
6.34918 3.45038
6.39979 3.46808
6.45039 3.48578
6.50138 3.48578
6.55237 3.48578
6.60336 3.48578
6.65434 3.48578
6.70533 3.48578
6.75632 3.48578
6.80731 3.48578
6.8583 3.48578
6.90928 3.48578
6.96027 3.48578
7.01126 3.48578
7.06225 3.48578
7.11323 3.48578
7.16422 3.48578
7.21521 3.48578
7.2662 3.48578
7.31718 3.48578
7.36817 3.48578
7.41916 3.48578
7.47015 3.48578
7.52113 3.48578
7.57212 3.48578
7.62311 3.48578
7.6741 3.48578
7.72509 3.48578
10.1501 4.02823
12.575 4.02823
15.0 4.02823
0.0 0.919009
0.0498511 0.919009
0.0997022 0.96291
0.149553 1.00681
0.199404 1.05071
0.249256 1.09461
0.299107 1.13851
0.348958 1.18242
0.398809 1.22632
0.44866 1.27022
0.498511 1.31412
0.548362 1.35802
0.598213 1.40192
0.648064 1.44582
0.697916 1.48972
0.747767 1.53362
0.797618 1.57752
0.847469 1.62143
0.89732 1.66533
0.947171 1.70923
0.997022 1.75313
1.04687 1.79703
1.09672 1.84093
1.14658 1.88483
1.19643 1.92873
1.24628 1.97263
1.29613 2.01653
1.34598 2.06044
1.39583 2.10434
1.44568 2.14824
1.49553 2.19214
1.54538 2.23604
1.59524 2.27994
1.64509 2.32384
1.69494 2.36774
1.74479 2.41164
1.79464 2.45555
1.84449 2.49945
1.89434 2.54335
1.94419 2.58725
1.99404 2.63115
2.04408 2.63115
2.09411 2.63866
2.14414 2.64618
2.19417 2.65369
2.2442 2.66121
2.29423 2.66872
2.34426 2.67624
2.39429 2.68375
2.44432 2.69127
2.49435 2.69878
2.54438 2.7063
2.59441 2.71381
2.64444 2.72133
2.69448 2.72884
2.74451 2.73636
2.79454 2.74387
2.84457 2.75139
2.8946 2.7589
2.94463 2.76642
2.99466 2.77393
3.04469 2.78145
3.09472 2.78896
3.14475 2.79648
3.19478 2.80399
3.24481 2.81151
3.29484 2.81902
3.34487 2.82654
3.39491 2.83405
3.44494 2.84157
3.49497 2.84908
3.545 2.8566
3.59503 2.86411
3.64506 2.87163
3.69509 2.87914
3.74512 2.88666
3.79515 2.89417
3.84518 2.90169
3.89521 2.9092
3.94524 2.91672
3.99527 2.92423
4.04531 2.93175
4.09534 2.93926
4.14537 2.94678
4.1954 2.95429
4.24543 2.96181
4.29546 2.96932
4.34549 2.97684
4.39552 2.98435
4.44555 2.99186
4.49558 2.99938
4.54561 3.00689
4.59564 3.01441
4.64567 3.02192
4.6957 3.02944
4.74574 3.03695
4.79577 3.04447
4.8458 3.05198
4.89583 3.0595
4.94586 3.06701
4.99589 3.07453
5.04592 3.08204
5.09595 3.08956
5.14598 3.09707
5.19414 3.09707
5.2423 3.10859
5.29046 3.1201
5.33861 3.13162
5.38677 3.14314
5.43493 3.15465
5.48309 3.16617
5.53125 3.17768
5.5794 3.1892
5.62756 3.20071
5.67572 3.21223
5.72388 3.22375
5.77204 3.23526
5.82205 3.23526
5.87207 3.24504
5.92208 3.25482
5.9721 3.2646
6.02211 3.27438
6.07213 3.28416
6.12214 3.29393
6.17216 3.30371
6.22217 3.31349
6.27219 3.32327
6.3222 3.33305
6.37222 3.34283
6.42223 3.35261
6.47225 3.36239
6.52226 3.37217
6.57228 3.38194
6.62229 3.39172
6.67231 3.4015
6.72232 3.41128
6.77234 3.42106
6.82235 3.43084
6.87237 3.44062
6.92238 3.4504
6.9724 3.46018
7.02241 3.46996
7.07243 3.47973
7.12244 3.48951
7.17043 3.48951
7.21842 3.48951
7.26641 3.48951
7.3144 3.48951
7.3624 3.48951
7.41039 3.48951
7.45838 3.48951
7.50637 3.48951
10.0042 4.03232
12.5021 4.03232
15.0 4.03232
0.0 0.92111
0.0502159 0.92111
0.100432 0.964473
0.150648 1.00784
0.200864 1.0512
0.25108 1.09456
0.301296 1.13793
0.351512 1.18129
0.401728 1.22465
0.451944 1.26802
0.502159 1.31138
0.552375 1.35474
0.602591 1.39811
0.652807 1.44147
0.703023 1.48483
0.753239 1.5282
0.803455 1.57156
0.853671 1.61492
0.903887 1.65829
0.954103 1.70165
1.00432 1.74501
1.05453 1.78838
1.10475 1.83174
1.15497 1.8751
1.20518 1.91847
1.2554 1.96183
1.30561 2.00519
1.35583 2.04856
1.40605 2.09192
1.45626 2.13528
1.50648 2.17865
1.55669 2.22201
1.60691 2.26537
1.65713 2.30874
1.70734 2.3521
1.75756 2.39546
1.80777 2.43883
1.85799 2.48219
1.90821 2.52555
1.95724 2.52555
2.00627 2.55508
2.05531 2.58461
2.10434 2.61413
2.15338 2.64366
2.20241 2.67319
2.25145 2.70272
2.30048 2.73224
2.34951 2.76177
2.39855 2.7913
2.44758 2.82082
2.49662 2.85035
2.54565 2.87988
2.59469 2.90941
2.64372 2.93893
2.69275 2.96846
2.74179 2.99799
2.79082 3.02752
2.83986 3.05704
2.88889 3.08657
2.93793 3.1161
2.98696 3.14562
3.03599 3.17515
3.08503 3.20468
3.13351 3.20468
3.182 3.20772
3.23048 3.21075
3.27896 3.21379
3.32745 3.21683
3.37593 3.21987
3.42442 3.22291
3.4729 3.22594
3.52138 3.22898
3.56987 3.23202
3.61835 3.23506
3.6686 3.23506
3.71885 3.23907
3.7691 3.24308
3.81934 3.24709
3.86959 3.25111
3.91984 3.25512
3.97009 3.25913
4.02034 3.26314
4.07058 3.26716
4.12083 3.27117
4.17108 3.27518
4.22133 3.27919
4.27158 3.2832
4.32183 3.28722
4.37207 3.29123
4.42232 3.29524
4.47257 3.29925
4.52282 3.30326
4.57307 3.30728
4.62332 3.31129
4.67356 3.3153
4.72381 3.31931
4.77406 3.32333
4.82431 3.32734
4.87456 3.33135
4.92481 3.33536
4.97505 3.33937
5.0253 3.34339
5.07555 3.3474
5.1258 3.35141
5.17605 3.35542
5.22629 3.35943
5.27654 3.36345
5.32679 3.36746
5.37704 3.37147
5.42729 3.37548
5.47754 3.3795
5.52778 3.38351
5.57803 3.38752
5.62828 3.39153
5.67853 3.39554
5.72878 3.39956
5.77903 3.40357
5.82927 3.40758
5.87952 3.41159
5.92977 3.4156
5.98002 3.41962
6.03027 3.42363
6.08052 3.42764
6.13076 3.43165
6.18101 3.43567
6.23126 3.43968
6.28151 3.44369
6.33176 3.4477
6.38201 3.45171
6.43225 3.45573
6.4825 3.45974
6.53275 3.46375
6.583 3.46776
6.63325 3.47177
6.68349 3.47579
6.73374 3.4798
6.78399 3.48381
6.83424 3.48782
6.88449 3.49184
6.93474 3.49585
6.98498 3.49986
7.03523 3.50387
7.08548 3.50788
7.13573 3.5119
7.18159 3.5119
7.22744 3.5119
9.81829 4.07188
12.4091 4.07188
15.0 4.07188
0.0 0.940367
0.0499841 0.940367
0.0999682 0.977995
0.149952 1.01562
0.199936 1.05325
0.249921 1.09088
0.299905 1.12851
0.349889 1.16613
0.399873 1.20376
0.449857 1.24139
0.499841 1.27902
0.549825 1.31664
0.599809 1.35427
0.649793 1.3919
0.699778 1.42953
0.749762 1.46716
0.799746 1.50478
0.84973 1.54241
0.899714 1.58004
0.949698 1.61767
0.999682 1.65529
1.04967 1.69292
1.09965 1.73055
1.14963 1.76818
1.19962 1.80581
1.2496 1.84343
1.29959 1.88106
1.34957 1.91869
1.39956 1.95632
1.44954 1.99394
1.49952 2.03157
1.54951 2.0692
1.59949 2.10683
1.64948 2.14446
1.69946 2.18208
1.74944 2.21971
1.79943 2.25734
1.84941 2.29497
1.8994 2.33259
1.94938 2.37022
1.99936 2.40785
2.04935 2.44548
2.09952 2.44548
2.1497 2.47806
2.19988 2.51065
2.25005 2.54323
2.30023 2.57581
2.3504 2.6084
2.40058 2.64098
2.45076 2.67356
2.50093 2.70615
2.55111 2.73873
2.60128 2.77131
2.65146 2.8039
2.70164 2.83648
2.75181 2.86906
2.80199 2.90165
2.85216 2.93423
2.90234 2.96681
2.95252 2.9994
3.00269 3.03198
3.05287 3.06456
3.10304 3.09715
3.15322 3.12973
3.20339 3.16231
3.25371 3.16231
3.30402 3.17568
3.35433 3.18905
3.40464 3.20242
3.45495 3.21579
3.50526 3.22916
3.55557 3.24253
3.60588 3.2559
3.65619 3.26926
3.7065 3.28263
3.75681 3.296
3.80712 3.30937
3.85715 3.30937
3.90718 3.31184
3.95721 3.31431
4.00724 3.31678
4.05727 3.31925
4.1073 3.32172
4.15733 3.32419
4.20736 3.32666
4.25739 3.32913
4.30742 3.3316
4.35745 3.33407
4.40748 3.33654
4.45751 3.33901
4.50754 3.34148
4.55756 3.34396
4.60759 3.34643
4.65762 3.3489
4.70765 3.35137
4.75768 3.35384
4.80771 3.35631
4.85774 3.35878
4.90777 3.36125
4.9578 3.36372
5.00783 3.36619
5.05786 3.36866
5.10789 3.37113
5.15792 3.3736
5.20795 3.37607
5.25798 3.37854
5.30801 3.38101
5.35804 3.38348
5.40807 3.38595
5.45809 3.38842
5.50812 3.39089
5.55815 3.39336
5.60818 3.39583
5.65821 3.3983
5.70824 3.40077
5.75827 3.40324
5.8083 3.40571
5.85833 3.40818
5.90836 3.41065
5.95839 3.41312
6.00842 3.4156
6.05845 3.41807
6.10848 3.42054
6.15851 3.42301
6.20854 3.42548
6.25857 3.42795
6.3086 3.43042
6.35862 3.43289
6.40865 3.43536
6.45868 3.43783
6.50871 3.4403
6.55874 3.44277
6.60877 3.44524
6.6588 3.44771
6.70883 3.45018
6.75886 3.45265
6.80889 3.45512
6.85892 3.45759
6.90895 3.46006
6.95898 3.46253
7.00704 3.46253
7.05511 3.46253
7.10318 3.46253
7.15124 3.46253
7.19931 3.46253
7.24738 3.46253
7.29544 3.46253
7.34351 3.46253
7.39158 3.46253
7.43964 3.46253
9.95976 4.03775
12.4799 4.03775
15.0 4.03775
0.0 0.707463
0.0485191 0.707463
0.0970381 1.07543
0.146903 1.07543
0.196769 1.10679
0.246634 1.13815
0.296499 1.16951
0.346364 1.20086
0.39623 1.23222
0.446095 1.26358
0.49596 1.29494
0.545825 1.3263
0.59569 1.35766
0.645556 1.38902
0.695421 1.42038
0.745286 1.45174
0.795151 1.4831
0.845017 1.51445
0.894882 1.54581
0.944747 1.57717
0.994612 1.60853
1.04448 1.63989
1.09434 1.67125
1.14421 1.70261
1.19407 1.73397
1.24394 1.76533
1.29488 1.76533
1.34582 1.91108
1.39675 2.05684
1.44769 2.2026
1.49863 2.34835
1.54957 2.49411
1.60051 2.63987
1.65145 2.78562
1.70239 2.93138
1.75333 3.07714
1.80426 3.22289
1.85425 3.22289
1.90424 3.3656
1.95422 3.50832
2.00421 3.65103
2.05419 3.79374
2.10418 3.93645
2.15416 4.07916
2.20415 4.22187
2.25414 4.36458
2.30412 4.50729
2.35646 4.50729
2.4088 4.50729
2.46115 4.50729
2.51349 4.50729
2.56583 4.50729
2.61817 4.50729
2.67051 4.50729
2.72285 4.50729
5.17828 5.29276
7.63371 5.29276
10.0891 5.29276
12.5446 5.29276
15.0 5.29276
0.0 0.935165
0.0502374 0.935165
0.100475 0.975226
0.150712 1.01529
0.20095 1.05535
0.251187 1.09541
0.301425 1.13547
0.351662 1.17553
0.4019 1.21559
0.452137 1.25565
0.502374 1.29571
0.552612 1.33577
0.602849 1.37583
0.653087 1.41589
0.703324 1.45595
0.753562 1.49601
0.804889 1.49601
0.856216 1.64134
0.907543 1.78668
0.95887 1.93201
1.0102 2.07734
1.06152 2.22268
1.11285 2.36801
1.16418 2.51335
1.21551 2.65868
1.26683 2.80401
1.31816 2.94935
1.36949 3.09468
1.42081 3.24001
1.47214 3.38535
1.52329 3.38535
1.57444 3.48917
1.62558 3.59299
1.67673 3.69681
1.72788 3.80063
1.77903 3.90445
1.83017 4.00827
1.88132 4.11209
1.93247 4.21591
1.98362 4.31973
2.03476 4.42355
2.08591 4.52737
2.13598 4.52737
2.18605 4.52752
2.23612 4.52767
2.28619 4.52782
2.33626 4.52796
2.38633 4.52811
2.4364 4.52826
2.48647 4.52841
2.53654 4.52856
2.58661 4.5287
2.63668 4.52885
2.68675 4.529
2.73682 4.52915
2.78689 4.52929
2.83696 4.52944
2.88703 4.52959
2.9371 4.52974
2.98717 4.52989
3.03724 4.53003
3.08731 4.53018
3.13738 4.53033
3.18745 4.53048
3.23753 4.53063
3.2876 4.53077
3.33767 4.53092
3.38774 4.53107
3.43781 4.53122
3.48788 4.53137
3.53795 4.53151
3.58802 4.53166
3.63809 4.53181
3.68816 4.53196
3.73823 4.53211
3.7883 4.53225
3.83837 4.5324
3.88844 4.53255
3.93851 4.5327
3.98858 4.53284
4.03865 4.53299
4.08872 4.53314
4.13879 4.53329
4.18886 4.53344
4.23893 4.53358
4.289 4.53373
4.33907 4.53388
4.38914 4.53403
4.43921 4.53418
4.48928 4.53432
4.53923 4.53432
4.58917 4.53432
4.63911 4.53432
4.68906 4.53432
4.739 4.53432
4.78895 4.53432
4.83889 4.53432
4.88884 4.53432
4.93878 4.53432
4.98873 4.53432
5.03867 4.53432
5.08861 4.53432
5.13856 4.53432
5.1885 4.53432
5.23845 4.53432
5.28839 4.53432
7.71629 5.73926
10.1442 5.73926
12.5721 5.73926
15.0 5.73926
0.0 0.91985
0.0499829 0.91985
0.0999659 0.963352
0.149949 1.00685
0.199932 1.05035
0.249915 1.09386
0.299898 1.13736
0.349881 1.18086
0.399864 1.22436
0.449847 1.26786
0.499829 1.31136
0.549812 1.35486
0.599795 1.39837
0.649778 1.44187
0.699761 1.48537
0.749744 1.52887
0.799727 1.57237
0.84971 1.61587
0.899693 1.65937
0.949676 1.70287
0.999659 1.74638
1.04964 1.78988
1.09962 1.83338
1.14961 1.87688
1.19959 1.92038
1.24957 1.96388
1.29956 2.00738
1.34954 2.05089
1.39952 2.09439
1.44951 2.13789
1.49949 2.18139
1.54947 2.22489
1.59945 2.26839
1.64944 2.31189
1.69942 2.35539
1.7494 2.3989
1.79858 2.3989
1.84775 2.4791
1.89693 2.5593
1.9461 2.6395
1.99528 2.7197
2.04445 2.79991
2.09363 2.88011
2.1428 2.96031
2.19198 3.04051
2.24225 3.04051
2.29252 3.04595
2.34279 3.05139
2.39307 3.05682
2.44334 3.06226
2.49361 3.0677
2.54389 3.07314
2.59416 3.07857
2.64443 3.08401
2.69471 3.08945
2.74498 3.09488
2.79525 3.10032
2.84552 3.10576
2.8958 3.1112
2.94607 3.11663
2.99634 3.12207
3.04662 3.12751
3.09689 3.13295
3.14716 3.13838
3.19744 3.14382
3.24771 3.14926
3.29798 3.1547
3.34825 3.16013
3.39853 3.16557
3.4488 3.17101
3.49907 3.17645
3.54935 3.18188
3.59962 3.18732
3.64989 3.19276
3.70017 3.1982
3.75044 3.20363
3.80071 3.20907
3.85098 3.21451
3.90126 3.21995
3.95153 3.22538
4.0018 3.23082
4.05208 3.23626
4.10235 3.2417
4.15262 3.24713
4.2029 3.25257
4.25317 3.25801
4.30344 3.26345
4.35371 3.26888
4.40399 3.27432
4.45426 3.27976
4.50453 3.2852
4.55481 3.29063
4.60508 3.29607
4.65535 3.30151
4.70563 3.30695
4.7559 3.31238
4.80617 3.31782
4.85644 3.32326
4.90886 3.32326
4.96127 3.3454
5.01368 3.36754
5.06609 3.38968
5.11851 3.41183
5.17092 3.43397
5.22333 3.45611
5.27574 3.47825
5.32815 3.5004
5.38057 3.52254
5.43005 3.52254
5.47954 3.52254
5.52903 3.52254
5.57852 3.52254
5.62801 3.52254
5.6775 3.52254
5.72699 3.52254
5.77648 3.52254
5.82596 3.52254
5.87545 3.52254
5.92494 3.52254
5.97443 3.52254
6.02392 3.52254
6.07341 3.52254
6.1229 3.52254
8.34217 3.74621
10.5614 3.74621
12.7807 3.74621
15.0 3.74621
0.0 0.953621
0.0511961 0.953621
0.102392 0.991029
0.153588 1.02844
0.204785 1.06584
0.255981 1.10325
0.307177 1.14066
0.358373 1.17807
0.409569 1.21548
0.460765 1.25288
0.511961 1.29029
0.563157 1.3277
0.614354 1.36511
0.66555 1.40251
0.716746 1.43992
0.767942 1.47733
0.819138 1.51474
0.870334 1.55215
0.92153 1.58955
0.972726 1.62696
1.02392 1.66437
1.07439 1.66437
1.12486 1.72902
1.17533 1.79366
1.22581 1.85831
1.27628 1.92296
1.32675 1.9876
1.37722 2.05225
1.42769 2.11689
1.47816 2.18154
1.52863 2.24619
1.5791 2.31083
1.62957 2.37548
1.68004 2.44013
1.73051 2.50477
1.78058 2.50477
1.83064 2.52138
1.88071 2.53799
1.93077 2.5546
1.98084 2.57121
2.0309 2.58782
2.08097 2.60442
2.13103 2.62103
2.1811 2.63764
2.23116 2.65425
2.28123 2.67086
2.3313 2.68747
2.38136 2.70408
2.43143 2.72068
2.48149 2.73729
2.53318 2.73729
2.58487 2.86609
2.63656 2.99488
2.68825 3.12367
2.73994 3.25247
2.79163 3.38126
2.84635 3.38126
2.90107 3.38126
2.95579 3.38126
3.0105 3.38126
3.06522 3.38126
5.45218 5.92295
7.83913 5.92295
10.2261 5.92295
12.613 5.92295
15.0 5.92295
0.0 0.942823
0.0509347 0.942823
0.101869 0.983154
0.152804 1.02348
0.203739 1.06382
0.254673 1.10415
0.305608 1.14448
0.356543 1.18481
0.407478 1.22514
0.458412 1.26547
0.509347 1.3058
0.560282 1.34613
0.611216 1.38647
0.662151 1.4268
0.713086 1.46713
0.76402 1.50746
0.814955 1.54779
0.86589 1.58812
0.916824 1.62845
0.967759 1.66878
1.01616 1.66878
1.06456 1.94008
1.11296 2.21137
1.16136 2.48266
1.21167 2.48266
1.26198 2.4926
1.31228 2.50253
1.36259 2.51247
1.41289 2.5224
1.4632 2.53234
1.51351 2.54228
1.56381 2.55221
1.61412 2.56215
1.66443 2.57208
1.71473 2.58202
1.76504 2.59195
1.81534 2.60189
1.86565 2.61183
1.91596 2.62176
1.96626 2.6317
2.01657 2.64163
2.06687 2.65157
2.11718 2.6615
2.16749 2.67144
2.21779 2.68137
2.2681 2.69131
2.3184 2.70125
2.36871 2.71118
2.41902 2.72112
2.46932 2.73105
2.51963 2.74099
2.56993 2.75092
2.62024 2.76086
2.67055 2.77079
2.72085 2.78073
2.77116 2.79067
2.82146 2.8006
2.87177 2.8006
2.92208 2.82345
2.97239 2.84629
3.0227 2.86914
3.07301 2.89198
3.12332 2.91483
3.17363 2.93767
3.22394 2.96051
3.27425 2.98336
3.32456 3.0062
3.37487 3.02905
3.42518 3.05189
3.4755 3.07474
3.52581 3.09758
3.57612 3.12043
3.62643 3.14327
3.67674 3.16612
3.72705 3.18896
3.77736 3.21181
3.82767 3.23465
3.87798 3.2575
3.92829 3.28034
3.9786 3.30319
4.02891 3.32603
4.07922 3.34888
4.12953 3.37172
4.17457 3.37172
4.21961 3.37172
6.9147 5.90637
9.6098 5.90637
12.3049 5.90637
15.0 5.90637
0.0 0.935013
0.0511307 0.935013
0.102261 0.975542
0.153392 1.01607
0.204523 1.0566
0.255653 1.09713
0.306784 1.13766
0.357915 1.17819
0.409045 1.21872
0.460176 1.25924
0.511307 1.29977
0.562438 1.3403
0.613568 1.38083
0.664699 1.42136
0.713543 1.42136
0.762386 1.76479
0.81123 2.10822
0.860074 2.45164
0.908917 2.79507
0.957761 3.1385
1.0066 3.48193
1.05716 3.48193
1.10771 3.51208
1.15826 3.54224
1.20881 3.5724
1.25936 3.60256
1.30991 3.63271
1.36047 3.66287
1.41102 3.69303
1.46157 3.72319
1.51212 3.75335
1.56267 3.7835
1.61322 3.81366
1.66378 3.84382
1.71433 3.87398
1.76488 3.90413
1.81543 3.93429
1.86598 3.96445
1.91653 3.99461
1.96708 4.02477
2.01764 4.05492
2.06819 4.08508
2.11874 4.11524
2.16929 4.1454
2.21984 4.17555
2.27039 4.20571
2.32095 4.23587
2.3715 4.26603
2.42205 4.29619
2.4726 4.32634
2.52315 4.3565
2.5737 4.38666
2.62425 4.41682
2.67481 4.44698
2.72536 4.47713
2.77522 4.47713
2.82509 4.49422
2.87495 4.5113
2.92482 4.52838
2.97468 4.54546
3.02455 4.56255
3.07441 4.57963
3.12428 4.59671
3.17414 4.6138
3.224 4.63088
3.27387 4.64796
3.32373 4.66505
3.3736 4.68213
3.42346 4.69921
3.47333 4.71629
3.52319 4.73338
3.57586 4.73338
3.62852 4.73338
3.68119 4.73338
3.73386 4.73338
3.78652 4.73338
3.83919 4.73338
3.89185 4.73338
3.94452 4.73338
6.70839 5.82803
9.47226 5.82803
12.2361 5.82803
15.0 5.82803
0.0 0.923452
0.0493317 0.923452
0.0986634 0.965181
0.147995 1.00691
0.197327 1.04864
0.246659 1.09037
0.29599 1.1321
0.345322 1.17383
0.394654 1.21556
0.443985 1.25729
0.493317 1.29902
0.542649 1.34075
0.591981 1.38248
0.641312 1.42421
0.690644 1.46594
0.739976 1.50767
0.789307 1.5494
0.842539 1.5494
0.895771 1.92189
0.949003 2.29439
1.00224 2.66689
1.05547 3.03938
1.1087 3.41188
1.15775 3.41188
1.20681 3.56623
1.25586 3.72057
1.30491 3.87492
1.35397 4.02927
1.40302 4.18361
1.45207 4.33796
1.50113 4.49231
1.55273 4.49231
1.60433 4.52257
1.65593 4.55283
1.70754 4.58309
1.75914 4.61335
1.81074 4.64361
1.86234 4.67387
1.91395 4.70413
1.96555 4.73439
2.01715 4.76465
2.06875 4.79491
2.12207 4.79491
2.17539 4.79491
2.22871 4.79491
4.78297 5.78315
7.33723 5.78315
9.89148 5.78315
12.4457 5.78315
15.0 5.78315
0.0 0.925278
0.0504532 0.925278
0.100906 0.965934
0.15136 1.00659
0.201813 1.04725
0.252266 1.0879
0.302719 1.12856
0.353173 1.16921
0.403626 1.20987
0.454079 1.25053
0.504532 1.29118
0.554985 1.33184
0.605439 1.3725
0.655892 1.41315
0.706345 1.45381
0.756798 1.49446
0.807252 1.53512
0.857705 1.57578
0.90776 1.57578
0.957815 1.72577
1.00787 1.87576
1.05792 2.02575
1.10798 2.17574
1.15803 2.32573
1.20809 2.47572
1.25814 2.62571
1.3082 2.7757
1.35825 2.92569
1.40831 3.07568
1.45836 3.22567
1.50842 3.37566
1.55751 3.37566
1.60661 3.49198
1.6557 3.6083
1.70479 3.72462
1.75389 3.84093
1.80298 3.95725
1.85207 4.07357
1.90117 4.18989
1.95026 4.30621
1.99936 4.42252
2.04844 4.42252
2.09752 4.47603
2.1466 4.52954
2.19568 4.58305
2.24476 4.63657
2.29384 4.69008
2.34293 4.74359
2.39201 4.7971
2.44256 4.7971
2.49312 4.7971
2.54368 4.7971
2.59424 4.7971
2.64479 4.7971
2.69535 4.7971
2.74591 4.7971
2.79646 4.7971
2.84702 4.7971
2.89758 4.7971
2.94814 4.7971
2.99869 4.7971
3.04925 4.7971
3.09981 4.7971
3.15036 4.7971
3.20092 4.7971
3.25148 4.7971
3.30204 4.7971
3.35259 4.7971
3.40315 4.7971
5.72252 6.00278
8.04189 6.00278
10.3613 6.00278
12.6806 6.00278
15.0 6.00278
0.0 0.946576
0.0497278 0.946576
0.0994555 0.984746
0.149183 1.02292
0.198911 1.06109
0.248639 1.09926
0.298367 1.13743
0.348094 1.1756
0.397822 1.21377
0.44755 1.25194
0.497278 1.29011
0.547005 1.32828
0.596733 1.36645
0.646461 1.40462
0.696189 1.44279
0.745916 1.48096
0.795644 1.51913
0.845372 1.5573
0.8951 1.59547
0.944827 1.63364
0.994555 1.67181
1.04428 1.70998
1.09401 1.74815
1.14374 1.78632
1.19347 1.82449
1.24319 1.86266
1.29292 1.90083
1.34265 1.939
1.39238 1.97717
1.4421 2.01534
1.49183 2.05351
1.54156 2.09168
1.59129 2.12985
1.64102 2.16802
1.69074 2.20619
1.74047 2.24436
1.7902 2.28253
1.83876 2.28253
1.88731 2.34166
1.93587 2.4008
1.98443 2.45993
2.03298 2.51906
2.08154 2.5782
2.1301 2.63733
2.17865 2.69646
2.22721 2.7556
2.27577 2.81473
2.32432 2.87386
2.37288 2.933
2.42144 2.99213
2.46999 3.05126
2.51855 3.1104
2.56972 3.1104
2.62088 3.14241
2.67205 3.17443
2.72321 3.20645
2.77438 3.23847
2.82554 3.27049
2.87671 3.30251
2.92787 3.33453
2.97904 3.36654
3.0302 3.39856
3.08137 3.43058
3.13254 3.4626
3.18281 3.4626
3.23308 3.46349
3.28335 3.46438
3.33362 3.46528
3.3839 3.46617
3.43417 3.46706
3.48444 3.46795
3.53471 3.46885
3.58498 3.46974
3.63525 3.47063
3.68553 3.47152
3.7358 3.47241
3.78607 3.47331
3.83634 3.4742
3.88661 3.47509
3.93689 3.47598
3.98716 3.47688
4.03743 3.47777
4.0877 3.47866
4.13797 3.47955
4.18825 3.48044
4.23852 3.48134
4.28879 3.48223
4.33906 3.48312
4.38933 3.48401
4.43961 3.4849
4.48988 3.4858
4.54015 3.48669
4.59042 3.48758
4.64069 3.48847
4.69097 3.48937
4.74124 3.49026
4.79151 3.49115
4.84178 3.49204
4.89205 3.49293
4.94233 3.49383
4.9926 3.49472
5.04287 3.49561
5.09314 3.4965
5.14341 3.49739
5.19283 3.49739
5.24225 3.49739
5.29166 3.49739
5.34108 3.49739
5.3905 3.49739
5.43992 3.49739
5.48933 3.49739
5.53875 3.49739
5.58817 3.49739
5.63759 3.49739
5.687 3.49739
5.73642 3.49739
5.78584 3.49739
5.83525 3.49739
5.88467 3.49739
5.93409 3.49739
5.98351 3.49739
6.03292 3.49739
8.27469 3.88537
10.5165 3.88537
12.7582 3.88537
15.0 3.88537
0.0 0.921897
0.0511232 0.921897
0.102246 0.967901
0.15337 1.0139
0.204493 1.05991
0.255616 1.10591
0.306739 1.15191
0.357862 1.19792
0.408986 1.24392
0.460109 1.28992
0.511232 1.33593
0.562355 1.38193
0.613478 1.42793
0.664602 1.47393
0.715725 1.51994
0.766848 1.56594
0.817971 1.61194
0.869094 1.65795
0.918477 1.65795
0.96786 1.68311
1.01724 1.70827
1.06663 1.73344
1.11601 1.7586
1.16539 1.78376
1.21477 1.80892
1.26416 1.83409
1.31354 1.85925
1.36292 1.88441
1.4123 1.90957
1.46169 1.93474
1.51107 1.9599
1.56045 1.98506
1.60983 2.01023
1.65922 2.03539
1.7086 2.06055
1.75798 2.08571
1.80737 2.11088
1.85675 2.13604
1.90613 2.1612
1.95551 2.18637
2.0049 2.21153
2.05428 2.23669
2.10366 2.26185
2.15304 2.28702
2.20243 2.31218
2.25181 2.33734
2.30119 2.3625
2.35057 2.38767
2.39996 2.41283
2.4266 2.41283
2.45324 2.85504
2.50341 2.85504
2.55358 2.88828
2.60375 2.92153
2.65392 2.95477
2.70409 2.98802
2.75426 3.02126
2.80443 3.05451
2.8546 3.08775
2.90478 3.121
2.95495 3.15424
3.00512 3.18749
3.05529 3.22073
3.10546 3.25398
3.15563 3.28723
3.2058 3.32047
3.25597 3.35372
3.30615 3.38696
3.35632 3.42021
3.40649 3.45345
3.45666 3.4867
3.50683 3.51994
3.557 3.55319
3.60717 3.58643
3.65744 3.58643
3.7077 3.58643
3.75797 3.58643
3.80824 3.58643
3.8585 3.58643
3.90877 3.58643
3.95903 3.58643
4.0093 3.58643
4.05956 3.58643
4.10983 3.58643
4.16009 3.58643
4.21036 3.58643
4.26063 3.58643
4.31089 3.58643
4.36116 3.58643
4.41142 3.58643
4.46169 3.58643
4.51195 3.58643
4.56222 3.58643
4.61249 3.58643
4.66275 3.58643
4.71302 3.58643
4.76328 3.58643
4.81355 3.58643
4.86381 3.58643
4.91408 3.58643
4.96435 3.58643
5.01461 3.58643
5.06488 3.58643
5.11514 3.58643
5.16541 3.58643
5.21567 3.58643
5.26594 3.58643
5.31621 3.58643
5.36647 3.58643
5.41674 3.58643
5.467 3.58643
5.51727 3.58643
5.56753 3.58643
5.6178 3.58643
5.66807 3.58643
5.71833 3.58643
5.7686 3.58643
5.81886 3.58643
5.86913 3.58643
5.91939 3.58643
5.96966 3.58643
6.01993 3.58643
6.07019 3.58643
6.12046 3.58643
6.17072 3.58643
6.22099 3.58643
6.27125 3.58643
6.32152 3.58643
6.37179 3.58643
6.42205 3.58643
6.47232 3.58643
6.52258 3.58643
6.57285 3.58643
6.62311 3.58643
6.67338 3.58643
6.72365 3.58643
6.77391 3.58643
6.82418 3.58643
6.87444 3.58643
9.58296 5.95128
12.2915 5.95128
15.0 5.95128
0.0 0.926672
0.0323534 0.926672
0.0647068 0.964764
0.113247 0.964764
0.161787 1.00788
0.210328 1.051
0.258868 1.09412
0.307408 1.13724
0.355948 1.18036
0.404489 1.22348
0.453029 1.2666
0.501569 1.30972
0.55011 1.35284
0.59865 1.39596
0.64719 1.43908
0.69573 1.4822
0.744271 1.52532
0.792811 1.56844
0.848225 1.56844
0.903638 2.43836
0.959052 3.30828
1.00779 3.30828
1.05653 3.40409
1.10527 3.4999
1.15401 3.59571
1.20274 3.69152
1.25148 3.78734
1.30022 3.88315
1.34896 3.97896
1.3977 4.07477
1.44644 4.17058
1.49518 4.2664
1.54391 4.36221
1.59265 4.45802
1.64139 4.55383
1.69013 4.64964
1.73884 4.64964
1.78756 4.64964
1.83627 4.64964
1.88498 4.64964
1.9337 4.64964
1.98241 4.64964
2.03112 4.64964
2.07984 4.64964
2.12855 4.64964
2.17726 4.64964
4.74181 5.4208
7.30636 5.4208
9.8709 5.4208
12.4355 5.4208
15.0 5.4208
0.0 0.939738
0.0504577 0.939738
0.100915 0.976252
0.151373 1.01277
0.201831 1.04928
0.252288 1.0858
0.302746 1.12231
0.353204 1.15882
0.403661 1.19534
0.454119 1.23185
0.504577 1.26837
0.555034 1.30488
0.605492 1.3414
0.65595 1.37791
0.706407 1.41443
0.756865 1.45094
0.807322 1.48745
0.85778 1.52397
0.908238 1.56048
0.958695 1.597
1.00868 1.597
1.05866 1.79077
1.10864 1.98454
1.15862 2.17831
1.2086 2.37207
1.25858 2.56584
1.30856 2.75961
1.35854 2.95338
1.40852 3.14715
1.4585 3.34092
1.50765 3.34092
1.5568 3.37431
1.60595 3.4077
1.6551 3.4411
1.70425 3.47449
1.7534 3.50788
1.80255 3.54127
1.85169 3.57466
1.90084 3.60805
1.94999 3.64144
1.99914 3.67484
2.04829 3.70823
2.09744 3.74162
2.14659 3.77501
2.19574 3.8084
2.24489 3.84179
2.29404 3.87518
2.34319 3.90858
2.39234 3.94197
2.44149 3.97536
2.49064 4.00875
2.53978 4.04214
2.58893 4.07553
2.63808 4.10892
2.68723 4.14232
2.73638 4.17571
2.78553 4.2091
2.83468 4.24249
2.88605 4.24249
2.93741 4.37356
2.98878 4.50462
3.04015 4.63569
3.09151 4.76675
3.14288 4.89782
3.19361 4.89782
3.24434 4.89782
3.29507 4.89782
3.3458 4.89782
3.39653 4.89782
3.44725 4.89782
3.49798 4.89782
3.54871 4.89782
3.59944 4.89782
3.65017 4.89782
3.7009 4.89782
3.75163 4.89782
3.80236 4.89782
3.85309 4.89782
3.90381 4.89782
3.95454 4.89782
4.00527 4.89782
4.056 4.89782
4.10673 4.89782
4.15746 4.89782
4.20819 4.89782
4.25892 4.89782
4.30965 4.89782
6.98223 6.11117
9.65482 6.11117
12.3274 6.11117
15.0 6.11117
0.0 0.902731
0.0552251 0.902731
0.11045 1.02157
0.160675 1.02157
0.210899 1.05984
0.261123 1.09811
0.311348 1.13638
0.361572 1.17465
0.411796 1.21292
0.462021 1.25119
0.512245 1.28946
0.56247 1.32773
0.612694 1.366
0.662918 1.40427
0.713143 1.44254
0.763367 1.48081
0.813591 1.51908
0.863816 1.55735
0.91404 1.59562
0.964264 1.63389
1.0082 1.63389
1.05214 2.15191
1.09608 2.66992
1.14002 3.18793
1.18842 3.18793
1.23681 3.44156
1.28521 3.69518
1.33361 3.9488
1.38201 4.20242
1.43041 4.45604
1.4788 4.70967
1.52821 4.70967
1.57761 4.70967
1.62701 4.70967
1.67641 4.70967
1.72581 4.70967
1.77521 4.70967
1.82461 4.70967
1.87401 4.70967
1.92341 4.70967
1.97281 4.70967
2.02221 4.70967
2.07161 4.70967
2.12102 4.70967
2.17042 4.70967
2.21982 4.70967
2.26922 4.70967
2.31862 4.70967
2.36802 4.70967
2.41742 4.70967
2.46682 4.70967
2.51622 4.70967
2.56562 4.70967
2.61502 4.70967
2.66443 4.70967
2.71383 4.70967
2.76323 4.70967
2.81263 4.70967
2.86203 4.70967
2.91143 4.70967
2.96083 4.70967
3.01023 4.70967
3.05963 4.70967
3.10903 4.70967
3.15843 4.70967
5.52675 5.44821
7.89506 5.44821
10.2634 5.44821
12.6317 5.44821
15.0 5.44821
0.0 0.929884
0.0503094 0.929884
0.100619 0.969776
0.150928 1.00967
0.201237 1.04956
0.251547 1.08945
0.301856 1.12934
0.352166 1.16923
0.402475 1.20913
0.452784 1.24902
0.503094 1.28891
0.553403 1.3288
0.603712 1.36869
0.654022 1.40858
0.704331 1.44848
0.754641 1.48837
0.80495 1.52826
0.855259 1.56815
0.905569 1.60804
0.955878 1.64793
1.00619 1.68783
1.0565 1.72772
1.10681 1.76761
1.15712 1.8075
1.20742 1.84739
1.25773 1.88728
1.30804 1.92718
1.35835 1.96707
1.40866 2.00696
1.45897 2.04685
1.50928 2.08674
1.55892 2.08674
1.60857 2.1235
1.65821 2.16025
1.70785 2.197
1.75749 2.23376
1.80714 2.27051
1.85678 2.30727
1.90642 2.34402
1.95607 2.38077
2.00571 2.41753
2.05535 2.45428
2.10499 2.49104
2.15464 2.52779
2.20428 2.56454
2.25392 2.6013
2.30357 2.63805
2.35321 2.67481
2.40285 2.71156
2.45249 2.74831
2.50214 2.78507
2.55178 2.82182
2.60142 2.85858
2.65107 2.89533
2.70071 2.93208
2.75035 2.96884
2.79999 3.00559
2.84964 3.04234
2.89928 3.0791
2.94892 3.11585
2.99856 3.15261
3.04844 3.15261
3.09831 3.16084
3.14818 3.16908
3.19805 3.17732
3.24792 3.18555
3.29779 3.19379
3.34766 3.20202
3.39754 3.21026
3.44741 3.2185
3.49728 3.22673
3.54715 3.23497
3.59702 3.24321
3.64689 3.25144
3.69676 3.25968
3.74663 3.26792
3.79651 3.27615
3.84638 3.28439
3.89625 3.29262
3.94612 3.30086
3.99265 3.30086
4.03917 3.40126
4.0857 3.50166
4.13222 3.60207
4.17875 3.70247
4.22934 3.70247
4.27993 3.70247
4.33053 3.70247
4.38112 3.70247
4.43171 3.70247
4.4823 3.70247
4.5329 3.70247
4.58349 3.70247
4.63408 3.70247
4.68467 3.70247
4.73526 3.70247
4.78586 3.70247
4.83645 3.70247
4.88704 3.70247
4.93763 3.70247
4.98823 3.70247
5.03882 3.70247
5.08941 3.70247
5.14 3.70247
5.19059 3.70247
5.24119 3.70247
5.29178 3.70247
5.34237 3.70247
5.39296 3.70247
5.44356 3.70247
5.49415 3.70247
5.54474 3.70247
5.59533 3.70247
5.64592 3.70247
7.98444 3.914
10.323 3.914
12.6615 3.914
15.0 3.914
0.0 0.915323
0.0499131 0.915323
0.0998261 0.96059
0.149739 1.00586
0.199652 1.05112
0.249565 1.09639
0.299478 1.14166
0.349391 1.18692
0.399304 1.23219
0.449218 1.27746
0.499131 1.32272
0.549044 1.36799
0.598957 1.41326
0.64887 1.45852
0.698783 1.50379
0.748696 1.54906
0.798609 1.59432
0.848522 1.63959
0.898435 1.68486
0.948348 1.73012
0.998261 1.77539
1.04817 1.82066
1.09809 1.86592
1.148 1.91119
1.19791 1.95646
1.24783 2.00172
1.29774 2.04699
1.3475 2.04699
1.39727 2.07523
1.44703 2.10347
1.4968 2.13171
1.54656 2.15995
1.59633 2.18819
1.64609 2.21643
1.69586 2.24467
1.74562 2.27291
1.79539 2.30115
1.84515 2.32939
1.89492 2.35763
1.94468 2.38587
1.99445 2.41411
2.04421 2.44235
2.09397 2.47059
2.14374 2.49883
2.1935 2.52707
2.24327 2.55531
2.29303 2.58354
2.3428 2.61178
2.39256 2.64002
2.44233 2.66826
2.49209 2.6965
2.54186 2.72474
2.59162 2.75298
2.64139 2.78122
2.69115 2.80946
2.74092 2.8377
2.79068 2.86594
2.84045 2.89418
2.89021 2.92242
2.93998 2.95066
2.98974 2.9789
3.0395 3.00714
3.08927 3.03538
3.13903 3.06362
3.1888 3.09186
3.23856 3.1201
3.28833 3.14834
3.3377 3.14834
3.38707 3.1623
3.43644 3.17626
3.48581 3.19021
3.53518 3.20417
3.58456 3.21813
3.63393 3.23209
3.6833 3.24605
3.73267 3.26001
3.78204 3.27397
3.83141 3.28793
3.88073 3.28793
3.93004 3.31284
3.97936 3.33774
4.02867 3.36265
4.07799 3.38756
4.1273 3.41247
4.17662 3.43738
4.22593 3.46228
4.27524 3.48719
4.32456 3.5121
4.37387 3.53701
4.42319 3.56192
4.4725 3.58682
4.52182 3.61173
4.57113 3.63664
4.62045 3.66155
4.66976 3.68646
4.71908 3.71136
4.76839 3.73627
4.81749 3.73627
4.86658 3.73627
4.91567 3.73627
4.96477 3.73627
5.01386 3.73627
5.06296 3.73627
5.11205 3.73627
5.16114 3.73627
5.21024 3.73627
5.25933 3.73627
5.30842 3.73627
5.35752 3.73627
5.40661 3.73627
5.45571 3.73627
5.5048 3.73627
5.55389 3.73627
5.60299 3.73627
7.95224 4.06
10.3015 4.06
12.6507 4.06
15.0 4.06
0.0 0.927619
0.0501423 0.927619
0.100285 0.970361
0.150427 1.0131
0.200569 1.05584
0.250712 1.09859
0.300854 1.14133
0.350996 1.18407
0.401139 1.22681
0.451281 1.26955
0.501423 1.31229
0.551565 1.35504
0.601708 1.39778
0.65185 1.44052
0.701992 1.48326
0.752135 1.526
0.802277 1.56874
0.852419 1.61149
0.902562 1.65423
0.952704 1.69697
1.00285 1.73971
1.05299 1.78245
1.10313 1.82519
1.15327 1.86794
1.20342 1.91068
1.25356 1.95342
1.3037 1.99616
1.35384 2.0389
1.40398 2.08164
1.45413 2.12439
1.50427 2.16713
1.55441 2.20987
1.60455 2.25261
1.6547 2.29535
1.70484 2.33809
1.75498 2.38084
1.80512 2.42358
1.85527 2.46632
1.90541 2.50906
1.95555 2.5518
2.00569 2.59454
2.05583 2.63729
2.10598 2.68003
2.15612 2.72277
2.20626 2.76551
2.2564 2.80825
2.30655 2.85099
2.35669 2.89374
2.40683 2.93648
2.45697 2.97922
2.50712 3.02196
2.55726 3.0647
2.6074 3.10744
2.65635 3.10744
2.70531 3.16565
2.75426 3.22385
2.80322 3.28205
2.85217 3.34025
2.90113 3.39845
2.95008 3.45665
2.99904 3.51485
3.04799 3.57305
3.09694 3.63125
3.1459 3.68945
3.19485 3.74766
3.24381 3.80586
3.29276 3.86406
3.34462 3.86406
3.39649 3.9629
3.44835 4.06174
3.50021 4.16058
3.55207 4.25942
3.60233 4.25942
3.65259 4.26394
3.70285 4.26846
3.75311 4.27298
3.80337 4.2775
3.85363 4.28202
3.90388 4.28653
3.95414 4.29105
4.0044 4.29557
4.05466 4.30009
4.10492 4.30461
4.15518 4.30912
4.20544 4.31364
4.2557 4.31816
4.30596 4.32268
4.35622 4.3272
4.40647 4.33172
4.45673 4.33623
4.50699 4.34075
4.55725 4.34527
4.60751 4.34979
4.65777 4.35431
4.70803 4.35882
4.75829 4.36334
4.80855 4.36786
4.85881 4.37238
4.90907 4.3769
4.95932 4.38142
5.00958 4.38593
5.05984 4.39045
5.10919 4.39045
5.15853 4.39045
5.20788 4.39045
5.25722 4.39045
5.30657 4.39045
5.35591 4.39045
5.40525 4.39045
5.4546 4.39045
5.50394 4.39045
5.55329 4.39045
5.60263 4.39045
5.65198 4.39045
5.70132 4.39045
5.75067 4.39045
5.80001 4.39045
5.84935 4.39045
5.8987 4.39045
5.94804 4.39045
5.99739 4.39045
6.04673 4.39045
6.09608 4.39045
6.14542 4.39045
6.19477 4.39045
6.24411 4.39045
6.29345 4.39045
6.3428 4.39045
9.22853 4.50429
12.1143 4.50429
15.0 4.50429
0.0 0.914094
0.0488333 0.914094
0.0976665 0.955802
0.1465 0.99751
0.195333 1.03922
0.244166 1.08093
0.293 1.12263
0.341833 1.16434
0.390666 1.20605
0.439499 1.24776
0.488333 1.28946
0.537166 1.33117
0.585999 1.37288
0.634832 1.41459
0.683666 1.4563
0.732499 1.498
0.785328 1.498
0.838158 2.10267
0.890988 2.70734
0.943817 3.31201
0.992551 3.31201
1.04128 3.3831
1.09002 3.45418
1.13875 3.52527
1.18748 3.59636
1.23622 3.66745
1.28495 3.73854
1.33368 3.80962
1.38242 3.88071
1.43115 3.9518
1.47988 4.02289
1.52862 4.09398
1.57998 4.09398
1.63135 4.4602
1.68272 4.82643
1.73499 4.82643
1.78725 4.82643
1.83952 4.82643
1.89179 4.82643
1.94406 4.82643
1.99633 4.82643
2.04859 4.82643
2.10086 4.82643
4.68069 6.15508
7.26052 6.15508
9.84034 6.15508
12.4202 6.15508
15.0 6.15508
0.0 0.929412
0.049821 0.929412
0.0996419 0.971277
0.149463 1.01314
0.199284 1.05501
0.249105 1.09687
0.298926 1.13874
0.348747 1.18061
0.398568 1.22247
0.448389 1.26434
0.49821 1.3062
0.548031 1.34807
0.597852 1.38993
0.647673 1.4318
0.697494 1.47366
0.747314 1.51553
0.797135 1.55739
0.846956 1.59926
0.896777 1.64113
0.946598 1.68299
0.996419 1.72486
1.04624 1.76672
1.09606 1.80859
1.14588 1.85045
1.1957 1.89232
1.24552 1.93418
1.29535 1.97605
1.34517 2.01792
1.39499 2.05978
1.44481 2.10165
1.49463 2.14351
1.54445 2.18538
1.59427 2.22724
1.64409 2.26911
1.69391 2.31097
1.74373 2.35284
1.79355 2.39471
1.84338 2.43657
1.8932 2.47844
1.94302 2.5203
1.99284 2.56217
2.04266 2.60403
2.09248 2.6459
2.1423 2.68776
2.19212 2.72963
2.24194 2.7715
2.29176 2.81336
2.34159 2.85523
2.39141 2.89709
2.44123 2.93896
2.49105 2.98082
2.54087 3.02269
2.59069 3.06455
2.64051 3.10642
2.69033 3.14829
2.74015 3.19015
2.78997 3.23202
2.83953 3.23202
2.88908 3.27093
2.93864 3.30985
2.98819 3.34877
3.03774 3.38768
3.0873 3.4266
3.13685 3.46552
3.18641 3.50443
3.23596 3.54335
3.28551 3.58226
3.33507 3.62118
3.38462 3.6601
3.43417 3.69901
3.48373 3.73793
3.53328 3.77685
3.58284 3.81576
3.63239 3.85468
3.6828 3.85468
3.7332 3.86666
3.78361 3.87865
3.83402 3.89063
3.88442 3.90262
3.93483 3.91461
3.98524 3.92659
4.03565 3.93858
4.08605 3.95056
4.13646 3.96255
4.18687 3.97453
4.23727 3.98652
4.28768 3.9985
4.33809 4.01049
4.38849 4.02247
4.4389 4.03446
4.48931 4.04644
4.53971 4.05843
4.59012 4.07041
4.64053 4.0824
4.69093 4.09438
4.74134 4.10637
4.79175 4.11835
4.84215 4.13034
4.89256 4.14232
4.94297 4.15431
4.99338 4.16629
5.04378 4.17828
5.09419 4.19026
5.1446 4.20225
5.195 4.21423
5.24541 4.22622
5.29582 4.2382
5.34622 4.25019
5.39592 4.25019
5.44562 4.25258
5.49531 4.25498
5.54501 4.25737
5.59471 4.25976
5.64441 4.26216
5.6941 4.26455
5.7438 4.26695
5.7935 4.26934
5.84319 4.27173
5.89289 4.27413
5.94259 4.27652
5.99228 4.27891
6.04198 4.28131
6.09168 4.2837
6.14138 4.2861
6.19107 4.28849
6.24077 4.29088
6.29047 4.29328
6.34016 4.29567
6.38986 4.29807
6.43956 4.30046
6.48925 4.30285
6.53895 4.30525
6.58865 4.30764
6.63834 4.31003
6.68804 4.31243
6.73774 4.31482
6.78744 4.31722
6.83713 4.31961
6.88867 4.31961
6.9402 4.31961
6.99174 4.31961
7.04327 4.31961
7.09481 4.31961
7.14634 4.31961
7.19788 4.31961
7.24941 4.31961
7.30095 4.31961
7.35248 4.31961
7.40402 4.31961
7.45555 4.31961
7.50709 4.31961
7.55862 4.31961
10.0391 4.45985
12.5195 4.45985
15.0 4.45985
0.0 0.936422
0.0507575 0.936422
0.101515 0.975113
0.152273 1.0138
0.20303 1.0525
0.253788 1.09119
0.304545 1.12988
0.355303 1.16857
0.40606 1.20726
0.456818 1.24595
0.507575 1.28464
0.558333 1.32333
0.60909 1.36203
0.659848 1.40072
0.710605 1.43941
0.761363 1.4781
0.81212 1.51679
0.862878 1.55548
0.913635 1.59417
0.964419 1.59417
1.0152 1.62468
1.06599 1.65518
1.11677 1.68568
1.16755 1.71618
1.21834 1.74669
1.26912 1.77719
1.3199 1.80769
1.37069 1.83819
1.42147 1.86869
1.47225 1.8992
1.52304 1.9297
1.57382 1.9602
1.62461 1.9907
1.67539 2.02121
1.72617 2.05171
1.77696 2.08221
1.82774 2.11271
1.87852 2.14322
1.92931 2.17372
1.98009 2.20422
2.03087 2.23472
2.08166 2.26523
2.13244 2.29573
2.18171 2.29573
2.23098 2.35515
2.28024 2.41458
2.32951 2.47401
2.37878 2.53343
2.42804 2.59286
2.47731 2.65228
2.52658 2.71171
2.57584 2.77113
2.62511 2.83056
2.67438 2.88999
2.72365 2.94941
2.77291 3.00884
2.82218 3.06826
2.87206 3.06826
2.92194 3.07659
2.97182 3.08492
3.02171 3.09325
3.07159 3.10158
3.12147 3.10991
3.17135 3.11824
3.22123 3.12657
3.27111 3.1349
3.32099 3.14323
3.37088 3.15156
3.42076 3.15989
3.47064 3.16821
3.52052 3.17654
3.5704 3.18487
3.62028 3.1932
3.67016 3.20153
3.72005 3.20986
3.76993 3.21819
3.81981 3.22652
3.86969 3.23485
3.91957 3.24318
3.96945 3.25151
4.01933 3.25984
4.06922 3.26817
4.1191 3.27649
4.16898 3.28482
4.21886 3.29315
4.26874 3.30148
4.31862 3.30981
4.3685 3.31814
4.41839 3.32647
4.46827 3.3348
4.51815 3.34313
4.56803 3.35146
4.61791 3.35979
4.66779 3.36812
4.71767 3.37644
4.76756 3.38477
4.81744 3.3931
4.86732 3.40143
4.9172 3.40976
4.96708 3.41809
5.01696 3.42642
5.06685 3.43475
5.11673 3.44308
5.16661 3.45141
5.21649 3.45974
5.26637 3.46807
5.31625 3.4764
5.36613 3.48472
5.41602 3.49305
5.4659 3.50138
5.51578 3.50971
5.56566 3.51804
5.61554 3.52637
5.66542 3.5347
5.71492 3.5347
5.76441 3.5347
5.8139 3.5347
5.86339 3.5347
5.91289 3.5347
5.96238 3.5347
6.01187 3.5347
6.06137 3.5347
6.11086 3.5347
6.16035 3.5347
6.20984 3.5347
6.25934 3.5347
6.30883 3.5347
6.35832 3.5347
6.40782 3.5347
6.45731 3.5347
6.5068 3.5347
6.55629 3.5347
6.60579 3.5347
9.40386 5.96648
12.2019 5.96648
15.0 5.96648
0.0 0.928549
0.0496683 0.928549
0.0993365 0.970224
0.149005 1.0119
0.198673 1.05358
0.248341 1.09525
0.29801 1.13693
0.347678 1.1786
0.397346 1.22028
0.447014 1.26195
0.496683 1.30363
0.547128 1.30363
0.597574 1.41033
0.648019 1.51703
0.698465 1.62372
0.748911 1.73042
0.799356 1.83712
0.849802 1.94382
0.900247 2.05052
0.950693 2.15722
1.00114 2.26392
1.05158 2.37062
1.10203 2.47731
1.15248 2.58401
1.20292 2.69071
1.25337 2.79741
1.30381 2.90411
1.35426 3.01081
1.4047 3.11751
1.45515 3.22421
1.50559 3.33091
1.55604 3.4376
1.60538 3.4376
1.65473 3.45456
1.70407 3.47152
1.75341 3.48848
1.80275 3.50543
1.8521 3.52239
1.90144 3.53935
1.95078 3.55631
2.00013 3.57326
2.04947 3.59022
2.09881 3.60718
2.14815 3.62414
2.1975 3.64109
2.24684 3.65805
2.29618 3.67501
2.34552 3.69197
2.39487 3.70892
2.44421 3.72588
2.49355 3.74284
2.5429 3.7598
2.59224 3.77675
2.64158 3.79371
2.69092 3.81067
2.74027 3.82763
2.78961 3.84458
2.83895 3.86154
2.8883 3.8785
2.93764 3.89546
2.98698 3.91241
3.03632 3.92937
3.08567 3.94633
3.13501 3.96329
3.18435 3.98024
3.23369 3.9972
3.28304 4.01416
3.33238 4.03112
3.38248 4.03112
3.43259 4.04563
3.48269 4.06015
3.5328 4.07466
3.5829 4.08917
3.633 4.10369
3.68311 4.1182
3.73321 4.13272
3.78331 4.14723
3.83342 4.16174
3.88352 4.17626
3.93363 4.19077
3.98373 4.20529
4.03383 4.2198
4.08394 4.23431
4.13404 4.24883
4.18415 4.26334
4.23425 4.27786
4.28435 4.29237
4.33446 4.30688
4.38456 4.3214
4.43466 4.33591
4.48477 4.35043
4.53487 4.36494
4.58498 4.37945
4.63508 4.39397
4.68518 4.40848
4.73529 4.423
4.78539 4.43751
4.83549 4.45202
4.8856 4.46654
4.9357 4.48105
4.98581 4.49557
5.03591 4.51008
5.08601 4.52459
5.13612 4.53911
5.18622 4.55362
5.23633 4.56814
5.28643 4.58265
5.33653 4.59716
5.38664 4.61168
5.43674 4.62619
5.48684 4.64071
5.53695 4.65522
5.58705 4.66973
5.63716 4.68425
5.68726 4.69876
5.73736 4.71328
5.78747 4.72779
5.83693 4.72779
5.8864 4.72779
5.93586 4.72779
5.98533 4.72779
6.03479 4.72779
6.08426 4.72779
6.13372 4.72779
6.18319 4.72779
6.23266 4.72779
6.28212 4.72779
6.33159 4.72779
6.38105 4.72779
6.43052 4.72779
6.47998 4.72779
6.52945 4.72779
6.57891 4.72779
6.62838 4.72779
6.67784 4.72779
6.72731 4.72779
6.77677 4.72779
6.82624 4.72779
6.8757 4.72779
6.92517 4.72779
6.97464 4.72779
7.0241 4.72779
7.07357 4.72779
9.71571 6.00123
12.3579 6.00123
15.0 6.00123
0.0 0.933895
0.0494413 0.933895
0.0988825 0.97209
0.148324 1.01029
0.197765 1.04848
0.247206 1.08668
0.296648 1.12487
0.346089 1.16307
0.39553 1.20127
0.444971 1.23946
0.494413 1.27766
0.543854 1.31585
0.593295 1.35405
0.642737 1.39225
0.692178 1.43044
0.741619 1.46864
0.79106 1.50683
0.840502 1.54503
0.889943 1.58323
0.939384 1.62142
0.988825 1.65962
1.03827 1.69781
1.08771 1.73601
1.13715 1.7742
1.18659 1.8124
1.23603 1.8506
1.28547 1.88879
1.33491 1.92699
1.38436 1.96518
1.4338 2.00338
1.48324 2.04158
1.53368 2.04158
1.58412 2.08194
1.63455 2.1223
1.68499 2.16266
1.73543 2.20303
1.78587 2.24339
1.83631 2.28375
1.88675 2.32411
1.93719 2.36448
1.98762 2.40484
2.03806 2.4452
2.0885 2.48556
2.13894 2.52593
2.18938 2.56629
2.23982 2.60665
2.29026 2.64702
2.34069 2.68738
2.39113 2.72774
2.44157 2.7681
2.49201 2.80847
2.54245 2.84883
2.59289 2.88919
2.64333 2.92955
2.69376 2.96992
2.7442 3.01028
2.79464 3.05064
2.84508 3.091
2.89552 3.13137
2.94596 3.17173
2.99677 3.17173
3.04758 3.17597
3.09839 3.18022
3.1492 3.18446
3.20001 3.18871
3.25082 3.19295
3.30163 3.1972
3.35244 3.20144
3.40325 3.20568
3.45406 3.20993
3.50487 3.21417
3.55569 3.21842
3.6065 3.22266
3.65731 3.22691
3.70812 3.23115
3.75893 3.2354
3.80974 3.23964
3.86055 3.24388
3.91136 3.24813
3.96217 3.25237
4.01298 3.25662
4.06379 3.26086
4.1146 3.26511
4.16541 3.26935
4.21622 3.2736
4.26703 3.27784
4.31785 3.28208
4.36866 3.28633
4.41906 3.28633
4.46946 3.30672
4.51986 3.32711
4.57026 3.3475
4.62066 3.36789
4.67106 3.38828
4.72146 3.40866
4.77186 3.42905
4.82226 3.44944
4.87266 3.46983
4.92307 3.49022
4.97347 3.51061
5.02387 3.531
5.07427 3.55139
5.12467 3.57178
5.17507 3.59217
5.22547 3.61256
5.27587 3.63295
5.32627 3.65333
5.37667 3.67372
5.42707 3.69411
5.47747 3.7145
5.52788 3.73489
5.57828 3.75528
5.62868 3.77567
5.67908 3.79606
5.72948 3.81645
5.77988 3.83684
5.83028 3.85723
5.88068 3.87762
5.93328 3.87762
5.98589 3.87762
6.03849 3.87762
6.09109 3.87762
6.1437 3.87762
6.1963 3.87762
6.2489 3.87762
6.3015 3.87762
6.35411 3.87762
9.23607 3.89827
12.118 3.89827
15.0 3.89827
0.0 0.932858
0.0500598 0.932858
0.10012 0.973824
0.150179 1.01479
0.200239 1.05576
0.250299 1.09672
0.300359 1.13769
0.350418 1.17865
0.400478 1.21962
0.450538 1.26059
0.500598 1.30155
0.550657 1.34252
0.600717 1.38349
0.650777 1.42445
0.700837 1.46542
0.750896 1.50638
0.800956 1.54735
0.851016 1.58832
0.901076 1.62928
0.951135 1.67025
1.0012 1.71122
1.05125 1.75218
1.10131 1.79315
1.15137 1.83411
1.20143 1.87508
1.25149 1.91605
1.30155 1.95701
1.35161 1.99798
1.40167 2.03894
1.45173 2.07991
1.50179 2.12088
1.55185 2.16184
1.60191 2.20281
1.65197 2.24378
1.70203 2.28474
1.75209 2.32571
1.80215 2.36667
1.85221 2.40764
1.90227 2.44861
1.95233 2.48957
2.00239 2.53054
2.05245 2.57151
2.10251 2.61247
2.15257 2.65344
2.20263 2.6944
2.25269 2.73537
2.30275 2.77634
2.35281 2.8173
2.40287 2.85827
2.45293 2.89923
2.50299 2.9402
2.55305 2.98117
2.60311 3.02213
2.65317 3.0631
2.70323 3.10407
2.75329 3.14503
2.80335 3.186
2.85341 3.22696
2.90437 3.22696
2.95533 3.25266
3.0063 3.27835
3.05726 3.30404
3.10823 3.32973
3.15919 3.35542
3.21016 3.38111
3.26112 3.4068
3.31209 3.4325
3.36305 3.45819
3.41401 3.48388
3.46498 3.50957
3.51594 3.53526
3.56691 3.56095
3.61787 3.58665
3.66884 3.61234
3.7198 3.63803
3.77076 3.66372
3.82173 3.68941
3.87269 3.7151
3.92366 3.74079
3.9734 3.74079
4.02314 3.76609
4.07288 3.79139
4.12262 3.81668
4.17236 3.84198
4.22211 3.86727
4.27185 3.89257
4.32159 3.91786
4.37133 3.94316
4.42107 3.96846
4.47081 3.99375
4.52055 4.01905
4.5703 4.04434
4.62004 4.06964
4.66978 4.09493
4.71952 4.12023
4.76926 4.14553
4.819 4.17082
4.86874 4.19612
4.91849 4.22141
4.96895 4.22141
5.01942 4.22196
5.06989 4.22251
5.12035 4.22306
5.17082 4.2236
5.22129 4.22415
5.27175 4.2247
5.32222 4.22525
5.37269 4.22579
5.42315 4.22634
5.47362 4.22689
5.52409 4.22743
5.57455 4.22798
5.62502 4.22853
5.67549 4.22908
5.72595 4.22962
5.77642 4.23017
5.82689 4.23072
5.87735 4.23127
5.92782 4.23181
5.97829 4.23236
6.02875 4.23291
6.07922 4.23346
6.12969 4.234
6.18015 4.23455
6.23062 4.2351
6.28109 4.23565
6.33155 4.23619
6.38202 4.23674
6.43249 4.23729
6.48295 4.23784
6.53342 4.23838
6.58389 4.23893
6.63435 4.23948
6.68482 4.24003
6.73529 4.24057
6.78558 4.24057
6.83588 4.24057
6.88617 4.24057
6.93647 4.24057
6.98677 4.24057
7.03706 4.24057
7.08736 4.24057
7.13766 4.24057
7.18795 4.24057
7.23825 4.24057
7.28855 4.24057
9.85903 4.38168
12.4295 4.38168
15.0 4.38168
0.0 0.93712
0.0509224 0.93712
0.101845 0.977951
0.152767 1.01878
0.20369 1.05961
0.254612 1.10045
0.305535 1.14128
0.356457 1.18211
0.407379 1.22294
0.458302 1.26377
0.509224 1.3046
0.560147 1.34544
0.611069 1.38627
0.660036 1.38627
0.709002 1.43114
0.757968 1.47602
0.806935 1.5209
0.855901 1.56577
0.904868 1.61065
0.953834 1.65553
1.0028 1.7004
1.05177 1.74528
1.10073 1.79016
1.1497 1.83503
1.19867 1.87991
1.24763 1.92479
1.2966 1.96966
1.34557 2.01454
1.39453 2.05942
1.4435 2.10429
1.49246 2.14917
1.54143 2.19405
1.5904 2.23892
1.63936 2.2838
1.68833 2.32868
1.7373 2.37355
1.78749 2.37355
1.83769 2.3875
1.88788 2.40145
1.93808 2.4154
1.98827 2.42935
2.03847 2.44329
2.08866 2.45724
2.13886 2.47119
2.18905 2.48514
2.23925 2.49909
2.28944 2.51303
2.33964 2.52698
2.38983 2.54093
2.44003 2.55488
2.49022 2.56883
2.54042 2.58278
2.59061 2.59672
2.64081 2.61067
2.691 2.62462
2.7412 2.63857
2.79139 2.65252
2.84159 2.66647
2.89178 2.68041
2.94198 2.69436
2.99217 2.70831
3.04237 2.72226
3.09256 2.73621
3.14276 2.75015
3.19295 2.7641
3.24315 2.77805
3.29334 2.792
3.34354 2.80595
3.39373 2.8199
3.44393 2.83384
3.49412 2.84779
3.54432 2.86174
3.59451 2.87569
3.64471 2.88964
3.6949 2.90359
3.7451 2.91753
3.79529 2.93148
3.84549 2.94543
3.89568 2.95938
3.94588 2.97333
3.99611 2.97333
4.04635 2.98197
4.09659 2.9906
4.14682 2.99924
4.19706 3.00788
4.2473 3.01652
4.29753 3.02516
4.34777 3.0338
4.39801 3.04244
4.44824 3.05108
4.49848 3.05972
4.54872 3.06836
4.59895 3.077
4.64919 3.08564
4.69943 3.09427
4.74966 3.10291
4.7999 3.11155
4.85014 3.12019
4.90037 3.12883
4.95061 3.13747
5.00085 3.14611
5.05108 3.15475
5.10132 3.16339
5.15156 3.17203
5.20179 3.18067
5.25203 3.18931
5.30227 3.19794
5.3525 3.20658
5.40274 3.21522
5.45298 3.22386
5.50321 3.2325
5.55345 3.24114
5.60369 3.24978
5.65392 3.25842
5.70416 3.26706
5.75265 3.26706
5.80114 3.26706
5.84964 3.26706
5.89813 3.26706
5.94662 3.26706
5.99511 3.26706
6.04361 3.26706
6.0921 3.26706
6.14059 3.26706
6.18908 3.26706
6.23757 3.26706
6.28607 3.26706
6.33456 3.26706
6.38305 3.26706
9.25537 5.82761
12.1277 5.82761
15.0 5.82761
0.0 0.931016
0.0502873 0.931016
0.100575 0.969374
0.150862 1.00773
0.201149 1.04609
0.251436 1.08445
0.301724 1.1228
0.352011 1.16116
0.402298 1.19952
0.452585 1.23787
0.502873 1.27623
0.55316 1.31459
0.603447 1.35295
0.654461 1.35295
0.705475 1.4513
0.756489 1.54965
0.807503 1.648
0.858516 1.74635
0.90953 1.8447
0.960544 1.94305
1.01156 2.0414
1.06257 2.13975
1.11359 2.2381
1.1646 2.33645
1.21561 2.4348
1.26663 2.53315
1.31764 2.6315
1.36866 2.72985
1.41967 2.8282
1.47068 2.92655
1.5217 3.0249
1.57271 3.12325
1.62372 3.2216
1.67474 3.31995
1.72575 3.4183
1.77601 3.4183
1.82626 3.43885
1.87651 3.45941
1.92677 3.47996
1.97702 3.50052
2.02727 3.52107
2.07753 3.54163
2.12778 3.56218
2.17803 3.58274
2.22829 3.60329
2.27854 3.62385
2.32879 3.6444
2.37905 3.66495
2.4293 3.68551
2.47956 3.70606
2.52981 3.72662
2.58006 3.74717
2.63032 3.76773
2.68057 3.78828
2.73082 3.80884
2.78108 3.82939
2.83133 3.84995
2.88158 3.8705
2.93184 3.89105
2.98209 3.91161
3.03234 3.93216
3.0826 3.95272
3.13285 3.97327
3.1831 3.99383
3.23336 4.01438
3.28361 4.03494
3.33386 4.05549
3.38287 4.05549
3.43187 4.09616
3.48087 4.13683
3.52987 4.1775
3.57888 4.21817
3.62788 4.25884
3.67688 4.2995
3.72589 4.34017
3.77489 4.38084
3.82389 4.42151
3.87289 4.46218
3.9219 4.50285
3.9709 4.54352
4.0199 4.58419
4.0689 4.62486
4.11791 4.66552
4.16691 4.70619
4.21591 4.74686
4.2657 4.74686
4.31549 4.74686
4.36527 4.74686
4.41506 4.74686
4.46485 4.74686
4.51464 4.74686
4.56442 4.74686
4.61421 4.74686
4.664 4.74686
4.71379 4.74686
4.76357 4.74686
4.81336 4.74686
4.86315 4.74686
4.91293 4.74686
4.96272 4.74686
5.01251 4.74686
5.0623 4.74686
5.11208 4.74686
5.16187 4.74686
5.21166 4.74686
5.26145 4.74686
5.31123 4.74686
5.36102 4.74686
5.41081 4.74686
5.46059 4.74686
5.51038 4.74686
5.56017 4.74686
5.60996 4.74686
5.65974 4.74686
5.70953 4.74686
5.75932 4.74686
5.80911 4.74686
5.85889 4.74686
5.90868 4.74686
5.95847 4.74686
6.00825 4.74686
6.05804 4.74686
6.10783 4.74686
6.15762 4.74686
6.2074 4.74686
6.25719 4.74686
6.30698 4.74686
6.35677 4.74686
6.40655 4.74686
6.45634 4.74686
6.50613 4.74686
6.55592 4.74686
6.6057 4.74686
6.65549 4.74686
6.70528 4.74686
6.75506 4.74686
6.80485 4.74686
6.85464 4.74686
6.90443 4.74686
6.95421 4.74686
7.004 4.74686
7.05379 4.74686
7.10358 4.74686
7.15336 4.74686
7.20315 4.74686
7.25294 4.74686
7.30272 4.74686
7.35251 4.74686
7.4023 4.74686
7.45209 4.74686
7.50187 4.74686
7.55166 4.74686
7.60145 4.74686
10.0676 6.01293
12.5338 6.01293
15.0 6.01293
0.0 0.935898
0.0498861 0.935898
0.0997721 0.975305
0.149658 1.01471
0.199544 1.05412
0.24943 1.09353
0.299316 1.13294
0.349203 1.17234
0.399089 1.21175
0.448975 1.25116
0.498861 1.29057
0.548747 1.32997
0.598633 1.36938
0.648519 1.40879
0.698405 1.4482
0.748291 1.48761
0.798177 1.52701
0.848063 1.56642
0.897949 1.60583
0.947835 1.64524
0.997721 1.68464
1.04761 1.72405
1.09749 1.76346
1.14738 1.80287
1.19727 1.84228
1.24715 1.88168
1.29704 1.92109
1.34692 1.9605
1.39681 1.99991
1.4467 2.03931
1.49658 2.07872
1.54647 2.11813
1.59635 2.15754
1.64654 2.15754
1.69672 2.2158
1.7469 2.27407
1.79708 2.33234
1.84726 2.3906
1.89744 2.44887
1.94762 2.50714
1.9978 2.5654
2.04798 2.62367
2.09816 2.68194
2.14834 2.7402
2.19852 2.79847
2.2487 2.85674
2.29889 2.915
2.34907 2.97327
2.39925 3.03154
2.44943 3.0898
2.49961 3.14807
2.54979 3.20634
2.59997 3.2646
2.64943 3.2646
2.69889 3.26538
2.74836 3.26616
2.79782 3.26694
2.84728 3.26771
2.89674 3.26849
2.94621 3.26927
2.99567 3.27004
3.04513 3.27082
3.09459 3.2716
3.14405 3.27237
3.19352 3.27315
3.24298 3.27393
3.29244 3.27471
3.3419 3.27548
3.39137 3.27626
3.44083 3.27704
3.49029 3.27781
3.53975 3.27859
3.58921 3.27937
3.63868 3.28015
3.68814 3.28092
3.7376 3.2817
3.78706 3.28248
3.83653 3.28325
3.88599 3.28403
3.93545 3.28481
3.98491 3.28558
4.03437 3.28636
4.08384 3.28714
4.1333 3.28792
4.18276 3.28869
4.23222 3.28947
4.28168 3.29025
4.33161 3.29025
4.38153 3.31043
4.43145 3.33062
4.48137 3.3508
4.53129 3.37098
4.58121 3.39117
4.63113 3.41135
4.68105 3.43153
4.73097 3.45172
4.78089 3.4719
4.83081 3.49209
4.88073 3.51227
4.93065 3.53245
4.98057 3.55264
5.03049 3.57282
5.08041 3.59301
5.13033 3.61319
5.18025 3.63337
5.23017 3.65356
5.28009 3.67374
5.33001 3.69393
5.37993 3.71411
5.42985 3.73429
5.47977 3.75448
5.52969 3.77466
5.57961 3.79485
5.62953 3.81503
5.67945 3.83521
5.72937 3.8554
5.77929 3.87558
5.82921 3.89576
5.87913 3.91595
5.92906 3.93613
5.97898 3.95632
6.02833 3.95632
6.07768 3.95632
6.12703 3.95632
6.17638 3.95632
6.22573 3.95632
6.27509 3.95632
6.32444 3.95632
6.37379 3.95632
6.42314 3.95632
6.47249 3.95632
6.52185 3.95632
6.5712 3.95632
6.62055 3.95632
6.6699 3.95632
6.71925 3.95632
6.76861 3.95632
6.81796 3.95632
6.86731 3.95632
6.91666 3.95632
6.96601 3.95632
7.01536 3.95632
9.67691 3.98786
12.3385 3.98786
15.0 3.98786
0.0 0.934205
0.0496393 0.934205
0.0992785 0.972266
0.148918 1.01033
0.198557 1.04839
0.248196 1.08645
0.297836 1.12451
0.347475 1.16257
0.397114 1.20063
0.446753 1.23869
0.496393 1.27676
0.546032 1.31482
0.595671 1.35288
0.645311 1.39094
0.69495 1.429
0.744589 1.46706
0.794228 1.50512
0.843485 1.50512
0.892741 1.63047
0.941998 1.75581
0.991254 1.88116
1.04051 2.00651
1.08977 2.13185
1.13902 2.2572
1.18828 2.38254
1.23754 2.50789
1.28679 2.63323
1.33605 2.75858
1.38531 2.88392
1.43456 3.00927
1.48382 3.13461
1.53308 3.25996
1.58347 3.25996
1.63387 3.28318
1.68427 3.30639
1.73467 3.32961
1.78506 3.35282
1.83546 3.37604
1.88586 3.39926
1.93625 3.42247
1.98665 3.44569
2.03705 3.4689
2.08745 3.49212
2.13784 3.51534
2.18824 3.53855
2.23864 3.56177
2.28904 3.58499
2.33943 3.6082
2.38983 3.63142
2.44023 3.65463
2.49063 3.67785
2.54102 3.70107
2.59142 3.72428
2.64182 3.7475
2.69222 3.77071
2.74261 3.79393
2.79301 3.81715
2.84341 3.84036
2.89381 3.86358
2.9442 3.88679
2.9946 3.91001
3.045 3.93323
3.0954 3.95644
3.14579 3.97966
3.19619 4.00287
3.24659 4.02609
3.29699 4.04931
3.34738 4.07252
3.39778 4.09574
3.44818 4.11895
3.49857 4.14217
3.54897 4.16539
3.59937 4.1886
3.64977 4.21182
3.69982 4.21182
3.74988 4.22478
3.79994 4.23774
3.84999 4.25071
3.90005 4.26367
3.9501 4.27663
4.00016 4.28959
4.05022 4.30256
4.10027 4.31552
4.15033 4.32848
4.20038 4.34144
4.25044 4.35441
4.3005 4.36737
4.35055 4.38033
4.40061 4.39329
4.45066 4.40626
4.50072 4.41922
4.55078 4.43218
4.60083 4.44515
4.65089 4.45811
4.70094 4.47107
4.751 4.48403
4.80106 4.497
4.85111 4.50996
4.90117 4.52292
4.95122 4.53588
5.00128 4.54885
5.05134 4.56181
5.10139 4.57477
5.15145 4.58773
5.2015 4.6007
5.25156 4.61366
5.30162 4.62662
5.35167 4.63958
5.40173 4.65255
5.45178 4.66551
5.50184 4.67847
5.5519 4.69144
5.60195 4.7044
5.65201 4.71736
5.70206 4.73032
5.75212 4.74329
5.80218 4.75625
5.85223 4.76921
5.90229 4.78217
5.95234 4.79514
6.0024 4.8081
6.05246 4.82106
6.10251 4.83402
6.15257 4.84699
6.20024 4.84699
6.24791 4.84699
6.29558 4.84699
6.34325 4.84699
6.39092 4.84699
6.43859 4.84699
6.48626 4.84699
6.53393 4.84699
9.35596 5.9167
12.178 5.9167
15.0 5.9167
0.0 0.945153
0.0500327 0.945153
0.100065 0.981821
0.150098 1.01849
0.200131 1.05516
0.250164 1.09183
0.300196 1.12849
0.350229 1.16516
0.400262 1.20183
0.450294 1.2385
0.500327 1.27517
0.55036 1.31184
0.600393 1.3485
0.650425 1.38517
0.700458 1.42184
0.750491 1.45851
0.800523 1.49518
0.850556 1.53185
0.900589 1.56851
0.950622 1.60518
1.00065 1.64185
1.05069 1.67852
1.10072 1.71519
1.15075 1.75186
1.20079 1.78852
1.25082 1.82519
1.30085 1.86186
1.35088 1.89853
1.40092 1.9352
1.45095 1.97187
1.50098 2.00853
1.55101 2.0452
1.60105 2.08187
1.65108 2.11854
1.70111 2.15521
1.75115 2.19188
1.80118 2.22854
1.85121 2.26521
1.90124 2.30188
1.95128 2.33855
2.00131 2.37522
2.05134 2.41189
2.10137 2.44855
2.15141 2.48522
2.20144 2.52189
2.25147 2.55856
2.3015 2.59523
2.35154 2.6319
2.40157 2.66856
2.4516 2.70523
2.50164 2.7419
2.55167 2.77857
2.6017 2.81524
2.65173 2.85191
2.70177 2.88857
2.7518 2.92524
2.80183 2.96191
2.85186 2.99858
2.9019 3.03525
2.95193 3.07191
3.00196 3.10858
3.052 3.14525
3.10203 3.18192
3.15206 3.21859
3.20209 3.25526
3.25213 3.29192
3.30216 3.32859
3.35219 3.36526
3.40222 3.40193
3.45226 3.4386
3.50253 3.4386
3.55281 3.45554
3.60308 3.47247
3.65336 3.48941
3.70363 3.50635
3.75391 3.52329
3.80418 3.54023
3.85446 3.55716
3.90473 3.5741
3.95501 3.59104
4.00528 3.60798
4.05556 3.62492
4.10583 3.64186
4.15611 3.65879
4.20638 3.67573
4.25666 3.69267
4.30693 3.70961
4.35467 3.70961
4.40241 3.77754
4.45016 3.84547
4.4979 3.91341
4.54564 3.98134
4.59656 3.98134
4.64747 4.00103
4.69839 4.02071
4.74931 4.0404
4.80022 4.06009
4.85114 4.07977
4.90206 4.09946
4.95297 4.11915
5.00389 4.13883
5.05481 4.15852
5.10572 4.17821
5.15664 4.19789
5.20756 4.21758
5.25847 4.23727
5.30939 4.25695
5.3603 4.27664
5.41122 4.29633
5.46214 4.31601
5.51305 4.3357
5.56397 4.35539
5.61489 4.37507
5.6658 4.39476
5.71672 4.41445
5.76764 4.43413
5.81775 4.43413
5.86786 4.43413
5.91797 4.43413
5.96809 4.43413
6.0182 4.43413
6.06831 4.43413
6.11842 4.43413
6.16854 4.43413
6.21865 4.43413
6.26876 4.43413
6.31887 4.43413
6.36899 4.43413
6.4191 4.43413
6.46921 4.43413
6.51932 4.43413
6.56944 4.43413
6.61955 4.43413
9.41303 4.56812
12.2065 4.56812
15.0 4.56812
0.0 0.939148
0.050133 0.939148
0.100266 0.975868
0.150399 1.01259
0.200532 1.04931
0.250665 1.08603
0.300798 1.12275
0.350931 1.15947
0.401064 1.19619
0.451197 1.23291
0.50133 1.26963
0.551463 1.30634
0.601596 1.34306
0.651729 1.37978
0.701862 1.4165
0.751995 1.45322
0.802128 1.48994
0.852261 1.52666
0.902394 1.56338
0.952527 1.6001
1.00266 1.63682
1.05279 1.67354
1.10293 1.71026
1.15306 1.74698
1.20319 1.7837
1.25333 1.82042
1.30346 1.85714
1.35359 1.89386
1.40372 1.93058
1.45386 1.9673
1.50399 2.00402
1.55412 2.04074
1.60426 2.07746
1.65439 2.11418
1.70452 2.1509
1.75466 2.18762
1.80479 2.22434
1.85492 2.26106
1.90505 2.29778
1.95608 2.29778
2.00711 2.34303
2.05814 2.38828
2.10917 2.43353
2.1602 2.47879
2.21123 2.52404
2.26226 2.56929
2.31329 2.61454
2.36432 2.6598
2.41535 2.70505
2.46638 2.7503
2.51741 2.79555
2.56844 2.84081
2.61947 2.88606
2.6705 2.93131
2.72153 2.97656
2.77256 3.02182
2.82359 3.06707
2.87461 3.11232
2.92564 3.15757
2.97667 3.20283
3.0277 3.24808
3.07873 3.29333
3.12902 3.29333
3.1793 3.29682
3.22958 3.30031
3.27986 3.30379
3.33015 3.30728
3.38043 3.31077
3.43071 3.31426
3.48099 3.31774
3.53128 3.32123
3.58156 3.32472
3.63184 3.32821
3.68212 3.3317
3.73241 3.33518
3.78269 3.33867
3.83297 3.34216
3.88325 3.34565
3.93354 3.34913
3.98382 3.35262
4.0341 3.35611
4.08438 3.3596
4.13467 3.36308
4.18495 3.36657
4.23523 3.37006
4.28551 3.37355
4.3358 3.37704
4.38608 3.38052
4.43636 3.38401
4.48665 3.3875
4.53693 3.39099
4.58728 3.39099
4.63763 3.42136
4.68799 3.45174
4.73834 3.48212
4.78869 3.51249
4.83905 3.54287
4.8894 3.57324
4.93975 3.60362
4.99011 3.634
5.04046 3.66437
5.09081 3.69475
5.14117 3.72512
5.19152 3.7555
5.24187 3.78588
5.29223 3.81625
5.34258 3.84663
5.39293 3.87701
5.44329 3.90738
5.49364 3.93776
5.54399 3.96813
5.59435 3.99851
5.6447 4.02889
5.69505 4.05926
5.74451 4.05926
5.79398 4.05926
5.84344 4.05926
5.8929 4.05926
5.94236 4.05926
5.99182 4.05926
6.04128 4.05926
6.09075 4.05926
6.14021 4.05926
6.18967 4.05926
6.23913 4.05926
6.28859 4.05926
6.33805 4.05926
6.38752 4.05926
6.43698 4.05926
6.48644 4.05926
6.5359 4.05926
6.58536 4.05926
6.63482 4.05926
6.68429 4.05926
6.73375 4.05926
6.78321 4.05926
6.83267 4.05926
6.88213 4.05926
6.9316 4.05926
6.98106 4.05926
7.03052 4.05926
7.07998 4.05926
7.12944 4.05926
7.1789 4.05926
7.22837 4.05926
7.27783 4.05926
9.85188 4.14815
12.4259 4.14815
15.0 4.14815
0.0 0.91984
0.0503077 0.91984
0.100615 0.965168
0.150923 1.0105
0.201231 1.05582
0.251538 1.10115
0.301846 1.14648
0.352154 1.19181
0.402461 1.23714
0.452769 1.28247
0.502856 1.28247
0.552943 1.31304
0.603031 1.34362
0.653118 1.3742
0.703205 1.40478
0.753292 1.43536
0.803379 1.46594
0.853467 1.49652
0.903554 1.5271
0.953641 1.55768
1.00373 1.58825
1.05382 1.61883
1.1039 1.64941
1.15399 1.67999
1.20408 1.71057
1.25416 1.74115
1.30425 1.77173
1.35672 1.77173
1.40918 1.94729
1.46165 2.12284
1.51411 2.2984
1.56658 2.47396
1.61905 2.64951
1.67151 2.82507
1.72398 3.00063
1.77644 3.17619
1.82491 3.17619
1.87339 3.27318
1.92186 3.37018
1.97033 3.46718
2.0188 3.56417
2.06728 3.66117
2.11575 3.75817
2.16422 3.85516
2.21269 3.95216
2.26117 4.04916
2.30964 4.14616
2.35811 4.24315
2.40658 4.34015
2.45506 4.43715
2.50353 4.53414
2.55384 4.53414
2.60415 4.53414
2.65445 4.53414
2.70476 4.53414
2.75507 4.53414
2.80538 4.53414
2.85569 4.53414
2.906 4.53414
2.95631 4.53414
3.00662 4.53414
5.40529 5.84619
7.80397 5.84619
10.2026 5.84619
12.6013 5.84619
15.0 5.84619
0.0 0.948025
0.050111 0.948025
0.100222 0.984907
0.150333 1.02179
0.200444 1.05867
0.250555 1.09556
0.300666 1.13244
0.350777 1.16932
0.400888 1.2062
0.450999 1.24309
0.50111 1.27997
0.551221 1.31685
0.601332 1.35374
0.651443 1.39062
0.701554 1.4275
0.751665 1.46438
0.801776 1.50127
0.851887 1.53815
0.901998 1.57503
0.952109 1.61191
1.00222 1.6488
1.05233 1.68568
1.10244 1.72256
1.15255 1.75945
1.20266 1.79633
1.25445 1.79633
1.30624 2.05767
1.35803 2.31902
1.40981 2.58036
1.4616 2.84171
1.51339 3.10306
1.55945 3.10306
1.60551 3.36361
1.65157 3.62417
1.69764 3.88473
1.7437 4.14528
1.79276 4.14528
1.84182 4.17089
1.89088 4.1965
1.93994 4.22211
1.989 4.24771
2.03806 4.27332
2.08713 4.29893
2.13619 4.32453
2.18525 4.35014
2.23431 4.37575
2.28337 4.40135
2.33243 4.42696
2.38149 4.45257
2.43055 4.47817
2.47961 4.50378
2.52867 4.52939
2.57773 4.55499
2.62679 4.5806
2.67585 4.60621
2.72491 4.63181
2.77398 4.65742
2.82304 4.68303
2.8721 4.70863
2.92204 4.70863
2.97199 4.70863
3.02194 4.70863
3.07188 4.70863
3.12183 4.70863
3.17177 4.70863
3.22172 4.70863
3.27167 4.70863
3.32161 4.70863
3.37156 4.70863
3.42151 4.70863
3.47145 4.70863
3.5214 4.70863
3.57134 4.70863
3.62129 4.70863
3.67124 4.70863
3.72118 4.70863
3.77113 4.70863
3.82108 4.70863
3.87102 4.70863
3.92097 4.70863
3.97091 4.70863
4.02086 4.70863
4.07081 4.70863
4.12075 4.70863
4.1707 4.70863
4.22065 4.70863
4.27059 4.70863
4.32054 4.70863
4.37048 4.70863
4.42043 4.70863
4.47038 4.70863
4.52032 4.70863
4.57027 4.70863
4.62021 4.70863
4.67016 4.70863
4.72011 4.70863
4.77005 4.70863
4.82 4.70863
4.86995 4.70863
4.91989 4.70863
4.96984 4.70863
5.01978 4.70863
5.06973 4.70863
5.11968 4.70863
7.58976 6.06421
10.0598 6.06421
12.5299 6.06421
15.0 6.06421
0.0 0.936292
0.049156 0.936292
0.0983121 0.974464
0.147468 1.01264
0.196624 1.05081
0.24578 1.08898
0.294936 1.12716
0.344092 1.16533
0.393248 1.2035
0.442404 1.24167
0.49156 1.27985
0.540716 1.31802
0.589873 1.35619
0.639029 1.39437
0.688185 1.43254
0.737341 1.47071
0.786497 1.50888
0.835653 1.54706
0.884809 1.58523
0.93452 1.58523
0.984231 1.61721
1.03394 1.64919
1.08365 1.68118
1.13336 1.71316
1.18307 1.74514
1.23279 1.77712
1.2825 1.80911
1.33221 1.84109
1.38192 1.87307
1.43163 1.90505
1.48134 1.93704
1.53105 1.96902
1.58076 2.001
1.63047 2.03298
1.68018 2.06497
1.72989 2.09695
1.77961 2.12893
1.82932 2.16092
1.87903 2.1929
1.92874 2.22488
1.97845 2.25686
2.02816 2.28885
2.07787 2.32083
2.12758 2.35281
2.17729 2.38479
2.227 2.41678
2.27672 2.44876
2.32643 2.48074
2.37614 2.51272
2.42585 2.54471
2.47556 2.57669
2.52527 2.60867
2.57498 2.64065
2.62469 2.67264
2.6744 2.70462
2.72411 2.7366
2.77382 2.76858
2.82354 2.80057
2.87325 2.83255
2.92296 2.86453
2.97267 2.89651
3.02238 2.9285
3.07209 2.96048
3.1218 2.99246
3.17151 3.02444
3.22122 3.05643
3.27093 3.08841
3.32065 3.12039
3.37036 3.15237
3.42007 3.18436
3.46978 3.21634
3.51949 3.24832
3.5692 3.2803
3.61891 3.31229
3.66862 3.34427
3.71833 3.37625
3.76804 3.40823
3.81775 3.44022
3.86868 3.44022
3.9196 3.45046
3.97053 3.4607
4.02145 3.47094
4.07238 3.48118
4.1233 3.49142
4.17423 3.50166
4.22515 3.5119
4.27608 3.52214
4.327 3.53238
4.37793 3.54262
4.42885 3.55286
4.47977 3.5631
4.5307 3.57334
4.58162 3.58358
4.63255 3.59382
4.68419 3.59382
4.73584 3.61252
4.78748 3.63121
4.83912 3.64991
4.89077 3.66861
4.94241 3.6873
4.99405 3.706
5.0457 3.72469
5.09734 3.74339
5.14899 3.76208
5.20063 3.78078
5.25227 3.79947
5.30248 3.79947
5.35268 3.79947
5.40288 3.79947
5.45308 3.79947
5.50329 3.79947
5.55349 3.79947
5.60369 3.79947
5.65389 3.79947
5.7041 3.79947
5.7543 3.79947
5.8045 3.79947
5.8547 3.79947
5.90491 3.79947
5.95511 3.79947
6.00531 3.79947
6.05552 3.79947
6.10572 3.79947
6.15592 3.79947
6.20612 3.79947
6.25633 3.79947
6.30653 3.79947
6.35673 3.79947
6.40693 3.79947
6.45714 3.79947
6.50734 3.79947
6.55754 3.79947
6.60775 3.79947
6.65795 3.79947
6.70815 3.79947
6.75835 3.79947
6.80856 3.79947
6.85876 3.79947
6.90896 3.79947
6.95916 3.79947
7.00937 3.79947
9.67291 4.07217
12.3365 4.07217
15.0 4.07217
0.0 0.937979
0.0501945 0.937979
0.100389 0.975969
0.150584 1.01396
0.200778 1.05195
0.250973 1.08994
0.301167 1.12793
0.351362 1.16592
0.401556 1.20391
0.451751 1.24191
0.501945 1.2799
0.55214 1.31789
0.602334 1.35588
0.652529 1.39387
0.702724 1.43186
0.752918 1.46985
0.803113 1.50784
0.853307 1.54583
0.903502 1.58382
0.953696 1.62181
1.00389 1.65981
1.05409 1.6978
1.10428 1.73579
1.15447 1.77378
1.20467 1.81177
1.25486 1.84976
1.30506 1.88775
1.35525 1.92574
1.40545 1.96373
1.45564 2.00172
1.50584 2.03971
1.55603 2.07771
1.60623 2.1157
1.65642 2.15369
1.70661 2.19168
1.75681 2.22967
1.807 2.26766
1.8572 2.30565
1.90739 2.34364
1.95759 2.38163
2.00778 2.41962
2.05798 2.45761
2.10817 2.49561
2.15837 2.5336
2.20856 2.57159
2.25875 2.60958
2.30895 2.64757
2.35914 2.68556
2.40934 2.72355
2.45953 2.76154
2.50973 2.79953
2.55992 2.83752
2.61012 2.87551
2.66031 2.9135
2.71051 2.9515
2.7607 2.98949
2.81089 3.02748
2.86109 3.06547
2.91128 3.10346
2.96148 3.14145
3.01167 3.17944
3.06187 3.21743
3.11135 3.21743
3.16083 3.2466
3.21031 3.27578
3.25979 3.30495
3.30927 3.33412
3.35875 3.36329
3.40823 3.39246
3.45771 3.42163
3.50719 3.4508
3.55667 3.47998
3.60615 3.50915
3.65563 3.53832
3.70511 3.56749
3.75459 3.59666
3.80407 3.62583
3.85355 3.65501
3.90303 3.68418
3.95251 3.71335
4.00199 3.74252
4.05147 3.77169
4.10275 3.77169
4.15402 3.81542
4.2053 3.85916
4.25657 3.90289
4.30785 3.94662
4.35913 3.99035
4.4104 4.03408
4.46168 4.07781
4.51295 4.12154
4.56423 4.16528
4.61551 4.20901
4.66678 4.25274
4.71806 4.29647
4.76752 4.29647
4.81698 4.29919
4.86644 4.30191
4.9159 4.30464
4.96536 4.30736
5.01482 4.31008
5.06428 4.3128
5.11374 4.31552
5.1632 4.31825
5.21266 4.32097
5.26212 4.32369
5.31158 4.32641
5.36104 4.32913
5.41051 4.33186
5.45997 4.33458
5.50943 4.3373
5.55889 4.34002
5.60835 4.34274
5.65781 4.34547
5.70727 4.34819
5.75673 4.35091
5.80619 4.35363
5.85565 4.35635
5.90511 4.35908
5.95457 4.3618
6.00403 4.36452
6.05349 4.36724
6.10295 4.36996
6.15241 4.37269
6.20187 4.37541
6.25133 4.37813
6.3008 4.38085
6.35026 4.38357
6.39972 4.3863
6.45129 4.3863
6.50286 4.3863
6.55443 4.3863
6.60601 4.3863
6.65758 4.3863
6.70915 4.3863
6.76072 4.3863
6.8123 4.3863
6.86387 4.3863
6.91544 4.3863
6.96701 4.3863
9.64468 4.57165
12.3223 4.57165
15.0 4.57165
0.0 0.945529
0.0495813 0.945529
0.0991625 0.982229
0.148744 1.01893
0.198325 1.05563
0.247906 1.09233
0.297488 1.12903
0.347069 1.16573
0.39665 1.20243
0.446231 1.23913
0.495813 1.27583
0.545394 1.31253
0.594975 1.34923
0.644556 1.38593
0.694138 1.42263
0.743719 1.45933
0.793609 1.45933
0.843499 1.51566
0.893389 1.57199
0.94328 1.62833
0.99317 1.68466
1.04306 1.74099
1.09295 1.79733
1.14284 1.85366
1.19273 1.91
1.24262 1.96633
1.29251 2.02266
1.3424 2.079
1.39229 2.13533
1.44218 2.19167
1.49207 2.248
1.54196 2.30433
1.59185 2.36067
1.64174 2.417
1.69163 2.47333
1.74152 2.52967
1.79141 2.586
1.8413 2.64234
1.89119 2.69867
1.94108 2.755
1.99097 2.81134
2.04086 2.86767
2.09075 2.92401
2.14064 2.98034
2.19053 3.03667
2.24042 3.09301
2.29031 3.14934
2.3402 3.20567
2.39009 3.26201
2.43998 3.31834
2.48988 3.37468
2.53977 3.43101
2.58966 3.48734
2.63955 3.54368
2.68923 3.54368
2.73891 3.54414
2.7886 3.54459
2.83828 3.54505
2.88796 3.54551
2.93764 3.54597
2.98733 3.54643
3.03701 3.54689
3.08669 3.54735
3.13638 3.54781
3.18606 3.54827
3.23574 3.54872
3.28543 3.54918
3.33511 3.54964
3.38479 3.5501
3.43448 3.55056
3.48416 3.55102
3.53384 3.55148
3.58353 3.55194
3.63321 3.55239
3.68289 3.55285
3.73257 3.55331
3.78226 3.55377
3.83194 3.55423
3.88132 3.55423
3.93071 3.56527
3.98009 3.57632
4.02947 3.58736
4.07885 3.5984
4.12823 3.60945
4.17762 3.62049
4.227 3.63153
4.27638 3.64258
4.32576 3.65362
4.37514 3.66466
4.42453 3.67571
4.47391 3.68675
4.52329 3.69779
4.57267 3.70884
4.62205 3.71988
4.67144 3.73093
4.72082 3.74197
4.7702 3.75301
4.81958 3.76406
4.86897 3.7751
4.91835 3.78614
4.96773 3.79719
5.01711 3.80823
5.06649 3.81927
5.11588 3.83032
5.16526 3.84136
5.21464 3.8524
5.26574 3.8524
5.31683 3.8524
5.36793 3.8524
5.41903 3.8524
5.47013 3.8524
5.52122 3.8524
5.57232 3.8524
5.62342 3.8524
5.67451 3.8524
5.72561 3.8524
5.77671 3.8524
5.82781 3.8524
5.8789 3.8524
5.93 3.8524
8.1975 4.26101
10.465 4.26101
12.7325 4.26101
15.0 4.26101
0.0 0.923875
0.0488695 0.923875
0.097739 0.965545
0.146609 1.00722
0.195478 1.04889
0.244348 1.09056
0.293217 1.13223
0.342087 1.1739
0.390956 1.21557
0.439826 1.25724
0.488695 1.29891
0.537565 1.34058
0.586434 1.38225
0.635304 1.42392
0.684173 1.46559
0.733043 1.50726
0.781912 1.54893
0.830782 1.5906
0.879651 1.63227
0.928521 1.67394
0.97739 1.71561
1.02626 1.75728
1.07513 1.79895
1.12567 1.79895
1.17622 1.81089
1.22677 1.82283
1.27731 1.83477
1.32786 1.84671
1.3784 1.85866
1.42895 1.8706
1.47949 1.88254
1.53004 1.89448
1.58058 1.90642
1.63113 1.91836
1.68167 1.9303
1.73222 1.94224
1.78276 1.95418
1.83331 1.96612
1.88385 1.97806
1.9344 1.99
1.98494 2.00194
2.03549 2.01388
2.08604 2.02583
2.13658 2.03777
2.18713 2.04971
2.23767 2.06165
2.28822 2.07359
2.33876 2.08553
2.38859 2.08553
2.43842 2.16401
2.48825 2.24248
2.53807 2.32096
2.5879 2.39944
2.63773 2.47791
2.68756 2.55639
2.73739 2.63487
2.78721 2.71334
2.83704 2.79182
2.88687 2.8703
2.9367 2.94877
2.98653 3.02725
3.03636 3.10573
3.08618 3.1842
3.13692 3.1842
3.18765 3.23455
3.23838 3.28489
3.28912 3.33524
3.33985 3.38558
3.39059 3.43593
3.44132 3.48627
3.49205 3.53662
3.54279 3.58697
3.59352 3.63731
3.64425 3.68766
3.69499 3.738
3.74572 3.78835
3.79645 3.83869
3.84719 3.88904
3.89792 3.93938
3.94866 3.98973
3.99827 3.98973
4.04789 3.98973
4.09751 3.98973
4.14713 3.98973
4.19675 3.98973
4.24637 3.98973
4.29599 3.98973
4.34561 3.98973
4.39523 3.98973
4.44484 3.98973
4.49446 3.98973
4.54408 3.98973
7.15806 5.30546
9.77204 5.30546
12.386 5.30546
15.0 5.30546
0.0 0.932168
0.0499502 0.932168
0.0999004 0.973757
0.149851 1.01535
0.199801 1.05693
0.249751 1.09852
0.299701 1.14011
0.349651 1.1817
0.399602 1.22329
0.449552 1.26488
0.499502 1.30647
0.549452 1.34806
0.599402 1.38965
0.649353 1.43124
0.699303 1.47283
0.749484 1.47283
0.799664 1.54331
0.849845 1.61378
0.900026 1.68426
0.950207 1.75474
1.00039 1.82522
1.05057 1.8957
1.10075 1.96618
1.15093 2.03666
1.20111 2.10714
1.25129 2.17762
1.30147 2.2481
1.35165 2.31858
1.40183 2.38906
1.45202 2.45954
1.5022 2.53002
1.55238 2.6005
1.60256 2.67098
1.65274 2.74146
1.70292 2.81194
1.7531 2.88242
1.80328 2.9529
1.85346 3.02338
1.90364 3.09386
1.95382 3.16434
2.004 3.23482
2.05419 3.3053
2.10437 3.37578
2.15455 3.44626
2.20473 3.51674
2.2552 3.51674
2.30568 3.52155
2.35615 3.52636
2.40662 3.53116
2.4571 3.53597
2.50757 3.54078
2.55804 3.54559
2.60852 3.55039
2.65899 3.5552
2.70946 3.56001
2.75994 3.56481
2.81041 3.56962
2.86088 3.57443
2.91136 3.57924
2.96183 3.58404
3.0123 3.58885
3.06278 3.59366
3.11325 3.59847
3.16372 3.60327
3.2142 3.60808
3.26467 3.61289
3.31514 3.61769
3.36562 3.6225
3.41609 3.62731
3.46657 3.63212
3.51704 3.63692
3.56751 3.64173
3.61799 3.64654
3.66846 3.65135
3.71893 3.65615
3.76941 3.66096
3.81988 3.66577
3.87072 3.66577
3.92156 3.67688
3.9724 3.68799
4.02324 3.69909
4.07409 3.7102
4.12493 3.72131
4.17577 3.73242
4.22661 3.74353
4.27745 3.75464
4.32829 3.76575
4.37913 3.77685
4.42997 3.78796
4.48081 3.79907
4.53166 3.81018
4.5825 3.82129
4.63334 3.8324
4.68418 3.84351
4.73502 3.85461
4.78586 3.86572
4.8367 3.87683
4.88754 3.88794
4.93839 3.89905
4.98923 3.91016
5.03894 3.91016
5.08865 3.91016
5.13837 3.91016
5.18808 3.91016
5.2378 3.91016
5.28751 3.91016
5.33723 3.91016
5.38694 3.91016
5.43665 3.91016
5.48637 3.91016
5.53608 3.91016
5.5858 3.91016
5.63551 3.91016
5.68522 3.91016
5.73494 3.91016
5.78465 3.91016
5.83437 3.91016
5.88408 3.91016
5.93379 3.91016
5.98351 3.91016
6.03322 3.91016
6.08294 3.91016
6.13265 3.91016
6.18236 3.91016
6.23208 3.91016
6.28179 3.91016
9.18786 4.23519
12.0939 4.23519
15.0 4.23519
0.0 0.926786
0.049954 0.926786
0.0999079 0.969877
0.149862 1.01297
0.199816 1.05606
0.24977 1.09915
0.299724 1.14224
0.349678 1.18533
0.399632 1.22843
0.449586 1.27152
0.49954 1.31461
0.549494 1.3577
0.599448 1.40079
0.649402 1.44388
0.699356 1.48697
0.74931 1.53007
0.799264 1.57316
0.849218 1.61625
0.899172 1.65934
0.949125 1.70243
0.999079 1.74552
1.04903 1.78861
1.09899 1.83171
1.14894 1.8748
1.1989 1.91789
1.24885 1.96098
1.2988 2.00407
1.34876 2.04716
1.39871 2.09025
1.44867 2.13334
1.49862 2.17644
1.54857 2.21953
1.59853 2.26262
1.64848 2.30571
1.69844 2.3488
1.74839 2.39189
1.79834 2.43498
1.8483 2.47808
1.89825 2.52117
1.9482 2.56426
1.99816 2.60735
2.04811 2.65044
2.09807 2.69353
2.14802 2.73662
2.19797 2.77972
2.24793 2.82281
2.29788 2.8659
2.34784 2.90899
2.39779 2.95208
2.44774 2.99517
2.4977 3.03826
2.54765 3.08136
2.59761 3.12445
2.64756 3.16754
2.69751 3.21063
2.74747 3.25372
2.79712 3.25372
2.84677 3.28536
2.89643 3.31699
2.94608 3.34862
2.99573 3.38026
3.04539 3.41189
3.09504 3.44353
3.14469 3.47516
3.19434 3.5068
3.244 3.53843
3.29365 3.57006
3.3433 3.6017
3.39295 3.63333
3.44307 3.63333
3.49319 3.67462
3.54331 3.7159
3.59343 3.75718
3.64355 3.79847
3.69367 3.83975
3.74379 3.88103
3.79391 3.92232
3.84403 3.9636
3.89415 4.00488
3.94427 4.04617
3.99439 4.08745
4.04451 4.12873
4.09463 4.17002
4.14475 4.2113
4.19487 4.25258
4.24499 4.29387
4.29511 4.33515
4.34523 4.37643
4.39535 4.41772
4.44455 4.41772
4.49376 4.4181
4.54296 4.41848
4.59217 4.41886
4.64137 4.41924
4.69058 4.41963
4.73978 4.42001
4.78899 4.42039
4.83819 4.42077
4.8874 4.42115
4.9366 4.42154
4.98581 4.42192
5.03501 4.4223
5.08422 4.42268
5.13342 4.42306
5.18263 4.42345
5.23183 4.42383
5.28104 4.42421
5.33024 4.42459
5.37945 4.42497
5.42865 4.42535
5.47786 4.42574
5.52706 4.42612
5.57627 4.4265
5.62547 4.42688
5.67468 4.42726
5.72388 4.42765
5.77417 4.42765
5.82445 4.42765
5.87474 4.42765
5.92503 4.42765
5.97532 4.42765
6.0256 4.42765
6.07589 4.42765
6.12618 4.42765
6.17646 4.42765
6.22675 4.42765
6.27704 4.42765
6.32733 4.42765
6.37761 4.42765
6.4279 4.42765
6.47819 4.42765
6.52847 4.42765
6.57876 4.42765
6.62905 4.42765
6.67934 4.42765
6.72962 4.42765
6.77991 4.42765
6.8302 4.42765
6.88048 4.42765
6.93077 4.42765
6.98106 4.42765
7.03135 4.42765
9.68756 4.42824
12.3438 4.42824
15.0 4.42824
0.0 0.946136
0.050558 0.946136
0.101116 0.982397
0.151674 1.01866
0.202232 1.05492
0.25279 1.09118
0.303348 1.12744
0.353906 1.16371
0.404464 1.19997
0.455022 1.23623
0.50558 1.27249
0.556139 1.30875
0.606697 1.34501
0.657255 1.38128
0.707813 1.41754
0.758371 1.4538
0.808929 1.49006
0.859487 1.52632
0.910045 1.56258
0.960603 1.59885
1.01116 1.63511
1.06172 1.67137
1.11228 1.70763
1.16284 1.74389
1.21327 1.74389
1.26371 1.79895
1.31414 1.854
1.36458 1.90905
1.41502 1.96411
1.46545 2.01916
1.51589 2.07421
1.56633 2.12926
1.61676 2.18432
1.6672 2.23937
1.71763 2.29442
1.76807 2.34948
1.81851 2.40453
1.86894 2.45958
1.91938 2.51464
1.96982 2.56969
2.02025 2.62474
2.07069 2.67979
2.12113 2.73485
2.17156 2.7899
2.222 2.84495
2.27243 2.90001
2.32287 2.95506
2.37331 3.01011
2.42374 3.06517
2.47418 3.12022
2.52462 3.17527
2.57505 3.23032
2.62545 3.23032
2.67584 3.2444
2.72623 3.25847
2.77663 3.27255
2.82702 3.28662
2.87741 3.3007
2.9278 3.31477
2.9782 3.32885
3.02859 3.34292
3.07898 3.357
3.12938 3.37107
3.17977 3.38515
3.23016 3.39922
3.28056 3.4133
3.33095 3.42737
3.38134 3.44145
3.43174 3.45552
3.48213 3.4696
3.53252 3.48367
3.58291 3.49775
3.63331 3.51182
3.6837 3.52589
3.73409 3.53997
3.78449 3.55404
3.83543 3.55404
3.88636 3.58842
3.9373 3.6228
3.98824 3.65718
4.03918 3.69156
4.09012 3.72594
4.14105 3.76031
4.19199 3.79469
4.24293 3.82907
4.29387 3.86345
4.34481 3.89783
4.39575 3.9322
4.44668 3.96658
4.49762 4.00096
4.54856 4.03534
4.5995 4.06972
4.65044 4.1041
4.70137 4.13847
4.75231 4.17285
4.80325 4.20723
4.85419 4.24161
4.90513 4.27599
4.95607 4.31036
5.007 4.34474
5.05794 4.37912
5.10756 4.37912
5.15717 4.37912
5.20679 4.37912
5.2564 4.37912
5.30602 4.37912
5.35563 4.37912
5.40524 4.37912
5.45486 4.37912
5.50447 4.37912
5.55409 4.37912
5.6037 4.37912
5.65332 4.37912
5.70293 4.37912
5.75255 4.37912
5.80216 4.37912
5.85178 4.37912
5.90139 4.37912
5.95101 4.37912
6.00062 4.37912
6.05023 4.37912
6.09985 4.37912
6.14946 4.37912
6.19908 4.37912
8.39931 6.23363
10.5995 6.23363
12.7998 6.23363
15.0 6.23363
0.0 0.924517
0.0509273 0.924517
0.101855 0.968783
0.152782 1.01305
0.203709 1.05732
0.254637 1.10158
0.305564 1.14585
0.356491 1.19011
0.407419 1.23438
0.458346 1.27865
0.509273 1.32291
0.560201 1.36718
0.611128 1.41145
0.662055 1.45571
0.712983 1.49998
0.76391 1.54425
0.814837 1.58851
0.865765 1.63278
0.916692 1.67704
0.967619 1.72131
1.01855 1.76558
1.06947 1.80984
1.1204 1.85411
1.17133 1.89838
1.2201 1.89838
1.26886 1.90483
1.31763 1.91129
1.3664 1.91774
1.41516 1.92419
1.46393 1.93065
1.5127 1.9371
1.56147 1.94356
1.61023 1.95001
1.659 1.95647
1.70777 1.96292
1.75653 1.96938
1.8053 1.97583
1.85407 1.98229
1.90284 1.98874
1.9516 1.9952
2.00037 2.00165
2.04914 2.00811
2.09791 2.01456
2.14729 2.01456
2.19668 2.07922
2.24607 2.14387
2.29546 2.20853
2.34484 2.27319
2.39423 2.33784
2.44362 2.4025
2.493 2.46716
2.54239 2.53182
2.59178 2.59647
2.64117 2.66113
2.69055 2.72579
2.73994 2.79044
2.78933 2.8551
2.83872 2.91976
2.8881 2.98441
2.93749 3.04907
2.98688 3.11373
3.03627 3.17838
3.08565 3.24304
3.13614 3.24304
3.18663 3.37104
3.23712 3.49904
3.28761 3.62703
3.33809 3.75503
3.38858 3.88303
3.43907 4.01102
3.48845 4.01102
3.53783 4.01102
3.58721 4.01102
3.63659 4.01102
3.68597 4.01102
3.73535 4.01102
3.78473 4.01102
3.83412 4.01102
3.8835 4.01102
3.93288 4.01102
3.98226 4.01102
4.03164 4.01102
4.08102 4.01102
4.1304 4.01102
4.17978 4.01102
4.22916 4.01102
4.27854 4.01102
4.32792 4.01102
4.37731 4.01102
4.42669 4.01102
4.47607 4.01102
4.52545 4.01102
4.57483 4.01102
4.62421 4.01102
4.67359 4.01102
4.72297 4.01102
4.77235 4.01102
4.82173 4.01102
4.87111 4.01102
4.92049 4.01102
7.44037 5.22119
9.96025 5.22119
12.4801 5.22119
15.0 5.22119
0.0 0.930083
0.0491693 0.930083
0.0983386 0.968514
0.147508 1.00695
0.196677 1.04538
0.245846 1.08381
0.295016 1.12224
0.344185 1.16067
0.393354 1.1991
0.442524 1.23753
0.491693 1.27597
0.540862 1.3144
0.590031 1.35283
0.639201 1.39126
0.68837 1.42969
0.739078 1.42969
0.789786 1.53783
0.840493 1.64596
0.891201 1.75409
0.941909 1.86223
0.992617 1.97036
1.04332 2.0785
1.09403 2.18663
1.14474 2.29477
1.19545 2.4029
1.24616 2.51103
1.29686 2.61917
1.34757 2.7273
1.39828 2.83544
1.44899 2.94357
1.4997 3.0517
1.5504 3.15984
1.60111 3.26797
1.65182 3.37611
1.70253 3.48424
1.75159 3.48424
1.80065 3.50011
1.84972 3.51598
1.89878 3.53186
1.94784 3.54773
1.99691 3.5636
2.04597 3.57947
2.09503 3.59534
2.1441 3.61121
2.19316 3.62708
2.24222 3.64296
2.29129 3.65883
2.34035 3.6747
2.38941 3.69057
2.43848 3.70644
2.48754 3.72231
2.53743 3.72231
2.58732 3.7279
2.63722 3.73349
2.68711 3.73908
2.737 3.74467
2.78689 3.75026
2.83678 3.75584
2.88668 3.76143
2.93657 3.76702
2.98646 3.77261
3.03635 3.7782
3.08624 3.78378
3.13614 3.78937
3.18603 3.79496
3.23592 3.80055
3.28581 3.80614
3.3357 3.81173
3.3856 3.81731
3.43549 3.8229
3.48538 3.82849
3.53527 3.83408
3.58516 3.83967
3.63506 3.84525
3.68495 3.85084
3.73484 3.85643
3.78473 3.86202
3.83462 3.86761
3.88452 3.8732
3.93441 3.87878
3.9843 3.88437
4.03581 3.88437
4.08733 3.88437
4.13884 3.88437
4.19036 3.88437
4.24187 3.88437
4.29339 3.88437
4.3449 3.88437
4.39642 3.88437
4.44793 3.88437
4.49945 3.88437
4.55096 3.88437
4.60248 3.88437
4.65399 3.88437
4.70551 3.88437
4.75702 3.88437
7.31777 4.22977
9.87851 4.22977
12.4393 4.22977
15.0 4.22977
0.0 0.940795
0.0498812 0.940795
0.0997624 0.981141
0.149644 1.02149
0.199525 1.06183
0.249406 1.10218
0.299287 1.14253
0.349169 1.18287
0.39905 1.22322
0.448341 1.22322
0.497632 1.28845
0.546923 1.35367
0.596215 1.4189
0.645506 1.48413
0.694797 1.54936
0.744088 1.61459
0.79338 1.67982
0.842671 1.74505
0.891962 1.81028
0.941253 1.8755
0.990545 1.94073
1.03983 1.94073
1.08911 2.1394
1.1384 2.33807
1.18768 2.53675
1.23697 2.73542
1.28625 2.93409
1.33554 3.13276
1.38597 3.13276
1.4364 3.21169
1.48683 3.29062
1.53727 3.36955
1.5877 3.44848
1.63813 3.52741
1.68856 3.60634
1.739 3.68528
1.78943 3.76421
1.83986 3.84314
1.89029 3.92207
1.94072 4.001
1.99116 4.07993
2.04159 4.15886
2.09204 4.15886
2.1425 4.15886
2.19295 4.15886
2.24341 4.15886
2.29386 4.15886
2.34432 4.15886
2.39477 4.15886
2.44523 4.15886
4.95618 6.23518
7.46714 6.23518
9.97809 6.23518
12.489 6.23518
15.0 6.23518
0.0 0.932892
0.0493029 0.932892
0.0986058 0.971366
0.147909 1.00984
0.197212 1.04831
0.246515 1.08679
0.295818 1.12526
0.34512 1.16373
0.394423 1.20221
0.443726 1.24068
0.493029 1.27916
0.542332 1.31763
0.591635 1.3561
0.640938 1.39458
0.690241 1.43305
0.739544 1.47153
0.788847 1.51
0.83815 1.54847
0.887453 1.58695
0.936756 1.62542
0.986142 1.62542
1.03553 1.65122
1.08492 1.67701
1.1343 1.70281
1.18369 1.72861
1.23308 1.75441
1.28246 1.7802
1.33185 1.806
1.38124 1.8318
1.43062 1.85759
1.48001 1.88339
1.5294 1.90919
1.57878 1.93498
1.62817 1.96078
1.67914 1.96078
1.73011 2.05513
1.78108 2.14948
1.83205 2.24383
1.88303 2.33818
1.934 2.43253
1.98497 2.52688
2.03594 2.62123
2.08691 2.71559
2.13788 2.80994
2.18885 2.90429
2.23982 2.99864
2.29079 3.09299
2.34176 3.18734
2.39274 3.28169
2.4421 3.28169
2.49147 3.41712
2.54083 3.55255
2.5902 3.68797
2.63956 3.8234
2.68893 3.95883
2.73829 4.09426
2.78766 4.22969
2.83732 4.22969
2.88697 4.22969
2.93663 4.22969
2.98628 4.22969
3.03594 4.22969
3.08559 4.22969
3.13525 4.22969
3.18491 4.22969
3.23456 4.22969
3.28422 4.22969
3.33387 4.22969
3.38353 4.22969
3.43319 4.22969
3.48284 4.22969
3.5325 4.22969
3.58215 4.22969
3.63181 4.22969
3.68146 4.22969
3.73112 4.22969
3.78078 4.22969
6.58558 5.46997
9.39039 5.46997
12.1952 5.46997
15.0 5.46997
0.0 0.935549
0.051222 0.935549
0.102444 0.974425
0.153666 1.0133
0.204888 1.05218
0.25611 1.09105
0.307332 1.12993
0.358554 1.1688
0.409776 1.20768
0.460998 1.24656
0.51222 1.28543
0.563442 1.32431
0.614664 1.36318
0.665886 1.40206
0.717108 1.44094
0.764181 1.44094
0.811255 1.68195
0.858328 1.92296
0.905402 2.16397
0.952476 2.40498
0.999549 2.64599
1.04662 2.887
1.0937 3.12801
1.14263 3.12801
1.19157 3.1607
1.2405 3.19339
1.28943 3.22608
1.33837 3.25877
1.3873 3.29146
1.43624 3.32415
1.48517 3.35684
1.53411 3.38953
1.58304 3.42222
1.63198 3.45491
1.68091 3.4876
1.72985 3.52029
1.77878 3.55298
1.82772 3.58567
1.87665 3.61836
1.92558 3.65105
1.97452 3.68374
2.02345 3.71643
2.07239 3.74912
2.12132 3.78181
2.17026 3.8145
2.21942 3.8145
2.26858 3.81993
2.31774 3.82536
2.36691 3.83079
2.41607 3.83622
2.46523 3.84164
2.51439 3.84707
2.56356 3.8525
2.61272 3.85793
2.66188 3.86335
2.71104 3.86878
2.76021 3.87421
2.80937 3.87964
2.85853 3.88507
2.90769 3.89049
2.95686 3.89592
3.00602 3.90135
3.05518 3.90678
3.10434 3.91221
3.1535 3.91763
3.20267 3.92306
3.25183 3.92849
3.30099 3.93392
3.35071 3.93392
3.40043 3.93392
3.45015 3.93392
3.49987 3.93392
3.54959 3.93392
3.59931 3.93392
3.64903 3.93392
3.69875 3.93392
3.74847 3.93392
3.79819 3.93392
3.84791 3.93392
3.89763 3.93392
3.94735 3.93392
3.99707 3.93392
4.04679 3.93392
4.09651 3.93392
4.14623 3.93392
4.19595 3.93392
4.24567 3.93392
4.29539 3.93392
4.34511 3.93392
4.39483 3.93392
4.44455 3.93392
4.49427 3.93392
4.54399 3.93392
4.59371 3.93392
4.64342 3.93392
4.69314 3.93392
4.74286 3.93392
4.79258 3.93392
4.8423 3.93392
4.89202 3.93392
4.94174 3.93392
4.99146 3.93392
5.04118 3.93392
5.0909 3.93392
5.14062 3.93392
5.19034 3.93392
5.24006 3.93392
5.28978 3.93392
5.3395 3.93392
5.38922 3.93392
5.43894 3.93392
5.48866 3.93392
5.53838 3.93392
5.5881 3.93392
5.63782 3.93392
5.68754 3.93392
5.73726 3.93392
5.78698 3.93392
5.8367 3.93392
5.88642 3.93392
5.93614 3.93392
5.98586 3.93392
6.03558 3.93392
6.0853 3.93392
6.13502 3.93392
6.18474 3.93392
6.23446 3.93392
6.28418 3.93392
9.18945 4.06329
12.0947 4.06329
15.0 4.06329
0.0 0.926925
0.0539918 0.926925
0.107984 0.970026
0.161976 1.01313
0.215967 1.05623
0.269959 1.09933
0.323951 1.14243
0.373336 1.14243
0.422721 1.20712
0.472106 1.2718
0.521491 1.33649
0.570875 1.40118
0.62026 1.46586
0.669645 1.53055
0.71903 1.59523
0.768415 1.65992
0.8178 1.7246
0.867185 1.78929
0.916569 1.85397
0.965954 1.91866
1.01721 1.91866
1.06846 2.08119
1.11972 2.24371
1.17097 2.40624
1.22222 2.56876
1.27348 2.73129
1.32473 2.89381
1.37583 2.89381
1.42693 3.07128
1.47804 3.24875
1.52914 3.42622
1.58024 3.60369
1.63134 3.78116
1.68244 3.95863
1.73354 4.13609
1.78407 4.13609
1.83461 4.13609
1.88514 4.13609
1.93567 4.13609
1.9862 4.13609
2.03674 4.13609
2.08727 4.13609
2.1378 4.13609
2.18834 4.13609
2.23887 4.13609
2.2894 4.13609
2.33993 4.13609
4.87195 6.23236
7.40396 6.23236
9.93597 6.23236
12.468 6.23236
15.0 6.23236
0.0 0.927878
0.0501885 0.927878
0.100377 0.966963
0.150565 1.00605
0.200754 1.04513
0.250942 1.08422
0.301131 1.1233
0.351319 1.16239
0.401508 1.20147
0.451696 1.24055
0.501885 1.27964
0.552073 1.31872
0.602261 1.35781
0.65245 1.39689
0.702638 1.43598
0.752827 1.47506
0.803015 1.51415
0.853204 1.55323
0.903392 1.59232
0.953581 1.6314
1.00377 1.67048
1.05326 1.67048
1.10274 1.71437
1.15223 1.75826
1.20172 1.80215
1.25121 1.84604
1.3007 1.88993
1.35018 1.93382
1.39967 1.97771
1.44916 2.02159
1.49865 2.06548
1.54813 2.10937
1.59762 2.15326
1.64711 2.19715
1.6966 2.24104
1.74609 2.28493
1.79557 2.32882
1.84506 2.3727
1.89455 2.41659
1.94404 2.46048
1.99352 2.50437
2.04301 2.54826
2.0925 2.59215
2.14199 2.63604
2.19148 2.67992
2.24096 2.72381
2.29045 2.7677
2.33994 2.81159
2.38943 2.85548
2.43891 2.89937
2.4884 2.94326
2.53789 2.98715
2.58738 3.03103
2.63687 3.07492
2.68635 3.11881
2.73584 3.1627
2.78533 3.20659
2.82457 3.20659
2.87487 3.70087
2.92517 3.7284
2.97547 3.75593
3.02578 3.78345
3.07608 3.81098
3.12638 3.8385
3.17668 3.86603
3.22698 3.89356
3.27728 3.92108
3.32758 3.94861
3.37788 3.97614
3.42818 4.00366
3.47848 4.03119
3.52878 4.05871
3.57908 4.08624
3.62938 4.11377
3.67968 4.14129
3.72998 4.16882
3.78028 4.19634
3.83058 4.22387
3.88088 4.2514
3.93118 4.27892
3.98148 4.30645
4.03178 4.33397
4.08208 4.3615
4.13238 4.38903
4.18268 4.41655
4.23298 4.44408
4.28328 4.47161
4.33358 4.49913
4.38388 4.52666
4.43418 4.55418
4.48372 4.55418
4.53326 4.55418
4.5828 4.55418
4.63234 4.55418
4.68188 4.55418
4.73142 4.55418
4.78095 4.55418
4.83049 4.55418
4.88003 4.55418
4.92957 4.55418
4.97911 4.55418
5.02865 4.55418
5.07819 4.55418
5.12773 4.55418
5.17727 4.55418
5.2268 4.55418
5.27634 4.55418
5.32588 4.55418
5.37542 4.55418
5.42496 4.55418
5.4745 4.55418
5.52404 4.55418
5.57358 4.55418
5.62312 4.55418
5.67265 4.55418
5.72219 4.55418
5.77173 4.55418
5.82127 4.55418
5.87081 4.55418
5.92035 4.55418
5.96989 4.55418
6.01943 4.55418
6.06897 4.55418
6.1185 4.55418
6.16804 4.55418
6.21758 4.55418
6.26712 4.55418
9.17808 6.16834
12.089 6.16834
15.0 6.16834
0.0 0.9513
0.0508618 0.9513
0.101724 0.987703
0.152585 1.02411
0.203447 1.06051
0.254309 1.09691
0.305171 1.13332
0.356032 1.16972
0.406894 1.20612
0.457756 1.24252
0.508618 1.27893
0.559479 1.31533
0.610341 1.35173
0.661203 1.38814
0.71304 1.38814
0.764877 1.64759
0.816714 1.90705
0.868551 2.1665
0.920388 2.42596
0.972225 2.68541
1.02406 2.94487
1.0759 3.20432
1.12706 3.20432
1.17823 3.2647
1.22939 3.32507
1.28055 3.38545
1.33172 3.44582
1.38288 3.5062
1.43405 3.56658
1.48521 3.62695
1.53637 3.68733
1.58754 3.7477
1.6387 3.80808
1.68987 3.86845
1.74103 3.92883
1.79112 3.92883
1.84122 3.9292
1.89131 3.92957
1.9414 3.92994
1.9915 3.93031
2.04159 3.93069
2.09168 3.93106
2.14178 3.93143
2.19187 3.9318
2.24196 3.93217
2.29205 3.93255
2.34215 3.93292
2.39224 3.93329
2.44233 3.93366
2.49243 3.93403
2.54252 3.93441
2.59261 3.93478
2.64271 3.93515
2.6928 3.93552
2.74289 3.93589
2.79299 3.93627
2.84308 3.93664
2.89317 3.93701
2.94327 3.93738
2.99336 3.93775
3.04345 3.93813
3.09355 3.9385
3.14364 3.93887
3.19373 3.93924
3.24383 3.93961
3.29392 3.93999
3.34401 3.94036
3.39411 3.94073
3.4442 3.9411
3.49429 3.94147
3.54439 3.94185
3.59448 3.94222
3.64457 3.94259
3.69466 3.94296
3.74476 3.94333
3.79485 3.9437
3.84494 3.94408
3.89504 3.94445
3.94513 3.94482
3.99522 3.94519
4.04532 3.94556
4.09571 3.94556
4.14611 3.94556
4.1965 3.94556
4.2469 3.94556
4.29729 3.94556
4.34769 3.94556
4.39809 3.94556
4.44848 3.94556
4.49888 3.94556
4.54927 3.94556
4.59967 3.94556
4.65006 3.94556
4.70046 3.94556
4.75085 3.94556
4.80125 3.94556
4.85164 3.94556
4.90204 3.94556
4.95243 3.94556
5.00283 3.94556
5.05323 3.94556
5.10362 3.94556
5.15402 3.94556
5.20441 3.94556
5.25481 3.94556
5.3052 3.94556
5.3556 3.94556
5.40599 3.94556
5.45639 3.94556
5.50678 3.94556
5.55718 3.94556
5.60757 3.94556
5.65797 3.94556
5.70837 3.94556
5.75876 3.94556
5.80916 3.94556
5.85955 3.94556
5.90995 3.94556
5.96034 3.94556
8.22026 4.04909
10.4802 4.04909
12.7401 4.04909
15.0 4.04909
0.0 0.931295
0.0484349 0.931295
0.0968698 0.964197
0.145305 0.997099
0.19374 1.03
0.242174 1.0629
0.290609 1.0958
0.339044 1.12871
0.387479 1.16161
0.435914 1.19451
0.485953 1.19451
0.535992 1.3434
0.586031 1.49229
0.63607 1.64117
0.686109 1.79006
0.73544 1.79006
0.784772 1.87155
0.834103 1.95303
0.883434 2.03452
0.932765 2.116
0.982096 2.19749
1.03143 2.27898
1.08076 2.36046
1.13009 2.44195
1.17942 2.52343
1.22875 2.60492
1.27808 2.6864
1.32741 2.76789
1.37675 2.84938
1.42423 2.84938
1.47171 3.03759
1.51919 3.2258
1.56667 3.41402
1.61416 3.60223
1.66164 3.79044
1.70912 3.97866
1.7566 4.16687
1.80706 4.16687
1.85752 4.16687
1.90798 4.16687
1.95843 4.16687
2.00889 4.16687
2.05935 4.16687
2.10981 4.16687
4.68784 6.25408
7.26588 6.25408
9.84392 6.25408
12.422 6.25408
15.0 6.25408
0.0 0.915117
0.0517908 0.915117
0.103582 0.958734
0.155372 1.00235
0.207163 1.04597
0.258954 1.08958
0.310745 1.1332
0.362535 1.17682
0.414326 1.22043
0.466117 1.26405
0.517908 1.30767
0.569698 1.35128
0.621489 1.3949
0.67328 1.43852
0.723676 1.43852
0.774073 1.53842
0.824469 1.63832
0.874866 1.73823
0.925262 1.83813
0.975659 1.93804
1.02606 2.03794
1.07645 2.13784
1.12685 2.23775
1.17724 2.33765
1.22764 2.43755
1.27804 2.53746
1.32843 2.63736
1.37883 2.73726
1.42923 2.83717
1.47962 2.93707
1.53002 3.03698
1.58042 3.13688
1.63081 3.23678
1.68198 3.23678
1.73314 3.29005
1.78431 3.34332
1.83547 3.39659
1.88664 3.44986
1.9378 3.50313
1.98897 3.5564
2.04013 3.60967
2.0913 3.66295
2.14246 3.71622
2.19363 3.76949
2.24479 3.82276
2.29596 3.87603
2.3457 3.87603
2.39543 3.87845
2.44517 3.88088
2.49491 3.88331
2.54465 3.88574
2.59439 3.88817
2.64413 3.8906
2.69387 3.89303
2.74361 3.89545
2.79334 3.89788
2.84308 3.90031
2.89282 3.90274
2.94256 3.90517
2.9923 3.9076
3.04204 3.91003
3.09178 3.91245
3.14151 3.91488
3.19125 3.91731
3.24099 3.91974
3.29073 3.92217
3.34047 3.9246
3.39021 3.92703
3.43995 3.92945
3.48968 3.93188
3.53942 3.93431
3.58916 3.93674
3.6389 3.93917
3.68864 3.9416
3.73838 3.94403
3.78812 3.94645
3.83786 3.94888
3.88759 3.95131
3.93733 3.95374
3.98814 3.95374
4.03895 3.95374
4.08976 3.95374
4.14057 3.95374
4.19138 3.95374
4.24219 3.95374
4.293 3.95374
4.34381 3.95374
4.39461 3.95374
4.44542 3.95374
4.49623 3.95374
4.54704 3.95374
4.59785 3.95374
7.19839 4.09166
9.79893 4.09166
12.3995 4.09166
15.0 4.09166
0.0 0.923627
0.0530649 0.923627
0.10613 0.967954
0.159195 1.01228
0.21226 1.05661
0.265324 1.10094
0.318389 1.14526
0.371454 1.18959
0.424519 1.23392
0.476044 1.23392
0.527568 1.28016
0.579093 1.32639
0.630617 1.37263
0.682142 1.41887
0.733666 1.4651
0.785191 1.51134
0.836715 1.55758
0.88824 1.60382
0.939764 1.65005
0.991289 1.69629
1.04281 1.74253
1.09434 1.78876
1.14524 1.78876
1.19614 1.83779
1.24705 1.88681
1.29795 1.93583
1.34885 1.98485
1.39976 2.03387
1.45066 2.08289
1.50156 2.13192
1.55247 2.18094
1.60337 2.22996
1.65427 2.27898
1.70518 2.328
1.75608 2.37702
1.80698 2.42605
1.85789 2.47507
1.90879 2.52409
1.95969 2.57311
2.0106 2.62213
2.0615 2.67115
2.1124 2.72018
2.16331 2.7692
2.21421 2.81822
2.26511 2.86724
2.31364 2.86724
2.36217 2.94597
2.4107 3.02469
2.45923 3.10342
2.50777 3.18214
2.5563 3.26087
2.60483 3.33959
2.65336 3.41832
2.70189 3.49705
2.75042 3.57577
2.79895 3.6545
2.84748 3.73322
2.89601 3.81195
2.94454 3.89067
2.99307 3.9694
3.0416 4.04813
3.09013 4.12685
3.14036 4.12685
3.19058 4.12685
3.2408 4.12685
3.29103 4.12685
3.34125 4.12685
3.39148 4.12685
3.4417 4.12685
3.49193 4.12685
3.54215 4.12685
3.59238 4.12685
3.6426 4.12685
3.69283 4.12685
3.74305 4.12685
3.79328 4.12685
3.8435 4.12685
3.89373 4.12685
3.94395 4.12685
3.99418 4.12685
6.74563 6.23572
9.49709 6.23572
12.2485 6.23572
15.0 6.23572
0.0 0.924543
0.0504045 0.924543
0.100809 0.967817
0.151213 1.01109
0.201618 1.05436
0.252022 1.09764
0.302427 1.14091
0.352831 1.18419
0.403236 1.22746
0.45364 1.27073
0.504045 1.31401
0.554449 1.35728
0.604854 1.40056
0.655258 1.44383
0.705663 1.4871
0.756067 1.53038
0.806472 1.57365
0.856876 1.61692
0.907281 1.6602
0.957685 1.70347
1.00809 1.74675
1.05849 1.79002
1.1089 1.83329
1.1593 1.87657
1.20971 1.91984
1.26011 1.96312
1.31052 2.00639
1.36092 2.04966
1.41133 2.09294
1.46173 2.13621
1.51213 2.17949
1.56254 2.22276
1.61294 2.26603
1.66335 2.30931
1.71375 2.35258
1.76416 2.39585
1.81456 2.43913
1.86497 2.4824
1.91537 2.52568
1.96577 2.56895
2.01618 2.61222
2.06658 2.6555
2.11699 2.69877
2.16739 2.74205
2.2178 2.78532
2.2682 2.82859
2.31861 2.87187
2.36901 2.91514
2.41942 2.95842
2.46982 3.00169
2.52022 3.04496
2.57063 3.08824
2.62103 3.13151
2.67144 3.17478
2.72184 3.21806
2.77311 3.21806
2.82437 3.22553
2.87564 3.233
2.9269 3.24047
2.97817 3.24794
3.02944 3.25541
3.0807 3.26288
3.13197 3.27035
3.18323 3.27782
3.2345 3.28529
3.28576 3.29276
3.33703 3.30023
3.38829 3.3077
3.43956 3.31517
3.49082 3.32264
3.54209 3.33011
3.59336 3.33758
3.64462 3.34505
3.69438 3.34505
3.74414 3.38418
3.7939 3.4233
3.84366 3.46242
3.89342 3.50154
3.94318 3.54067
3.99293 3.57979
4.04269 3.61891
4.09245 3.65804
4.14221 3.69716
4.19197 3.73628
4.24173 3.77541
4.29149 3.81453
4.34125 3.85365
4.39101 3.89277
4.44077 3.9319
4.49052 3.97102
4.54028 4.01014
4.59004 4.04927
4.6398 4.08839
4.68956 4.12751
4.73873 4.12751
4.78789 4.14573
4.83705 4.16395
4.88622 4.18217
4.93538 4.20039
4.98454 4.21861
5.03371 4.23684
5.08287 4.25506
5.13204 4.27328
5.1812 4.2915
5.23036 4.30972
5.27953 4.32794
5.32869 4.34616
5.37785 4.36438
5.42702 4.3826
5.47775 4.3826
5.52848 4.3826
5.57922 4.3826
5.62995 4.3826
5.68068 4.3826
5.73141 4.3826
5.78215 4.3826
5.83288 4.3826
5.88361 4.3826
5.93435 4.3826
5.98508 4.3826
6.03581 4.3826
6.08654 4.3826
6.13728 4.3826
6.18801 4.3826
6.23874 4.3826
6.28947 4.3826
9.19298 4.72374
12.0965 4.72374
15.0 4.72374
0.0 0.941799
0.048742 0.941799
0.097484 0.97505
0.146226 1.0083
0.194968 1.04155
0.24371 1.0748
0.292452 1.10805
0.341194 1.14131
0.389936 1.17456
0.438678 1.20781
0.48742 1.24106
0.535425 1.24106
0.583429 1.31192
0.631434 1.38279
0.679439 1.45365
0.727444 1.52451
0.775448 1.59538
0.823453 1.66624
0.871458 1.73711
0.919463 1.80797
0.968569 1.80797
1.01767 1.90288
1.06678 1.99779
1.11589 2.0927
1.16499 2.1876
1.2141 2.28251
1.2632 2.37742
1.31231 2.47233
1.36142 2.56724
1.41052 2.66215
1.45963 2.75706
1.50873 2.85196
1.55784 2.94687
1.60735 2.94687
1.65686 3.10092
1.70637 3.25497
1.75588 3.40902
1.80539 3.56307
1.8549 3.71712
1.90441 3.87117
1.95392 4.02522
2.00343 4.17927
2.05447 4.17927
2.10552 4.17927
2.15656 4.17927
2.20761 4.17927
2.25865 4.17927
2.3097 4.17927
2.36074 4.17927
2.41178 4.17927
2.46283 4.17927
2.51387 4.17927
2.56492 4.17927
5.05194 6.19788
7.53895 6.19788
10.026 6.19788
12.513 6.19788
15.0 6.19788
0.0 0.959327
0.0484306 0.959327
0.0968612 0.990626
0.145292 1.02192
0.193722 1.05322
0.242153 1.08452
0.290584 1.11582
0.339014 1.14712
0.387445 1.17842
0.435875 1.20972
0.486875 1.20972
0.537874 1.29697
0.588873 1.38422
0.639873 1.47147
0.690872 1.55872
0.741871 1.64597
0.792871 1.73322
0.842311 1.73322
0.891752 1.77615
0.941192 1.81907
0.990632 1.86199
1.04007 1.90491
1.08951 1.94783
1.13895 1.99075
1.18839 2.03367
1.23783 2.07659
1.28727 2.11951
1.33672 2.16243
1.38616 2.20535
1.4356 2.24827
1.48504 2.29119
1.53448 2.33411
1.58392 2.37703
1.63336 2.41995
1.6828 2.46287
1.73224 2.50579
1.78168 2.54871
1.83112 2.59164
1.88056 2.63456
1.93 2.67748
1.97944 2.7204
2.02888 2.76332
2.07832 2.80624
2.12776 2.84916
2.1772 2.89208
2.22644 2.89208
2.27568 2.9458
2.32492 2.99952
2.37416 3.05324
2.4234 3.10697
2.47264 3.16069
2.52188 3.21441
2.57112 3.26813
2.62036 3.32185
2.6696 3.37558
2.71885 3.4293
2.76809 3.48302
2.81733 3.53674
2.86657 3.59046
2.91581 3.64419
2.96505 3.69791
3.01429 3.75163
3.06353 3.80535
3.11277 3.85907
3.16201 3.91279
3.21125 3.96652
3.26049 4.02024
3.30973 4.07396
3.35897 4.12768
3.41018 4.12768
3.4614 4.12768
3.51261 4.12768
3.56382 4.12768
3.61504 4.12768
3.66625 4.12768
3.71747 4.12768
5.97397 6.12938
8.23048 6.12938
10.487 6.12938
12.7435 6.12938
15.0 6.12938
0.0 0.922455
0.0496146 0.922455
0.0992292 0.966842
0.148844 1.01123
0.198458 1.05562
0.248073 1.1
0.297688 1.14439
0.347302 1.18878
0.396917 1.23317
0.446531 1.27755
0.496146 1.32194
0.545761 1.36633
0.595375 1.41071
0.64499 1.4551
0.694604 1.49949
0.744219 1.54388
0.793834 1.58826
0.843448 1.63265
0.893063 1.67704
0.942677 1.72142
0.992292 1.76581
1.04191 1.8102
1.09152 1.85459
1.14114 1.89897
1.19075 1.94336
1.24036 1.98775
1.28998 2.03213
1.33959 2.07652
1.38921 2.12091
1.43882 2.1653
1.48844 2.20968
1.53805 2.25407
1.58767 2.29846
1.63728 2.34284
1.6869 2.38723
1.73651 2.43162
1.78613 2.47601
1.83574 2.52039
1.88535 2.56478
1.93497 2.60917
1.98458 2.65356
2.0342 2.69794
2.08381 2.74233
2.13343 2.78672
2.18304 2.8311
2.23266 2.87549
2.28227 2.91988
2.33189 2.96427
2.3815 3.00865
2.43112 3.05304
2.48073 3.09743
2.53034 3.14181
2.57996 3.1862
2.62957 3.23059
2.67855 3.23059
2.72752 3.2382
2.77649 3.24581
2.82546 3.25342
2.87443 3.26104
2.9234 3.26865
2.97238 3.27626
3.02135 3.28387
3.07032 3.29148
3.11929 3.2991
3.16826 3.30671
3.21723 3.31432
3.26621 3.32193
3.31518 3.32954
3.36415 3.33716
3.41312 3.34477
3.46209 3.35238
3.51106 3.35999
3.56004 3.3676
3.60901 3.37522
3.65798 3.38283
3.70695 3.39044
3.75766 3.39044
3.80837 3.44439
3.85908 3.49835
3.90979 3.5523
3.9605 3.60625
4.01121 3.66021
4.06193 3.71416
4.11264 3.76812
4.16335 3.82207
4.21406 3.87602
4.26477 3.92998
4.31548 3.98393
4.36619 4.03789
4.4169 4.09184
4.46848 4.09184
4.52006 4.11687
4.57164 4.14191
4.62322 4.16694
4.6748 4.19197
4.72638 4.21701
4.77796 4.24204
4.82954 4.26707
4.88112 4.29211
4.9327 4.31714
4.98428 4.34217
5.03585 4.3672
5.08743 4.39224
5.13901 4.41727
5.18987 4.41727
5.24073 4.41727
5.29159 4.41727
5.34245 4.41727
5.39331 4.41727
5.44417 4.41727
5.49503 4.41727
5.54589 4.41727
5.59675 4.41727
5.6476 4.41727
5.69846 4.41727
5.74932 4.41727
5.80018 4.41727
5.85104 4.41727
5.9019 4.41727
5.95276 4.41727
6.00362 4.41727
6.05448 4.41727
6.10534 4.41727
6.15619 4.41727
6.20705 4.41727
6.25791 4.41727
6.30877 4.41727
6.35963 4.41727
6.41049 4.41727
6.46135 4.41727
6.51221 4.41727
9.34147 4.63911
12.1707 4.63911
15.0 4.63911
0.0 0.960734
0.0483904 0.960734
0.0967808 0.993134
0.145171 1.02553
0.193562 1.05793
0.241952 1.09033
0.290342 1.12273
0.339019 1.12273
0.387695 1.17581
0.436371 1.22888
0.485047 1.28196
0.533724 1.33503
0.5824 1.3881
0.631076 1.44118
0.679752 1.49425
0.728429 1.54732
0.777105 1.6004
0.825781 1.65347
0.874457 1.70655
0.923133 1.75962
0.973906 1.75962
1.02468 1.9457
1.07545 2.13179
1.12622 2.31788
1.177 2.50396
1.22777 2.69005
1.27854 2.87613
1.33076 2.87613
1.38297 3.4991
1.43518 4.12207
1.4854 4.12207
1.53561 4.12207
1.58582 4.12207
1.63603 4.12207
1.68624 4.12207
1.73645 4.12207
1.78666 4.12207
1.83687 4.12207
1.88708 4.12207
1.93729 4.12207
1.9875 4.12207
2.03772 4.12207
2.08793 4.12207
2.13814 4.12207
2.18835 4.12207
2.23856 4.12207
2.28877 4.12207
2.33898 4.12207
2.38919 4.12207
2.4394 4.12207
2.48961 4.12207
2.53982 4.12207
2.59004 4.12207
2.64025 4.12207
2.69046 4.12207
2.74067 4.12207
2.79088 4.12207
2.84109 4.12207
2.8913 4.12207
2.94151 4.12207
2.99172 4.12207
3.04193 4.12207
3.09214 4.12207
5.47372 6.1048
7.85529 6.1048
10.2369 6.1048
12.6184 6.1048
15.0 6.1048
0.0 0.958272
0.0498797 0.958272
0.0997593 0.992193
0.149639 1.02611
0.199519 1.06003
0.249398 1.09396
0.299278 1.12788
0.349158 1.1618
0.399037 1.19572
0.448917 1.22964
0.498797 1.26356
0.548676 1.29748
0.598556 1.3314
0.648436 1.36532
0.698315 1.39924
0.748195 1.43316
0.798075 1.46709
0.84563 1.46709
0.893186 2.1661
0.940741 2.86511
0.988297 3.56413
1.0428 3.56413
1.0973 3.60124
1.15181 3.63835
1.20631 3.67546
1.26081 3.71258
1.3096 3.71258
1.35839 3.72987
1.40719 3.74717
1.45598 3.76447
1.50477 3.78177
1.55356 3.79906
1.60235 3.81636
1.65114 3.83366
1.69993 3.85095
1.74873 3.86825
1.79752 3.88555
1.84631 3.90285
1.8951 3.92014
1.94389 3.93744
1.99268 3.95474
2.04147 3.97203
2.09026 3.98933
2.13906 4.00663
2.18889 4.00663
2.23872 4.00663
2.28856 4.00663
2.33839 4.00663
2.38822 4.00663
2.43806 4.00663
2.48789 4.00663
2.53773 4.00663
2.58756 4.00663
2.63739 4.00663
2.68723 4.00663
2.73706 4.00663
2.78689 4.00663
2.83673 4.00663
2.88656 4.00663
2.9364 4.00663
5.34912 4.13864
7.76184 4.13864
10.1746 4.13864
12.5873 4.13864
15.0 4.13864
0.0 0.929649
0.0501085 0.929649
0.100217 0.968775
0.150325 1.0079
0.200434 1.04703
0.250542 1.08615
0.300651 1.12528
0.350759 1.1644
0.400868 1.20353
0.450976 1.24265
0.501085 1.28178
0.551193 1.32091
0.601302 1.36003
0.649368 1.36003
0.697435 1.59737
0.745501 1.83471
0.793568 2.07205
0.841634 2.3094
0.889701 2.54674
0.937767 2.78408
0.985833 3.02142
1.0339 3.25876
1.08197 3.4961
1.13491 3.4961
1.18786 3.51078
1.2408 3.52545
1.29375 3.54013
1.34669 3.55481
1.39964 3.56948
1.44907 3.56948
1.4985 3.60469
1.54794 3.63989
1.59737 3.67509
1.6468 3.71029
1.69623 3.7455
1.74566 3.7807
1.7951 3.8159
1.84453 3.8511
1.89396 3.88631
1.94339 3.92151
1.99283 3.95671
2.04645 3.95671
2.10007 3.95671
2.15369 3.95671
2.20732 3.95671
2.26094 3.95671
2.31456 3.95671
4.85165 4.13637
7.38874 4.13637
9.92582 4.13637
12.4629 4.13637
15.0 4.13637
0.0 0.925715
0.0500284 0.925715
0.100057 0.966881
0.150085 1.00805
0.200114 1.04921
0.250142 1.09038
0.300171 1.13155
0.350199 1.17271
0.400227 1.21388
0.450256 1.25505
0.500284 1.29621
0.550313 1.33738
0.600341 1.37854
0.65037 1.41971
0.700398 1.46088
0.750427 1.50204
0.800455 1.54321
0.850483 1.58438
0.900512 1.62554
0.95054 1.66671
1.00057 1.70788
1.0506 1.74904
1.10063 1.79021
1.15065 1.83137
1.20068 1.87254
1.25071 1.91371
1.30074 1.95487
1.35077 1.99604
1.4008 2.03721
1.45082 2.07837
1.50085 2.11954
1.55088 2.16071
1.60091 2.20187
1.65094 2.24304
1.70097 2.28421
1.751 2.32537
1.80102 2.36654
1.85105 2.4077
1.90108 2.44887
1.95111 2.49004
2.00114 2.5312
2.05117 2.57237
2.10119 2.61354
2.15122 2.6547
2.20125 2.69587
2.25128 2.73704
2.30131 2.7782
2.35134 2.81937
2.40136 2.86053
2.45139 2.9017
2.50142 2.94287
2.55145 2.98403
2.60148 3.0252
2.65151 3.06637
2.70154 3.10753
2.75156 3.1487
2.80133 3.1487
2.85109 3.15483
2.90085 3.16096
2.95061 3.16709
3.00038 3.17323
3.05014 3.17936
3.0999 3.18549
3.14966 3.19162
3.19942 3.19775
3.24919 3.20388
3.29895 3.21002
3.34871 3.21615
3.39847 3.22228
3.44824 3.22841
3.498 3.23454
3.54776 3.24068
3.59752 3.24681
3.64728 3.25294
3.69705 3.25907
3.74681 3.2652
3.79657 3.27133
3.84633 3.27747
3.8961 3.2836
3.94586 3.28973
3.99562 3.29586
4.04538 3.30199
4.09514 3.30812
4.14491 3.31426
4.19467 3.32039
4.24443 3.32652
4.29419 3.33265
4.34396 3.33878
4.39372 3.34492
4.44348 3.35105
4.49324 3.35718
4.54301 3.36331
4.59277 3.36944
4.64253 3.37557
4.69229 3.38171
4.74205 3.38784
4.79182 3.39397
4.84158 3.4001
4.89134 3.40623
4.9411 3.41236
4.99087 3.4185
5.04063 3.42463
5.09039 3.43076
5.14015 3.43689
5.18975 3.43689
5.23934 3.46397
5.28894 3.49105
5.33853 3.51812
5.38813 3.5452
5.43773 3.57228
5.48732 3.59936
5.53692 3.62643
5.58651 3.65351
5.63611 3.68059
5.6857 3.70767
5.7353 3.73474
5.7849 3.76182
5.83449 3.7889
5.88409 3.81598
5.93368 3.84305
5.98328 3.87013
6.03287 3.89721
6.08271 3.89721
6.13255 3.92833
6.18239 3.95944
6.23223 3.99056
6.28207 4.02168
6.33191 4.0528
6.38176 4.08391
6.4316 4.11503
6.48144 4.14615
6.53128 4.17726
6.58112 4.20838
6.63096 4.2395
6.6808 4.27062
6.73064 4.30173
6.78048 4.33285
6.83032 4.36397
6.88016 4.39508
6.92899 4.39508
6.97783 4.39508
7.02667 4.39508
7.0755 4.39508
7.12434 4.39508
7.17318 4.39508
7.22201 4.39508
7.27085 4.39508
7.31969 4.39508
7.36852 4.39508
7.41736 4.39508
7.4662 4.39508
7.51503 4.39508
7.56387 4.39508
7.61271 4.39508
7.66154 4.39508
7.71038 4.39508
7.75922 4.39508
7.80805 4.39508
10.2054 4.74001
12.6027 4.74001
15.0 4.74001
0.0 0.941288
0.0495662 0.941288
0.0991324 0.974817
0.148699 1.00835
0.198265 1.04187
0.247831 1.0754
0.297397 1.10893
0.346963 1.14246
0.39653 1.17599
0.446096 1.20952
0.495662 1.24305
0.545228 1.27658
0.593735 1.27658
0.642242 1.48133
0.690749 1.68609
0.739256 1.89084
0.787763 2.0956
0.83627 2.30036
0.884778 2.50511
0.933285 2.70987
0.981792 2.91462
1.0303 3.11938
1.07881 3.32414
1.12731 3.52889
1.17935 3.52889
1.23138 3.52891
1.28341 3.52892
1.33545 3.52894
1.38748 3.52895
1.43951 3.52897
1.49155 3.52898
1.54358 3.52899
1.59561 3.52901
1.64765 3.52902
1.69968 3.52904
1.7494 3.52904
1.79913 3.54336
1.84886 3.55769
1.89858 3.57201
1.94831 3.58634
1.99803 3.60066
2.04776 3.61499
2.09748 3.62931
2.14721 3.64364
2.19693 3.65796
2.24666 3.67229
2.29638 3.68661
2.34611 3.70094
2.39584 3.71526
2.44556 3.72959
2.49529 3.74391
2.54501 3.75824
2.59474 3.77256
2.64446 3.78689
2.69419 3.80121
2.74391 3.81554
2.79364 3.82986
2.84337 3.84419
2.89309 3.85851
2.94282 3.87283
2.99254 3.88716
3.04227 3.90148
3.09199 3.91581
3.14172 3.93013
3.19144 3.94446
3.24117 3.95878
3.2896 3.95878
3.33802 3.95878
3.38645 3.95878
3.43488 3.95878
3.4833 3.95878
3.53173 3.95878
3.58016 3.95878
3.62858 3.95878
3.67701 3.95878
3.72544 3.95878
5.98035 4.05731
8.23526 4.05731
10.4902 4.05731
12.7451 4.05731
15.0 4.05731
0.0 0.948737
0.049806 0.948737
0.099612 0.985551
0.149418 1.02237
0.199224 1.05918
0.24903 1.09599
0.298836 1.13281
0.348642 1.16962
0.398448 1.20644
0.448254 1.24325
0.49806 1.28007
0.547866 1.31688
0.597672 1.35369
0.647478 1.39051
0.697284 1.42732
0.74709 1.46414
0.796896 1.50095
0.846702 1.53777
0.896508 1.57458
0.946314 1.61139
0.99612 1.64821
1.04469 1.64821
1.09327 1.72193
1.14184 1.79565
1.19041 1.86936
1.23899 1.94308
1.28756 2.0168
1.33613 2.09052
1.3847 2.16424
1.43328 2.23796
1.48185 2.31168
1.53042 2.3854
1.579 2.45911
1.62757 2.53283
1.67614 2.60655
1.72472 2.68027
1.77329 2.75399
1.82186 2.82771
1.87164 2.82771
1.92141 2.87896
1.97119 2.93022
2.02097 2.98147
2.07074 3.03273
2.12052 3.08398
2.1703 3.13524
2.22007 3.18649
2.26985 3.23775
2.31962 3.289
2.3694 3.34026
2.41918 3.39151
2.46895 3.44277
2.51873 3.49402
2.56851 3.54528
2.61828 3.59653
2.66806 3.64779
2.71783 3.69904
2.76838 3.69904
2.81892 3.72689
2.86946 3.75474
2.92 3.78259
2.97054 3.81044
3.02108 3.83829
3.07162 3.86615
3.12216 3.894
3.1727 3.92185
3.22324 3.9497
3.27379 3.97755
3.32433 4.0054
3.37487 4.03325
3.42541 4.0611
3.47595 4.08895
3.52649 4.1168
3.57703 4.14465
3.62757 4.1725
3.67811 4.20035
3.72866 4.2282
3.7792 4.25605
3.82974 4.2839
3.88028 4.31175
3.93082 4.3396
3.98136 4.36745
4.0319 4.3953
4.08244 4.42315
4.13298 4.451
4.18353 4.47886
4.23407 4.50671
4.28461 4.53456
4.33515 4.56241
4.38569 4.59026
4.43623 4.61811
4.48677 4.64596
4.53731 4.67381
4.58785 4.70166
4.63839 4.72951
4.68894 4.75736
4.73791 4.75736
4.78689 4.75736
4.83586 4.75736
4.88484 4.75736
4.93381 4.75736
4.98279 4.75736
5.03177 4.75736
5.08074 4.75736
5.12972 4.75736
7.59729 6.2479
10.0649 6.2479
12.5324 6.2479
15.0 6.2479
0.0 0.940545
0.0502929 0.940545
0.100586 0.97744
0.150879 1.01434
0.201171 1.05123
0.251464 1.08812
0.301757 1.12502
0.35205 1.16191
0.402343 1.19881
0.452636 1.2357
0.502929 1.2726
0.553222 1.30949
0.603514 1.34639
0.653807 1.38328
0.7041 1.42018
0.754393 1.45707
0.804686 1.49397
0.854979 1.53086
0.905272 1.56776
0.955565 1.60465
1.00586 1.64155
1.05615 1.67844
1.10644 1.71534
1.15674 1.75223
1.20703 1.78913
1.25732 1.82602
1.30761 1.86292
1.35791 1.89981
1.4082 1.93671
1.45849 1.9736
1.50879 2.01049
1.55908 2.04739
1.60937 2.08428
1.65966 2.12118
1.70996 2.15807
1.76025 2.19497
1.81054 2.23186
1.86084 2.26876
1.91113 2.30565
1.96142 2.34255
2.01171 2.37944
2.06201 2.41634
2.1123 2.45323
2.16259 2.49013
2.21289 2.52702
2.26318 2.56392
2.31347 2.60081
2.36376 2.63771
2.41406 2.6746
2.46435 2.7115
2.51464 2.74839
2.56494 2.78529
2.61523 2.82218
2.66552 2.85908
2.71582 2.89597
2.76611 2.93286
2.8164 2.96976
2.86669 3.00665
2.91699 3.04355
2.96596 3.04355
3.01493 3.05991
3.06389 3.07627
3.11286 3.09263
3.16183 3.109
3.2108 3.12536
3.25977 3.14172
3.30874 3.15808
3.35771 3.17444
3.40668 3.1908
3.45565 3.20716
3.50462 3.22353
3.55359 3.23989
3.60256 3.25625
3.65153 3.27261
3.7005 3.28897
3.74947 3.30533
3.79843 3.32169
3.8474 3.33806
3.89637 3.35442
3.94534 3.37078
3.99431 3.38714
4.04328 3.4035
4.09225 3.41986
4.14228 3.41986
4.19231 3.44529
4.24234 3.47071
4.29237 3.49614
4.34241 3.52156
4.39244 3.54699
4.44247 3.57241
4.4925 3.59784
4.54253 3.62326
4.59256 3.64869
4.64259 3.67411
4.69262 3.69954
4.74265 3.72496
4.79268 3.75039
4.84272 3.77581
4.89275 3.80124
4.94278 3.82666
4.99281 3.85209
5.04284 3.87751
5.0959 3.87751
5.14895 3.96246
5.20201 4.0474
5.25506 4.13235
5.30812 4.21729
5.36118 4.30224
5.41423 4.38718
5.46369 4.38718
5.51315 4.38718
5.56261 4.38718
5.61206 4.38718
5.66152 4.38718
5.71098 4.38718
5.76044 4.38718
5.80989 4.38718
5.85935 4.38718
5.90881 4.38718
5.95827 4.38718
6.00773 4.38718
6.05718 4.38718
6.10664 4.38718
6.1561 4.38718
6.20556 4.38718
6.25501 4.38718
6.30447 4.38718
6.35393 4.38718
6.40339 4.38718
6.45284 4.38718
6.5023 4.38718
6.55176 4.38718
6.60122 4.38718
6.65067 4.38718
6.70013 4.38718
6.74959 4.38718
6.79905 4.38718
6.84851 4.38718
6.89796 4.38718
6.94742 4.38718
6.99688 4.38718
7.04634 4.38718
7.09579 4.38718
7.14525 4.38718
7.19471 4.38718
7.24417 4.38718
7.29362 4.38718
7.34308 4.38718
7.39254 4.38718
9.92836 4.86818
12.4642 4.86818
15.0 4.86818
0.0 0.93656
0.0507832 0.93656
0.101566 0.978102
0.15235 1.01964
0.203133 1.06119
0.253916 1.10273
0.304699 1.14427
0.355483 1.18581
0.406266 1.22735
0.457049 1.2689
0.507832 1.31044
0.558616 1.35198
0.609399 1.39352
0.660182 1.43506
0.710965 1.47661
0.761749 1.51815
0.812532 1.55969
0.863315 1.60123
0.914098 1.64277
0.964882 1.68432
1.01566 1.72586
1.06645 1.7674
1.11723 1.80894
1.16801 1.85048
1.2188 1.89203
1.26958 1.93357
1.32036 1.97511
1.37115 2.01665
1.42169 2.01665
1.47223 2.04929
1.52277 2.08192
1.57331 2.11455
1.62385 2.14718
1.6744 2.17982
1.72494 2.21245
1.77548 2.24508
1.82602 2.27771
1.87656 2.31035
1.9271 2.34298
1.97764 2.37561
2.02819 2.40824
2.07873 2.44088
2.12927 2.47351
2.17981 2.50614
2.23035 2.53877
2.28089 2.57141
2.33143 2.60404
2.38198 2.63667
2.43252 2.6693
2.48306 2.70194
2.5336 2.73457
2.58414 2.7672
2.63468 2.79983
2.68522 2.83247
2.73576 2.8651
2.78631 2.89773
2.83685 2.93036
2.88739 2.963
2.93793 2.99563
2.98847 3.02826
3.03901 3.06089
3.08955 3.09353
3.1401 3.12616
3.19064 3.15879
3.24118 3.19142
3.29172 3.22406
3.34296 3.22406
3.3942 3.23573
3.44544 3.2474
3.49668 3.25907
3.54792 3.27074
3.59916 3.28241
3.6504 3.29408
3.70164 3.30576
3.75288 3.31743
3.80412 3.3291
3.85536 3.34077
3.9066 3.35244
3.95784 3.36411
4.00908 3.37578
4.06032 3.38746
4.11155 3.39913
4.16279 3.4108
4.21403 3.42247
4.26527 3.43414
4.31651 3.44581
4.36614 3.44581
4.41578 3.47865
4.46541 3.5115
4.51504 3.54434
4.56467 3.57718
4.6143 3.61002
4.66393 3.64286
4.71356 3.6757
4.76319 3.70854
4.81283 3.74139
4.86246 3.77423
4.91209 3.80707
4.96172 3.83991
5.01135 3.87275
5.06098 3.90559
5.11061 3.93844
5.16024 3.97128
5.20987 4.00412
5.25951 4.03696
5.30914 4.0698
5.35877 4.10264
5.4084 4.13548
5.45803 4.16833
5.50766 4.20117
5.55729 4.23401
5.60692 4.26685
5.65655 4.29969
5.70619 4.33253
5.75582 4.36538
5.80545 4.39822
5.85508 4.43106
5.90471 4.4639
5.95434 4.49674
6.00397 4.52958
6.0536 4.56242
6.10324 4.59527
6.15287 4.62811
6.2025 4.66095
6.25213 4.69379
6.30176 4.72663
6.35139 4.75947
6.40102 4.79232
6.45045 4.79232
6.49988 4.79232
6.54931 4.79232
6.59874 4.79232
6.64816 4.79232
6.69759 4.79232
6.74702 4.79232
6.79645 4.79232
6.84588 4.79232
6.89531 4.79232
6.94474 4.79232
6.99416 4.79232
7.04359 4.79232
7.09302 4.79232
7.14245 4.79232
7.19188 4.79232
7.24131 4.79232
7.29073 4.79232
7.34016 4.79232
7.38959 4.79232
9.92639 6.10174
12.4632 6.10174
15.0 6.10174
0.0 0.9141
0.0505082 0.9141
0.101016 0.957712
0.151525 1.00133
0.202033 1.04494
0.252541 1.08855
0.303049 1.13216
0.353557 1.17578
0.404066 1.21939
0.454574 1.263
0.505082 1.30661
0.55559 1.35023
0.606098 1.39384
0.656607 1.43745
0.707115 1.48107
0.757623 1.52468
0.808131 1.56829
0.858639 1.6119
0.909148 1.65552
0.959656 1.69913
1.01016 1.74274
1.06067 1.78636
1.11118 1.82997
1.16169 1.87358
1.21141 1.87358
1.26114 1.87807
1.31086 1.88257
1.36059 1.88706
1.41031 1.89155
1.46003 1.89605
1.50976 1.90054
1.55948 1.90503
1.60921 1.90952
1.65893 1.91402
1.70865 1.91851
1.75838 1.923
1.8081 1.92749
1.85783 1.93199
1.90755 1.93648
1.95727 1.94097
2.007 1.94547
2.05672 1.94996
2.10645 1.95445
2.15617 1.95894
2.2059 1.96344
2.25562 1.96793
2.30534 1.97242
2.35507 1.97692
2.40479 1.98141
2.45452 1.9859
2.50424 1.99039
2.55396 1.99489
2.60369 1.99938
2.65341 2.00387
2.70314 2.00837
2.75286 2.01286
2.80259 2.01735
2.85231 2.02184
2.90203 2.02634
2.95176 2.03083
3.00148 2.03532
3.05121 2.03982
3.10093 2.04431
3.15065 2.0488
3.20038 2.05329
3.2501 2.05779
3.29983 2.06228
3.34955 2.06677
3.39928 2.07127
3.449 2.07576
3.49872 2.08025
3.54845 2.08474
3.5985 2.08474
3.64856 2.1199
3.69861 2.15506
3.74867 2.19022
3.79873 2.22538
3.84878 2.26054
3.89884 2.2957
3.94889 2.33086
3.99895 2.36602
4.04901 2.40118
4.09906 2.43634
4.14912 2.4715
4.19917 2.50665
4.24923 2.54181
4.29928 2.57697
4.34934 2.61213
4.3994 2.64729
4.44945 2.68245
4.49951 2.71761
4.54956 2.75277
4.59962 2.78793
4.64967 2.82309
4.70072 2.82309
4.75176 3.10298
4.80281 3.38288
4.85385 3.66277
4.9049 3.94267
4.95594 4.22256
5.00699 4.50246
5.05803 4.78235
5.10817 4.78235
5.15831 4.78235
5.20844 4.78235
5.25858 4.78235
5.30871 4.78235
5.35885 4.78235
5.40898 4.78235
5.45912 4.78235
5.50925 4.78235
5.55939 4.78235
5.60952 4.78235
5.65966 4.78235
5.70979 4.78235
5.75993 4.78235
5.81006 4.78235
5.8602 4.78235
5.91033 4.78235
5.96047 4.78235
6.0106 4.78235
6.06074 4.78235
6.11087 4.78235
6.16101 4.78235
6.21114 4.78235
6.26128 4.78235
6.31141 4.78235
6.36155 4.78235
6.41168 4.78235
6.46182 4.78235
6.51195 4.78235
6.56209 4.78235
6.61222 4.78235
6.66236 4.78235
6.71249 4.78235
6.76263 4.78235
6.81276 4.78235
6.8629 4.78235
6.91304 4.78235
6.96317 4.78235
7.01331 4.78235
7.06344 4.78235
7.11358 4.78235
7.16371 4.78235
7.21385 4.78235
7.26398 4.78235
7.31412 4.78235
7.36425 4.78235
7.41439 4.78235
9.94292 5.23757
12.4715 5.23757
15.0 5.23757
0.0 0.912539
0.0554879 0.912539
0.110976 0.974837
0.166464 1.03713
0.221952 1.09943
0.271401 1.09943
0.32085 1.14341
0.370299 1.18738
0.419748 1.23136
0.469197 1.27533
0.518646 1.31931
0.568095 1.36328
0.617544 1.40726
0.666993 1.45123
0.716442 1.49521
0.765891 1.53919
0.81534 1.58316
0.864789 1.62714
0.914238 1.67111
0.963687 1.71509
1.01314 1.75906
1.06258 1.80304
1.11203 1.84701
1.16148 1.89099
1.21093 1.93496
1.26038 1.97894
1.30983 2.02292
1.36061 2.02292
1.41138 2.06027
1.46216 2.09763
1.51294 2.13499
1.56371 2.17235
1.61449 2.20971
1.66526 2.24707
1.71604 2.28443
1.76682 2.32178
1.81759 2.35914
1.86837 2.3965
1.91915 2.43386
1.96992 2.47122
2.0207 2.50858
2.07147 2.54594
2.12225 2.58329
2.17303 2.62065
2.2238 2.65801
2.27458 2.69537
2.32536 2.73273
2.37613 2.77009
2.42691 2.80745
2.47591 2.80745
2.52492 2.85044
2.57392 2.89343
2.62293 2.93642
2.67193 2.97942
2.72094 3.02241
2.76994 3.0654
2.81895 3.1084
2.86795 3.15139
2.91696 3.19438
2.96596 3.23738
3.01496 3.28037
3.06397 3.32336
3.11297 3.36635
3.16198 3.40935
3.21098 3.45234
3.25999 3.49533
3.30899 3.53833
3.358 3.58132
3.407 3.62431
3.45601 3.6673
3.50501 3.7103
3.55402 3.75329
3.60302 3.79628
3.65203 3.83928
3.70247 3.83928
3.75291 3.83928
3.80336 3.83928
3.8538 3.83928
3.90425 3.83928
3.95469 3.83928
4.00513 3.83928
4.05558 3.83928
4.10602 3.83928
4.15647 3.83928
6.86735 5.82167
9.57823 5.82167
12.2891 5.82167
15.0 5.82167
0.0 0.868365
0.0489138 0.868365
0.0978276 0.93846
0.146741 1.00855
0.195655 1.07865
0.244569 1.14875
0.294058 1.14875
0.343547 1.18316
0.393037 1.21757
0.442526 1.25198
0.492015 1.28639
0.541504 1.3208
0.590994 1.35521
0.640483 1.38962
0.689972 1.42403
0.739461 1.45844
0.788951 1.49285
0.83844 1.52726
0.887929 1.56167
0.937419 1.59608
0.986908 1.63049
1.0364 1.6649
1.08589 1.69932
1.13538 1.73373
1.18486 1.76814
1.23435 1.80255
1.28384 1.83696
1.33333 1.87137
1.38282 1.90578
1.43231 1.94019
1.4818 1.9746
1.53129 2.00901
1.58078 2.04342
1.63123 2.04342
1.68168 2.08367
1.73213 2.12392
1.78259 2.16417
1.83304 2.20441
1.88349 2.24466
1.93394 2.28491
1.98439 2.32516
2.03485 2.36541
2.0853 2.40565
2.13575 2.4459
2.1862 2.48615
2.23665 2.5264
2.28711 2.56665
2.33756 2.60689
2.38801 2.64714
2.43846 2.68739
2.48891 2.72764
2.53937 2.76789
2.58945 2.76789
2.63953 2.79942
2.68962 2.83096
2.7397 2.86249
2.78979 2.89403
2.83987 2.92556
2.88996 2.9571
2.94004 2.98863
2.99013 3.02017
3.04021 3.0517
3.0903 3.08324
3.14038 3.11477
3.19047 3.14631
3.24055 3.17784
3.29064 3.20938
3.34072 3.24091
3.39081 3.27245
3.44089 3.30398
3.49098 3.33552
3.54106 3.36705
3.59115 3.39859
3.64123 3.43012
3.69132 3.46166
3.7414 3.49319
3.79149 3.52473
3.84157 3.55626
3.89165 3.5878
3.94174 3.61933
3.99182 3.65087
4.04191 3.6824
4.09199 3.71394
4.14208 3.74547
4.19216 3.77701
4.24225 3.80854
4.29137 3.80854
4.3405 3.80854
4.38962 3.80854
4.43874 3.80854
4.48787 3.80854
4.53699 3.80854
4.58611 3.80854
4.63524 3.80854
4.68436 3.80854
4.73348 3.80854
4.78261 3.80854
4.83173 3.80854
4.88085 3.80854
4.92998 3.80854
4.9791 3.80854
5.02822 3.80854
5.07735 3.80854
5.12647 3.80854
5.17559 3.80854
5.22472 3.80854
7.66854 5.81747
10.1124 5.81747
12.5562 5.81747
15.0 5.81747
0.0 0.937863
0.0501593 0.937863
0.100319 0.977369
0.150478 1.01688
0.200637 1.05638
0.250797 1.09589
0.300956 1.13539
0.351115 1.1749
0.401274 1.21441
0.451434 1.25391
0.501593 1.29342
0.551752 1.33292
0.601912 1.37243
0.652071 1.41194
0.70223 1.45144
0.75239 1.49095
0.802549 1.53045
0.852708 1.56996
0.902868 1.60947
0.953027 1.64897
1.00319 1.68848
1.05335 1.72799
1.1035 1.76749
1.15366 1.807
1.20382 1.8465
1.25398 1.88601
1.30414 1.92552
1.3543 1.96502
1.40446 2.00453
1.45462 2.04403
1.50478 2.08354
1.55494 2.12305
1.6051 2.16255
1.65526 2.20206
1.70542 2.24156
1.75558 2.28107
1.80574 2.32058
1.85589 2.36008
1.90605 2.39959
1.95621 2.4391
2.00637 2.4786
2.05653 2.51811
2.10669 2.55761
2.15685 2.59712
2.20701 2.63663
2.25717 2.67613
2.30733 2.71564
2.35749 2.75514
2.40765 2.79465
2.45781 2.83416
2.50797 2.87366
2.55812 2.91317
2.60828 2.95267
2.65844 2.99218
2.70851 2.99218
2.75857 3.00133
2.80864 3.01048
2.8587 3.01963
2.90877 3.02877
2.95883 3.03792
3.0089 3.04707
3.05896 3.05622
3.10903 3.06537
3.15909 3.07451
3.20916 3.08366
3.25922 3.09281
3.30929 3.10196
3.35935 3.11111
3.40941 3.12026
3.45948 3.1294
3.50954 3.13855
3.55961 3.1477
3.60967 3.15685
3.65974 3.166
3.7098 3.17515
3.75987 3.18429
3.80993 3.19344
3.86 3.20259
3.91006 3.21174
3.96013 3.22089
4.01019 3.23003
4.06026 3.23918
4.11032 3.24833
4.16039 3.25748
4.21045 3.26663
4.26052 3.27578
4.31058 3.28492
4.36065 3.29407
4.41071 3.30322
4.46078 3.31237
4.51084 3.32152
4.5609 3.33066
4.61097 3.33981
4.66103 3.34896
4.7111 3.35811
4.76116 3.36726
4.81212 3.36726
4.86309 3.39155
4.91405 3.41584
4.96501 3.44014
5.01597 3.46443
5.06693 3.48873
5.11789 3.51302
5.16885 3.53731
5.21981 3.56161
5.27077 3.5859
5.32173 3.61019
5.37269 3.63449
5.42365 3.65878
5.47461 3.68308
5.52557 3.70737
5.57653 3.73166
5.62749 3.75596
5.67846 3.78025
5.72942 3.80454
5.78038 3.82884
5.83134 3.85313
5.8823 3.87742
5.93326 3.90172
5.98422 3.92601
6.03518 3.95031
6.08614 3.9746
6.13642 3.9746
6.1867 4.03895
6.23698 4.10329
6.28726 4.16764
6.33754 4.23199
6.38781 4.29633
6.43809 4.36068
6.48837 4.42502
6.53815 4.42502
6.58793 4.42502
6.63771 4.42502
6.68749 4.42502
6.73726 4.42502
6.78704 4.42502
6.83682 4.42502
6.8866 4.42502
6.93638 4.42502
6.98616 4.42502
7.03594 4.42502
7.08571 4.42502
7.13549 4.42502
7.18527 4.42502
7.23505 4.42502
7.28483 4.42502
7.33461 4.42502
9.88974 4.80843
12.4449 4.80843
15.0 4.80843
0.0 0.942027
0.0500232 0.942027
0.100046 0.979811
0.15007 1.01759
0.200093 1.05538
0.250116 1.09316
0.300139 1.13095
0.350162 1.16873
0.400185 1.20652
0.450209 1.2443
0.500232 1.28208
0.550255 1.31987
0.600278 1.35765
0.650301 1.39544
0.700324 1.43322
0.750348 1.471
0.800371 1.50879
0.850394 1.54657
0.900417 1.58436
0.95044 1.62214
1.00046 1.65992
1.05049 1.69771
1.10051 1.73549
1.15053 1.77328
1.20056 1.81106
1.25058 1.84884
1.3006 1.88663
1.35063 1.92441
1.40065 1.9622
1.45067 1.99998
1.5007 2.03776
1.55072 2.07555
1.60074 2.11333
1.65076 2.15112
1.70079 2.1889
1.75081 2.22669
1.80083 2.26447
1.85086 2.30225
1.90088 2.34004
1.9509 2.37782
2.00093 2.41561
2.05095 2.45339
2.10097 2.49117
2.151 2.52896
2.20102 2.56674
2.25104 2.60453
2.30107 2.64231
2.35109 2.68009
2.40111 2.71788
2.45114 2.75566
2.50116 2.79345
2.55118 2.83123
2.60121 2.86901
2.65123 2.9068
2.70125 2.94458
2.75127 2.98237
2.8013 3.02015
2.85132 3.05793
2.89969 3.05793
2.94807 3.07446
2.99644 3.09099
3.04481 3.10751
3.09319 3.12404
3.14156 3.14057
3.18993 3.15709
3.23831 3.17362
3.28668 3.19015
3.33505 3.20667
3.38343 3.2232
3.4318 3.23973
3.48017 3.25625
3.53003 3.25625
3.57988 3.28674
3.62973 3.31723
3.67959 3.34772
3.72944 3.37821
3.77929 3.4087
3.82915 3.43919
3.879 3.46968
3.92885 3.50017
3.9787 3.53066
4.02856 3.56115
4.07841 3.59164
4.12826 3.62213
4.17812 3.65262
4.22797 3.68311
4.27782 3.7136
4.32768 3.74409
4.37753 3.77458
4.42738 3.80507
4.47724 3.83556
4.52709 3.86605
4.57694 3.89654
4.6268 3.92703
4.67776 3.92703
4.72872 3.97751
4.77968 4.02799
4.83064 4.07847
4.8816 4.12895
4.93256 4.17943
4.98353 4.22991
5.03449 4.28039
5.08545 4.33087
5.13641 4.38135
5.18737 4.43183
5.23771 4.43183
5.28804 4.43183
5.33837 4.43183
5.3887 4.43183
5.43904 4.43183
5.48937 4.43183
5.5397 4.43183
5.59004 4.43183
5.64037 4.43183
5.6907 4.43183
5.74103 4.43183
5.79137 4.43183
5.8417 4.43183
5.89203 4.43183
5.94237 4.43183
5.9927 4.43183
6.04303 4.43183
6.09336 4.43183
6.1437 4.43183
6.19403 4.43183
6.24436 4.43183
6.2947 4.43183
6.34503 4.43183
6.39536 4.43183
6.4457 4.43183
6.49603 4.43183
6.54636 4.43183
6.59669 4.43183
6.64703 4.43183
6.69736 4.43183
6.74769 4.43183
6.79803 4.43183
6.84836 4.43183
6.89869 4.43183
6.94902 4.43183
6.99936 4.43183
7.04969 4.43183
7.10002 4.43183
7.15036 4.43183
7.20069 4.43183
7.25102 4.43183
7.30136 4.43183
7.35169 4.43183
7.40202 4.43183
7.45235 4.43183
9.96824 4.73422
12.4841 4.73422
15.0 4.73422
0.0 0.935971
0.0498859 0.935971
0.0997719 0.974901
0.149658 1.01383
0.199544 1.05276
0.24943 1.09169
0.299316 1.13062
0.349202 1.16955
0.399088 1.20848
0.448974 1.24741
0.498859 1.28634
0.548745 1.32527
0.598631 1.3642
0.648517 1.40313
0.698403 1.44206
0.748289 1.48099
0.798175 1.51992
0.848061 1.55885
0.897947 1.59778
0.947833 1.63671
0.997719 1.67564
1.0476 1.71457
1.09749 1.7535
1.14738 1.79243
1.19726 1.83136
1.24715 1.87029
1.297 1.87029
1.34685 1.88901
1.39669 1.90772
1.44654 1.92644
1.49639 1.94515
1.54624 1.96387
1.59609 1.98259
1.64594 2.0013
1.69578 2.02002
1.74563 2.03874
1.79548 2.05745
1.84533 2.07617
1.89521 2.07617
1.94509 2.0877
1.99497 2.09923
2.04485 2.11076
2.09473 2.12229
2.14462 2.13382
2.1945 2.14535
2.24438 2.15688
2.29426 2.16842
2.34414 2.17995
2.39402 2.19148
2.4439 2.20301
2.49378 2.21454
2.54366 2.22607
2.59354 2.2376
2.64343 2.24913
2.69331 2.26066
2.74319 2.2722
2.79307 2.28373
2.84295 2.29526
2.89283 2.30679
2.94271 2.31832
2.99259 2.32985
3.04247 2.34138
3.09236 2.35291
3.14224 2.36444
3.19212 2.37597
3.242 2.38751
3.29188 2.39904
3.34176 2.41057
3.39164 2.4221
3.44152 2.43363
3.4914 2.44516
3.54128 2.45669
3.59117 2.46822
3.64105 2.47975
3.69093 2.49129
3.74081 2.50282
3.79069 2.51435
3.84057 2.52588
3.89045 2.53741
3.94033 2.54894
3.99021 2.56047
4.04009 2.572
4.08998 2.58353
4.13986 2.59506
4.18974 2.6066
4.23962 2.61813
4.2895 2.62966
4.33938 2.64119
4.38926 2.65272
4.43914 2.66425
4.48902 2.67578
4.5389 2.68731
4.58879 2.69884
4.63867 2.71038
4.68855 2.72191
4.73843 2.73344
4.78831 2.74497
4.83819 2.7565
4.88807 2.76803
4.93795 2.77956
4.98783 2.79109
5.03771 2.80262
5.0876 2.81415
5.13711 2.81415
5.18663 2.89791
5.23615 2.98166
5.28566 3.06541
5.33518 3.14916
5.3847 3.23291
5.43421 3.31666
5.48373 3.40041
5.53325 3.48416
5.58276 3.56791
5.63228 3.65166
5.6818 3.73541
5.73131 3.81916
5.78083 3.90291
5.83035 3.98666
5.87986 4.07042
5.92938 4.15417
5.9789 4.23792
6.02841 4.32167
6.07793 4.40542
6.12745 4.48917
6.17696 4.57292
6.22648 4.65667
6.276 4.74042
6.32551 4.82417
6.37629 4.82417
6.42708 4.82417
6.47786 4.82417
6.52864 4.82417
6.57942 4.82417
6.6302 4.82417
6.68098 4.82417
6.73176 4.82417
6.78254 4.82417
6.83332 4.82417
6.8841 4.82417
6.93488 4.82417
6.98566 4.82417
7.03645 4.82417
7.08723 4.82417
7.13801 4.82417
7.18879 4.82417
7.23957 4.82417
7.29035 4.82417
7.34113 4.82417
7.39191 4.82417
7.44269 4.82417
7.49347 4.82417
7.54425 4.82417
7.59503 4.82417
7.64582 4.82417
7.6966 4.82417
7.74738 4.82417
7.79816 4.82417
7.84894 4.82417
7.89972 4.82417
7.9505 4.82417
10.3003 5.18263
12.6502 5.18263
15.0 5.18263
0.0 0.947325
0.0507224 0.947325
0.101445 0.984415
0.152167 1.02151
0.20289 1.0586
0.253612 1.09569
0.304334 1.13278
0.355057 1.16987
0.405779 1.20696
0.456502 1.24405
0.507224 1.28114
0.557946 1.31823
0.608669 1.35532
0.659391 1.39241
0.710114 1.4295
0.760836 1.46659
0.811558 1.50368
0.862281 1.54077
0.913003 1.57786
0.963726 1.61495
1.01445 1.65204
1.06517 1.68913
1.11589 1.72622
1.16662 1.76332
1.21734 1.80041
1.26806 1.8375
1.31901 1.8375
1.36997 1.86049
1.42092 1.88347
1.47187 1.90646
1.52283 1.92945
1.57378 1.95244
1.62473 1.97543
1.67569 1.99842
1.72664 2.02141
1.77759 2.0444
1.82855 2.06738
1.8795 2.09037
1.92939 2.09037
1.97927 2.11048
2.02916 2.13058
2.07904 2.15069
2.12893 2.1708
2.17881 2.1909
2.2287 2.21101
2.27859 2.23111
2.32847 2.25122
2.37836 2.27132
2.42824 2.29143
2.47813 2.31153
2.52801 2.33164
2.5779 2.35174
2.62779 2.37185
2.67767 2.39195
2.72756 2.41206
2.77744 2.43217
2.82733 2.45227
2.87722 2.47238
2.9271 2.49248
2.97699 2.51259
3.02687 2.53269
3.07676 2.5528
3.12664 2.5729
3.17653 2.59301
3.22642 2.61311
3.2763 2.63322
3.32619 2.65332
3.37607 2.67343
3.42596 2.69354
3.47584 2.71364
3.52573 2.73375
3.57562 2.75385
3.6255 2.77396
3.67539 2.79406
3.72527 2.81417
3.77516 2.83427
3.82511 2.83427
3.87507 2.88394
3.92502 2.93361
3.97497 2.98328
4.02493 3.03295
4.07488 3.08262
4.12484 3.13229
4.17479 3.18196
4.22474 3.23163
4.2747 3.2813
4.32465 3.33096
4.3746 3.38063
4.42456 3.4303
4.47451 3.47997
4.52447 3.52964
4.57442 3.57931
4.62437 3.62898
4.67433 3.67865
4.72428 3.72832
4.77424 3.77799
4.82419 3.82766
4.87414 3.87733
4.9241 3.927
4.97405 3.97666
5.024 4.02633
5.07396 4.076
5.12391 4.12567
5.17387 4.17534
5.22382 4.22501
5.27377 4.27468
5.32373 4.32435
5.37368 4.37402
5.42363 4.42369
5.47359 4.47336
5.52354 4.52303
5.5735 4.5727
5.62345 4.62236
5.6734 4.67203
5.72336 4.7217
5.77331 4.77137
5.82327 4.82104
5.87322 4.87071
5.92345 4.87071
5.97368 4.87071
6.02391 4.87071
6.07415 4.87071
6.12438 4.87071
6.17461 4.87071
6.22484 4.87071
6.27507 4.87071
6.3253 4.87071
6.37554 4.87071
6.42577 4.87071
6.476 4.87071
6.52623 4.87071
6.57646 4.87071
6.62669 4.87071
6.67693 4.87071
6.72716 4.87071
6.77739 4.87071
6.82762 4.87071
9.55175 5.13527
12.2759 5.13527
15.0 5.13527
0.0 0.929624
0.0498974 0.929624
0.0997948 0.969628
0.149692 1.00963
0.19959 1.04964
0.249487 1.08964
0.299384 1.12964
0.349282 1.16965
0.399179 1.20965
0.449077 1.24965
0.498974 1.28966
0.548871 1.32966
0.598769 1.36967
0.648666 1.40967
0.698564 1.44967
0.748461 1.48968
0.798358 1.52968
0.848256 1.56968
0.898153 1.60969
0.948051 1.64969
0.997948 1.6897
1.04824 1.6897
1.09853 1.73237
1.14883 1.77504
1.19912 1.81771
1.24941 1.86038
1.29971 1.90305
1.35 1.94573
1.40029 1.9884
1.45058 2.03107
1.50088 2.07374
1.55117 2.11641
1.60146 2.15908
1.65176 2.20176
1.70205 2.24443
1.75234 2.2871
1.80264 2.32977
1.85293 2.37244
1.90322 2.41511
1.95351 2.45779
2.00381 2.50046
2.0541 2.54313
2.10439 2.5858
2.15469 2.62847
2.20498 2.67114
2.25527 2.71382
2.30557 2.75649
2.35538 2.75649
2.40519 2.77463
2.45501 2.79277
2.50482 2.81091
2.55464 2.82906
2.60445 2.8472
2.65426 2.86534
2.70408 2.88348
2.75389 2.90163
2.80371 2.91977
2.85352 2.93791
2.90333 2.95605
2.95315 2.9742
3.00296 2.99234
3.05278 3.01048
3.10259 3.02862
3.1524 3.04676
3.20222 3.06491
3.25203 3.08305
3.30185 3.10119
3.35166 3.11933
3.40147 3.13748
3.45129 3.15562
3.5011 3.17376
3.55092 3.1919
3.60073 3.21005
3.65054 3.22819
3.70036 3.24633
3.75017 3.26447
3.79999 3.28262
3.8498 3.30076
3.89961 3.3189
3.94943 3.33704
3.99924 3.35518
4.04906 3.37333
4.09887 3.39147
4.14869 3.40961
4.1985 3.42775
4.24753 3.42775
4.29656 3.46341
4.34558 3.49906
4.39461 3.53471
4.44364 3.57036
4.49267 3.60602
4.5417 3.64167
4.59073 3.67732
4.63976 3.71297
4.68878 3.74863
4.73781 3.78428
4.78684 3.81993
4.83645 3.81993
4.88607 3.81993
4.93568 3.81993
4.98529 3.81993
5.03491 3.81993
5.08452 3.81993
5.13413 3.81993
5.18374 3.81993
5.23336 3.81993
5.28297 3.81993
5.33258 3.81993
5.3822 3.81993
5.43181 3.81993
5.48142 3.81993
5.53104 3.81993
5.58065 3.81993
5.63026 3.81993
7.9727 4.28012
10.3151 4.28012
12.6576 4.28012
15.0 4.28012
0.0 0.920309
0.0510822 0.920309
0.102164 0.965378
0.153247 1.01045
0.204329 1.05552
0.255411 1.10058
0.306493 1.14565
0.357576 1.19072
0.408658 1.23579
0.45974 1.28086
0.510822 1.32593
0.561904 1.371
0.612987 1.41606
0.664069 1.46113
0.715151 1.5062
0.766233 1.55127
0.817315 1.59634
0.868398 1.64141
0.91948 1.68648
0.970562 1.73154
1.02164 1.77661
1.07273 1.82168
1.12381 1.86675
1.17489 1.91182
1.22415 1.91182
1.2734 1.95883
1.32266 2.00583
1.37192 2.05284
1.42117 2.09985
1.47098 2.09985
1.52079 2.1195
1.5706 2.13915
1.62041 2.15881
1.67022 2.17846
1.72002 2.19812
1.76983 2.21777
1.81964 2.23743
1.86945 2.25708
1.91926 2.27674
1.96907 2.29639
2.01888 2.31605
2.06868 2.3357
2.11849 2.35536
2.1683 2.37501
2.21811 2.39467
2.26792 2.41432
2.31773 2.43397
2.36754 2.45363
2.41734 2.47328
2.46715 2.49294
2.51696 2.51259
2.56677 2.53225
2.61658 2.5519
2.66639 2.57156
2.7162 2.59121
2.766 2.61087
2.81581 2.63052
2.86562 2.65018
2.91543 2.66983
2.96524 2.68949
3.01505 2.70914
3.06486 2.72879
3.11466 2.74845
3.16447 2.7681
3.21428 2.78776
3.26409 2.80741
3.31417 2.80741
3.36425 2.86702
3.41433 2.92663
3.46441 2.98623
3.51449 3.04584
3.56457 3.10545
3.61465 3.16505
3.66473 3.22466
3.71481 3.28427
3.76489 3.34387
3.81497 3.40348
3.86505 3.46308
3.91513 3.52269
3.96521 3.5823
4.01529 3.6419
4.06537 3.70151
4.11545 3.76112
4.16553 3.82072
4.21561 3.88033
4.26569 3.93994
4.31577 3.99954
4.36585 4.05915
4.41593 4.11876
4.46601 4.17836
4.51609 4.23797
4.56617 4.29757
4.61625 4.35718
4.66633 4.41679
4.71641 4.47639
4.76649 4.536
4.81656 4.59561
4.86664 4.65521
4.91672 4.71482
4.9668 4.77443
5.01688 4.83403
5.06696 4.89364
5.11644 4.89364
5.16592 4.89364
5.21541 4.89364
5.26489 4.89364
5.31437 4.89364
5.36385 4.89364
5.41333 4.89364
5.46281 4.89364
5.51229 4.89364
5.56177 4.89364
5.61125 4.89364
5.66073 4.89364
5.71021 4.89364
5.75969 4.89364
5.80917 4.89364
5.85865 4.89364
5.90813 4.89364
8.1811 5.10314
10.4541 5.10314
12.727 5.10314
15.0 5.10314
0.0 0.923194
0.0506122 0.923194
0.101224 0.968282
0.151837 1.01337
0.202449 1.05846
0.253061 1.10354
0.303673 1.14863
0.354285 1.19372
0.402648 1.19372
0.451011 1.25183
0.499374 1.30994
0.547737 1.36805
0.596099 1.42616
0.644462 1.48428
0.692825 1.54239
0.741188 1.6005
0.789551 1.65861
0.837913 1.71672
0.886276 1.77483
0.934639 1.83294
0.983002 1.89105
1.03136 1.94916
1.07973 2.00727
1.1299 2.00727
1.18007 2.02635
1.23025 2.04542
1.28042 2.06449
1.33059 2.08356
1.38077 2.10264
1.43094 2.12171
1.48111 2.14078
1.53129 2.15985
1.58146 2.17892
1.63163 2.198
1.68181 2.21707
1.73198 2.23614
1.78215 2.25521
1.83233 2.27429
1.8825 2.29336
1.93267 2.31243
1.98285 2.3315
2.03302 2.35057
2.08319 2.36965
2.13337 2.38872
2.18354 2.40779
2.23371 2.42686
2.28389 2.44594
2.33406 2.46501
2.38423 2.48408
2.43441 2.50315
2.48458 2.52222
2.53475 2.5413
2.58493 2.56037
2.6351 2.57944
2.68527 2.59851
2.73545 2.61759
2.78562 2.63666
2.83579 2.65573
2.88597 2.6748
2.93614 2.69388
2.98626 2.69388
3.03638 2.72105
3.0865 2.74822
3.13662 2.7754
3.18674 2.80257
3.23686 2.82975
3.28698 2.85692
3.3371 2.8841
3.38722 2.91127
3.43734 2.93844
3.48746 2.96562
3.53758 2.99279
3.5877 3.01997
3.63782 3.04714
3.68794 3.07432
3.73806 3.10149
3.78818 3.12867
3.8383 3.15584
3.88842 3.18301
3.93854 3.21019
3.98866 3.23736
4.03878 3.26454
4.0889 3.29171
4.13902 3.31889
4.18914 3.34606
4.23926 3.37323
4.28938 3.40041
4.3395 3.42758
4.38962 3.45476
4.43974 3.48193
4.48987 3.50911
4.53999 3.53628
4.59011 3.56346
4.64023 3.59063
4.69035 3.6178
4.74047 3.64498
4.79059 3.67215
4.84071 3.69933
4.89083 3.7265
4.94095 3.75368
4.99107 3.78085
5.04119 3.80802
5.09131 3.8352
5.14143 3.86237
5.19155 3.88955
5.24167 3.91672
5.29062 3.91672
5.33958 3.91672
5.38853 3.91672
5.43748 3.91672
5.48644 3.91672
5.53539 3.91672
5.58435 3.91672
5.6333 3.91672
5.68225 3.91672
5.73121 3.91672
5.78016 3.91672
5.82912 3.91672
5.87807 3.91672
5.92703 3.91672
5.97598 3.91672
6.02493 3.91672
8.2687 5.73841
10.5125 5.73841
12.7562 5.73841
15.0 5.73841
0.0 0.962376
0.050468 0.962376
0.100936 0.991489
0.151404 1.0206
0.201872 1.04971
0.25234 1.07883
0.302808 1.10794
0.353276 1.13705
0.403249 1.13705
0.453222 1.23166
0.503195 1.32627
0.553168 1.42087
0.603142 1.51548
0.653115 1.61009
0.703088 1.70469
0.753061 1.7993
0.803034 1.89391
0.853007 1.98851
0.90298 2.08312
0.953144 2.08312
1.00331 2.10025
1.05347 2.11738
1.10364 2.13451
1.1538 2.15164
1.20396 2.16877
1.25413 2.1859
1.30429 2.20303
1.35446 2.22016
1.40462 2.23728
1.45478 2.25441
1.50495 2.27154
1.55511 2.28867
1.60528 2.3058
1.65544 2.32293
1.7056 2.34006
1.75577 2.35719
1.80593 2.37432
1.8561 2.39145
1.90626 2.40858
1.95642 2.42571
2.00659 2.44284
2.05675 2.45997
2.10692 2.47709
2.15708 2.49422
2.20724 2.51135
2.25741 2.52848
2.30757 2.54561
2.35774 2.56274
2.4079 2.57987
2.45806 2.597
2.50823 2.61413
2.55839 2.63126
2.60856 2.64839
2.65872 2.66552
2.70888 2.68265
2.75905 2.69978
2.80935 2.69978
2.85965 2.72648
2.90995 2.75318
2.96025 2.77988
3.01055 2.80658
3.06085 2.83328
3.11115 2.85998
3.16144 2.88669
3.21174 2.91339
3.26204 2.94009
3.31234 2.96679
3.36264 2.99349
3.41294 3.02019
3.46324 3.04689
3.51354 3.0736
3.56384 3.1003
3.61414 3.127
3.66444 3.1537
3.71474 3.1804
3.76504 3.2071
3.81534 3.2338
3.86564 3.26051
3.91594 3.28721
3.96624 3.31391
4.01654 3.34061
4.06684 3.36731
4.11714 3.39401
4.16744 3.42071
4.21774 3.44742
4.26804 3.47412
4.31834 3.50082
4.36863 3.52752
4.41893 3.55422
4.46923 3.58092
4.51953 3.60762
4.56983 3.63433
4.62013 3.66103
4.67043 3.68773
4.72073 3.71443
4.77103 3.74113
4.82133 3.76783
4.87163 3.79454
4.92193 3.82124
4.97223 3.84794
5.02253 3.87464
5.07283 3.90134
5.12313 3.92804
5.17343 3.95474
5.22167 3.95474
5.26991 3.95474
5.31815 3.95474
5.36639 3.95474
5.41463 3.95474
5.46287 3.95474
5.51111 3.95474
5.55935 3.95474
5.60759 3.95474
5.65583 3.95474
5.70407 3.95474
5.75231 3.95474
5.80054 3.95474
5.84878 3.95474
8.13659 5.76954
10.4244 5.76954
12.7122 5.76954
15.0 5.76954
0.0 0.919992
0.0498083 0.919992
0.0996166 0.963507
0.149425 1.00702
0.199233 1.05054
0.249042 1.09405
0.29885 1.13757
0.348658 1.18108
0.398466 1.22459
0.448275 1.26811
0.498083 1.31162
0.547891 1.35514
0.5977 1.39865
0.647508 1.44217
0.697316 1.48568
0.747125 1.5292
0.796933 1.57271
0.846741 1.61623
0.89655 1.65974
0.946358 1.70325
0.996166 1.74677
1.04597 1.79028
1.09578 1.8338
1.14559 1.87731
1.1954 1.92083
1.24521 1.96434
1.29407 1.96434
1.34293 1.97042
1.39179 1.97649
1.44065 1.98257
1.48952 1.98865
1.53838 1.99472
1.58724 2.0008
1.6361 2.00688
1.68496 2.01295
1.73382 2.01903
1.78269 2.02511
1.83155 2.03118
1.88041 2.03726
1.92927 2.04333
1.97908 2.04333
2.02888 2.06716
2.07869 2.09098
2.12849 2.1148
2.1783 2.13863
2.22811 2.16245
2.27791 2.18627
2.32772 2.21009
2.37753 2.23392
2.42733 2.25774
2.47714 2.28156
2.52694 2.30539
2.57675 2.32921
2.62656 2.35303
2.67636 2.37685
2.72617 2.40068
2.77598 2.4245
2.82578 2.44832
2.87559 2.47215
2.92539 2.49597
2.9752 2.51979
3.02501 2.54361
3.07481 2.56744
3.12462 2.59126
3.17442 2.61508
3.22423 2.63891
3.27404 2.66273
3.32384 2.68655
3.37365 2.71038
3.42346 2.7342
3.47326 2.75802
3.52273 2.75802
3.57219 2.80337
3.62165 2.84871
3.67112 2.89406
3.72058 2.9394
3.77004 2.98475
3.81951 3.03009
3.86897 3.07544
3.91844 3.12079
3.9679 3.16613
4.01736 3.21148
4.06683 3.25682
4.11629 3.30217
4.16575 3.34751
4.21522 3.39286
4.26468 3.43821
4.31415 3.48355
4.36361 3.5289
4.41307 3.57424
4.46254 3.61959
4.512 3.66493
4.56147 3.71028
4.61093 3.75563
4.66039 3.80097
4.70986 3.84632
4.75932 3.89166
4.80878 3.93701
4.85825 3.98235
4.90771 4.0277
4.95718 4.07304
5.00664 4.11839
5.0561 4.16374
5.10557 4.20908
5.15503 4.25443
5.20449 4.29977
5.25396 4.34512
5.30342 4.39046
5.35289 4.43581
5.40235 4.48116
5.45181 4.5265
5.50128 4.57185
5.55074 4.61719
5.6002 4.66254
5.64967 4.70788
5.69913 4.75323
5.7486 4.79858
5.79939 4.79858
5.85018 4.79858
5.90097 4.79858
5.95176 4.79858
6.00255 4.79858
6.05334 4.79858
6.10413 4.79858
6.15492 4.79858
6.20571 4.79858
6.2565 4.79858
6.30729 4.79858
6.35808 4.79858
6.40887 4.79858
6.45966 4.79858
6.51045 4.79858
6.56124 4.79858
6.61203 4.79858
6.66283 4.79858
6.71362 4.79858
9.47574 5.11801
12.2379 5.11801
15.0 5.11801
0.0 0.943418
0.0500652 0.943418
0.10013 0.981441
0.150196 1.01946
0.200261 1.05749
0.250326 1.09551
0.300391 1.13354
0.350457 1.17156
0.400522 1.20958
0.450587 1.24761
0.500652 1.28563
0.550717 1.32365
0.600783 1.36168
0.650848 1.3997
0.700913 1.43772
0.750978 1.47575
0.801044 1.51377
0.851109 1.55179
0.901174 1.58982
0.951239 1.62784
1.0013 1.66586
1.05137 1.70389
1.10143 1.74191
1.1515 1.77994
1.20157 1.81796
1.25163 1.85598
1.3017 1.89401
1.35176 1.93203
1.40183 1.97005
1.45189 2.00808
1.50196 2.0461
1.55202 2.08412
1.60209 2.12215
1.65215 2.16017
1.70222 2.19819
1.75228 2.23622
1.80235 2.27424
1.85241 2.31226
1.90248 2.35029
1.95254 2.38831
2.00261 2.42634
2.05267 2.46436
2.10274 2.50238
2.1528 2.54041
2.20287 2.57843
2.25294 2.61645
2.303 2.65448
2.35307 2.6925
2.40313 2.73052
2.4532 2.76855
2.50326 2.80657
2.55333 2.84459
2.60339 2.88262
2.65346 2.92064
2.70352 2.95866
2.75359 2.99669
2.80416 2.99669
2.85472 3.00006
2.90529 3.00343
2.95586 3.0068
3.00643 3.01017
3.057 3.01354
3.10757 3.01692
3.15814 3.02029
3.20871 3.02366
3.25927 3.02703
3.30984 3.0304
3.36041 3.03377
3.41098 3.03714
3.46155 3.04051
3.51212 3.04389
3.56269 3.04726
3.61325 3.05063
3.66382 3.054
3.71439 3.05737
3.76496 3.06074
3.81553 3.06411
3.8661 3.06748
3.91667 3.07086
3.96724 3.07423
4.0178 3.0776
4.06837 3.08097
4.11894 3.08434
4.16951 3.08771
4.22008 3.09108
4.27065 3.09445
4.32122 3.09783
4.37178 3.1012
4.42235 3.10457
4.47292 3.10794
4.52349 3.11131
4.57406 3.11468
4.62463 3.11805
4.6752 3.12142
4.72577 3.1248
4.77633 3.12817
4.8269 3.13154
4.87746 3.13154
4.92803 3.22059
4.97859 3.30964
5.02915 3.3987
5.07971 3.48775
5.13027 3.5768
5.18084 3.66586
5.2314 3.75491
5.28196 3.84396
5.33125 3.84396
5.38054 3.91312
5.42984 3.98228
5.47913 4.05144
5.52842 4.1206
5.57772 4.18976
5.62701 4.25892
5.67648 4.25892
5.72595 4.25892
5.77542 4.25892
5.82488 4.25892
5.87435 4.25892
5.92382 4.25892
5.97329 4.25892
6.02276 4.25892
6.07223 4.25892
6.1217 4.25892
6.17117 4.25892
6.22064 4.25892
6.2701 4.25892
6.31957 4.25892
6.36904 4.25892
6.41851 4.25892
6.46798 4.25892
6.51745 4.25892
6.56692 4.25892
6.61639 4.25892
6.66586 4.25892
6.71532 4.25892
9.47688 4.89951
12.2384 4.89951
15.0 4.89951
0.0 0.933858
0.0500565 0.933858
0.100113 0.972077
0.15017 1.0103
0.200226 1.04852
0.250283 1.08673
0.300339 1.12495
0.350396 1.16317
0.400452 1.20139
0.450509 1.23961
0.500565 1.27783
0.550622 1.31605
0.600678 1.35427
0.650735 1.39249
0.700791 1.43071
0.750848 1.46892
0.800904 1.50714
0.850961 1.54536
0.901018 1.58358
0.951074 1.6218
1.00113 1.66002
1.05119 1.69824
1.10124 1.73646
1.1513 1.77468
1.20136 1.8129
1.25141 1.85111
1.30147 1.88933
1.35153 1.92755
1.40158 1.96577
1.45164 2.00399
1.5017 2.04221
1.55175 2.08043
1.60181 2.11865
1.65187 2.15687
1.70192 2.19509
1.75063 2.19509
1.79933 2.26143
1.84804 2.32777
1.89674 2.39411
1.94545 2.46045
1.99416 2.52679
2.04286 2.59313
2.09157 2.65947
2.14027 2.72581
2.18898 2.79215
2.23768 2.85849
2.28639 2.92483
2.33509 2.99117
2.3838 3.05751
2.43251 3.12385
2.48184 3.12385
2.53117 3.12897
2.5805 3.13409
2.62984 3.13921
2.67917 3.14433
2.7285 3.14945
2.77783 3.15457
2.82717 3.15969
2.8765 3.16481
2.92583 3.16993
2.97516 3.17505
3.0245 3.18017
3.07383 3.18529
3.12316 3.19041
3.1725 3.19553
3.22183 3.20065
3.27116 3.20577
3.32049 3.21089
3.36983 3.21601
3.41916 3.22113
3.46849 3.22625
3.51782 3.23137
3.56716 3.23649
3.61649 3.24161
3.66582 3.24673
3.71515 3.25185
3.76449 3.25697
3.81382 3.26209
3.86315 3.26721
3.91248 3.27233
3.96182 3.27745
4.01115 3.28257
4.06048 3.28769
4.10982 3.29281
4.16056 3.29281
4.21131 3.38061
4.26206 3.46842
4.31281 3.55623
4.36356 3.64404
4.4143 3.73185
4.46505 3.81966
4.5158 3.90746
4.56655 3.99527
4.6173 4.08308
4.66805 4.17089
4.71879 4.2587
4.76954 4.34651
4.82029 4.43431
4.87104 4.52212
4.92179 4.60993
4.97254 4.69774
5.02328 4.78555
5.07403 4.87336
5.12449 4.87336
5.17494 4.87336
5.2254 4.87336
5.27586 4.87336
5.32631 4.87336
5.37677 4.87336
5.42722 4.87336
5.47768 4.87336
5.52814 4.87336
5.57859 4.87336
5.62905 4.87336
5.6795 4.87336
5.72996 4.87336
5.78042 4.87336
5.83087 4.87336
5.88133 4.87336
5.93178 4.87336
5.98224 4.87336
6.0327 4.87336
6.08315 4.87336
6.13361 4.87336
6.18406 4.87336
6.23452 4.87336
6.28498 4.87336
6.33543 4.87336
6.38589 4.87336
6.43634 4.87336
6.4868 4.87336
6.53726 4.87336
6.58771 4.87336
6.63817 4.87336
6.68863 4.87336
6.73908 4.87336
6.78954 4.87336
6.83999 4.87336
6.89045 4.87336
6.94091 4.87336
6.99136 4.87336
7.04182 4.87336
7.09227 4.87336
9.72818 6.06501
12.3641 6.06501
15.0 6.06501
0.0 0.930196
0.0508451 0.930196
0.10169 0.972971
0.152535 1.01574
0.20338 1.05852
0.254226 1.10129
0.305071 1.14407
0.355916 1.18684
0.406761 1.22962
0.457606 1.27239
0.508451 1.31516
0.559296 1.35794
0.610141 1.40071
0.660987 1.44349
0.711832 1.48626
0.762677 1.52904
0.813522 1.57181
0.864367 1.61458
0.915212 1.65736
0.966057 1.70013
1.0169 1.74291
1.06775 1.78568
1.11754 1.78568
1.16732 1.7948
1.21711 1.80391
1.2669 1.81303
1.31669 1.82215
1.36647 1.83126
1.41626 1.84038
1.46605 1.8495
1.51584 1.85861
1.56562 1.86773
1.61541 1.87685
1.6652 1.88596
1.71499 1.89508
1.76477 1.9042
1.81456 1.91331
1.86435 1.92243
1.91414 1.93155
1.96392 1.94066
2.01371 1.94978
2.0635 1.9589
2.11329 1.96801
2.16307 1.97713
2.21286 1.98625
2.26265 1.99536
2.31244 2.00448
2.36222 2.0136
2.41201 2.02271
2.4618 2.03183
2.51159 2.04095
2.56137 2.05006
2.61116 2.05918
2.66095 2.06829
2.71074 2.07741
2.76052 2.08653
2.81031 2.09564
2.8601 2.10476
2.90989 2.11388
2.95967 2.12299
3.00946 2.13211
3.05994 2.13211
3.11042 2.15798
3.1609 2.18385
3.21138 2.20973
3.26186 2.2356
3.31234 2.26147
3.36281 2.28734
3.41329 2.31321
3.46377 2.33908
3.51425 2.36496
3.56473 2.39083
3.61521 2.4167
3.66569 2.44257
3.71617 2.46844
3.76665 2.49431
3.81713 2.52019
3.86761 2.54606
3.91809 2.57193
3.96857 2.5978
4.01904 2.62367
4.06952 2.64954
4.12 2.67542
4.17048 2.70129
4.22096 2.72716
4.27144 2.75303
4.32192 2.7789
4.3724 2.80477
4.42288 2.83065
4.47336 2.85652
4.52384 2.88239
4.57423 2.88239
4.62462 3.18334
4.67502 3.48429
4.72541 3.78524
4.7758 4.08619
4.8262 4.38715
4.87659 4.6881
4.92714 4.6881
4.97768 4.6881
5.02823 4.6881
5.07878 4.6881
5.12933 4.6881
5.17988 4.6881
5.23043 4.6881
5.28097 4.6881
5.33152 4.6881
5.38207 4.6881
5.43262 4.6881
5.48317 4.6881
5.53371 4.6881
5.58426 4.6881
5.63481 4.6881
5.68536 4.6881
5.73591 4.6881
5.78645 4.6881
5.837 4.6881
5.88755 4.6881
5.9381 4.6881
5.98865 4.6881
6.0392 4.6881
6.08974 4.6881
6.14029 4.6881
6.19084 4.6881
6.24139 4.6881
8.43104 5.28889
10.6207 5.28889
12.8103 5.28889
15.0 5.28889
0.0 0.927063
0.0497631 0.927063
0.0995262 0.970078
0.149289 1.01309
0.199052 1.05611
0.248816 1.09912
0.298579 1.14214
0.348342 1.18516
0.398105 1.22817
0.447868 1.27119
0.497631 1.3142
0.547394 1.35722
0.597157 1.40023
0.64692 1.44325
0.696684 1.48626
0.746447 1.52928
0.79621 1.57229
0.845973 1.61531
0.895736 1.65833
0.945499 1.70134
0.995262 1.74436
1.04503 1.78737
1.09479 1.83039
1.14455 1.8734
1.19431 1.91642
1.24408 1.95943
1.29384 2.00245
1.3436 2.04546
1.39337 2.08848
1.44313 2.1315
1.49289 2.17451
1.54266 2.21753
1.59421 2.21753
1.64576 2.2905
1.69731 2.36347
1.74886 2.43644
1.80041 2.50941
1.85195 2.58238
1.9035 2.65535
1.95505 2.72832
2.0066 2.80129
2.05815 2.87426
2.1097 2.94723
2.16125 3.0202
2.2128 3.09317
2.26435 3.16614
2.31493 3.16614
2.3655 3.17514
2.41607 3.18414
2.46665 3.19315
2.51722 3.20215
2.5678 3.21115
2.61837 3.22016
2.66894 3.22916
2.71952 3.23816
2.77009 3.24716
2.82066 3.25617
2.87124 3.26517
2.92181 3.27417
2.97239 3.28318
3.02296 3.29218
3.07353 3.30118
3.12411 3.31019
3.17468 3.31919
3.22525 3.32819
3.27583 3.33719
3.3264 3.3462
3.37734 3.3462
3.42828 3.42997
3.47921 3.51374
3.53015 3.59751
3.58109 3.68128
3.63203 3.76506
3.68296 3.84883
3.7339 3.9326
3.78484 4.01637
3.83578 4.10014
3.88671 4.18392
3.93765 4.26769
3.98859 4.35146
4.03953 4.43523
4.09046 4.519
4.1414 4.60278
4.19234 4.68655
4.24328 4.77032
4.29421 4.85409
4.34442 4.85409
4.39462 4.85409
4.44483 4.85409
4.49503 4.85409
4.54524 4.85409
4.59544 4.85409
4.64565 4.85409
4.69585 4.85409
4.74606 4.85409
4.79626 4.85409
4.84647 4.85409
4.89667 4.85409
4.94688 4.85409
4.99708 4.85409
5.04729 4.85409
5.09749 4.85409
5.1477 4.85409
5.1979 4.85409
5.24811 4.85409
5.29831 4.85409
5.34852 4.85409
5.39872 4.85409
5.44893 4.85409
5.49913 4.85409
5.54934 4.85409
5.59954 4.85409
5.64975 4.85409
5.69995 4.85409
5.75016 4.85409
5.80036 4.85409
5.85057 4.85409
5.90077 4.85409
5.95098 4.85409
6.00118 4.85409
6.05139 4.85409
6.10159 4.85409
6.1518 4.85409
6.202 4.85409
6.25221 4.85409
6.30241 4.85409
6.35262 4.85409
6.40282 4.85409
6.45303 4.85409
6.50323 4.85409
6.55344 4.85409
6.60364 4.85409
6.65385 4.85409
6.70405 4.85409
6.75426 4.85409
6.80446 4.85409
9.53631 6.09204
12.2682 6.09204
15.0 6.09204
0.0 0.94357
0.0498926 0.94357
0.0997852 0.98287
0.149678 1.02217
0.19957 1.06147
0.249463 1.10077
0.299356 1.14007
0.349248 1.17937
0.399141 1.21867
0.449033 1.25797
0.498926 1.29727
0.548819 1.33657
0.598711 1.37587
0.648604 1.41517
0.698496 1.45447
0.748389 1.49377
0.798282 1.53307
0.848174 1.57237
0.898067 1.61167
0.94796 1.65097
0.997852 1.69028
1.04774 1.72958
1.09764 1.76888
1.14753 1.80818
1.19742 1.84748
1.24732 1.88678
1.29721 1.92608
1.3471 1.96538
1.39699 2.00468
1.44689 2.04398
1.49678 2.08328
1.54667 2.12258
1.59656 2.16188
1.64646 2.20118
1.69635 2.24048
1.74624 2.27978
1.79613 2.31908
1.84603 2.35838
1.89592 2.39768
1.94581 2.43698
1.9957 2.47628
2.0456 2.51558
2.09549 2.55488
2.14538 2.59418
2.19527 2.63348
2.24517 2.67278
2.29506 2.71208
2.34495 2.75138
2.39485 2.79068
2.44474 2.82998
2.49463 2.86928
2.54452 2.90858
2.59442 2.94788
2.64431 2.98718
2.69447 2.98718
2.74463 3.00188
2.79479 3.01657
2.84495 3.03126
2.89511 3.04595
2.94526 3.06064
2.99542 3.07533
3.04558 3.09002
3.09574 3.10471
3.1459 3.1194
3.19606 3.1341
3.24622 3.14879
3.29638 3.16348
3.34654 3.17817
3.3967 3.19286
3.44686 3.20755
3.49702 3.22224
3.54718 3.23693
3.59663 3.23693
3.64607 3.2618
3.69552 3.28667
3.74497 3.31154
3.79442 3.33641
3.84387 3.36128
3.89332 3.38615
3.94277 3.41102
3.99221 3.43589
4.04166 3.46076
4.09111 3.48563
4.14056 3.5105
4.19001 3.53537
4.23946 3.56024
4.2889 3.58511
4.33835 3.60998
4.3878 3.63484
4.43725 3.65971
4.4867 3.68458
4.53615 3.70945
4.5856 3.73432
4.63504 3.75919
4.68449 3.78406
4.73394 3.80893
4.78339 3.8338
4.83284 3.85867
4.88229 3.88354
4.93174 3.90841
4.98181 3.90841
5.03189 3.92183
5.08196 3.93524
5.13204 3.94866
5.18211 3.96208
5.23219 3.97549
5.28227 3.98891
5.33234 4.00233
5.38242 4.01575
5.43249 4.02916
5.48257 4.04258
5.53265 4.056
5.58272 4.06942
5.6328 4.08283
5.68287 4.09625
5.73295 4.10967
5.78302 4.12308
5.8331 4.1365
5.88318 4.14992
5.93325 4.16334
5.98333 4.17675
6.0334 4.19017
6.08348 4.20359
6.13356 4.21701
6.18363 4.23042
6.23371 4.24384
6.28378 4.25726
6.33386 4.27067
6.38393 4.28409
6.43401 4.29751
6.48835 4.29751
6.54268 4.29751
6.59701 4.29751
6.65135 4.29751
6.70568 4.29751
9.47046 4.94663
12.2352 4.94663
15.0 4.94663
0.0 0.978323
0.0487868 0.978323
0.0975735 0.996881
0.14636 1.01544
0.195147 1.034
0.243934 1.05255
0.292721 1.07111
0.341507 1.08967
0.391395 1.08967
0.441283 1.19769
0.491171 1.30572
0.541059 1.41374
0.590947 1.52176
0.640834 1.62979
0.690722 1.73781
0.74061 1.84584
0.798823 1.84584
0.857037 2.28646
0.91525 2.72708
0.96603 2.72708
1.01681 2.8295
1.06759 2.93192
1.11837 3.03434
1.16915 3.13676
1.21993 3.23917
1.27071 3.34159
1.32149 3.44401
1.37227 3.54643
1.42306 3.64885
1.47384 3.75127
1.52462 3.85368
1.5754 3.9561
1.6262 3.9561
1.67701 3.9561
1.72782 3.9561
1.77862 3.9561
1.82943 3.9561
1.88023 3.9561
1.93104 3.9561
1.98185 3.9561
2.03265 3.9561
4.62612 5.68683
7.21959 5.68683
9.81306 5.68683
12.4065 5.68683
15.0 5.68683
0.0 0.92519
0.0503383 0.92519
0.100677 0.965125
0.151015 1.00506
0.201353 1.045
0.251692 1.08493
0.30203 1.12487
0.352368 1.1648
0.402707 1.20474
0.453045 1.24467
0.503383 1.28461
0.553721 1.32455
0.60406 1.36448
0.654398 1.40442
0.704736 1.44435
0.755075 1.48429
0.805413 1.52422
0.855751 1.56416
0.90609 1.6041
0.956428 1.64403
1.00677 1.68397
1.0571 1.7239
1.10744 1.76384
1.15778 1.80377
1.20812 1.84371
1.25676 1.84371
1.30539 1.92246
1.35403 2.0012
1.40267 2.07995
1.4513 2.1587
1.50081 2.1587
1.55031 2.17818
1.59981 2.19767
1.64932 2.21715
1.69882 2.23664
1.74832 2.25612
1.79783 2.27561
1.84733 2.29509
1.89684 2.31458
1.94634 2.33406
1.99584 2.35355
2.04535 2.37303
2.09485 2.39252
2.14435 2.41201
2.19386 2.43149
2.24336 2.45098
2.29287 2.47046
2.34237 2.48995
2.39187 2.50943
2.44138 2.52892
2.49088 2.5484
2.54039 2.56789
2.58989 2.58737
2.63939 2.60686
2.6889 2.62634
2.7384 2.64583
2.7879 2.66531
2.83741 2.6848
2.88691 2.70428
2.93642 2.72377
2.98592 2.74325
3.03542 2.76274
3.08493 2.78222
3.13443 2.80171
3.18393 2.82119
3.23344 2.84068
3.28391 2.84068
3.33439 2.89393
3.38486 2.94719
3.43533 3.00044
3.48581 3.0537
3.53628 3.10695
3.58675 3.16021
3.63723 3.21346
3.6877 3.26672
3.73817 3.31997
3.78865 3.37323
3.83912 3.42648
3.88959 3.47974
3.94007 3.53299
3.99054 3.58625
4.04102 3.6395
4.09149 3.69276
4.14196 3.74601
4.19244 3.79927
4.24291 3.85252
4.29338 3.90577
4.34386 3.95903
4.39433 4.01228
4.4448 4.06554
4.49528 4.11879
4.54575 4.17205
4.59622 4.2253
4.6467 4.27856
4.69717 4.33181
4.74764 4.38507
4.79812 4.43832
4.84859 4.49158
4.89907 4.54483
4.94954 4.59809
5.00001 4.65134
5.05049 4.7046
5.10096 4.75785
5.14996 4.75785
5.19896 4.75785
5.24797 4.75785
5.29697 4.75785
5.34597 4.75785
5.39497 4.75785
5.44398 4.75785
5.49298 4.75785
5.54198 4.75785
5.59098 4.75785
5.63999 4.75785
5.68899 4.75785
5.73799 4.75785
5.787 4.75785
5.836 4.75785
5.885 4.75785
5.934 4.75785
5.98301 4.75785
6.03201 4.75785
6.08101 4.75785
6.13001 4.75785
6.17902 4.75785
6.22802 4.75785
6.27702 4.75785
9.18468 5.30238
12.0923 5.30238
15.0 5.30238
0.0 0.93199
0.0493109 0.93199
0.0986218 0.971341
0.147933 1.01069
0.197244 1.05004
0.246554 1.08939
0.295865 1.12874
0.345176 1.16809
0.394487 1.20744
0.443798 1.24679
0.493109 1.28614
0.54242 1.32549
0.591731 1.36485
0.641042 1.4042
0.690353 1.44355
0.739663 1.4829
0.788974 1.52225
0.838285 1.5616
0.887596 1.60095
0.936907 1.6403
0.986218 1.67965
1.03553 1.719
1.08484 1.75835
1.13415 1.7977
1.18346 1.83705
1.23277 1.8764
1.28208 1.91575
1.33104 1.91575
1.38 2.00193
1.42895 2.08811
1.47791 2.17429
1.52687 2.26047
1.57582 2.34665
1.62478 2.43283
1.67374 2.51901
1.72269 2.60519
1.77165 2.69137
1.82061 2.77755
1.86956 2.86374
1.91852 2.94992
1.97011 2.94992
2.0217 3.02146
2.07328 3.09301
2.12487 3.16455
2.17646 3.2361
2.22804 3.30764
2.27963 3.37919
2.32993 3.37919
2.38023 3.40177
2.43052 3.42435
2.48082 3.44693
2.53112 3.46951
2.58141 3.49209
2.63171 3.51467
2.68201 3.53725
2.7323 3.55983
2.7826 3.58241
2.8329 3.60499
2.88319 3.62757
2.93349 3.65015
2.98379 3.67273
3.03409 3.69531
3.08438 3.7179
3.13468 3.74048
3.18498 3.76306
3.23518 3.76306
3.28539 3.76306
3.33559 3.76306
3.3858 3.76306
3.436 3.76306
3.48621 3.76306
3.53642 3.76306
3.58662 3.76306
3.63683 3.76306
3.68703 3.76306
3.73724 3.76306
3.78744 3.76306
3.83765 3.76306
3.88786 3.76306
3.93806 3.76306
3.98827 3.76306
4.03847 3.76306
4.08868 3.76306
4.13889 3.76306
4.18909 3.76306
4.2393 3.76306
4.2895 3.76306
4.33971 3.76306
4.38991 3.76306
4.44012 3.76306
4.49033 3.76306
4.54053 3.76306
4.59074 3.76306
4.64094 3.76306
4.69115 3.76306
4.74135 3.76306
4.79156 3.76306
4.84177 3.76306
4.89197 3.76306
4.94218 3.76306
4.99238 3.76306
5.04259 3.76306
5.09279 3.76306
5.143 3.76306
5.19321 3.76306
5.24341 3.76306
5.29362 3.76306
5.34382 3.76306
5.39403 3.76306
5.44423 3.76306
5.49444 3.76306
5.54465 3.76306
5.59485 3.76306
5.64506 3.76306
5.69526 3.76306
5.74547 3.76306
5.79567 3.76306
5.84588 3.76306
5.89609 3.76306
5.94629 3.76306
5.9965 3.76306
6.0467 3.76306
6.09691 3.76306
6.14711 3.76306
6.19732 3.76306
6.24753 3.76306
6.29773 3.76306
6.34794 3.76306
6.39814 3.76306
6.44835 3.76306
6.49855 3.76306
9.33237 4.06456
12.1662 4.06456
15.0 4.06456
0.0 0.94147
0.0498897 0.94147
0.0997794 0.978992
0.149669 1.01651
0.199559 1.05404
0.249449 1.09156
0.299338 1.12908
0.349228 1.16661
0.399118 1.20413
0.449007 1.24165
0.498897 1.27917
0.548787 1.3167
0.598677 1.35422
0.648566 1.39174
0.698456 1.42926
0.748346 1.46679
0.798235 1.50431
0.848125 1.54183
0.898015 1.57935
0.947905 1.61688
0.997794 1.6544
1.04768 1.69192
1.09757 1.72944
1.14746 1.76697
1.19735 1.80449
1.24724 1.84201
1.29713 1.87953
1.34702 1.91706
1.39691 1.95458
1.4468 1.9921
1.49615 1.9921
1.54551 2.0219
1.59486 2.0517
1.64421 2.0815
1.69356 2.1113
1.74291 2.1411
1.79226 2.1709
1.84162 2.2007
1.89097 2.23051
1.94032 2.26031
1.98967 2.29011
2.03902 2.31991
2.08838 2.34971
2.13773 2.37951
2.18708 2.40931
2.23643 2.43911
2.28578 2.46891
2.33513 2.49871
2.38449 2.52851
2.43384 2.55831
2.48319 2.58811
2.53254 2.61791
2.58189 2.64771
2.63125 2.67751
2.6806 2.70731
2.72995 2.73711
2.7793 2.76691
2.82865 2.79671
2.878 2.82651
2.92736 2.85631
2.97671 2.88611
3.02606 2.91591
3.07541 2.94571
3.12593 2.94571
3.17645 2.97994
3.22697 3.01417
3.27749 3.0484
3.32801 3.08262
3.37853 3.11685
3.42905 3.15108
3.47957 3.1853
3.53009 3.21953
3.58061 3.25376
3.63113 3.28798
3.68165 3.32221
3.73217 3.35644
3.78268 3.39066
3.83296 3.39066
3.88323 3.40214
3.93351 3.41361
3.98378 3.42508
4.03406 3.43655
4.08433 3.44803
4.13461 3.4595
4.18488 3.47097
4.23515 3.48244
4.28543 3.49391
4.3357 3.50539
4.38598 3.51686
4.43625 3.52833
4.48653 3.5398
4.5368 3.55127
4.58707 3.56275
4.63735 3.57422
4.68762 3.58569
4.7379 3.59716
4.78817 3.60863
4.83845 3.62011
4.88872 3.63158
4.939 3.64305
4.98927 3.65452
5.03954 3.666
5.08982 3.67747
5.14009 3.68894
5.19037 3.70041
5.24064 3.71188
5.29092 3.72336
5.34119 3.73483
5.39146 3.7463
5.44174 3.75777
5.49201 3.76924
5.54215 3.76924
5.59229 3.76924
5.64244 3.76924
5.69258 3.76924
5.74272 3.76924
5.79286 3.76924
5.843 3.76924
5.89314 3.76924
5.94328 3.76924
5.99342 3.76924
6.04356 3.76924
6.0937 3.76924
6.14384 3.76924
6.19398 3.76924
6.24412 3.76924
6.29426 3.76924
6.34441 3.76924
6.39455 3.76924
6.44469 3.76924
6.49483 3.76924
6.54497 3.76924
6.59511 3.76924
6.64525 3.76924
6.69539 3.76924
6.74553 3.76924
6.79567 3.76924
6.84581 3.76924
6.89595 3.76924
6.94609 3.76924
6.99623 3.76924
7.04638 3.76924
7.09652 3.76924
7.14666 3.76924
7.1968 3.76924
7.24694 3.76924
9.83129 4.09259
12.4156 4.09259
15.0 4.09259
0.0 0.981003
0.0500246 0.981003
0.100049 1.00545
0.150074 1.0299
0.200098 1.05434
0.250123 1.07879
0.300147 1.10324
0.350172 1.12768
0.398404 1.12768
0.446635 1.2063
0.494867 1.28493
0.543099 1.36355
0.591331 1.44217
0.639563 1.52079
0.687794 1.59941
0.736026 1.67803
0.784258 1.75665
0.836435 1.75665
0.888612 1.88865
0.940789 2.02065
0.992966 2.15264
1.04514 2.28464
1.09732 2.41663
1.1495 2.54863
1.20167 2.68063
1.25357 2.68063
1.30547 2.80406
1.35737 2.92749
1.40926 3.05093
1.46116 3.17436
1.51306 3.29779
1.56496 3.42123
1.61685 3.54466
1.66875 3.66809
1.72065 3.79153
1.77255 3.91496
1.82261 3.91496
1.87267 3.91496
1.92274 3.91496
1.9728 3.91496
2.02286 3.91496
4.61829 5.62368
7.21372 5.62368
9.80914 5.62368
12.4046 5.62368
15.0 5.62368
0.0 0.944503
0.0493229 0.944503
0.0986459 0.981932
0.147969 1.01936
0.197292 1.05679
0.246615 1.09422
0.295938 1.13164
0.345261 1.16907
0.394584 1.2065
0.443907 1.24393
0.493229 1.28136
0.542552 1.31879
0.591875 1.35621
0.641198 1.39364
0.690521 1.43107
0.739844 1.4685
0.789167 1.50593
0.83849 1.54335
0.887813 1.58078
0.937136 1.61821
0.986459 1.65564
1.03578 1.69307
1.0851 1.7305
1.13443 1.76792
1.18375 1.80535
1.23307 1.84278
1.28257 1.84278
1.33207 1.86414
1.38157 1.8855
1.43107 1.90687
1.48057 1.92823
1.53007 1.94959
1.57957 1.97095
1.62907 1.99231
1.67857 2.01368
1.72806 2.03504
1.77756 2.0564
1.82706 2.07776
1.87656 2.09912
1.92606 2.12049
1.97556 2.14185
2.02506 2.16321
2.07456 2.18457
2.12406 2.20593
2.17356 2.2273
2.22306 2.24866
2.27256 2.27002
2.32116 2.27002
2.36976 2.30112
2.41836 2.33221
2.46696 2.36331
2.51556 2.39441
2.56416 2.42551
2.61276 2.4566
2.66136 2.4877
2.70996 2.5188
2.75856 2.5499
2.80716 2.58099
2.85576 2.61209
2.90661 2.61209
2.95746 2.70328
3.00831 2.79447
3.05917 2.88566
3.11002 2.97685
3.16087 3.06804
3.21172 3.15923
3.26257 3.25042
3.31342 3.3416
3.36427 3.43279
3.41512 3.52398
3.46597 3.61517
3.51682 3.70636
3.56768 3.79755
3.61853 3.88874
3.66938 3.97993
3.72023 4.07112
3.77108 4.16231
3.82193 4.2535
3.87278 4.34469
3.92363 4.43588
3.97448 4.52707
4.02533 4.61825
4.07619 4.70944
4.12617 4.70944
4.17615 4.70944
4.22613 4.70944
4.27611 4.70944
4.3261 4.70944
4.37608 4.70944
4.42606 4.70944
4.47604 4.70944
4.52602 4.70944
4.57601 4.70944
4.62599 4.70944
4.67597 4.70944
4.72595 4.70944
4.77593 4.70944
4.82592 4.70944
4.8759 4.70944
4.92588 4.70944
4.97586 4.70944
5.02584 4.70944
5.07583 4.70944
5.12581 4.70944
5.17579 4.70944
5.22577 4.70944
5.27575 4.70944
5.32574 4.70944
5.37572 4.70944
5.4257 4.70944
5.47568 4.70944
5.52566 4.70944
7.89425 5.48038
10.2628 5.48038
12.6314 5.48038
15.0 5.48038
0.0 0.974652
0.0532658 0.974652
0.106532 1.00097
0.159797 1.02729
0.213063 1.05361
0.266329 1.07993
0.319595 1.10625
0.372861 1.13257
0.424854 1.13257
0.476847 1.24179
0.52884 1.35101
0.580833 1.46023
0.632827 1.56946
0.68482 1.67868
0.736813 1.7879
0.789293 1.7879
0.841774 1.93608
0.894254 2.08426
0.946734 2.23244
0.999215 2.38062
1.0517 2.52881
1.10418 2.67699
1.15503 2.67699
1.20588 2.76242
1.25673 2.84785
1.30758 2.93328
1.35843 3.01871
1.40929 3.10415
1.46014 3.18958
1.51099 3.27501
1.56184 3.36044
1.61269 3.44587
1.66354 3.5313
1.7144 3.61674
1.76525 3.70217
1.8161 3.7876
1.86695 3.87303
1.9178 3.95846
1.97119 3.95846
2.02458 3.95846
2.07797 3.95846
2.13136 3.95846
4.70508 5.60798
7.27881 5.60798
9.85254 5.60798
12.4263 5.60798
15.0 5.60798
0.0 0.938488
0.0506304 0.938488
0.101261 0.976869
0.151891 1.01525
0.202522 1.05363
0.253152 1.09201
0.303783 1.13039
0.354413 1.16877
0.405043 1.20715
0.455674 1.24553
0.506304 1.28391
0.556935 1.32229
0.607565 1.36067
0.658196 1.39905
0.708826 1.43743
0.759456 1.47581
0.810087 1.51419
0.860717 1.55257
0.911348 1.59095
0.961978 1.62933
1.01261 1.66771
1.06324 1.70609
1.11387 1.74447
1.16421 1.74447
1.21456 1.81625
1.2649 1.88803
1.31524 1.95981
1.36559 2.03159
1.41593 2.10336
1.46628 2.17514
1.51662 2.24692
1.56696 2.3187
1.61731 2.39048
1.66765 2.46225
1.71799 2.53403
1.76834 2.60581
1.81868 2.67759
1.86903 2.74937
1.91937 2.82115
1.96971 2.89292
2.02006 2.9647
2.0704 3.03648
2.12074 3.10826
2.17109 3.18004
2.22157 3.18004
2.27205 3.18162
2.32253 3.18321
2.37301 3.1848
2.42349 3.18639
2.47397 3.18798
2.52445 3.18956
2.57493 3.19115
2.62541 3.19274
2.67589 3.19433
2.72637 3.19591
2.77685 3.1975
2.82733 3.19909
2.87781 3.20068
2.92829 3.20227
2.97877 3.20385
3.02925 3.20544
3.07973 3.20703
3.13021 3.20862
3.18069 3.2102
3.23117 3.21179
3.28166 3.21338
3.33214 3.21497
3.38262 3.21656
3.4331 3.21814
3.48358 3.21973
3.53406 3.22132
3.58454 3.22291
3.63502 3.22449
3.6855 3.22608
3.73598 3.22767
3.78646 3.22926
3.83694 3.23085
3.88742 3.23243
3.9379 3.23402
3.98838 3.23561
4.03886 3.2372
4.08934 3.23878
4.13982 3.24037
4.1903 3.24196
4.24078 3.24355
4.29126 3.24514
4.34174 3.24672
4.39222 3.24831
4.4427 3.2499
4.49318 3.25149
4.54366 3.25307
4.59414 3.25466
4.64462 3.25625
4.69447 3.25625
4.74431 3.29326
4.79415 3.33027
4.84399 3.36728
4.89384 3.4043
4.94368 3.44131
4.99352 3.47832
5.04336 3.51533
5.09321 3.55234
5.14305 3.58935
5.19289 3.62637
5.24273 3.66338
5.29258 3.70039
5.34242 3.7374
5.39226 3.77441
5.4421 3.81142
5.49195 3.84843
5.54179 3.88545
5.59163 3.92246
5.64147 3.95947
5.69131 3.99648
5.74116 4.03349
5.791 4.0705
5.84084 4.10751
5.89068 4.14453
5.94053 4.18154
5.99037 4.21855
6.04021 4.25556
6.09005 4.29257
6.1399 4.32958
6.18974 4.36659
6.23958 4.40361
6.28942 4.44062
6.33927 4.47763
6.38911 4.51464
6.43895 4.55165
6.48879 4.58866
6.53864 4.62567
6.58848 4.66269
6.63832 4.6997
6.68816 4.73671
6.73801 4.77372
6.78785 4.81073
6.83893 4.81073
6.89001 4.81073
6.94109 4.81073
6.99217 4.81073
7.04325 4.81073
7.09433 4.81073
7.14541 4.81073
7.19649 4.81073
7.24758 4.81073
7.29866 4.81073
7.34974 4.81073
7.40082 4.81073
7.4519 4.81073
7.50298 4.81073
7.55406 4.81073
7.60514 4.81073
7.65622 4.81073
7.7073 4.81073
10.1382 6.10171
12.5691 6.10171
15.0 6.10171
0.0 0.948242
0.0477856 0.948242
0.0955712 0.98203
0.143357 1.01582
0.191142 1.04961
0.238928 1.08339
0.286714 1.11718
0.334499 1.15097
0.382285 1.18476
0.43007 1.21854
0.477856 1.25233
0.529299 1.25233
0.580741 1.3219
0.632184 1.39147
0.683627 1.46103
0.73507 1.5306
0.786512 1.60017
0.837955 1.66973
0.889398 1.7393
0.940841 1.80887
0.992283 1.87844
1.04366 1.87844
1.09503 1.99649
1.14641 2.11454
1.19779 2.23259
1.24916 2.35064
1.30054 2.4687
1.35191 2.58675
1.40329 2.7048
1.4533 2.7048
1.50331 2.75139
1.55332 2.79798
1.60333 2.84457
1.65334 2.89115
1.70335 2.93774
1.75336 2.98433
1.80337 3.03092
1.85338 3.07751
1.90339 3.1241
1.9534 3.17069
2.00341 3.21727
2.05342 3.26386
2.10343 3.31045
2.15344 3.35704
2.20345 3.40363
2.25346 3.45022
2.30347 3.49681
2.35348 3.5434
2.40349 3.58998
2.4535 3.63657
2.50351 3.68316
2.55352 3.72975
2.60353 3.77634
2.65354 3.82293
2.70355 3.86952
2.75356 3.9161
2.80357 3.96269
2.85286 3.96269
2.90214 3.96269
2.95143 3.96269
3.00071 3.96269
3.05 3.96269
3.09928 3.96269
3.14857 3.96269
3.19785 3.96269
3.24714 3.96269
3.29642 3.96269
3.34571 3.96269
3.39499 3.96269
3.44428 3.96269
3.49356 3.96269
3.54285 3.96269
5.83428 5.62694
8.12571 5.62694
10.4171 5.62694
12.7086 5.62694
15.0 5.62694
0.0 0.944519
0.0505479 0.944519
0.101096 0.982875
0.151644 1.02123
0.202191 1.05959
0.252739 1.09794
0.303287 1.1363
0.353835 1.17465
0.404383 1.21301
0.454931 1.25137
0.505479 1.28972
0.556026 1.32808
0.606574 1.36643
0.657122 1.40479
0.70767 1.44315
0.758218 1.4815
0.808766 1.51986
0.859314 1.55821
0.909861 1.59657
0.960409 1.63493
1.01096 1.67328
1.0615 1.71164
1.11205 1.74999
1.14774 1.74999
1.18342 2.26973
1.23333 2.26973
1.28325 2.27999
1.33316 2.29024
1.38307 2.3005
1.43298 2.31076
1.4829 2.32102
1.53281 2.33127
1.58272 2.34153
1.63264 2.35179
1.68255 2.36204
1.73246 2.3723
1.78237 2.38256
1.83229 2.39282
1.8822 2.40307
1.93211 2.41333
1.98203 2.42359
2.03194 2.43385
2.08185 2.4441
2.13176 2.45436
2.18168 2.46462
2.23159 2.47487
2.2815 2.48513
2.33142 2.49539
2.38133 2.50565
2.43124 2.5159
2.48115 2.52616
2.53107 2.53642
2.58098 2.54667
2.63089 2.55693
2.68081 2.56719
2.73072 2.57745
2.78063 2.5877
2.83054 2.59796
2.88046 2.60822
2.93037 2.61847
2.98022 2.61847
3.03008 2.65898
3.07993 2.69949
3.12978 2.73999
3.17964 2.7805
3.22949 2.821
3.27934 2.86151
3.3292 2.90201
3.37905 2.94252
3.4289 2.98303
3.47876 3.02353
3.52861 3.06404
3.57846 3.10454
3.62832 3.14505
3.67817 3.18555
3.72802 3.22606
3.77788 3.26656
3.82773 3.30707
3.87758 3.34758
3.92744 3.38808
3.97729 3.42859
4.02714 3.46909
4.077 3.5096
4.12685 3.5501
4.1767 3.59061
4.22656 3.63112
4.27641 3.67162
4.32626 3.71213
4.37612 3.75263
4.42597 3.79314
4.47582 3.83364
4.52568 3.87415
4.57553 3.91465
4.62538 3.95516
4.67524 3.99567
4.72509 4.03617
4.77494 4.07668
4.8248 4.11718
4.87465 4.15769
4.9245 4.19819
4.97436 4.2387
5.02421 4.2792
5.07406 4.31971
5.12392 4.36022
5.17377 4.40072
5.22362 4.44123
5.27348 4.48173
5.32333 4.52224
5.37318 4.56274
5.42304 4.60325
5.47289 4.64376
5.52275 4.68426
5.5726 4.72477
5.62377 4.72477
5.67495 4.72477
5.72613 4.72477
5.7773 4.72477
5.82848 4.72477
5.87966 4.72477
5.93083 4.72477
5.98201 4.72477
6.03318 4.72477
6.08436 4.72477
6.13554 4.72477
6.18671 4.72477
8.39003 5.40767
10.5934 5.40767
12.7967 5.40767
15.0 5.40767
0.0 0.911292
0.0503174 0.911292
0.100635 0.956345
0.150952 1.0014
0.20127 1.04645
0.251587 1.0915
0.301905 1.13656
0.352222 1.18161
0.40254 1.22666
0.452857 1.27172
0.503174 1.31677
0.553492 1.36182
0.603809 1.40688
0.654127 1.45193
0.704725 1.45193
0.755323 1.45383
0.805922 1.45574
0.85652 1.45764
0.907118 1.45955
0.957717 1.46145
1.00831 1.46335
1.05891 1.46526
1.10951 1.46716
1.16011 1.46906
1.21071 1.47097
1.26131 1.47287
1.3119 1.47477
1.3625 1.47668
1.4131 1.47858
1.4637 1.48048
1.5143 1.48239
1.5649 1.48429
1.61549 1.4862
1.66609 1.4881
1.71669 1.49
1.76729 1.49191
1.81789 1.49381
1.86849 1.49571
1.91908 1.49762
1.96968 1.49952
2.02028 1.50142
2.07088 1.50333
2.12148 1.50523
2.17208 1.50714
2.22267 1.50904
2.27417 1.50904
2.32567 1.73915
2.37717 1.96926
2.42866 2.19938
2.48016 2.42949
2.53166 2.6596
2.58849 2.6596
2.64532 3.28543
2.70215 3.91126
2.75415 3.91126
2.80616 3.91126
2.85817 3.91126
2.91018 3.91126
2.96218 3.91126
3.01419 3.91126
3.0662 3.91126
3.11821 3.91126
3.17022 3.91126
5.53617 5.68319
7.90213 5.68319
10.2681 5.68319
12.634 5.68319
15.0 5.68319
0.0 0.937427
0.0513259 0.937427
0.102652 0.978594
0.153978 1.01976
0.205304 1.06093
0.25663 1.10209
0.307956 1.14326
0.359281 1.18443
0.410607 1.22559
0.461933 1.26676
0.513259 1.30793
0.564585 1.34909
0.615911 1.39026
0.667237 1.43143
0.717679 1.43143
0.768121 1.44913
0.818563 1.46682
0.869004 1.48452
0.919446 1.50222
0.969888 1.51992
1.02033 1.53761
1.07077 1.55531
1.12015 1.55531
1.16954 1.60262
1.21892 1.64993
1.2683 1.69724
1.31768 1.74455
1.36706 1.79186
1.41645 1.83917
1.46583 1.88648
1.51521 1.93379
1.56459 1.9811
1.61397 2.02841
1.66335 2.07572
1.71274 2.12303
1.76212 2.17034
1.8115 2.21764
1.86088 2.26495
1.91026 2.31226
1.95965 2.35957
2.00903 2.40688
2.05841 2.45419
2.10779 2.5015
2.15717 2.54881
2.20656 2.59612
2.25817 2.59612
2.30978 2.74417
2.36139 2.89221
2.41301 3.04026
2.46462 3.1883
2.51623 3.33635
2.56785 3.4844
2.61946 3.63244
2.67107 3.78049
2.72268 3.92853
2.77367 3.92853
2.82466 3.92853
2.87565 3.92853
2.92663 3.92853
2.97762 3.92853
3.02861 3.92853
3.0796 3.92853
3.13058 3.92853
3.18157 3.92853
3.23256 3.92853
3.28355 3.92853
3.33453 3.92853
3.38552 3.92853
3.43651 3.92853
3.48749 3.92853
3.53848 3.92853
3.58947 3.92853
3.64046 3.92853
3.69144 3.92853
3.74243 3.92853
3.79342 3.92853
3.84441 3.92853
3.89539 3.92853
6.67155 5.55273
9.4477 5.55273
12.2238 5.55273
15.0 5.55273
0.0 0.93074
0.0493836 0.93074
0.0987671 0.970451
0.148151 1.01016
0.197534 1.04987
0.246918 1.08958
0.296301 1.12929
0.345685 1.169
0.395068 1.20872
0.444452 1.24843
0.493836 1.28814
0.543219 1.32785
0.592603 1.36756
0.641986 1.40727
0.69137 1.44698
0.740753 1.48669
0.790137 1.5264
0.83952 1.56611
0.888904 1.60582
0.938288 1.64553
0.987671 1.68524
1.03705 1.72495
1.08644 1.76467
1.13582 1.80438
1.18632 1.80438
1.23682 1.84824
1.28732 1.8921
1.33782 1.93597
1.38832 1.97983
1.43882 2.0237
1.48932 2.06756
1.53982 2.11142
1.59032 2.15529
1.64083 2.19915
1.69167 2.19915
1.74251 2.22424
1.79335 2.24933
1.84419 2.27443
1.89503 2.29952
1.94587 2.32461
1.99672 2.3497
2.04756 2.37479
2.0984 2.39989
2.14924 2.42498
2.20008 2.45007
2.25092 2.47516
2.30177 2.50025
2.35261 2.52534
2.40345 2.55044
2.45429 2.57553
2.50513 2.60062
2.55441 2.60062
2.60369 2.78773
2.65297 2.97484
2.70225 3.16195
2.75153 3.34906
2.80081 3.53617
2.85009 3.72328
2.89937 3.91039
2.94865 4.0975
2.99793 4.28461
3.04721 4.47172
3.09649 4.65883
3.14488 4.65883
3.19328 4.65883
3.24168 4.65883
3.29008 4.65883
3.33847 4.65883
3.38687 4.65883
3.43527 4.65883
3.48367 4.65883
3.53206 4.65883
3.58046 4.65883
3.62886 4.65883
3.67726 4.65883
5.9418 5.41466
8.20635 5.41466
10.4709 5.41466
12.7355 5.41466
15.0 5.41466
0.0 0.918822
0.0497308 0.918822
0.0994616 0.963872
0.149192 1.00892
0.198923 1.05397
0.248654 1.09902
0.298385 1.14407
0.348115 1.18912
0.397846 1.23417
0.447577 1.27922
0.497308 1.32427
0.547039 1.36932
0.596769 1.41437
0.647996 1.41437
0.699222 1.43162
0.750448 1.44887
0.801674 1.46611
0.849053 1.46611
0.896432 1.584
0.943811 1.70189
0.99119 1.81977
1.03857 1.93766
1.08595 2.05555
1.13333 2.17343
1.18071 2.29132
1.22808 2.40921
1.27812 2.40921
1.32816 2.58886
1.3782 2.76852
1.42823 2.94818
1.47827 3.12784
1.52831 3.3075
1.57835 3.48716
1.62838 3.66682
1.67842 3.84648
1.7277 3.84648
1.77697 3.84648
1.82624 3.84648
1.87552 3.84648
1.92479 3.84648
1.97407 3.84648
2.02334 3.84648
2.07262 3.84648
2.12189 3.84648
2.17116 3.84648
2.22044 3.84648
2.26971 3.84648
2.31899 3.84648
2.36826 3.84648
2.41753 3.84648
2.46681 3.84648
2.51608 3.84648
2.56536 3.84648
2.61463 3.84648
2.66391 3.84648
5.13112 5.74244
7.59834 5.74244
10.0656 5.74244
12.5328 5.74244
15.0 5.74244
0.0 0.928235
0.0507148 0.928235
0.10143 0.968783
0.152144 1.00933
0.202859 1.04988
0.253574 1.09043
0.304289 1.13097
0.355004 1.17152
0.405718 1.21207
0.456433 1.25262
0.507148 1.29317
0.557863 1.33372
0.608577 1.37426
0.659292 1.41481
0.710007 1.45536
0.760722 1.49591
0.811437 1.53646
0.862151 1.577
0.912866 1.61755
0.963581 1.6581
1.0143 1.69865
1.06501 1.7392
1.11573 1.77974
1.16644 1.82029
1.21715 1.86084
1.26787 1.90139
1.31858 1.94194
1.3693 1.98248
1.42001 2.02303
1.47073 2.06358
1.52144 2.10413
1.57216 2.14468
1.62287 2.18522
1.67359 2.22577
1.72436 2.22577
1.77513 2.30041
1.8259 2.37504
1.87667 2.44967
1.92745 2.52431
1.97822 2.59894
2.02899 2.67358
2.07976 2.74821
2.13053 2.82284
2.18131 2.89748
2.23208 2.97211
2.28285 3.04675
2.33362 3.12138
2.38439 3.19601
2.43475 3.19601
2.48511 3.21549
2.53546 3.23496
2.58582 3.25444
2.63618 3.27392
2.68654 3.29339
2.73689 3.31287
2.78725 3.33234
2.83761 3.35182
2.88796 3.37129
2.93759 3.37129
2.98722 3.3835
3.03685 3.39571
3.08648 3.40792
3.1361 3.42014
3.18573 3.43235
3.23536 3.44456
3.28499 3.45677
3.33462 3.46898
3.38424 3.48119
3.43387 3.4934
3.4835 3.50561
3.53313 3.51782
3.58276 3.53004
3.63238 3.54225
3.68201 3.55446
3.73164 3.56667
3.78127 3.57888
3.83089 3.59109
3.88052 3.6033
3.93015 3.61551
3.98008 3.61551
4.03001 3.61551
4.07994 3.61551
4.12988 3.61551
4.17981 3.61551
4.22974 3.61551
4.27967 3.61551
4.3296 3.61551
4.37953 3.61551
4.42946 3.61551
4.47939 3.61551
4.52932 3.61551
4.57926 3.61551
4.62919 3.61551
4.67912 3.61551
4.72905 3.61551
4.77898 3.61551
4.82891 3.61551
4.87884 3.61551
4.92877 3.61551
4.97871 3.61551
5.02864 3.61551
5.07857 3.61551
5.1285 3.61551
5.17843 3.61551
5.22836 3.61551
5.27829 3.61551
5.32822 3.61551
5.37815 3.61551
7.78362 3.88281
10.1891 3.88281
12.5945 3.88281
15.0 3.88281
0.0 0.924322
0.047951 0.924322
0.0959019 0.966047
0.143853 1.00777
0.191804 1.0495
0.239755 1.09122
0.287706 1.13295
0.335657 1.17467
0.383608 1.2164
0.431559 1.25812
0.47951 1.29985
0.527461 1.34157
0.579097 1.34157
0.630734 1.36675
0.682371 1.39194
0.734007 1.41712
0.785644 1.4423
0.837281 1.46748
0.888918 1.49266
0.940554 1.51784
0.992191 1.54302
1.04383 1.5682
1.0933 1.5682
1.14277 1.6286
1.19224 1.689
1.24171 1.7494
1.29118 1.8098
1.34065 1.87019
1.39011 1.93059
1.43958 1.99099
1.48905 2.05139
1.53852 2.11179
1.58799 2.17219
1.63746 2.23259
1.68693 2.29299
1.7364 2.35339
1.78587 2.41379
1.83534 2.47418
1.88503 2.47418
1.93471 2.62276
1.9844 2.77133
2.03408 2.9199
2.08377 3.06847
2.13345 3.21704
2.18314 3.36562
2.23283 3.51419
2.28251 3.66276
2.3322 3.81133
2.38188 3.95991
2.43153 3.95991
2.48117 3.95991
2.53082 3.95991
2.58046 3.95991
2.63011 3.95991
2.67975 3.95991
2.7294 3.95991
2.77904 3.95991
2.82869 3.95991
2.87833 3.95991
2.92798 3.95991
2.97762 3.95991
3.02727 3.95991
3.07691 3.95991
3.12656 3.95991
3.1762 3.95991
3.22585 3.95991
3.27549 3.95991
3.32514 3.95991
3.37478 3.95991
3.42443 3.95991
3.47407 3.95991
3.52372 3.95991
3.57336 3.95991
5.85869 5.86534
8.14402 5.86534
10.4293 5.86534
12.7147 5.86534
15.0 5.86534
0.0 0.91588
0.0497559 0.91588
0.0995117 0.960987
0.149268 1.00609
0.199023 1.0512
0.248779 1.09631
0.298535 1.14142
0.348291 1.18652
0.398047 1.23163
0.447803 1.27674
0.497559 1.32184
0.547315 1.36695
0.59707 1.41206
0.646826 1.45717
0.696582 1.50227
0.746338 1.54738
0.796094 1.59249
0.84585 1.63759
0.895606 1.6827
0.945362 1.72781
0.995117 1.77291
1.04487 1.81802
1.09463 1.86313
1.14438 1.90824
1.19414 1.95334
1.2439 1.99845
1.29365 2.04356
1.34341 2.08866
1.39316 2.13377
1.44292 2.17888
1.49268 2.22399
1.54243 2.26909
1.59219 2.3142
1.64194 2.35931
1.6917 2.40441
1.74146 2.44952
1.79121 2.49463
1.84097 2.53974
1.89072 2.58484
1.94048 2.62995
1.99023 2.67506
2.03999 2.72016
2.08975 2.76527
2.1395 2.81038
2.18926 2.85549
2.23901 2.90059
2.28877 2.9457
2.33853 2.99081
2.38807 2.99081
2.43762 2.9967
2.48717 3.0026
2.53672 3.0085
2.58627 3.01439
2.63582 3.02029
2.68537 3.02619
2.73492 3.03208
2.78446 3.03798
2.83401 3.04388
2.88356 3.04977
2.93311 3.05567
2.98266 3.06157
3.03221 3.06746
3.08176 3.07336
3.1313 3.07926
3.18085 3.08515
3.2304 3.09105
3.27995 3.09694
3.3295 3.10284
3.37905 3.10874
3.4286 3.11463
3.47815 3.12053
3.52769 3.12643
3.57724 3.13232
3.62679 3.13822
3.67634 3.14412
3.72589 3.15001
3.77544 3.15591
3.82499 3.16181
3.87453 3.1677
3.92408 3.1736
3.97363 3.1795
4.02318 3.18539
4.07273 3.19129
4.12228 3.19719
4.17183 3.20308
4.22138 3.20898
4.27092 3.21488
4.32047 3.22077
4.37002 3.22667
4.41957 3.23257
4.46912 3.23846
4.51613 3.23846
4.56313 3.44072
4.61014 3.64298
4.65715 3.84523
4.70415 4.04749
4.75529 4.04749
4.80642 4.07026
4.85755 4.09303
4.90868 4.1158
4.95981 4.13857
5.01094 4.16135
5.06207 4.18412
5.1132 4.20689
5.16433 4.22966
5.21546 4.25243
5.26659 4.2752
5.31773 4.29797
5.36886 4.32074
5.41999 4.34351
5.47112 4.36628
5.52225 4.38905
5.57227 4.38905
5.62228 4.38905
5.6723 4.38905
5.72232 4.38905
5.77234 4.38905
5.82235 4.38905
5.87237 4.38905
5.92239 4.38905
5.9724 4.38905
6.02242 4.38905
6.07244 4.38905
6.12246 4.38905
6.17247 4.38905
6.22249 4.38905
6.27251 4.38905
9.18167 5.05752
12.0908 5.05752
15.0 5.05752
0.0 0.928147
0.0495542 0.928147
0.0991084 0.967987
0.148663 1.00783
0.198217 1.04767
0.247771 1.08751
0.297325 1.12735
0.346879 1.16718
0.396434 1.20702
0.445988 1.24686
0.495542 1.2867
0.545096 1.32654
0.594651 1.36638
0.644205 1.40622
0.693759 1.44606
0.743313 1.4859
0.792867 1.52574
0.842422 1.56558
0.891976 1.60542
0.94153 1.64526
0.991084 1.6851
1.04064 1.72494
1.09019 1.76478
1.14062 1.76478
1.19104 1.79083
1.24146 1.81688
1.29189 1.84293
1.34231 1.86899
1.39274 1.89504
1.44316 1.92109
1.49358 1.94714
1.54401 1.97319
1.59443 1.99924
1.64486 2.0253
1.69528 2.05135
1.7457 2.0774
1.79613 2.10345
1.84655 2.1295
1.89698 2.15555
1.94649 2.15555
1.996 2.17332
2.04551 2.19109
2.09502 2.20886
2.14453 2.22663
2.19404 2.2444
2.24355 2.26217
2.29306 2.27994
2.34257 2.29771
2.39208 2.31548
2.44158 2.33325
2.49109 2.35102
2.5406 2.36879
2.59011 2.38656
2.63962 2.40432
2.68913 2.42209
2.73864 2.43986
2.78815 2.45763
2.83766 2.4754
2.88717 2.49317
2.93668 2.51094
2.98619 2.52871
3.0357 2.54648
3.08521 2.56425
3.13472 2.58202
3.18423 2.59979
3.23374 2.61756
3.28325 2.63533
3.33276 2.6531
3.38227 2.67086
3.42883 2.67086
3.47539 3.01691
3.52195 3.36296
3.56851 3.70901
3.61507 4.05506
3.66163 4.40111
3.70819 4.74716
3.75917 4.74716
3.81014 4.74716
3.86112 4.74716
3.9121 4.74716
3.96307 4.74716
4.01405 4.74716
4.06503 4.74716
4.116 4.74716
4.16698 4.74716
4.21796 4.74716
4.26893 4.74716
4.31991 4.74716
4.37089 4.74716
4.42186 4.74716
4.47284 4.74716
7.10463 5.2406
9.73642 5.2406
12.3682 5.2406
15.0 5.2406
0.0 0.933421
0.0507515 0.933421
0.101503 0.973913
0.152255 1.01441
0.203006 1.0549
0.253758 1.09539
0.304509 1.13588
0.355261 1.17637
0.406012 1.21687
0.456764 1.25736
0.507515 1.29785
0.558267 1.33834
0.609018 1.37883
0.65977 1.41933
0.710521 1.45982
0.761273 1.50031
0.812024 1.5408
0.862776 1.58129
0.913527 1.62179
0.964279 1.66228
1.01503 1.70277
1.06578 1.74326
1.11653 1.78375
1.16728 1.82425
1.21804 1.86474
1.26879 1.90523
1.31954 1.94572
1.37029 1.98622
1.42104 2.02671
1.47179 2.0672
1.52255 2.10769
1.5733 2.14818
1.62405 2.18868
1.6748 2.22917
1.72515 2.22917
1.77551 2.3024
1.82586 2.37563
1.87622 2.44885
1.92657 2.52208
1.97693 2.59531
2.02728 2.66854
2.07763 2.74177
2.12799 2.815
2.17834 2.88823
2.2287 2.96145
2.27905 3.03468
2.3294 3.10791
2.37976 3.18114
2.43048 3.18114
2.48121 3.20143
2.53193 3.22173
2.58266 3.24202
2.63338 3.26232
2.6841 3.28261
2.73483 3.3029
2.78555 3.3232
2.83628 3.34349
2.887 3.36379
2.93773 3.38408
2.98845 3.40437
3.03917 3.42467
3.0899 3.44496
3.14062 3.46525
3.19135 3.48555
3.24207 3.50584
3.29279 3.52614
3.34352 3.54643
3.39502 3.54643
3.44651 3.5666
3.49801 3.58677
3.54951 3.60695
3.60101 3.62712
3.6525 3.64729
3.704 3.66746
3.7555 3.68764
3.807 3.70781
3.8585 3.72798
3.90999 3.74815
3.96149 3.76833
4.01299 3.7885
4.06449 3.80867
4.114 3.80867
4.16351 3.80867
4.21302 3.80867
4.26253 3.80867
4.31204 3.80867
4.36156 3.80867
4.41107 3.80867
4.46058 3.80867
4.51009 3.80867
4.5596 3.80867
4.60911 3.80867
4.65863 3.80867
7.24397 3.9755
9.82931 3.9755
12.4147 3.9755
15.0 3.9755
0.0 0.939751
0.0499742 0.939751
0.0999484 0.978463
0.149923 1.01718
0.199897 1.05589
0.249871 1.0946
0.299845 1.13331
0.349819 1.17202
0.399794 1.21074
0.449768 1.24945
0.499742 1.28816
0.549716 1.32687
0.59969 1.36558
0.649664 1.4043
0.699639 1.44301
0.749613 1.48172
0.799587 1.52043
0.849561 1.55915
0.899535 1.59786
0.94951 1.63657
0.999484 1.67528
1.04946 1.71399
1.09976 1.71399
1.15007 1.72233
1.20038 1.73067
1.25068 1.73901
1.30099 1.74735
1.35129 1.75569
1.4016 1.76403
1.4519 1.77236
1.50221 1.7807
1.55252 1.78904
1.60282 1.79738
1.65313 1.80572
1.70343 1.81406
1.75374 1.82239
1.80405 1.83073
1.85435 1.83907
1.90466 1.84741
1.95496 1.85575
2.00527 1.86409
2.05557 1.87242
2.10588 1.88076
2.15619 1.8891
2.20649 1.89744
2.2568 1.90578
2.3071 1.91412
2.35741 1.92246
2.40772 1.93079
2.45802 1.93913
2.50833 1.94747
2.55863 1.95581
2.60894 1.96415
2.65925 1.97249
2.70955 1.98082
2.75986 1.98916
2.81016 1.9975
2.86047 2.00584
2.91077 2.01418
2.96108 2.02252
3.01139 2.03086
3.06169 2.03919
3.112 2.04753
3.1623 2.05587
3.21186 2.05587
3.26141 2.06766
3.31096 2.07944
3.36051 2.09123
3.41006 2.10301
3.45961 2.1148
3.50916 2.12658
3.55872 2.13837
3.60827 2.15015
3.65782 2.16194
3.70737 2.17372
3.75692 2.18551
3.80647 2.19729
3.85603 2.20907
3.90558 2.22086
3.95513 2.23264
4.00468 2.24443
4.05423 2.25621
4.10378 2.268
4.15333 2.27978
4.20289 2.29157
4.25244 2.30335
4.30199 2.31514
4.35154 2.32692
4.40109 2.33871
4.45064 2.35049
4.5002 2.36228
4.54975 2.37406
4.5993 2.38585
4.64885 2.39763
4.6984 2.40942
4.74795 2.4212
4.7975 2.43299
4.84706 2.44477
4.89661 2.45656
4.94616 2.46834
4.99571 2.48013
5.04526 2.49191
5.09481 2.5037
5.14437 2.51548
5.19392 2.52727
5.24347 2.53905
5.29263 2.53905
5.34178 2.80115
5.39094 3.06324
5.4401 3.32533
5.48926 3.58743
5.53841 3.84952
5.58757 4.11161
5.63673 4.37371
5.68589 4.6358
5.7366 4.6358
5.78732 4.6358
5.83804 4.6358
5.88875 4.6358
5.93947 4.6358
5.99018 4.6358
6.0409 4.6358
6.09162 4.6358
6.14233 4.6358
6.19305 4.6358
6.24377 4.6358
8.43283 5.17887
10.6219 5.17887
12.8109 5.17887
15.0 5.17887
0.0 0.939676
0.0490012 0.939676
0.0980024 0.977402
0.147004 1.01513
0.196005 1.05285
0.245006 1.09058
0.294007 1.12831
0.343008 1.16603
0.39201 1.20376
0.441011 1.24149
0.490012 1.27921
0.539013 1.31694
0.588014 1.35467
0.637016 1.39239
0.686017 1.43012
0.735018 1.46785
0.784019 1.50557
0.83302 1.5433
0.882022 1.58102
0.932001 1.58102
0.98198 1.61746
1.03196 1.6539
1.08194 1.69034
1.13192 1.72677
1.1819 1.76321
1.23187 1.79965
1.28185 1.83609
1.33183 1.87252
1.38181 1.90896
1.43179 1.9454
1.48177 1.98184
1.53175 2.01827
1.58173 2.05471
1.63171 2.09115
1.68169 2.12759
1.73167 2.16402
1.78164 2.20046
1.83162 2.2369
1.8816 2.27334
1.93158 2.30977
1.98156 2.34621
2.03154 2.38265
2.08152 2.41908
2.1315 2.45552
2.18148 2.49196
2.23146 2.5284
2.28143 2.56483
2.33141 2.60127
2.38139 2.63771
2.43137 2.67415
2.48135 2.71058
2.53133 2.74702
2.58131 2.78346
2.63129 2.8199
2.68127 2.85633
2.7312 2.85633
2.78113 2.85921
2.83106 2.86208
2.88099 2.86496
2.93092 2.86783
2.98085 2.87071
3.03078 2.87358
3.08071 2.87646
3.13064 2.87933
3.18057 2.88221
3.2305 2.88508
3.28043 2.88796
3.33036 2.89083
3.38029 2.89371
3.43022 2.89658
3.48015 2.89946
3.53008 2.90233
3.58001 2.90521
3.62994 2.90808
3.67987 2.91096
3.7298 2.91383
3.77973 2.91671
3.82966 2.91958
3.87959 2.92246
3.92952 2.92533
3.97945 2.92821
4.02938 2.93108
4.07931 2.93396
4.12924 2.93683
4.17917 2.93971
4.22927 2.93971
4.27936 3.02321
4.32946 3.1067
4.37955 3.1902
4.42964 3.2737
4.47974 3.3572
4.52983 3.44069
4.57993 3.52419
4.63002 3.60769
4.68011 3.69119
4.73021 3.77469
4.7803 3.85818
4.8304 3.94168
4.88049 4.02518
4.93058 4.10868
4.98068 4.19217
5.03077 4.27567
5.08087 4.35917
5.13096 4.44267
5.18105 4.52617
5.23115 4.60966
5.28124 4.69316
5.33134 4.77666
5.38143 4.86016
5.43108 4.86016
5.48072 4.86016
5.53037 4.86016
5.58001 4.86016
5.62966 4.86016
5.6793 4.86016
5.72895 4.86016
5.7786 4.86016
5.82824 4.86016
5.87789 4.86016
5.92753 4.86016
5.97718 4.86016
6.02683 4.86016
6.07647 4.86016
6.12612 4.86016
6.17576 4.86016
6.22541 4.86016
6.27505 4.86016
6.3247 4.86016
6.37435 4.86016
6.42399 4.86016
6.47364 4.86016
6.52328 4.86016
6.57293 4.86016
6.62258 4.86016
6.67222 4.86016
6.72187 4.86016
6.77151 4.86016
6.82116 4.86016
6.8708 4.86016
6.92045 4.86016
6.9701 4.86016
9.64673 5.99441
12.3234 5.99441
15.0 5.99441
0.0 0.934166
0.0504452 0.934166
0.10089 0.971876
0.151336 1.00959
0.201781 1.0473
0.252226 1.08501
0.302671 1.12272
0.353117 1.16043
0.403562 1.19814
0.454007 1.23585
0.504452 1.27356
0.554898 1.31127
0.605343 1.34899
0.655788 1.3867
0.706233 1.42441
0.756679 1.46212
0.807124 1.49983
0.857569 1.53754
0.908014 1.57525
0.95846 1.61296
1.0089 1.65067
1.05935 1.68838
1.1098 1.72609
1.16024 1.76381
1.21069 1.80152
1.26113 1.83923
1.31158 1.87694
1.36202 1.91465
1.41247 1.95236
1.46291 1.99007
1.51336 2.02778
1.5638 2.06549
1.61425 2.1032
1.66469 2.14091
1.71514 2.17863
1.76558 2.21634
1.81603 2.25405
1.86647 2.29176
1.91692 2.32947
1.96736 2.36718
2.01781 2.40489
2.06826 2.4426
2.1187 2.48031
2.16915 2.51802
2.21959 2.55573
2.27004 2.59344
2.32048 2.63116
2.37093 2.66887
2.42137 2.70658
2.47182 2.74429
2.52226 2.782
2.57271 2.81971
2.62315 2.85742
2.6736 2.89513
2.72286 2.89513
2.77212 2.9132
2.82138 2.93126
2.87064 2.94932
2.9199 2.96738
2.96916 2.98545
3.01842 3.00351
3.06768 3.02157
3.11694 3.03964
3.1662 3.0577
3.21546 3.07576
3.26472 3.09383
3.31398 3.11189
3.36324 3.12995
3.4125 3.14801
3.46176 3.16608
3.51102 3.18414
3.56028 3.2022
3.60954 3.22027
3.6588 3.23833
3.70806 3.25639
3.75732 3.27446
3.80658 3.29252
3.85584 3.31058
3.9051 3.32865
3.95436 3.34671
4.00362 3.36477
4.05288 3.38283
4.10214 3.4009
4.15152 3.4009
4.2009 3.41329
4.25029 3.42569
4.29967 3.43809
4.34906 3.45048
4.39844 3.46288
4.44782 3.47527
4.49721 3.48767
4.54659 3.50007
4.59597 3.51246
4.64536 3.52486
4.69474 3.53725
4.74413 3.54965
4.79351 3.56205
4.84289 3.57444
4.89228 3.58684
4.94166 3.59923
4.99104 3.61163
5.04043 3.62403
5.08981 3.63642
5.1392 3.64882
5.18858 3.66121
5.23796 3.67361
5.28735 3.68601
5.33673 3.6984
5.38612 3.7108
5.4355 3.72319
5.48488 3.73559
5.53427 3.74799
5.58365 3.76038
5.63303 3.77278
5.68242 3.78517
5.7318 3.79757
5.78119 3.80997
5.83057 3.82236
5.87995 3.83476
5.92934 3.84715
5.97872 3.85955
6.02811 3.87195
6.07824 3.87195
6.12838 3.90887
6.17851 3.9458
6.22865 3.98272
6.27878 4.01965
6.32892 4.05658
6.37905 4.0935
6.42919 4.13043
6.47932 4.16735
6.52978 4.16735
6.58023 4.16735
6.63069 4.16735
6.68114 4.16735
6.7316 4.16735
6.78206 4.16735
6.83251 4.16735
6.88297 4.16735
6.93342 4.16735
6.98388 4.16735
7.03434 4.16735
7.08479 4.16735
7.13525 4.16735
7.1857 4.16735
7.23616 4.16735
7.28662 4.16735
7.33707 4.16735
7.38753 4.16735
9.92502 4.98136
12.4625 4.98136
15.0 4.98136
0.0 0.92323
0.0494282 0.92323
0.0988563 0.964835
0.148284 1.00644
0.197713 1.04804
0.247141 1.08965
0.296569 1.13125
0.345997 1.17286
0.395425 1.21446
0.444853 1.25607
0.494282 1.29767
0.54371 1.33928
0.593138 1.38088
0.642566 1.42249
0.691994 1.46409
0.741422 1.5057
0.79085 1.5473
0.840279 1.58891
0.889707 1.63051
0.939135 1.67212
0.988563 1.71372
1.03799 1.75533
1.08742 1.79693
1.13685 1.83854
1.18628 1.88014
1.2357 1.92175
1.28513 1.96335
1.33456 2.00496
1.38399 2.04656
1.43342 2.08816
1.48284 2.12977
1.53227 2.17137
1.58021 2.17137
1.62814 2.55299
1.67607 2.9346
1.724 3.31621
1.77478 3.31621
1.82556 3.31822
1.87634 3.32022
1.92712 3.32222
1.9779 3.32422
2.02868 3.32623
2.07946 3.32823
2.13024 3.33023
2.18102 3.33223
2.2318 3.33424
2.28258 3.33624
2.33336 3.33824
2.38414 3.34025
2.43492 3.34225
2.4857 3.34425
2.53648 3.34625
2.58726 3.34826
2.63804 3.35026
2.68882 3.35226
2.7396 3.35426
2.79038 3.35627
2.84116 3.35827
2.89194 3.36027
2.94272 3.36228
2.99163 3.36228
3.04053 3.37787
3.08944 3.39346
3.13835 3.40905
3.18725 3.42465
3.23616 3.44024
3.28507 3.45583
3.33397 3.47142
3.38288 3.48702
3.43179 3.50261
3.48069 3.5182
3.5296 3.53379
3.57851 3.54939
3.62741 3.56498
3.67632 3.58057
3.72523 3.59616
3.77413 3.61176
3.82512 3.61176
3.87611 3.61176
3.9271 3.61176
3.97809 3.61176
4.02908 3.61176
4.08007 3.61176
4.13106 3.61176
4.18205 3.61176
4.23304 3.61176
4.28403 3.61176
4.33502 3.61176
4.38601 3.61176
4.437 3.61176
4.48799 3.61176
4.53898 3.61176
4.58997 3.61176
4.64096 3.61176
4.69195 3.61176
4.74294 3.61176
4.79393 3.61176
4.84492 3.61176
4.89591 3.61176
4.9469 3.61176
4.99789 3.61176
7.49842 3.76446
9.99894 3.76446
12.4995 3.76446
15.0 3.76446
0.0 0.932855
0.0490988 0.932855
0.0981976 0.971369
0.147296 1.00988
0.196395 1.0484
0.245494 1.08691
0.294593 1.12542
0.343692 1.16394
0.39279 1.20245
0.441889 1.24096
0.490988 1.27948
0.540087 1.31799
0.589186 1.3565
0.638284 1.39502
0.687383 1.43353
0.736482 1.47204
0.785581 1.51056
0.83468 1.54907
0.883779 1.58758
0.932877 1.6261
0.982722 1.6261
1.03257 1.66588
1.08241 1.70565
1.13226 1.74543
1.1821 1.78521
1.23195 1.82499
1.28179 1.86477
1.33163 1.90455
1.38148 1.94432
1.43132 1.9841
1.48117 2.02388
1.53101 2.06366
1.58086 2.10344
1.6307 2.14322
1.68055 2.18299
1.73039 2.22277
1.78024 2.26255
1.83008 2.30233
1.87993 2.34211
1.92977 2.38189
1.97962 2.42167
2.02946 2.46144
2.07931 2.50122
2.12915 2.541
2.17899 2.58078
2.22884 2.62056
2.27868 2.66034
2.32853 2.70011
2.37837 2.73989
2.42822 2.77967
2.47806 2.81945
2.52791 2.85923
2.57775 2.89901
2.6276 2.93879
2.67718 2.93879
2.72677 2.9391
2.77635 2.93941
2.82594 2.93973
2.87552 2.94004
2.92511 2.94036
2.97469 2.94067
3.02428 2.94099
3.07387 2.9413
3.12345 2.94161
3.17304 2.94193
3.22262 2.94224
3.27221 2.94256
3.32179 2.94287
3.37138 2.94318
3.42096 2.9435
3.47055 2.94381
3.52013 2.94413
3.56972 2.94444
3.6193 2.94476
3.66889 2.94507
3.71848 2.94538
3.76806 2.9457
3.81765 2.94601
3.86723 2.94633
3.91682 2.94664
3.9664 2.94696
4.0169 2.94696
4.06741 3.00197
4.11791 3.05698
4.16841 3.11199
4.21891 3.167
4.26942 3.22202
4.31992 3.27703
4.37042 3.33204
4.42092 3.38705
4.47143 3.44207
4.52193 3.49708
4.57243 3.55209
4.62293 3.6071
4.67344 3.66212
4.72394 3.71713
4.77444 3.77214
4.82494 3.82715
4.87544 3.88216
4.92595 3.93718
4.97645 3.99219
5.02695 4.0472
5.07745 4.10221
5.12796 4.15723
5.17846 4.21224
5.22896 4.26725
5.27946 4.32226
5.32997 4.37728
5.38047 4.43229
5.43097 4.4873
5.48147 4.54231
5.53198 4.59732
5.58248 4.65234
5.63298 4.70735
5.68348 4.76236
5.73398 4.81737
5.78449 4.87239
5.83445 4.87239
5.88441 4.87239
5.93437 4.87239
5.98433 4.87239
6.0343 4.87239
6.08426 4.87239
6.13422 4.87239
6.18418 4.87239
6.23414 4.87239
6.2841 4.87239
6.33407 4.87239
6.38403 4.87239
6.43399 4.87239
6.48395 4.87239
6.53391 4.87239
6.58387 4.87239
6.63383 4.87239
6.6838 4.87239
6.73376 4.87239
6.78372 4.87239
6.83368 4.87239
6.88364 4.87239
6.9336 4.87239
6.98357 4.87239
7.03353 4.87239
7.08349 4.87239
7.13345 4.87239
7.18341 4.87239
7.23337 4.87239
7.28334 4.87239
9.85556 5.85383
12.4278 5.85383
15.0 5.85383
0.0 0.945753
0.0495791 0.945753
0.0991582 0.982638
0.148737 1.01952
0.198316 1.05641
0.247896 1.09329
0.297475 1.13018
0.347054 1.16706
0.396633 1.20395
0.446212 1.24083
0.495791 1.27772
0.54537 1.3146
0.594949 1.35149
0.644528 1.38837
0.694108 1.42526
0.743687 1.46214
0.793266 1.49903
0.842845 1.53591
0.892424 1.5728
0.942003 1.60968
0.991582 1.64657
1.04116 1.68345
1.09074 1.72034
1.14032 1.75723
1.1899 1.79411
1.23948 1.831
1.28906 1.86788
1.33864 1.90477
1.38822 1.94165
1.43779 1.97854
1.48737 2.01542
1.53695 2.05231
1.58653 2.08919
1.63611 2.12608
1.68569 2.16296
1.73622 2.16296
1.78675 2.26201
1.83729 2.36107
1.88782 2.46012
1.93835 2.55917
1.98888 2.65823
2.03942 2.75728
2.08995 2.85633
2.14048 2.95539
2.19101 3.05444
2.24155 3.15349
2.29208 3.25254
2.34299 3.25254
2.39391 3.26004
2.44482 3.26754
2.49574 3.27504
2.54665 3.28254
2.59756 3.29004
2.64848 3.29753
2.69939 3.30503
2.75031 3.31253
2.80122 3.32003
2.85213 3.32753
2.90305 3.33503
2.95396 3.34252
3.00488 3.35002
3.05579 3.35752
3.10671 3.36502
3.15762 3.37252
3.20853 3.38001
3.25945 3.38751
3.31036 3.39501
3.36128 3.40251
3.41219 3.41001
3.46198 3.41001
3.51177 3.41544
3.56156 3.42087
3.61135 3.42629
3.66114 3.43172
3.71092 3.43715
3.76071 3.44258
3.8105 3.44801
3.86029 3.45344
3.91008 3.45887
3.95987 3.4643
4.00966 3.46973
4.05945 3.47516
4.10924 3.48058
4.15903 3.48601
4.20882 3.49144
4.2586 3.49687
4.30839 3.5023
4.35818 3.50773
4.40797 3.51316
4.45776 3.51859
4.50755 3.52402
4.55734 3.52945
4.60713 3.53488
4.65692 3.5403
4.70671 3.54573
4.7565 3.55116
4.80628 3.55659
4.85607 3.56202
4.90586 3.56745
4.95565 3.57288
5.0054 3.57288
5.05515 3.57288
5.1049 3.57288
5.15465 3.57288
5.2044 3.57288
5.25414 3.57288
5.30389 3.57288
5.35364 3.57288
5.40339 3.57288
5.45314 3.57288
5.50289 3.57288
5.55264 3.57288
5.60238 3.57288
5.65213 3.57288
5.70188 3.57288
5.75163 3.57288
5.80138 3.57288
5.85113 3.57288
5.90088 3.57288
5.95063 3.57288
6.00037 3.57288
8.25028 3.79409
10.5002 3.79409
12.7501 3.79409
15.0 3.79409
0.0 0.920397
0.0501974 0.920397
0.100395 0.963235
0.150592 1.00607
0.200789 1.04891
0.250987 1.09175
0.301184 1.13459
0.351381 1.17743
0.401579 1.22027
0.451776 1.2631
0.501974 1.30594
0.552171 1.34878
0.602368 1.39162
0.652566 1.43446
0.702763 1.4773
0.75296 1.52014
0.803158 1.56297
0.853355 1.60581
0.904372 1.60581
0.955389 1.64658
1.00641 1.68735
1.05742 1.72813
1.10844 1.7689
1.15946 1.80967
1.21047 1.85044
1.26149 1.89121
1.31251 1.93198
1.36353 1.97275
1.41454 2.01352
1.46556 2.05429
1.51658 2.09506
1.56759 2.13583
1.61861 2.1766
1.66963 2.21738
1.72064 2.25815
1.76973 2.25815
1.81881 2.30125
1.86789 2.34435
1.91698 2.38746
1.96606 2.43056
2.01515 2.47367
2.06423 2.51677
2.11331 2.55987
2.1624 2.60298
2.21148 2.64608
2.26196 2.64608
2.31243 2.72915
2.36291 2.81222
2.41339 2.89529
2.46386 2.97836
2.51434 3.06143
2.56482 3.1445
2.61529 3.22757
2.66577 3.31064
2.71625 3.39371
2.76672 3.47678
2.8172 3.55985
2.86768 3.64292
2.91815 3.72599
2.96863 3.80906
3.0191 3.89213
3.06958 3.9752
3.12006 4.05827
3.17053 4.14134
3.22101 4.22441
3.27149 4.30748
3.32196 4.39055
3.37244 4.47362
3.42292 4.55669
3.47339 4.63976
3.52387 4.72283
3.57435 4.8059
3.62482 4.88897
3.67439 4.88897
3.72395 4.88897
3.77352 4.88897
3.82308 4.88897
3.87264 4.88897
3.92221 4.88897
3.97177 4.88897
4.02134 4.88897
4.0709 4.88897
4.12046 4.88897
4.17003 4.88897
4.21959 4.88897
4.26916 4.88897
4.31872 4.88897
4.36828 4.88897
4.41785 4.88897
4.46741 4.88897
4.51698 4.88897
4.56654 4.88897
4.6161 4.88897
7.21208 5.15449
9.80805 5.15449
12.404 5.15449
15.0 5.15449
0.0 0.927472
0.0506088 0.927472
0.101218 0.967206
0.151826 1.00694
0.202435 1.04668
0.253044 1.08641
0.303653 1.12614
0.354262 1.16588
0.404871 1.20561
0.455479 1.24535
0.506088 1.28508
0.556697 1.32482
0.607306 1.36455
0.657915 1.40429
0.708523 1.44402
0.759132 1.48376
0.809741 1.52349
0.86035 1.56322
0.910959 1.60296
0.961567 1.64269
1.01218 1.68243
1.06279 1.72216
1.11339 1.7619
1.164 1.80163
1.21461 1.84137
1.26522 1.8811
1.31583 1.92084
1.36644 1.96057
1.41705 2.0003
1.46766 2.04004
1.5171 2.04004
1.56654 2.07018
1.61598 2.10033
1.66543 2.13047
1.71487 2.16061
1.76431 2.19076
1.81376 2.2209
1.8632 2.25105
1.91264 2.28119
1.96208 2.31133
2.01153 2.34148
2.06097 2.37162
2.11041 2.40176
2.15985 2.43191
2.2093 2.46205
2.25874 2.4922
2.30818 2.52234
2.35763 2.55248
2.40707 2.58263
2.45651 2.61277
2.50595 2.64291
2.5554 2.67306
2.60484 2.7032
2.65428 2.73335
2.70373 2.76349
2.75317 2.79363
2.80261 2.82378
2.85205 2.85392
2.9015 2.88406
2.95094 2.91421
3.00038 2.94435
3.04983 2.9745
3.09927 3.00464
3.14871 3.03478
3.19815 3.06493
3.2476 3.09507
3.29704 3.12521
3.34648 3.15536
3.39592 3.1855
3.44537 3.21565
3.49481 3.24579
3.54425 3.27593
3.59327 3.27593
3.64229 3.28936
3.69131 3.30279
3.74032 3.31621
3.78934 3.32964
3.83836 3.34307
3.88737 3.3565
3.93639 3.36992
3.98541 3.38335
4.03443 3.39678
4.08344 3.41021
4.13246 3.42363
4.18148 3.43706
4.2305 3.45049
4.27951 3.46391
4.32853 3.47734
4.37755 3.49077
4.42657 3.5042
4.47558 3.51762
4.52623 3.51762
4.57687 3.52399
4.62751 3.53035
4.67815 3.53672
4.7288 3.54308
4.77944 3.54945
4.83008 3.55581
4.88072 3.56218
4.93136 3.56854
4.98201 3.57491
5.03265 3.58127
5.08329 3.58763
5.13393 3.594
5.18458 3.60036
5.23522 3.60673
5.28586 3.61309
5.3365 3.61946
5.38715 3.62582
5.43779 3.63219
5.48843 3.63855
5.53907 3.64492
5.58972 3.65128
5.64036 3.65765
5.691 3.66401
5.74164 3.67037
5.79229 3.67674
5.84296 3.67674
5.89363 3.67674
5.94431 3.67674
5.99498 3.67674
6.04566 3.67674
6.09633 3.67674
6.147 3.67674
6.19768 3.67674
6.24835 3.67674
6.29903 3.67674
6.3497 3.67674
6.40037 3.67674
6.45105 3.67674
6.50172 3.67674
6.5524 3.67674
6.60307 3.67674
6.65374 3.67674
9.43583 3.96702
12.2179 3.96702
15.0 3.96702
0.0 0.926181
0.0489862 0.926181
0.0979723 0.96429
0.146958 1.0024
0.195945 1.04051
0.244931 1.07862
0.293917 1.11673
0.342903 1.15484
0.391889 1.19295
0.440875 1.23106
0.489862 1.26917
0.538848 1.30728
0.587834 1.34539
0.63682 1.3835
0.685806 1.42161
0.734792 1.45972
0.783779 1.49783
0.833516 1.49783
0.883253 1.54808
0.932991 1.59833
0.982728 1.64858
1.03247 1.69884
1.0822 1.74909
1.13194 1.79934
1.18168 1.8496
1.23141 1.89985
1.28115 1.9501
1.33089 2.00035
1.38063 2.05061
1.43036 2.10086
1.4801 2.15111
1.52984 2.20137
1.57958 2.25162
1.62931 2.30187
1.67905 2.35212
1.72879 2.40238
1.77852 2.45263
1.82826 2.50288
1.878 2.55314
1.92774 2.60339
1.97747 2.65364
2.02721 2.70389
2.07695 2.75415
2.12653 2.75415
2.1761 2.76644
2.22568 2.77874
2.27526 2.79103
2.32484 2.80333
2.37442 2.81563
2.42399 2.82792
2.47357 2.84022
2.52315 2.85251
2.57273 2.86481
2.62231 2.8771
2.67189 2.8894
2.72146 2.90169
2.77104 2.91399
2.82062 2.92629
2.8702 2.93858
2.91978 2.95088
2.96935 2.96317
3.02021 2.96317
3.07106 3.1478
3.12191 3.33242
3.17277 3.51704
3.22362 3.70166
3.27447 3.88629
3.32532 4.07091
3.37618 4.25553
3.42703 4.44016
3.47788 4.62478
3.52874 4.8094
3.58214 4.8094
3.63555 4.8094
3.68895 4.8094
3.74236 4.8094
3.79576 4.8094
3.84917 4.8094
6.63688 5.93517
9.42458 5.93517
12.2123 5.93517
15.0 5.93517
0.0 0.920474
0.0517563 0.920474
0.103513 0.965005
0.155269 1.00954
0.207025 1.05407
0.258781 1.0986
0.310538 1.14313
0.362294 1.18766
0.41405 1.23219
0.465806 1.27672
0.517563 1.32125
0.569319 1.36578
0.621075 1.41032
0.672831 1.45485
0.724588 1.49938
0.774944 1.49938
0.825301 1.5796
0.875658 1.65982
0.926015 1.74004
0.976371 1.82025
1.02673 1.90047
1.07708 1.98069
1.12744 2.06091
1.1778 2.14113
1.22816 2.22135
1.27851 2.30157
1.32887 2.38179
1.37923 2.46201
1.42958 2.54223
1.47994 2.62245
1.5303 2.70267
1.57989 2.70267
1.62949 2.71306
1.67908 2.72345
1.72868 2.73385
1.77827 2.74424
1.82787 2.75463
1.87746 2.76503
1.92706 2.77542
1.97665 2.78581
2.02625 2.79621
2.07584 2.8066
2.12544 2.81699
2.17503 2.82738
2.22463 2.83778
2.27422 2.84817
2.32382 2.85856
2.37341 2.86896
2.42301 2.87935
2.47261 2.88974
2.5222 2.90014
2.5718 2.91053
2.62139 2.92092
2.67099 2.93132
2.72058 2.94171
2.77018 2.9521
2.81977 2.9625
2.86937 2.97289
2.91896 2.98328
2.96856 2.99368
3.01815 3.00407
3.06775 3.01446
3.11734 3.02485
3.16815 3.02485
3.21895 3.1606
3.26975 3.29635
3.32055 3.4321
3.37136 3.56785
3.42216 3.7036
3.47296 3.83935
3.52376 3.9751
3.57457 4.11085
3.62537 4.2466
3.67617 4.38235
3.72697 4.5181
3.77778 4.65385
3.82858 4.7896
3.87651 4.7896
3.92444 4.7896
3.97237 4.7896
4.0203 4.7896
4.06823 4.7896
4.11616 4.7896
4.16409 4.7896
6.87307 5.93957
9.58205 5.93957
12.291 5.93957
15.0 5.93957
0.0 0.937806
0.0496696 0.937806
0.0993393 0.97779
0.149009 1.01777
0.198679 1.05776
0.248348 1.09774
0.298018 1.13773
0.347688 1.17771
0.397357 1.21769
0.447027 1.25768
0.496696 1.29766
0.546366 1.33764
0.596036 1.37763
0.645705 1.41761
0.695375 1.4576
0.745045 1.49758
0.794714 1.53756
0.844384 1.57755
0.894054 1.61753
0.943723 1.65751
0.993393 1.6975
1.04306 1.73748
1.09273 1.77747
1.1424 1.81745
1.19207 1.85743
1.24174 1.89742
1.29141 1.9374
1.34108 1.97739
1.39075 2.01737
1.44042 2.05735
1.49009 2.09734
1.53976 2.13732
1.58943 2.1773
1.6391 2.21729
1.68877 2.25727
1.73844 2.29726
1.78811 2.33724
1.83778 2.37722
1.88745 2.41721
1.93712 2.45719
1.98679 2.49718
2.03646 2.53716
2.08613 2.57714
2.13579 2.61713
2.18546 2.65711
2.23513 2.69709
2.2848 2.73708
2.33597 2.73708
2.38714 2.78228
2.4383 2.82749
2.48947 2.8727
2.54064 2.9179
2.59181 2.96311
2.64297 3.00832
2.69414 3.05352
2.74531 3.09873
2.79647 3.14393
2.84764 3.18914
2.89881 3.23435
2.94997 3.27955
3.00114 3.32476
3.05231 3.36997
3.10347 3.41517
3.15464 3.46038
3.20581 3.50558
3.25698 3.55079
3.30814 3.596
3.35875 3.596
3.40937 3.60528
3.45998 3.61456
3.51059 3.62384
3.5612 3.63312
3.61182 3.6424
3.66243 3.65168
3.71304 3.66096
3.76365 3.67024
3.81427 3.67952
3.86488 3.6888
3.91549 3.69808
3.9661 3.70736
4.01671 3.71664
4.06733 3.72592
4.11794 3.7352
4.16855 3.74448
4.21916 3.75376
4.26978 3.76304
4.31913 3.76304
4.36849 3.79349
4.41785 3.82394
4.46721 3.85439
4.51657 3.88483
4.56592 3.91528
4.61528 3.94573
4.66464 3.97617
4.714 4.00662
4.76336 4.03707
4.81271 4.06751
4.86207 4.09796
4.91143 4.12841
4.96079 4.15886
5.01015 4.1893
5.0595 4.21975
5.10886 4.2502
5.15822 4.28064
5.20758 4.31109
5.25693 4.34154
5.30629 4.37198
5.35565 4.40243
5.40491 4.40243
5.45418 4.40243
5.50344 4.40243
5.55271 4.40243
5.60197 4.40243
5.65123 4.40243
5.7005 4.40243
5.74976 4.40243
5.79902 4.40243
5.84829 4.40243
5.89755 4.40243
5.94681 4.40243
5.99608 4.40243
6.04534 4.40243
6.09461 4.40243
6.14387 4.40243
6.19313 4.40243
6.2424 4.40243
6.29166 4.40243
6.34092 4.40243
6.39019 4.40243
6.43945 4.40243
6.48872 4.40243
6.53798 4.40243
6.58724 4.40243
6.63651 4.40243
6.68577 4.40243
6.73503 4.40243
9.49002 5.09585
12.245 5.09585
15.0 5.09585
0.0 0.924164
0.0494461 0.924164
0.0988921 0.967602
0.148338 1.01104
0.197784 1.05448
0.24723 1.09792
0.296676 1.14136
0.346122 1.18479
0.395569 1.22823
0.445015 1.27167
0.494461 1.31511
0.543907 1.35855
0.593353 1.40198
0.642799 1.44542
0.692245 1.48886
0.741691 1.5323
0.791137 1.57574
0.840583 1.61918
0.890029 1.66261
0.939475 1.70605
0.988921 1.74949
1.03837 1.79293
1.08781 1.83637
1.13726 1.87981
1.18671 1.92324
1.23615 1.96668
1.2856 2.01012
1.33504 2.05356
1.38449 2.097
1.43394 2.14043
1.48338 2.18387
1.53283 2.22731
1.58227 2.27075
1.63172 2.31419
1.68117 2.35763
1.73061 2.40106
1.78006 2.4445
1.8295 2.48794
1.87895 2.53138
1.9284 2.57482
1.97784 2.61826
2.02729 2.66169
2.07673 2.70513
2.12618 2.74857
2.17563 2.79201
2.22425 2.79201
2.27288 2.85659
2.32151 2.92118
2.37013 2.98576
2.41876 3.05034
2.46738 3.11493
2.51601 3.17951
2.56464 3.2441
2.61326 3.30868
2.66189 3.37327
2.71052 3.43785
2.75914 3.50243
2.80777 3.56702
2.85639 3.6316
2.90594 3.6316
2.95549 3.63587
3.00504 3.64013
3.05459 3.6444
3.10414 3.64867
3.15369 3.65293
3.20324 3.6572
3.25279 3.66146
3.30234 3.66573
3.35189 3.66999
3.40144 3.67426
3.45099 3.67853
3.50054 3.68279
3.55009 3.68706
3.59964 3.69132
3.64919 3.69559
3.69874 3.69985
3.74829 3.70412
3.79784 3.70839
3.84739 3.71265
3.89694 3.71692
3.94649 3.72118
3.99604 3.72545
4.04559 3.72971
4.09514 3.73398
4.14469 3.73825
4.19424 3.74251
4.24379 3.74678
4.29334 3.75104
4.34289 3.75531
4.39244 3.75957
4.44199 3.76384
4.49154 3.76811
4.54109 3.77237
4.59064 3.77664
4.64019 3.7809
4.68974 3.78517
4.73929 3.78944
4.78884 3.7937
4.83839 3.79797
4.88794 3.80223
4.93749 3.8065
4.98704 3.81076
5.03659 3.81503
5.08634 3.81503
5.13609 3.86844
5.18585 3.92184
5.2356 3.97525
5.28535 4.02866
5.33511 4.08206
5.38486 4.13547
5.43461 4.18888
5.48437 4.24228
5.53412 4.29569
5.58387 4.34909
5.63318 4.34909
5.68249 4.34909
5.73179 4.34909
5.7811 4.34909
5.83041 4.34909
5.87972 4.34909
5.92903 4.34909
5.97833 4.34909
6.02764 4.34909
6.07695 4.34909
6.12626 4.34909
6.17556 4.34909
6.22487 4.34909
6.27418 4.34909
6.32349 4.34909
6.3728 4.34909
6.4221 4.34909
6.47141 4.34909
6.52072 4.34909
6.57003 4.34909
6.61933 4.34909
9.41289 5.10416
12.2064 5.10416
15.0 5.10416
0.0 0.928103
0.049487 0.928103
0.098974 0.970495
0.148461 1.01289
0.197948 1.05528
0.247435 1.09767
0.296922 1.14006
0.346409 1.18245
0.395896 1.22485
0.445383 1.26724
0.49487 1.30963
0.544357 1.35202
0.593844 1.39441
0.643331 1.43681
0.692818 1.4792
0.742305 1.52159
0.791792 1.56398
0.841279 1.60637
0.890766 1.64877
0.940253 1.69116
0.98974 1.73355
1.03923 1.77594
1.08871 1.81833
1.1382 1.86072
1.18769 1.90312
1.23718 1.94551
1.28666 1.9879
1.33615 2.03029
1.38596 2.03029
1.43578 2.11273
1.48559 2.19516
1.5354 2.27759
1.58521 2.36003
1.63503 2.44246
1.68484 2.52489
1.73465 2.60733
1.78447 2.68976
1.83428 2.77219
1.88409 2.85462
1.93391 2.93706
1.98372 3.01949
2.03223 3.01949
2.08075 3.06197
2.12927 3.10445
2.17778 3.14693
2.2263 3.18941
2.27481 3.23189
2.32333 3.27437
2.37184 3.31684
2.42036 3.35932
2.46887 3.4018
2.51739 3.44428
2.5659 3.48676
2.61641 3.48676
2.66692 3.49234
2.71742 3.49791
2.76793 3.50349
2.81844 3.50906
2.86894 3.51464
2.91945 3.52021
2.96996 3.52579
3.02046 3.53136
3.07097 3.53693
3.12148 3.54251
3.17198 3.54808
3.22249 3.55366
3.273 3.55923
3.3235 3.56481
3.37401 3.57038
3.42451 3.57596
3.47502 3.58153
3.52553 3.58711
3.57603 3.59268
3.62654 3.59826
3.67705 3.60383
3.72755 3.60941
3.77806 3.61498
3.82857 3.62056
3.87907 3.62613
3.92958 3.63171
3.98009 3.63728
4.03059 3.64286
4.0811 3.64843
4.13161 3.65401
4.18211 3.65958
4.23262 3.66516
4.28312 3.67073
4.33363 3.67631
4.38414 3.68188
4.43464 3.68746
4.48562 3.68746
4.5366 3.68746
4.58757 3.68746
4.63855 3.68746
4.68953 3.68746
4.7405 3.68746
4.79148 3.68746
4.84246 3.68746
4.89343 3.68746
4.94441 3.68746
4.99539 3.68746
5.04636 3.68746
5.09734 3.68746
5.14831 3.68746
5.19929 3.68746
5.25027 3.68746
5.30124 3.68746
5.35222 3.68746
5.4032 3.68746
5.45417 3.68746
5.50515 3.68746
5.55613 3.68746
5.6071 3.68746
5.65808 3.68746
7.99356 3.81856
10.329 3.81856
12.6645 3.81856
15.0 3.81856
0.0 0.925873
0.0500527 0.925873
0.100105 0.966658
0.150158 1.00744
0.200211 1.04823
0.250263 1.08901
0.300316 1.1298
0.350369 1.17058
0.400422 1.21137
0.450474 1.25215
0.500527 1.29294
0.55058 1.33372
0.600632 1.37451
0.650685 1.41529
0.700738 1.45607
0.75079 1.49686
0.800843 1.53764
0.850896 1.57843
0.900949 1.61921
0.951001 1.66
1.00105 1.70078
1.05111 1.74157
1.10116 1.78235
1.15121 1.82314
1.20126 1.86392
1.25132 1.90471
1.30137 1.94549
1.35142 1.98628
1.40148 2.02706
1.45153 2.06785
1.49801 2.06785
1.5445 2.30907
1.59098 2.55029
1.63747 2.79151
1.68395 3.03273
1.73326 3.03273
1.78256 3.06586
1.83186 3.09899
1.88116 3.13213
1.93046 3.16526
1.97976 3.19839
2.02906 3.23152
2.07837 3.26465
2.12767 3.29778
2.17697 3.33091
2.22627 3.36404
2.27557 3.39717
2.32487 3.4303
2.37417 3.46343
2.42348 3.49656
2.4751 3.49656
2.52672 3.51149
2.57834 3.52642
2.62996 3.54135
2.68158 3.55628
2.7332 3.57121
2.78482 3.58614
2.83644 3.60107
2.88806 3.616
2.93968 3.63093
2.9913 3.64586
3.04292 3.66079
3.09256 3.66079
3.1422 3.66079
3.19184 3.66079
3.24148 3.66079
3.29112 3.66079
3.34076 3.66079
3.39039 3.66079
3.44003 3.66079
3.48967 3.66079
3.53931 3.66079
3.58895 3.66079
3.63859 3.66079
3.68823 3.66079
3.73787 3.66079
3.78751 3.66079
3.83715 3.66079
3.88679 3.66079
3.93643 3.66079
3.98607 3.66079
4.03571 3.66079
4.08535 3.66079
4.13499 3.66079
4.18463 3.66079
4.23427 3.66079
6.9257 3.78192
9.61713 3.78192
12.3086 3.78192
15.0 3.78192
0.0 0.944124
0.0480997 0.944124
0.0961993 0.98014
0.144299 1.01616
0.192399 1.05217
0.240498 1.08819
0.288598 1.12421
0.336698 1.16022
0.384797 1.19624
0.432897 1.23226
0.480997 1.26827
0.529096 1.30429
0.580092 1.30429
0.631088 1.3541
0.682084 1.40392
0.73308 1.45374
0.784076 1.50355
0.835071 1.55337
0.886067 1.60318
0.937063 1.653
0.988059 1.70282
1.03905 1.75263
1.09005 1.80245
1.14105 1.85227
1.19204 1.90208
1.24304 1.9519
1.29403 2.00171
1.34503 2.05153
1.39603 2.10135
1.44702 2.15116
1.49802 2.20098
1.54901 2.25079
1.60001 2.30061
1.651 2.35043
1.70158 2.35043
1.75216 2.38244
1.80273 2.41446
1.85331 2.44648
1.90388 2.47849
1.95446 2.51051
2.00503 2.54253
2.05561 2.57454
2.10618 2.60656
2.15676 2.63858
2.20769 2.63858
2.25863 2.94335
2.30957 3.24812
2.36051 3.5529
2.41145 3.85767
2.46238 4.16244
2.51332 4.46722
2.56426 4.77199
2.61353 4.77199
2.6628 4.77199
2.71207 4.77199
2.76135 4.77199
2.81062 4.77199
2.85989 4.77199
2.90916 4.77199
2.95843 4.77199
3.0077 4.77199
3.05697 4.77199
3.10625 4.77199
3.15552 4.77199
3.20479 4.77199
3.25406 4.77199
3.30333 4.77199
3.3526 4.77199
3.40187 4.77199
3.45114 4.77199
3.50042 4.77199
3.54969 4.77199
3.59896 4.77199
3.64823 4.77199
3.6975 4.77199
3.74677 4.77199
3.79604 4.77199
3.84531 4.77199
3.89459 4.77199
3.94386 4.77199
3.99313 4.77199
4.0424 4.77199
4.09167 4.77199
4.14094 4.77199
6.85571 5.08455
9.57047 5.08455
12.2852 5.08455
15.0 5.08455
0.0 0.94172
0.0507639 0.94172
0.101528 0.98058
0.152292 1.01944
0.203056 1.0583
0.25382 1.09716
0.304583 1.13602
0.355347 1.17488
0.406111 1.21374
0.456875 1.2526
0.507639 1.29146
0.558403 1.33032
0.609167 1.36918
0.659931 1.40804
0.710695 1.4469
0.761459 1.48576
0.811529 1.48576
0.861599 1.54409
0.911669 1.60242
0.96174 1.66076
1.01181 1.71909
1.06188 1.77742
1.11195 1.83575
1.16202 1.89409
1.21209 1.95242
1.26216 2.01075
1.31223 2.06909
1.3623 2.12742
1.41237 2.18575
1.46244 2.24408
1.51251 2.30242
1.56258 2.36075
1.61265 2.41908
1.66272 2.47741
1.71279 2.53575
1.76286 2.59408
1.81293 2.65241
1.863 2.71075
1.91307 2.76908
1.96314 2.82741
2.01373 2.82741
2.06432 2.83194
2.11491 2.83647
2.1655 2.841
2.21609 2.84554
2.26668 2.85007
2.31727 2.8546
2.36786 2.85913
2.41845 2.86366
2.46904 2.86819
2.51963 2.87272
2.57022 2.87725
2.62081 2.88178
2.6714 2.88631
2.72199 2.89085
2.77258 2.89538
2.82317 2.89991
2.87376 2.90444
2.92435 2.90897
2.97494 2.9135
3.02553 2.91803
3.07612 2.92256
3.12671 2.92709
3.1773 2.93162
3.22789 2.93616
3.27848 2.94069
3.32907 2.94522
3.37966 2.94975
3.43025 2.95428
3.48083 2.95881
3.53142 2.96334
3.58201 2.96787
3.6326 2.9724
3.68319 2.97693
3.73378 2.98146
3.78437 2.986
3.83496 2.99053
3.88555 2.99506
3.93536 2.99506
3.98517 3.15771
4.03498 3.32036
4.08479 3.48301
4.1346 3.64567
4.1844 3.80832
4.23421 3.97097
4.28402 4.13362
4.33383 4.29627
4.38364 4.45892
4.43345 4.62158
4.48326 4.78423
4.53328 4.78423
4.5833 4.78423
4.63332 4.78423
4.68334 4.78423
4.73336 4.78423
4.78338 4.78423
4.8334 4.78423
4.88342 4.78423
4.93344 4.78423
7.45008 5.81742
9.96672 5.81742
12.4834 5.81742
15.0 5.81742
0.0 0.919222
0.0503685 0.919222
0.100737 0.960962
0.151105 1.0027
0.201474 1.04444
0.251842 1.08618
0.302211 1.12792
0.352579 1.16966
0.402948 1.2114
0.453316 1.25314
0.503685 1.29488
0.554053 1.33662
0.604422 1.37836
0.65479 1.4201
0.705159 1.46184
0.755527 1.50358
0.805895 1.54532
0.856264 1.58706
0.906632 1.6288
0.957001 1.67054
1.00737 1.71228
1.05774 1.75402
1.10811 1.79576
1.15847 1.8375
1.20884 1.87924
1.25921 1.92098
1.30958 1.96272
1.35995 2.00446
1.41032 2.0462
1.46069 2.08794
1.51105 2.12968
1.56142 2.17142
1.61179 2.21316
1.66216 2.2549
1.71253 2.29664
1.7629 2.33838
1.81326 2.38012
1.86363 2.42186
1.914 2.4636
1.96437 2.50534
2.01474 2.54708
2.06511 2.58882
2.11548 2.63056
2.16584 2.6723
2.21621 2.71404
2.26658 2.75578
2.31695 2.79752
2.36732 2.83926
2.41662 2.83926
2.46593 2.87015
2.51524 2.90103
2.56454 2.93192
2.61385 2.96281
2.66316 2.9937
2.71246 3.02459
2.76177 3.05548
2.81108 3.08637
2.86038 3.11725
2.90969 3.14814
2.959 3.17903
3.0083 3.20992
3.05761 3.24081
3.10692 3.2717
3.15622 3.30259
3.20553 3.33347
3.25484 3.36436
3.30414 3.39525
3.35345 3.42614
3.40276 3.45703
3.45206 3.48792
3.50137 3.51881
3.55068 3.54969
3.59998 3.58058
3.64929 3.61147
3.6986 3.64236
3.7479 3.67325
3.79721 3.70414
3.84652 3.73503
3.89582 3.76591
3.94591 3.76591
3.996 3.77856
4.04609 3.7912
4.09618 3.80385
4.14627 3.81649
4.19635 3.82913
4.24644 3.84178
4.29653 3.85442
4.34662 3.86707
4.39671 3.87971
4.4468 3.89236
4.49688 3.905
4.54697 3.91764
4.59706 3.93029
4.64715 3.94293
4.69724 3.95558
4.74733 3.96822
4.79742 3.98087
4.8475 3.99351
4.89759 4.00615
4.94768 4.0188
4.99715 4.0188
5.04663 4.0885
5.0961 4.15819
5.14557 4.22789
5.19505 4.29759
5.24452 4.36728
5.29399 4.43698
5.34347 4.50668
5.39464 4.50668
5.44582 4.50668
5.49699 4.50668
5.54817 4.50668
5.59934 4.50668
5.65051 4.50668
5.70169 4.50668
5.75286 4.50668
5.80404 4.50668
5.85521 4.50668
5.90639 4.50668
5.95756 4.50668
6.00874 4.50668
6.05991 4.50668
6.11109 4.50668
6.16226 4.50668
6.21344 4.50668
6.26461 4.50668
6.31579 4.50668
9.21052 4.66307
12.1053 4.66307
15.0 4.66307
0.0 0.929601
0.0487367 0.929601
0.0974733 0.9667
0.14621 1.0038
0.194947 1.0409
0.243683 1.078
0.29242 1.1151
0.341157 1.1522
0.389893 1.1893
0.43863 1.2264
0.487367 1.2635
0.536103 1.3006
0.58484 1.3377
0.633577 1.3748
0.682313 1.4119
0.73105 1.449
0.778732 1.449
0.826413 1.56044
0.874095 1.67189
0.921776 1.78334
0.969458 1.89479
1.01714 2.00623
1.06482 2.11768
1.11385 2.11768
1.16288 2.15949
1.21191 2.20129
1.26093 2.2431
1.30996 2.2849
1.35899 2.32671
1.40802 2.36851
1.45705 2.41032
1.50607 2.45212
1.5551 2.49393
1.60413 2.53573
1.6542 2.53573
1.70428 2.66122
1.75435 2.78671
1.80443 2.9122
1.8545 3.03769
1.90457 3.16318
1.95465 3.28867
2.00472 3.41416
2.05479 3.53965
2.10487 3.66514
2.15494 3.79063
2.20501 3.91612
2.25509 4.04161
2.30516 4.1671
2.35523 4.29259
2.40531 4.41808
2.45538 4.54357
2.50546 4.66906
2.55553 4.79455
2.60674 4.79455
2.65796 4.79455
2.70917 4.79455
2.76038 4.79455
2.8116 4.79455
2.86281 4.79455
2.91402 4.79455
2.96524 4.79455
3.01645 4.79455
3.06766 4.79455
3.11888 4.79455
3.17009 4.79455
3.2213 4.79455
3.27252 4.79455
3.32373 4.79455
5.65898 5.27064
7.99424 5.27064
10.3295 5.27064
12.6647 5.27064
15.0 5.27064
0.0 0.935852
0.0507537 0.935852
0.101507 0.97728
0.152261 1.01871
0.203015 1.06014
0.253769 1.10156
0.304522 1.14299
0.355276 1.18442
0.40603 1.22585
0.456784 1.26728
0.507537 1.30871
0.558291 1.35013
0.609045 1.39156
0.659799 1.43299
0.710552 1.47442
0.761306 1.51585
0.81206 1.55728
0.862814 1.5987
0.913567 1.64013
0.964321 1.68156
1.01507 1.72299
1.06583 1.76442
1.11658 1.80585
1.16734 1.84727
1.21809 1.8887
1.26884 1.93013
1.3196 1.97156
1.37035 2.01299
1.4211 2.05441
1.47186 2.09584
1.52261 2.13727
1.57337 2.1787
1.62412 2.22013
1.67487 2.26156
1.72439 2.26156
1.77391 2.26957
1.82343 2.27759
1.87295 2.28561
1.92247 2.29362
1.97199 2.30164
2.02151 2.30966
2.07103 2.31767
2.12055 2.32569
2.17007 2.33371
2.21959 2.34173
2.26911 2.34974
2.31863 2.35776
2.36815 2.36578
2.41767 2.37379
2.46719 2.38181
2.51671 2.38983
2.56623 2.39784
2.61575 2.40586
2.66527 2.41388
2.71479 2.4219
2.76431 2.42991
2.81383 2.43793
2.86335 2.44595
2.91287 2.45396
2.96239 2.46198
3.01191 2.47
3.06143 2.47801
3.11095 2.48603
3.16047 2.49405
3.20999 2.50207
3.25951 2.51008
3.30903 2.5181
3.35855 2.52612
3.40807 2.53413
3.45759 2.54215
3.50711 2.55017
3.55663 2.55818
3.60615 2.5662
3.65567 2.57422
3.70519 2.58224
3.75471 2.59025
3.80502 2.59025
3.85533 2.62381
3.90564 2.65737
3.95595 2.69093
4.00626 2.72449
4.05657 2.75804
4.10688 2.7916
4.15719 2.82516
4.20749 2.85872
4.2578 2.89228
4.30811 2.92583
4.35842 2.95939
4.40873 2.99295
4.45904 3.02651
4.50935 3.06007
4.55966 3.09363
4.60997 3.12718
4.66027 3.16074
4.71058 3.1943
4.76089 3.22786
4.81253 3.22786
4.86417 3.30604
4.91581 3.38422
4.96745 3.4624
5.01909 3.54058
5.07073 3.61876
5.12237 3.69694
5.17401 3.77512
5.22565 3.8533
5.27729 3.93148
5.32711 3.93148
5.37694 3.93148
5.42677 3.93148
5.4766 3.93148
5.52643 3.93148
5.57626 3.93148
5.62608 3.93148
5.67591 3.93148
5.72574 3.93148
5.77557 3.93148
5.8254 3.93148
5.87523 3.93148
5.92506 3.93148
5.97488 3.93148
6.02471 3.93148
6.07454 3.93148
6.12437 3.93148
6.1742 3.93148
6.22403 3.93148
6.27385 3.93148
6.32368 3.93148
9.21579 4.08449
12.1079 4.08449
15.0 4.08449
0.0 0.926629
0.0510124 0.926629
0.102025 0.96912
0.153037 1.01161
0.20405 1.0541
0.255062 1.09659
0.306075 1.13908
0.357087 1.18157
0.408099 1.22406
0.459112 1.26655
0.510124 1.30904
0.561137 1.35153
0.612149 1.39402
0.663162 1.43651
0.714174 1.479
0.765187 1.52149
0.81512 1.52149
0.865054 1.55241
0.914987 1.58332
0.964921 1.61423
1.01485 1.64515
1.06479 1.67606
1.11472 1.70697
1.16466 1.73788
1.21459 1.7688
1.26452 1.79971
1.31446 1.83062
1.36439 1.86154
1.41432 1.89245
1.46426 1.92336
1.51419 1.95428
1.56412 1.98519
1.61406 2.0161
1.66399 2.04701
1.71393 2.07793
1.76386 2.10884
1.81379 2.13975
1.86369 2.13975
1.91359 2.14345
1.96348 2.14716
2.01338 2.15086
2.06328 2.15456
2.11318 2.15826
2.16307 2.16196
2.21297 2.16566
2.26287 2.16936
2.31276 2.17306
2.36266 2.17676
2.41256 2.18046
2.46246 2.18416
2.51235 2.18786
2.56225 2.19156
2.61215 2.19526
2.66204 2.19896
2.71194 2.20266
2.76184 2.20636
2.81174 2.21007
2.86163 2.21377
2.91153 2.21747
2.96143 2.22117
3.01132 2.22487
3.06122 2.22857
3.11112 2.23227
3.16102 2.23597
3.21091 2.23967
3.26081 2.24337
3.31071 2.24707
3.3606 2.25077
3.4105 2.25447
3.4604 2.25817
3.5103 2.26187
3.56019 2.26557
3.61009 2.26927
3.65999 2.27298
3.70988 2.27668
3.75978 2.28038
3.80968 2.28408
3.85958 2.28778
3.90947 2.29148
3.95937 2.29518
4.00927 2.29888
4.05916 2.30258
4.10906 2.30628
4.15896 2.30998
4.20886 2.31368
4.25875 2.31738
4.30865 2.32108
4.35855 2.32478
4.40844 2.32848
4.45834 2.33218
4.50993 2.33218
4.56151 2.54142
4.6131 2.75066
4.66468 2.9599
4.71627 3.16914
4.76785 3.37838
4.81943 3.58762
4.87102 3.79686
4.9226 4.0061
4.97419 4.21534
5.02577 4.42458
5.07736 4.63382
5.12894 4.84306
5.17883 4.84306
5.22873 4.84306
5.27862 4.84306
5.32851 4.84306
5.3784 4.84306
5.42829 4.84306
5.47818 4.84306
5.52807 4.84306
5.57796 4.84306
5.62786 4.84306
5.67775 4.84306
5.72764 4.84306
5.77753 4.84306
5.82742 4.84306
5.87731 4.84306
5.9272 4.84306
5.97709 4.84306
6.02698 4.84306
6.07688 4.84306
6.12677 4.84306
6.17666 4.84306
6.22655 4.84306
6.27644 4.84306
6.32633 4.84306
6.37622 4.84306
6.42611 4.84306
6.47601 4.84306
6.5259 4.84306
6.57579 4.84306
6.62568 4.84306
6.67557 4.84306
9.45038 5.0651
12.2252 5.0651
15.0 5.0651
0.0 0.93502
0.0491672 0.93502
0.0983343 0.975133
0.147501 1.01525
0.196669 1.05536
0.245836 1.09547
0.295003 1.13558
0.34417 1.1757
0.393337 1.21581
0.442504 1.25592
0.491672 1.29603
0.540839 1.33615
0.590006 1.37626
0.639173 1.41637
0.68834 1.45649
0.737507 1.4966
0.786674 1.53671
0.835842 1.57682
0.885009 1.61694
0.934176 1.65705
0.983343 1.69716
1.03251 1.73727
1.08168 1.77739
1.13084 1.8175
1.18001 1.85761
1.23016 1.85761
1.28031 1.90944
1.33046 1.96128
1.38061 2.01311
1.43076 2.06494
1.4809 2.11677
1.53105 2.16861
1.5812 2.22044
1.63135 2.27227
1.6815 2.3241
1.73165 2.37594
1.7818 2.42777
1.83195 2.4796
1.8821 2.53143
1.93224 2.58326
1.98239 2.6351
2.03254 2.68693
2.08269 2.73876
2.13284 2.79059
2.18299 2.84243
2.23314 2.89426
2.28329 2.94609
2.33343 2.99792
2.38358 3.04976
2.43373 3.10159
2.48555 3.10159
2.53737 3.10636
2.58918 3.11114
2.641 3.11591
2.69282 3.12068
2.74463 3.12546
2.79645 3.13023
2.84827 3.13501
2.90008 3.13978
2.9519 3.14455
3.00372 3.14933
3.05553 3.1541
3.10735 3.15887
3.15789 3.15887
3.20843 3.19762
3.25897 3.23636
3.30952 3.27511
3.36006 3.31385
3.4106 3.3526
3.46114 3.39134
3.51168 3.43009
3.56222 3.46883
3.61276 3.50758
3.6633 3.54632
3.71384 3.58507
3.76438 3.62381
3.81492 3.66256
3.86547 3.7013
3.91601 3.74005
3.96655 3.77879
4.01709 3.81754
4.06763 3.85628
4.11817 3.89503
4.16871 3.93377
4.21925 3.97252
4.26979 4.01126
4.32033 4.05001
4.37087 4.08875
4.42142 4.1275
4.47196 4.16624
4.5225 4.20499
4.57304 4.24373
4.62358 4.28248
4.67412 4.32122
4.72466 4.35997
4.7752 4.39871
4.82574 4.43746
4.87628 4.4762
4.92682 4.51495
4.97736 4.55369
5.02791 4.59244
5.07845 4.63118
5.12899 4.66993
5.17953 4.70867
5.23007 4.74742
5.27911 4.74742
5.32815 4.74742
5.37719 4.74742
5.42623 4.74742
5.47527 4.74742
5.52431 4.74742
5.57335 4.74742
5.62239 4.74742
5.67143 4.74742
5.72047 4.74742
5.76951 4.74742
8.07714 6.06326
10.3848 6.06326
12.6924 6.06326
15.0 6.06326
0.0 0.938667
0.049384 0.938667
0.0987679 0.975995
0.148152 1.01332
0.197536 1.05065
0.24692 1.08798
0.296304 1.12531
0.345688 1.16263
0.395072 1.19996
0.444456 1.23729
0.49384 1.27462
0.543224 1.31195
0.592608 1.34927
0.641992 1.3866
0.691376 1.42393
0.740759 1.46126
0.790143 1.49858
0.839527 1.53591
0.888911 1.57324
0.938295 1.61057
0.987679 1.6479
1.03706 1.68522
1.08645 1.72255
1.13583 1.75988
1.18522 1.79721
1.2346 1.83454
1.28398 1.87186
1.33337 1.90919
1.38275 1.94652
1.43214 1.98385
1.48152 2.02117
1.5309 2.0585
1.58029 2.09583
1.62967 2.13316
1.67905 2.17049
1.72826 2.17049
1.77747 2.19253
1.82667 2.21458
1.87588 2.23662
1.92509 2.25866
1.97429 2.28071
2.0235 2.30275
2.07271 2.3248
2.12191 2.34684
2.17112 2.36889
2.22033 2.39093
2.26953 2.41297
2.31874 2.43502
2.36794 2.45706
2.41715 2.47911
2.46636 2.50115
2.51556 2.5232
2.56477 2.54524
2.61398 2.56728
2.66318 2.58933
2.71239 2.61137
2.76287 2.61137
2.81335 2.66217
2.86383 2.71296
2.91431 2.76376
2.96479 2.81455
3.01527 2.86535
3.06575 2.91614
3.11623 2.96694
3.16671 3.01773
3.21719 3.06853
3.26767 3.11932
3.31815 3.17012
3.36863 3.22091
3.41911 3.27171
3.46958 3.3225
3.51959 3.3225
3.56959 3.33216
3.6196 3.34182
3.6696 3.35147
3.7196 3.36113
3.76961 3.37079
3.81961 3.38044
3.86962 3.3901
3.91962 3.39976
3.96962 3.40942
4.01963 3.41907
4.06963 3.42873
4.11964 3.43839
4.16964 3.44804
4.21964 3.4577
4.26965 3.46736
4.31965 3.47701
4.36966 3.48667
4.41966 3.49633
4.46966 3.50599
4.51967 3.51564
4.56967 3.5253
4.61968 3.53496
4.66968 3.54461
4.71968 3.55427
4.77259 3.55427
4.82549 3.55427
4.87839 3.55427
4.9313 3.55427
4.9842 3.55427
5.0371 3.55427
5.09 3.55427
5.14291 3.55427
7.60718 4.24747
10.0715 4.24747
12.5357 4.24747
15.0 4.24747
0.0 0.943772
0.0495508 0.943772
0.0991016 0.982075
0.148652 1.02038
0.198203 1.05868
0.247754 1.09698
0.297305 1.13529
0.346856 1.17359
0.396406 1.21189
0.445957 1.25019
0.495508 1.2885
0.545059 1.3268
0.59461 1.3651
0.64416 1.4034
0.693711 1.44171
0.743262 1.48001
0.792813 1.51831
0.842364 1.55662
0.891914 1.59492
0.941465 1.63322
0.991016 1.67152
1.04057 1.70983
1.09012 1.74813
1.13967 1.78643
1.18922 1.82473
1.23877 1.86304
1.28832 1.90134
1.33787 1.93964
1.38742 1.97795
1.43697 2.01625
1.48652 2.05455
1.53607 2.09285
1.58563 2.13116
1.63518 2.16946
1.68473 2.20776
1.73428 2.24606
1.78461 2.24606
1.83494 2.26149
1.88527 2.27692
1.9356 2.29234
1.98593 2.30777
2.03626 2.3232
2.08659 2.33863
2.13692 2.35405
2.18725 2.36948
2.23758 2.38491
2.28791 2.40033
2.33824 2.41576
2.38857 2.43119
2.43891 2.44661
2.48924 2.46204
2.53957 2.47747
2.5899 2.49289
2.64023 2.50832
2.69056 2.52375
2.74089 2.53918
2.79122 2.5546
2.84155 2.57003
2.89188 2.58546
2.94221 2.60088
2.99254 2.61631
3.04287 2.63174
3.0932 2.64716
3.14188 2.64716
3.19057 2.70297
3.23925 2.75878
3.28793 2.81459
3.33661 2.87039
3.38529 2.9262
3.43398 2.98201
3.48266 3.03782
3.53134 3.09362
3.58002 3.14943
3.6287 3.20524
3.67739 3.26105
3.72607 3.31685
3.7767 3.31685
3.82734 3.32688
3.87797 3.3369
3.92861 3.34693
3.97924 3.35695
4.02988 3.36698
4.08052 3.377
4.13115 3.38703
4.18179 3.39705
4.23242 3.40708
4.28306 3.4171
4.33369 3.42713
4.38433 3.43715
4.43496 3.44718
4.4856 3.4572
4.53623 3.46723
4.58687 3.47725
4.6375 3.48728
4.68814 3.4973
4.73877 3.50733
4.78941 3.51735
4.84004 3.52738
4.89068 3.5374
4.94131 3.54743
4.99195 3.55745
5.04258 3.56748
5.09322 3.5775
5.14425 3.5775
5.19528 3.5775
5.24631 3.5775
5.29733 3.5775
5.34836 3.5775
5.39939 3.5775
5.45042 3.5775
5.50145 3.5775
5.55248 3.5775
5.60351 3.5775
5.65453 3.5775
5.70556 3.5775
5.75659 3.5775
5.80762 3.5775
5.85865 3.5775
5.90968 3.5775
5.96071 3.5775
6.01173 3.5775
8.2588 4.26487
10.5059 4.26487
12.7529 4.26487
15.0 4.26487
0.0 0.932023
0.0494585 0.932023
0.0989169 0.970853
0.148375 1.00968
0.197834 1.04851
0.247292 1.08734
0.296751 1.12617
0.346209 1.165
0.395668 1.20383
0.445126 1.24266
0.494585 1.28149
0.544043 1.32032
0.593502 1.35915
0.64296 1.39798
0.692419 1.43681
0.741877 1.47564
0.791336 1.51447
0.840794 1.5533
0.890253 1.59213
0.939711 1.63096
0.989169 1.66979
1.03863 1.70862
1.08809 1.74745
1.13754 1.78628
1.187 1.82511
1.23646 1.86394
1.28592 1.90277
1.33538 1.9416
1.38484 1.98043
1.4343 2.01926
1.48375 2.05809
1.53321 2.09692
1.58267 2.13575
1.63213 2.17458
1.68159 2.21341
1.73105 2.25224
1.78051 2.29107
1.82996 2.3299
1.87942 2.36873
1.92888 2.40756
1.97834 2.44639
2.0278 2.48522
2.07726 2.52404
2.12671 2.56287
2.17617 2.6017
2.22563 2.64053
2.27509 2.67936
2.32504 2.67936
2.37498 2.73792
2.42493 2.79647
2.47488 2.85503
2.52482 2.91358
2.57477 2.97214
2.62472 3.03069
2.67466 3.08925
2.72461 3.1478
2.77456 3.20636
2.8245 3.26491
2.87445 3.32347
2.9244 3.38202
2.97434 3.44058
3.02429 3.49913
3.07424 3.55769
3.12419 3.61624
3.17413 3.6748
3.22408 3.73335
3.27381 3.73335
3.32355 3.73667
3.37328 3.73998
3.42302 3.74329
3.47275 3.7466
3.52249 3.74992
3.57222 3.75323
3.62196 3.75654
3.67169 3.75985
3.72143 3.76317
3.77116 3.76648
3.8209 3.76979
3.87063 3.77311
3.92037 3.77642
3.9701 3.77973
4.01984 3.78304
4.06957 3.78636
4.11931 3.78967
4.16904 3.79298
4.21878 3.79629
4.26851 3.79961
4.31825 3.80292
4.36798 3.80623
4.41772 3.80955
4.46745 3.81286
4.51719 3.81617
4.56692 3.81948
4.61666 3.8228
4.66639 3.82611
4.71613 3.82942
4.76586 3.83274
4.8156 3.83605
4.86533 3.83936
4.91507 3.84267
4.9648 3.84599
5.01454 3.8493
5.06456 3.8493
5.11458 3.85228
5.1646 3.85526
5.21462 3.85824
5.26465 3.86122
5.31467 3.8642
5.36469 3.86718
5.41471 3.87016
5.46473 3.87314
5.51475 3.87612
5.56477 3.87911
5.61479 3.88209
5.66482 3.88507
5.71484 3.88805
5.76486 3.89103
5.81488 3.89401
5.8649 3.89699
5.91492 3.89997
5.96494 3.90295
6.01496 3.90593
6.06498 3.90891
6.11501 3.91189
6.16503 3.91487
6.21505 3.91785
6.26507 3.92083
6.31509 3.92382
6.36511 3.9268
6.41513 3.92978
6.46515 3.93276
6.51517 3.93574
6.5652 3.93872
6.61522 3.9417
6.66524 3.94468
6.71526 3.94766
6.76528 3.95064
6.8153 3.95362
6.86532 3.9566
6.91679 3.9566
6.96826 3.9566
7.01973 3.9566
7.07119 3.9566
7.12266 3.9566
7.17413 3.9566
7.2256 3.9566
7.27706 3.9566
7.32853 3.9566
7.38 3.9566
7.43147 3.9566
7.48293 3.9566
7.5344 3.9566
7.58587 3.9566
7.63734 3.9566
7.68881 3.9566
10.1259 4.51851
12.5629 4.51851
15.0 4.51851
0.0 0.929558
0.0500411 0.929558
0.100082 0.968848
0.150123 1.00814
0.200164 1.04743
0.250205 1.08672
0.300246 1.12601
0.350287 1.1653
0.400328 1.20459
0.450369 1.24388
0.500411 1.28317
0.550452 1.32245
0.600493 1.36174
0.650534 1.40103
0.700575 1.44032
0.750616 1.47961
0.800657 1.5189
0.850698 1.55819
0.900739 1.59748
0.95078 1.63677
1.00082 1.67606
1.05086 1.71535
1.1009 1.75464
1.15094 1.79393
1.20099 1.83322
1.25103 1.87251
1.30107 1.9118
1.35111 1.95109
1.40115 1.99038
1.45119 2.02967
1.50123 2.06896
1.55127 2.10825
1.60131 2.14754
1.65135 2.18683
1.70036 2.18683
1.74936 2.21197
1.79836 2.23712
1.84737 2.26227
1.89637 2.28742
1.94537 2.31256
1.99437 2.33771
2.04338 2.36286
2.09238 2.38801
2.14138 2.41315
2.19038 2.4383
2.23939 2.46345
2.28839 2.4886
2.33739 2.51374
2.38639 2.53889
2.4354 2.56404
2.4844 2.58919
2.5334 2.61433
2.5824 2.63948
2.63141 2.66463
2.68041 2.68978
2.72941 2.71492
2.77873 2.71492
2.82805 2.75109
2.87736 2.78726
2.92668 2.82342
2.976 2.85959
3.02532 2.89576
3.07463 2.93193
3.12395 2.96809
3.17327 3.00426
3.22259 3.04043
3.2719 3.07659
3.32122 3.11276
3.37054 3.14893
3.41986 3.1851
3.46917 3.22126
3.51849 3.25743
3.56781 3.2936
3.61713 3.32977
3.66645 3.36593
3.71576 3.4021
3.76628 3.4021
3.81679 3.41143
3.8673 3.42077
3.91781 3.4301
3.96833 3.43944
4.01884 3.44877
4.06935 3.45811
4.11986 3.46744
4.17038 3.47678
4.22089 3.48611
4.2714 3.49545
4.32191 3.50478
4.37243 3.51412
4.42294 3.52345
4.47345 3.53278
4.52397 3.54212
4.57448 3.55145
4.62499 3.56079
4.67504 3.56079
4.7251 3.56079
4.77515 3.56079
4.82521 3.56079
4.87526 3.56079
4.92531 3.56079
4.97537 3.56079
5.02542 3.56079
5.07548 3.56079
5.12553 3.56079
5.17558 3.56079
5.22564 3.56079
5.27569 3.56079
5.32575 3.56079
5.3758 3.56079
5.42585 3.56079
5.47591 3.56079
5.52596 3.56079
5.57601 3.56079
5.62607 3.56079
5.67612 3.56079
5.72618 3.56079
5.77623 3.56079
5.82628 3.56079
5.87634 3.56079
5.92639 3.56079
5.97645 3.56079
6.0265 3.56079
6.07655 3.56079
6.12661 3.56079
6.17666 3.56079
6.22671 3.56079
6.27677 3.56079
6.32682 3.56079
6.37688 3.56079
6.42693 3.56079
6.47698 3.56079
6.52704 3.56079
6.57709 3.56079
6.62715 3.56079
6.6772 3.56079
6.72725 3.56079
9.48484 4.28693
12.2424 4.28693
15.0 4.28693
0.0 0.941804
0.0499536 0.941804
0.0999072 0.980608
0.149861 1.01941
0.199814 1.05822
0.249768 1.09702
0.299722 1.13582
0.349675 1.17463
0.399629 1.21343
0.449582 1.25224
0.499536 1.29104
0.54949 1.32984
0.599443 1.36865
0.649397 1.40745
0.69935 1.44626
0.749304 1.48506
0.799257 1.52386
0.849211 1.56267
0.899165 1.60147
0.949118 1.64028
0.999072 1.67908
1.04903 1.71788
1.09898 1.75669
1.14893 1.79549
1.19889 1.8343
1.24884 1.8731
1.29879 1.9119
1.34875 1.95071
1.3987 1.98951
1.44865 2.02832
1.49861 2.06712
1.54856 2.10592
1.59851 2.14473
1.64847 2.18353
1.69842 2.22234
1.74838 2.26114
1.79833 2.29994
1.84828 2.33875
1.89824 2.37755
1.94819 2.41636
1.99814 2.45516
2.0481 2.49397
2.09805 2.53277
2.148 2.57157
2.19796 2.61038
2.24791 2.64918
2.29787 2.68799
2.34782 2.72679
2.39777 2.76559
2.44783 2.76559
2.49789 2.99796
2.54795 3.23033
2.59801 3.4627
2.64807 3.69506
2.69812 3.92743
2.74855 3.92743
2.79898 3.92927
2.84941 3.93112
2.89984 3.93296
2.95026 3.9348
3.00069 3.93665
3.05112 3.93849
3.10155 3.94033
3.15197 3.94218
3.2024 3.94402
3.25283 3.94586
3.30326 3.94771
3.35369 3.94955
3.40411 3.95139
3.45454 3.95323
3.50497 3.95508
3.5554 3.95692
3.60582 3.95876
3.65625 3.96061
3.70668 3.96245
3.75711 3.96429
3.80754 3.96614
3.85796 3.96798
3.90839 3.96982
3.95882 3.97167
4.00925 3.97351
4.05967 3.97535
4.1101 3.9772
4.16053 3.97904
4.21096 3.98088
4.26139 3.98273
4.31181 3.98457
4.36224 3.98641
4.41267 3.98826
4.4631 3.9901
4.51352 3.99194
4.56395 3.99379
4.61438 3.99563
4.66481 3.99747
4.71524 3.99932
4.76566 4.00116
4.81609 4.003
4.86652 4.00484
4.91695 4.00669
4.96737 4.00853
5.0178 4.01037
5.06823 4.01222
5.11866 4.01406
5.16909 4.0159
5.21951 4.01775
5.26994 4.01959
5.32037 4.02143
5.3708 4.02328
5.42122 4.02512
5.47165 4.02696
5.52202 4.02696
5.57238 4.0281
5.62275 4.02924
5.67311 4.03038
5.72348 4.03152
5.77384 4.03266
5.8242 4.0338
5.87457 4.03494
5.92493 4.03608
5.9753 4.03722
6.02566 4.03836
6.07603 4.0395
6.12639 4.04064
6.17676 4.04178
6.22712 4.04292
6.27749 4.04406
6.32785 4.0452
6.37821 4.04634
6.42858 4.04747
6.47894 4.04861
6.52931 4.04975
6.57967 4.05089
6.63004 4.05203
6.6804 4.05317
6.73077 4.05431
6.78113 4.05545
6.8315 4.05659
6.88186 4.05773
6.93223 4.05887
6.98259 4.06001
7.03295 4.06115
7.08332 4.06229
7.13368 4.06343
7.18405 4.06457
7.23441 4.06571
7.28478 4.06685
7.33619 4.06685
7.3876 4.06685
7.43901 4.06685
7.49042 4.06685
7.54183 4.06685
7.59324 4.06685
7.64465 4.06685
7.69606 4.06685
7.74747 4.06685
7.79888 4.06685
7.85029 4.06685
7.9017 4.06685
7.95311 4.06685
10.3021 4.60128
12.651 4.60128
15.0 4.60128
0.0 0.914046
0.0494977 0.914046
0.0989954 0.957497
0.148493 1.00095
0.197991 1.0444
0.247488 1.08785
0.296986 1.1313
0.346484 1.17475
0.395981 1.2182
0.445479 1.26165
0.494977 1.3051
0.544475 1.34856
0.593972 1.39201
0.64347 1.43546
0.692968 1.47891
0.742465 1.52236
0.791963 1.56581
0.841461 1.60926
0.890958 1.65271
0.940456 1.69616
0.989954 1.73961
1.03945 1.78307
1.08895 1.82652
1.13845 1.86997
1.18794 1.91342
1.23744 1.95687
1.28694 2.00032
1.3367 2.00032
1.38647 2.04002
1.43623 2.07971
1.486 2.11941
1.53576 2.1591
1.58553 2.1988
1.63529 2.23849
1.68506 2.27819
1.73482 2.31788
1.78458 2.35758
1.83435 2.39728
1.88411 2.43697
1.93388 2.47667
1.98364 2.51636
2.03341 2.55606
2.08317 2.59575
2.13294 2.63545
2.1827 2.67514
2.23247 2.71484
2.28223 2.75453
2.33199 2.79423
2.38176 2.83392
2.43152 2.87362
2.48129 2.91332
2.53105 2.95301
2.58082 2.99271
2.63058 3.0324
2.68116 3.0324
2.73175 3.03818
2.78233 3.04396
2.83291 3.04974
2.88349 3.05551
2.93408 3.06129
2.98466 3.06707
3.03524 3.07285
3.08582 3.07862
3.13641 3.0844
3.18699 3.09018
3.23757 3.09596
3.28815 3.10174
3.33874 3.10751
3.38932 3.11329
3.4399 3.11907
3.49048 3.12485
3.54107 3.13062
3.59165 3.1364
3.64223 3.14218
3.69281 3.14796
3.7434 3.15373
3.79398 3.15951
3.84456 3.16529
3.89514 3.17107
3.94573 3.17685
3.99631 3.18262
4.04689 3.1884
4.09747 3.19418
4.14806 3.19996
4.19864 3.20573
4.24922 3.21151
4.29981 3.21729
4.35039 3.22307
4.40097 3.22885
4.45155 3.23462
4.50279 3.23462
4.55403 3.34323
4.60527 3.45183
4.65651 3.56044
4.70775 3.66905
4.75899 3.77765
4.81023 3.88626
4.86147 3.99486
4.91271 4.10347
4.96396 4.21207
5.0152 4.32068
5.06644 4.42928
5.11768 4.53789
5.16892 4.6465
5.22016 4.7551
5.2714 4.86371
5.32071 4.86371
5.37003 4.86371
5.41934 4.86371
5.46866 4.86371
5.51798 4.86371
5.56729 4.86371
5.61661 4.86371
5.66592 4.86371
5.71524 4.86371
5.76455 4.86371
5.81387 4.86371
5.86319 4.86371
5.9125 4.86371
5.96182 4.86371
6.01113 4.86371
6.06045 4.86371
6.10977 4.86371
6.15908 4.86371
6.2084 4.86371
6.25771 4.86371
6.30703 4.86371
6.35635 4.86371
6.40566 4.86371
9.27044 6.09353
12.1352 6.09353
15.0 6.09353
0.0 0.940682
0.0502897 0.940682
0.100579 0.978538
0.150869 1.01639
0.201159 1.05425
0.251449 1.09211
0.301738 1.12996
0.352028 1.16782
0.402318 1.20567
0.452608 1.24353
0.502897 1.28138
0.553187 1.31924
0.603477 1.3571
0.653766 1.39495
0.704022 1.39495
0.754278 1.49455
0.804534 1.59414
0.85479 1.69373
0.905046 1.79333
0.955302 1.89292
1.00556 1.99251
1.05581 2.09211
1.10607 2.1917
1.15633 2.2913
1.20658 2.39089
1.25684 2.49048
1.30709 2.59008
1.35735 2.68967
1.4076 2.78926
1.45786 2.88886
1.50812 2.98845
1.55803 2.98845
1.60795 3.01395
1.65787 3.03945
1.70778 3.06495
1.7577 3.09045
1.80762 3.11595
1.85753 3.14145
1.90745 3.16695
1.95737 3.19245
2.00728 3.21795
2.0572 3.24345
2.10712 3.26896
2.15703 3.29446
2.20695 3.31996
2.25687 3.34546
2.30679 3.37096
2.3567 3.39646
2.40662 3.42196
2.45654 3.44746
2.50575 3.44746
2.55496 3.50047
2.60418 3.55348
2.65339 3.60649
2.70261 3.6595
2.75182 3.71251
2.80104 3.76552
2.85025 3.81853
2.89947 3.87154
2.94868 3.92455
2.9979 3.97756
3.04711 4.03057
3.09633 4.08358
3.14554 4.13659
3.19475 4.1896
3.24397 4.24261
3.29318 4.29562
3.3424 4.34863
3.39161 4.40164
3.44083 4.45465
3.49004 4.50766
3.53926 4.56067
3.58847 4.61368
3.63769 4.66669
3.6869 4.7197
3.73639 4.7197
3.78587 4.7197
3.83536 4.7197
3.88484 4.7197
3.93433 4.7197
3.98382 4.7197
4.0333 4.7197
4.08279 4.7197
4.13228 4.7197
4.18176 4.7197
4.23125 4.7197
4.28073 4.7197
4.33022 4.7197
4.37971 4.7197
4.42919 4.7197
4.47868 4.7197
4.52816 4.7197
4.57765 4.7197
4.62714 4.7197
4.67662 4.7197
4.72611 4.7197
4.77559 4.7197
4.82508 4.7197
4.87457 4.7197
4.92405 4.7197
4.97354 4.7197
5.02303 4.7197
5.07251 4.7197
5.122 4.7197
5.17148 4.7197
5.22097 4.7197
5.27046 4.7197
5.31994 4.7197
5.36943 4.7197
5.41891 4.7197
5.4684 4.7197
5.51789 4.7197
7.88841 6.01185
10.2589 6.01185
12.6295 6.01185
15.0 6.01185
0.0 0.91998
0.0498319 0.91998
0.0996638 0.963472
0.149496 1.00696
0.199328 1.05046
0.249159 1.09395
0.298991 1.13744
0.348823 1.18093
0.398655 1.22442
0.448487 1.26792
0.498319 1.31141
0.548151 1.3549
0.597983 1.39839
0.647548 1.39839
0.697113 1.55132
0.746678 1.70424
0.796244 1.85717
0.845809 2.0101
0.895374 2.16302
0.944939 2.31595
0.994505 2.46888
1.04407 2.6218
1.09364 2.77473
1.1432 2.92766
1.19326 2.92766
1.24331 2.95961
1.29337 2.99155
1.34343 3.0235
1.39349 3.05545
1.44354 3.0874
1.4936 3.11935
1.54366 3.1513
1.59372 3.18324
1.64377 3.21519
1.69383 3.24714
1.74389 3.27909
1.79394 3.31104
1.844 3.34299
1.89406 3.37494
1.94412 3.40688
1.99417 3.43883
2.0429 3.43883
2.09162 3.55764
2.14034 3.67645
2.18907 3.79525
2.23779 3.91406
2.28651 4.03287
2.33523 4.15168
2.38396 4.27048
2.43268 4.38929
2.4814 4.5081
2.53013 4.62691
2.57885 4.74572
2.62872 4.74572
2.67859 4.74572
2.72846 4.74572
2.77833 4.74572
2.8282 4.74572
2.87807 4.74572
2.92794 4.74572
2.97781 4.74572
3.02768 4.74572
3.07755 4.74572
3.12742 4.74572
3.17729 4.74572
3.22717 4.74572
3.27704 4.74572
3.32691 4.74572
3.37678 4.74572
3.42665 4.74572
3.47652 4.74572
3.52639 4.74572
3.57626 4.74572
3.62613 4.74572
3.676 4.74572
3.72587 4.74572
3.77574 4.74572
3.82561 4.74572
3.87548 4.74572
3.92535 4.74572
3.97522 4.74572
4.02509 4.74572
4.07496 4.74572
4.12483 4.74572
4.1747 4.74572
4.22458 4.74572
4.27445 4.74572
6.95583 5.98957
9.63722 5.98957
12.3186 5.98957
15.0 5.98957
0.0 0.944565
0.0505528 0.944565
0.101106 0.978046
0.151658 1.01153
0.202211 1.04501
0.252764 1.07849
0.303317 1.11197
0.353869 1.14545
0.404422 1.17894
0.454975 1.21242
0.505528 1.2459
0.556081 1.27938
0.606633 1.31286
0.657362 1.31286
0.708091 1.82804
0.758819 2.34321
0.809548 2.85839
0.859485 2.85839
0.909422 2.91317
0.959359 2.96795
1.0093 3.02274
1.05923 3.07752
1.10917 3.1323
1.15911 3.18708
1.20904 3.24186
1.25898 3.29664
1.30892 3.35143
1.35885 3.40621
1.41099 3.40621
1.46312 3.5317
1.51526 3.6572
1.56739 3.78269
1.61953 3.90819
1.67166 4.03369
1.7238 4.15918
1.77593 4.28468
1.82807 4.41017
1.8802 4.53567
1.93234 4.66116
1.98274 4.66116
2.03315 4.66116
2.08356 4.66116
2.13396 4.66116
2.18437 4.66116
2.23478 4.66116
2.28518 4.66116
2.33559 4.66116
2.38599 4.66116
2.4364 4.66116
2.48681 4.66116
2.53721 4.66116
2.58762 4.66116
2.63803 4.66116
2.68843 4.66116
2.73884 4.66116
2.78925 4.66116
5.2314 6.00476
7.67355 6.00476
10.1157 6.00476
12.5578 6.00476
15.0 6.00476
0.0 0.959099
0.0524807 0.959099
0.104961 0.993848
0.157442 1.0286
0.209923 1.06335
0.262404 1.09809
0.314884 1.13284
0.367365 1.16759
0.419846 1.20234
0.471498 1.20234
0.52315 1.28263
0.574802 1.36291
0.626454 1.4432
0.678106 1.52348
0.7273 1.52348
0.776494 1.59947
0.825687 1.67545
0.874881 1.75144
0.924074 1.82742
0.973268 1.90341
1.02246 1.9794
1.07165 2.05538
1.12085 2.13137
1.17004 2.20735
1.21924 2.28334
1.26843 2.35933
1.31762 2.43531
1.36682 2.5113
1.41601 2.58728
1.4652 2.66327
1.5144 2.73925
1.56359 2.81524
1.61278 2.89123
1.66198 2.96721
1.71117 3.0432
1.76036 3.11918
1.80956 3.19517
1.85875 3.27116
1.90795 3.34714
1.95906 3.34714
2.01018 3.40567
2.0613 3.4642
2.11242 3.52273
2.16354 3.58126
2.21466 3.63979
2.26578 3.69831
2.3169 3.75684
2.36802 3.81537
2.41914 3.8739
2.47026 3.93243
2.52137 3.99096
2.57249 4.04949
2.62299 4.04949
2.67349 4.04949
2.72399 4.04949
2.77448 4.04949
2.82498 4.04949
2.87548 4.04949
2.92598 4.04949
2.97647 4.04949
3.02697 4.04949
3.07747 4.04949
3.12796 4.04949
3.17846 4.04949
3.22896 4.04949
3.27946 4.04949
3.32995 4.04949
3.38045 4.04949
3.43095 4.04949
3.48145 4.04949
3.53194 4.04949
5.82555 4.67926
8.11917 4.67926
10.4128 4.67926
12.7064 4.67926
15.0 4.67926
0.0 0.996248
0.0509759 0.996248
0.101952 1.0095
0.152928 1.02276
0.203903 1.03601
0.254879 1.04927
0.305319 1.04927
0.355759 1.10683
0.406199 1.16439
0.456639 1.22195
0.507079 1.27952
0.557519 1.33708
0.607959 1.39464
0.658399 1.4522
0.710465 1.4522
0.762532 1.6611
0.814598 1.86999
0.866665 2.07889
0.918731 2.28778
0.970798 2.49668
1.02286 2.70557
1.07493 2.91447
1.127 3.12336
1.17906 3.33226
1.22837 3.33226
1.27767 3.36413
1.32697 3.396
1.37628 3.42787
1.42558 3.45974
1.47488 3.49161
1.52419 3.52349
1.57349 3.55536
1.62279 3.58723
1.6721 3.6191
1.7214 3.65097
1.7707 3.68284
1.82001 3.71471
1.86931 3.74658
1.91861 3.77845
1.96792 3.81032
2.01722 3.8422
2.06652 3.87407
2.11583 3.90594
2.16513 3.93781
2.21443 3.96968
2.26374 4.00155
2.31304 4.03342
2.36234 4.06529
2.41165 4.09716
2.46095 4.12903
2.51121 4.12903
2.56147 4.12903
2.61173 4.12903
2.66199 4.12903
2.71225 4.12903
2.76251 4.12903
2.81277 4.12903
2.86303 4.12903
2.91329 4.12903
5.33063 4.79262
7.74797 4.79262
10.1653 4.79262
12.5827 4.79262
15.0 4.79262
0.0 0.954252
0.0462542 0.954252
0.0925083 0.974635
0.138762 0.995019
0.185017 1.0154
0.231271 1.03578
0.277525 1.05617
0.332152 1.05617
0.386779 1.14639
0.441406 1.23662
0.496033 1.32684
0.55066 1.41707
0.598928 1.41707
0.647195 1.58507
0.695463 1.75307
0.74373 1.92108
0.791998 2.08908
0.840266 2.25708
0.888533 2.42508
0.936801 2.59309
0.985068 2.76109
1.03334 2.92909
1.0816 3.0971
1.12987 3.2651
1.17814 3.4331
1.2285 3.4331
1.27886 3.47736
1.32923 3.52161
1.37959 3.56587
1.42995 3.61013
1.48032 3.65438
1.53068 3.69864
1.58104 3.7429
1.63141 3.78715
1.68177 3.83141
1.73213 3.87567
1.7825 3.91992
1.83286 3.96418
1.88322 4.00844
1.93359 4.05269
1.98395 4.09695
2.03431 4.14121
2.08565 4.14121
2.13699 4.14121
2.18833 4.14121
2.23967 4.14121
2.29101 4.14121
2.34235 4.14121
4.87388 4.77967
7.40541 4.77967
9.93694 4.77967
12.4685 4.77967
15.0 4.77967
0.0 0.911664
0.0505066 0.911664
0.101013 0.956773
0.15152 1.00188
0.202026 1.04699
0.252533 1.0921
0.303039 1.13721
0.353546 1.18232
0.404053 1.22742
0.454559 1.27253
0.505066 1.31764
0.555572 1.36275
0.606079 1.40786
0.656585 1.45297
0.707092 1.49808
0.757599 1.54318
0.808105 1.58829
0.858612 1.6334
0.909118 1.67851
0.959625 1.72362
1.01013 1.76873
1.06064 1.81384
1.11114 1.85894
1.16165 1.90405
1.21216 1.94916
1.26266 1.99427
1.31317 2.03938
1.36442 2.03938
1.41566 2.04725
1.46691 2.05512
1.51815 2.06298
1.5694 2.07085
1.62065 2.07872
1.67189 2.08659
1.72314 2.09446
1.77438 2.10233
1.82563 2.1102
1.87688 2.11807
1.92812 2.12594
1.97818 2.12594
2.02823 2.13731
2.07829 2.14868
2.12834 2.16005
2.1784 2.17142
2.22846 2.18279
2.27851 2.19417
2.32857 2.20554
2.37862 2.21691
2.42868 2.22828
2.47873 2.23965
2.52879 2.25102
2.57884 2.2624
2.6289 2.27377
2.67895 2.28514
2.72901 2.29651
2.77906 2.30788
2.82912 2.31925
2.87917 2.33062
2.92923 2.342
2.97929 2.35337
3.02934 2.36474
3.0794 2.37611
3.12945 2.38748
3.17951 2.39885
3.22956 2.41023
3.27962 2.4216
3.32967 2.43297
3.37973 2.44434
3.42978 2.45571
3.47984 2.46708
3.52989 2.47846
3.57995 2.48983
3.63 2.5012
3.68006 2.51257
3.73012 2.52394
3.78017 2.53531
3.83023 2.54669
3.88028 2.55806
3.93034 2.56943
3.98039 2.5808
4.03045 2.59217
4.0805 2.60354
4.13056 2.61492
4.18061 2.62629
4.23067 2.63766
4.28072 2.64903
4.33078 2.6604
4.38104 2.6604
4.43131 2.68
4.48157 2.69959
4.53183 2.71918
4.58209 2.73877
4.63236 2.75836
4.68262 2.77796
4.73288 2.79755
4.78315 2.81714
4.83341 2.83673
4.88367 2.85633
4.93394 2.87592
4.9842 2.89551
5.03446 2.9151
5.08473 2.9347
5.13499 2.95429
5.18525 2.97388
5.23552 2.99347
5.28578 3.01306
5.33604 3.03266
5.3863 3.05225
5.43657 3.07184
5.48683 3.09143
5.53709 3.11103
5.58736 3.13062
5.63762 3.15021
5.68788 3.1698
5.73815 3.1894
5.78841 3.20899
5.83867 3.22858
5.88894 3.24817
5.9392 3.26776
5.98946 3.28736
6.03973 3.30695
6.08999 3.32654
6.14025 3.34613
6.19051 3.36573
6.24078 3.38532
6.29104 3.40491
6.3413 3.4245
6.39157 3.4441
6.44183 3.46369
6.49209 3.48328
6.54236 3.50287
6.59262 3.52246
6.64288 3.54206
6.69315 3.56165
6.74341 3.58124
6.79367 3.60083
6.84563 3.60083
6.89758 3.60083
6.94953 3.60083
7.00148 3.60083
7.05344 3.60083
7.10539 3.60083
7.15734 3.60083
7.2093 3.60083
7.26125 3.60083
7.3132 3.60083
9.87547 6.14333
12.4377 6.14333
15.0 6.14333
0.0 0.945841
0.0476333 0.945841
0.0952666 0.978227
0.1429 1.01061
0.190533 1.043
0.238166 1.07539
0.2858 1.10777
0.333433 1.14016
0.381066 1.17254
0.429593 1.17254
0.478119 1.24445
0.526645 1.31635
0.575172 1.38826
0.623698 1.46016
0.672225 1.53207
0.720751 1.60397
0.769552 1.60397
0.818352 1.87655
0.867153 2.14913
0.915953 2.42171
0.964754 2.69429
1.01355 2.96687
1.06236 3.23945
1.11116 3.51203
1.16001 3.51203
1.20886 3.57938
1.25772 3.64673
1.30657 3.71408
1.35542 3.78143
1.40428 3.84878
1.45313 3.91612
1.50198 3.98347
1.55084 4.05082
1.59969 4.11817
1.64937 4.11817
1.69905 4.11817
1.74873 4.11817
1.79841 4.11817
1.84809 4.11817
1.89777 4.11817
1.94745 4.11817
1.99713 4.11817
2.04681 4.11817
2.09649 4.11817
2.14617 4.11817
2.19585 4.11817
2.24553 4.11817
2.29521 4.11817
2.34489 4.11817
2.39457 4.11817
2.44425 4.11817
2.49393 4.11817
4.99515 4.85853
7.49636 4.85853
9.99757 4.85853
12.4988 4.85853
15.0 4.85853
0.0 0.937229
0.050352 0.937229
0.100704 0.974684
0.151056 1.01214
0.201408 1.04959
0.25176 1.08705
0.302112 1.12451
0.352464 1.16196
0.402816 1.19942
0.453168 1.23687
0.50352 1.27433
0.553872 1.31178
0.604224 1.34924
0.654576 1.38669
0.704928 1.42415
0.75528 1.4616
0.805632 1.49906
0.855984 1.53651
0.906336 1.57397
0.956688 1.61142
1.00704 1.64888
1.05739 1.68633
1.10774 1.72379
1.1581 1.76125
1.20845 1.7987
1.2588 1.83616
1.30915 1.87361
1.3595 1.91107
1.40986 1.94852
1.46021 1.98598
1.51056 2.02343
1.56031 2.02343
1.61006 2.03002
1.65981 2.03661
1.70956 2.0432
1.7593 2.04978
1.80905 2.05637
1.8588 2.06296
1.90855 2.06955
1.9583 2.07614
2.00805 2.08272
2.0578 2.08931
2.10755 2.0959
2.1573 2.10249
2.20704 2.10907
2.25679 2.11566
2.30654 2.12225
2.35629 2.12884
2.40604 2.13543
2.45579 2.14201
2.50554 2.1486
2.55529 2.15519
2.60504 2.16178
2.65478 2.16837
2.70453 2.17495
2.75428 2.18154
2.80403 2.18813
2.85378 2.19472
2.90353 2.20131
2.95328 2.20789
3.00303 2.21448
3.05277 2.22107
3.10252 2.22766
3.15227 2.23424
3.20202 2.24083
3.25177 2.24742
3.30152 2.25401
3.35127 2.2606
3.40102 2.26718
3.45077 2.27377
3.50051 2.28036
3.55026 2.28695
3.60001 2.29354
3.64976 2.30012
3.69852 2.30012
3.74727 2.33401
3.79603 2.36791
3.84479 2.4018
3.89354 2.43569
3.9423 2.46958
3.99106 2.50347
4.03981 2.53736
4.08857 2.57125
4.13732 2.60514
4.18608 2.63903
4.23484 2.67292
4.28359 2.70682
4.33235 2.74071
4.38237 2.74071
4.43239 2.76463
4.48241 2.78856
4.53243 2.81248
4.58245 2.83641
4.63247 2.86033
4.68249 2.88425
4.73251 2.90818
4.78253 2.9321
4.83255 2.95603
4.88257 2.97995
4.93258 3.00388
4.9826 3.0278
5.03262 3.05173
5.08264 3.07565
5.13266 3.09958
5.18268 3.1235
5.2327 3.14742
5.28272 3.17135
5.33274 3.19527
5.38276 3.2192
5.43278 3.24312
5.4828 3.26705
5.53282 3.29097
5.58284 3.3149
5.63286 3.33882
5.68288 3.36275
5.7329 3.38667
5.78292 3.4106
5.83294 3.43452
5.88296 3.45844
5.93298 3.48237
5.983 3.50629
6.03302 3.53022
6.08304 3.55414
6.13306 3.57807
6.18307 3.60199
6.23628 3.60199
6.28948 3.60199
6.34268 3.60199
6.39588 3.60199
6.44908 3.60199
6.50228 3.60199
9.33486 6.05473
12.1674 6.05473
15.0 6.05473
0.0 0.928992
0.0508014 0.928992
0.101603 0.970301
0.152404 1.01161
0.203206 1.05292
0.254007 1.09423
0.304808 1.13554
0.35561 1.17685
0.406411 1.21816
0.457213 1.25946
0.508014 1.30077
0.558815 1.34208
0.609617 1.38339
0.660418 1.4247
0.71122 1.46601
0.762021 1.50732
0.812822 1.54863
0.863624 1.58994
0.914425 1.63125
0.965226 1.67256
1.01603 1.71387
1.06683 1.75517
1.11763 1.79648
1.16843 1.83779
1.21923 1.8791
1.27003 1.92041
1.32084 1.96172
1.37164 2.00303
1.42244 2.04434
1.47275 2.04434
1.52307 2.05129
1.57338 2.05824
1.62369 2.06519
1.674 2.07214
1.72432 2.07909
1.77463 2.08604
1.82494 2.09299
1.87526 2.09994
1.92557 2.10689
1.97588 2.11384
2.0262 2.12079
2.07651 2.12774
2.12682 2.13469
2.17713 2.14164
2.22745 2.14859
2.27776 2.15554
2.32807 2.16249
2.37839 2.16944
2.4287 2.17639
2.47901 2.18334
2.52933 2.19029
2.57964 2.19724
2.62995 2.20419
2.68026 2.21114
2.73058 2.2181
2.78089 2.22505
2.8312 2.232
2.88152 2.23895
2.93183 2.2459
2.98214 2.25285
3.03246 2.2598
3.08277 2.26675
3.13308 2.2737
3.18339 2.28065
3.23371 2.2876
3.28402 2.29455
3.33433 2.3015
3.38465 2.30845
3.43496 2.3154
3.48527 2.32235
3.53559 2.3293
3.5859 2.33625
3.63621 2.3432
3.68652 2.35015
3.73682 2.35015
3.78712 2.36447
3.83741 2.3788
3.88771 2.39312
3.938 2.40744
3.9883 2.42176
4.0386 2.43609
4.08889 2.45041
4.13919 2.46473
4.18948 2.47905
4.23978 2.49338
4.29007 2.5077
4.34037 2.52202
4.39067 2.53634
4.44096 2.55066
4.49126 2.56499
4.54155 2.57931
4.59185 2.59363
4.64214 2.60795
4.69244 2.62228
4.74274 2.6366
4.79303 2.65092
4.84333 2.66524
4.89362 2.67957
4.94208 2.67957
4.99055 2.77199
5.03901 2.8644
5.08747 2.95682
5.13593 3.04924
5.18439 3.14166
5.23285 3.23408
5.28131 3.3265
5.32977 3.41892
5.37823 3.51134
5.42669 3.60375
5.47561 3.60375
5.52453 3.60375
5.57346 3.60375
5.62238 3.60375
5.6713 3.60375
5.72022 3.60375
5.76914 3.60375
5.81806 3.60375
5.86698 3.60375
5.9159 3.60375
5.96482 3.60375
6.01374 3.60375
6.06266 3.60375
6.11158 3.60375
6.1605 3.60375
8.37037 6.06983
10.5802 6.06983
12.7901 6.06983
15.0 6.06983
0.0 0.94125
0.0492654 0.94125
0.0985307 0.977957
0.147796 1.01466
0.197061 1.05137
0.246327 1.08808
0.295592 1.12479
0.344857 1.16149
0.394123 1.1982
0.443388 1.23491
0.492654 1.27161
0.541919 1.30832
0.591184 1.34503
0.64045 1.38174
0.689715 1.41844
0.73898 1.45515
0.788246 1.49186
0.837511 1.52856
0.886776 1.56527
0.936042 1.60198
0.985307 1.63869
1.03457 1.67539
1.08384 1.7121
1.1331 1.74881
1.18237 1.78552
1.23163 1.82222
1.2809 1.85893
1.33016 1.89564
1.37943 1.93234
1.4287 1.96905
1.47927 1.96905
1.52984 1.97694
1.58041 1.98483
1.63098 1.99272
1.68155 2.00061
1.73213 2.0085
1.7827 2.01639
1.83327 2.02428
1.88384 2.03217
1.93441 2.04006
1.98498 2.04795
2.03556 2.05584
2.08613 2.06373
2.1367 2.07162
2.18727 2.07951
2.23784 2.0874
2.28841 2.09529
2.33899 2.10318
2.38956 2.11107
2.44013 2.11896
2.4907 2.12685
2.54127 2.13474
2.59184 2.14263
2.64242 2.15052
2.69299 2.15841
2.74356 2.1663
2.79413 2.17419
2.8447 2.18208
2.89527 2.18997
2.94585 2.19786
2.99642 2.20575
3.04699 2.21364
3.09756 2.22153
3.14813 2.22942
3.19871 2.23731
3.24928 2.2452
3.29985 2.2531
3.35042 2.26099
3.40174 2.26099
3.45306 2.30567
3.50438 2.35035
3.5557 2.39503
3.60702 2.43972
3.65834 2.4844
3.70966 2.52908
3.76098 2.57377
3.8123 2.61845
3.86362 2.66313
3.91415 2.66313
3.96469 2.71195
4.01522 2.76076
4.06575 2.80958
4.11628 2.85839
4.16681 2.9072
4.21734 2.95602
4.26787 3.00483
4.3184 3.05365
4.36893 3.10246
4.41946 3.15127
4.47 3.20009
4.52053 3.2489
4.57106 3.29772
4.62159 3.34653
4.67212 3.39534
4.72265 3.44416
4.77318 3.49297
4.82371 3.54179
4.87424 3.5906
4.92451 3.5906
4.97477 3.5906
5.02504 3.5906
5.07531 3.5906
5.12557 3.5906
5.17584 3.5906
5.2261 3.5906
5.27637 3.5906
5.32663 3.5906
5.3769 3.5906
5.42716 3.5906
5.47743 3.5906
5.5277 3.5906
5.57796 3.5906
5.62823 3.5906
5.67849 3.5906
5.72876 3.5906
5.77902 3.5906
5.82929 3.5906
5.87955 3.5906
5.92982 3.5906
5.98009 3.5906
6.03035 3.5906
6.08062 3.5906
6.13088 3.5906
6.18115 3.5906
6.23141 3.5906
6.28168 3.5906
6.33194 3.5906
6.38221 3.5906
6.43248 3.5906
9.28832 6.05964
12.1442 6.05964
15.0 6.05964
0.0 0.92518
0.0493611 0.92518
0.0987223 0.96738
0.148083 1.00958
0.197445 1.05178
0.246806 1.09398
0.296167 1.13618
0.345528 1.17838
0.394889 1.22058
0.44425 1.26278
0.493611 1.30498
0.542973 1.34718
0.592334 1.38938
0.641695 1.43158
0.691056 1.47379
0.740417 1.51599
0.789778 1.55819
0.839139 1.60039
0.888501 1.64259
0.937862 1.68479
0.987223 1.72699
1.03658 1.76919
1.08595 1.81139
1.13531 1.85359
1.18467 1.89579
1.23443 1.89579
1.2842 1.90419
1.33397 1.91259
1.38373 1.921
1.4335 1.9294
1.48327 1.9378
1.53303 1.9462
1.5828 1.95461
1.63257 1.96301
1.68233 1.97141
1.7321 1.97981
1.78187 1.98822
1.83163 1.99662
1.8814 2.00502
1.93117 2.01342
1.98094 2.02183
2.0307 2.03023
2.08047 2.03863
2.13024 2.04703
2.18 2.05544
2.22977 2.06384
2.27954 2.07224
2.3293 2.08064
2.37907 2.08905
2.42884 2.09745
2.4786 2.10585
2.52841 2.10585
2.57822 2.12632
2.62802 2.14679
2.67783 2.16726
2.72764 2.18773
2.77744 2.2082
2.82725 2.22867
2.87706 2.24914
2.92687 2.2696
2.97667 2.29007
3.02648 2.31054
3.07629 2.33101
3.12609 2.35148
3.1759 2.37195
3.22571 2.39242
3.27551 2.41289
3.32532 2.43336
3.37513 2.45383
3.42494 2.4743
3.47474 2.49476
3.52455 2.51523
3.57436 2.5357
3.62416 2.55617
3.67397 2.57664
3.72378 2.59711
3.77358 2.61758
3.82339 2.63805
3.8732 2.65852
3.92301 2.67899
3.97281 2.69946
4.02262 2.71992
4.07243 2.74039
4.12223 2.76086
4.17204 2.78133
4.22185 2.8018
4.27165 2.82227
4.32146 2.84274
4.37127 2.86321
4.42108 2.88368
4.47178 2.88368
4.52249 2.92352
4.5732 2.96336
4.6239 3.0032
4.67461 3.04304
4.72532 3.08288
4.77602 3.12272
4.82673 3.16256
4.87744 3.2024
4.92814 3.24224
4.97885 3.28208
5.02956 3.32192
5.08026 3.36175
5.13097 3.40159
5.18168 3.44143
5.23238 3.48127
5.28309 3.52111
5.3338 3.56095
5.3845 3.60079
5.43346 3.60079
5.48242 3.60079
5.53138 3.60079
5.58034 3.60079
5.62929 3.60079
5.67825 3.60079
5.72721 3.60079
5.77617 3.60079
5.82513 3.60079
5.87408 3.60079
5.92304 3.60079
5.972 3.60079
6.02096 3.60079
6.06992 3.60079
6.11887 3.60079
6.16783 3.60079
6.21679 3.60079
8.41259 6.20967
10.6084 6.20967
12.8042 6.20967
15.0 6.20967
0.0 0.918674
0.0491772 0.918674
0.0983543 0.960112
0.147532 1.00155
0.196709 1.04299
0.245886 1.08442
0.295063 1.12586
0.34424 1.1673
0.393417 1.20873
0.442595 1.25017
0.491772 1.29161
0.540949 1.33305
0.590126 1.37448
0.639303 1.41592
0.68848 1.45736
0.737658 1.49879
0.786835 1.54023
0.836012 1.58167
0.885189 1.6231
0.934366 1.66454
0.983543 1.70598
1.03272 1.74742
1.0819 1.78885
1.13218 1.78885
1.18245 1.81385
1.23273 1.83885
1.28301 1.86385
1.33329 1.88884
1.38357 1.91384
1.43384 1.93884
1.48412 1.96384
1.5344 1.98883
1.58468 2.01383
1.63496 2.03883
1.68523 2.06383
1.73551 2.08882
1.78579 2.11382
1.83607 2.13882
1.88623 2.13882
1.93638 2.16453
1.98654 2.19024
2.0367 2.21596
2.08685 2.24167
2.13701 2.26738
2.18717 2.2931
2.23733 2.31881
2.28748 2.34452
2.33764 2.37024
2.3878 2.39595
2.43795 2.42166
2.48811 2.44737
2.53827 2.47309
2.58843 2.4988
2.63858 2.52451
2.68874 2.55023
2.7389 2.57594
2.78905 2.60165
2.83921 2.62737
2.88937 2.65308
2.93953 2.67879
2.98968 2.70451
3.03678 2.70451
3.08388 2.86079
3.13098 3.01707
3.17809 3.17336
3.22519 3.32964
3.27229 3.48593
3.31939 3.64221
3.36946 3.64221
3.41953 3.64221
3.4696 3.64221
3.51968 3.64221
3.56975 3.64221
3.61982 3.64221
3.66989 3.64221
3.71996 3.64221
3.77004 3.64221
3.82011 3.64221
3.87018 3.64221
3.92025 3.64221
3.97032 3.64221
4.0204 3.64221
4.07047 3.64221
4.12054 3.64221
4.17061 3.64221
4.22069 3.64221
4.27076 3.64221
4.32083 3.64221
4.3709 3.64221
4.42097 3.64221
4.47105 3.64221
4.52112 3.64221
4.57119 3.64221
4.62126 3.64221
4.67133 3.64221
4.72141 3.64221
4.77148 3.64221
4.82155 3.64221
4.87162 3.64221
4.9217 3.64221
4.97177 3.64221
5.02184 3.64221
5.07191 3.64221
5.12198 3.64221
5.17206 3.64221
5.22213 3.64221
7.6666 6.26633
10.1111 6.26633
12.5555 6.26633
15.0 6.26633
0.0 0.949277
0.0499063 0.949277
0.0998125 0.987292
0.149719 1.02531
0.199625 1.06332
0.249531 1.10134
0.299438 1.13935
0.349344 1.17737
0.39925 1.21538
0.449156 1.2534
0.499063 1.29141
0.548969 1.32943
0.598875 1.36745
0.648781 1.40546
0.698688 1.44348
0.748594 1.48149
0.7985 1.51951
0.848406 1.55752
0.898313 1.59554
0.948219 1.63355
0.998125 1.67157
1.04803 1.70958
1.09794 1.7476
1.14784 1.78561
1.19775 1.82363
1.24766 1.86165
1.29756 1.89966
1.3475 1.89966
1.39743 1.90797
1.44737 1.91628
1.4973 1.92459
1.54723 1.9329
1.59717 1.9412
1.6471 1.94951
1.69704 1.95782
1.74697 1.96613
1.79691 1.97444
1.84684 1.98275
1.89678 1.99106
1.94671 1.99936
1.99664 2.00767
2.04658 2.01598
2.09651 2.02429
2.14645 2.0326
2.19638 2.04091
2.24632 2.04922
2.29625 2.05753
2.34619 2.06583
2.39612 2.07414
2.44605 2.08245
2.49599 2.09076
2.54592 2.09907
2.59586 2.10738
2.64579 2.11569
2.69573 2.124
2.74566 2.1323
2.7956 2.14061
2.84553 2.14892
2.89546 2.15723
2.9454 2.16554
2.99533 2.17385
3.04527 2.18216
3.0952 2.19046
3.14514 2.19877
3.19507 2.20708
3.24501 2.21539
3.29494 2.2237
3.34487 2.23201
3.39481 2.24032
3.44474 2.24863
3.49468 2.25693
3.54461 2.26524
3.59455 2.27355
3.64448 2.28186
3.69442 2.29017
3.74435 2.29848
3.79428 2.30679
3.84422 2.3151
3.89415 2.3234
3.94409 2.33171
3.99402 2.34002
4.04396 2.34833
4.09389 2.35664
4.14393 2.35664
4.19397 2.37114
4.24402 2.38563
4.29406 2.40013
4.3441 2.41463
4.39414 2.42913
4.44418 2.44363
4.49423 2.45813
4.54427 2.47262
4.59431 2.48712
4.64435 2.50162
4.69439 2.51612
4.74444 2.53062
4.79448 2.54511
4.84452 2.55961
4.89456 2.57411
4.9446 2.58861
4.99465 2.60311
5.04469 2.6176
5.09473 2.6321
5.14477 2.6466
5.19481 2.6611
5.24486 2.6756
5.2949 2.69009
5.34494 2.70459
5.39498 2.71909
5.44502 2.73359
5.49507 2.74809
5.54511 2.76258
5.59515 2.77708
5.64519 2.79158
5.69523 2.80608
5.74528 2.82058
5.79532 2.83507
5.84536 2.84957
5.8954 2.86407
5.94544 2.87857
5.99138 2.87857
6.03732 3.02144
6.08325 3.16431
6.12919 3.30718
6.17512 3.45005
6.22106 3.59292
6.27099 3.59292
6.32092 3.59292
6.37085 3.59292
6.42078 3.59292
6.47071 3.59292
6.52064 3.59292
6.57056 3.59292
6.62049 3.59292
6.67042 3.59292
6.72035 3.59292
6.77028 3.59292
6.82021 3.59292
6.87014 3.59292
6.92007 3.59292
6.97 3.59292
7.01993 3.59292
7.06986 3.59292
7.11979 3.59292
7.16972 3.59292
7.21965 3.59292
7.26958 3.59292
7.31951 3.59292
7.36944 3.59292
7.41937 3.59292
7.46929 3.59292
7.51922 3.59292
7.56915 3.59292
7.61908 3.59292
7.66901 3.59292
7.71894 3.59292
10.146 6.18859
12.573 6.18859
15.0 6.18859
0.0 0.922214
0.0491406 0.922214
0.0982812 0.961996
0.147422 1.00178
0.196562 1.04156
0.245703 1.08134
0.294844 1.12112
0.343984 1.1609
0.393125 1.20069
0.442265 1.24047
0.491406 1.28025
0.540547 1.32003
0.589687 1.35981
0.638828 1.39959
0.687968 1.43938
0.737109 1.47916
0.78625 1.51894
0.83539 1.55872
0.884531 1.5985
0.933671 1.63828
0.982812 1.67806
1.03195 1.71785
1.08109 1.75763
1.13023 1.79741
1.17937 1.83719
1.22851 1.87697
1.27838 1.87697
1.32824 1.88678
1.37811 1.89659
1.42797 1.90639
1.47783 1.9162
1.5277 1.92601
1.57756 1.93582
1.62742 1.94562
1.67729 1.95543
1.72715 1.96524
1.77702 1.97505
1.82688 1.98485
1.87674 1.99466
1.92661 2.00447
1.97647 2.01427
2.02633 2.02408
2.0762 2.03389
2.12606 2.0437
2.17592 2.0535
2.22579 2.06331
2.27565 2.07312
2.32552 2.08293
2.37538 2.09273
2.42524 2.10254
2.47511 2.11235
2.52497 2.12215
2.57483 2.13196
2.6247 2.14177
2.67456 2.15158
2.72442 2.16138
2.77429 2.17119
2.82415 2.181
2.87402 2.1908
2.92388 2.20061
2.97374 2.21042
3.02361 2.22023
3.07347 2.23003
3.12333 2.23984
3.1732 2.24965
3.22306 2.25946
3.27292 2.26926
3.32279 2.27907
3.37265 2.28888
3.42252 2.29868
3.47238 2.30849
3.52224 2.3183
3.57224 2.3183
3.62224 2.33469
3.67224 2.35107
3.72223 2.36746
3.77223 2.38384
3.82223 2.40023
3.87223 2.41661
3.92222 2.433
3.97222 2.44939
4.02222 2.46577
4.07221 2.48216
4.12221 2.49854
4.17221 2.51493
4.22221 2.53131
4.2722 2.5477
4.3222 2.56409
4.3722 2.58047
4.4222 2.59686
4.47219 2.61324
4.52219 2.62963
4.57219 2.64602
4.62219 2.6624
4.67218 2.67879
4.72218 2.69517
4.77218 2.71156
4.82218 2.72794
4.87217 2.74433
4.92217 2.76072
4.97217 2.7771
5.02217 2.79349
5.07216 2.80987
5.12216 2.82626
5.17216 2.84264
5.22216 2.85903
5.27182 2.85903
5.32148 2.94944
5.37114 3.03986
5.4208 3.13027
5.47046 3.22068
5.52012 3.3111
5.56978 3.40151
5.61944 3.49192
5.66911 3.58234
5.71887 3.58234
5.76863 3.58234
5.81839 3.58234
5.86816 3.58234
5.91792 3.58234
5.96768 3.58234
6.01744 3.58234
6.06721 3.58234
6.11697 3.58234
6.16673 3.58234
6.21649 3.58234
6.26626 3.58234
6.31602 3.58234
6.36578 3.58234
6.41554 3.58234
6.46531 3.58234
6.51507 3.58234
6.56483 3.58234
6.61459 3.58234
6.66436 3.58234
6.71412 3.58234
6.76388 3.58234
6.81364 3.58234
6.86341 3.58234
6.91317 3.58234
6.96293 3.58234
7.01269 3.58234
7.06246 3.58234
7.11222 3.58234
7.16198 3.58234
7.21174 3.58234
7.26151 3.58234
7.31127 3.58234
7.36103 3.58234
7.4108 3.58234
7.46056 3.58234
7.51032 3.58234
7.56008 3.58234
7.60985 3.58234
7.65961 3.58234
7.70937 3.58234
7.75913 3.58234
7.8089 3.58234
7.85866 3.58234
7.90842 3.58234
10.2723 6.10868
12.6361 6.10868
15.0 6.10868
0.0 0.930728
0.0496267 0.930728
0.0992534 0.971941
0.14888 1.01315
0.198507 1.05437
0.248134 1.09558
0.29776 1.13679
0.347387 1.17801
0.397014 1.21922
0.44664 1.26043
0.496267 1.30164
0.545894 1.34286
0.595521 1.38407
0.645147 1.42528
0.694774 1.4665
0.744401 1.50771
0.794027 1.54892
0.843654 1.59014
0.893281 1.63135
0.942908 1.67256
0.992534 1.71377
1.04216 1.75499
1.09179 1.7962
1.14141 1.83741
1.19104 1.87863
1.24067 1.91984
1.29029 1.96105
1.34018 1.96105
1.39006 1.98042
1.43994 1.9998
1.48982 2.01917
1.5397 2.03854
1.58958 2.05791
1.63946 2.07729
1.68934 2.09666
1.73922 2.11603
1.7891 2.1354
1.83898 2.15478
1.88886 2.17415
1.93874 2.19352
1.98862 2.21289
2.03851 2.23227
2.08839 2.25164
2.13827 2.27101
2.18815 2.29038
2.23803 2.30976
2.28791 2.32913
2.33779 2.3485
2.39023 2.3485
2.44267 2.39753
2.49511 2.44656
2.54754 2.49559
2.59998 2.54462
2.65242 2.59365
2.70486 2.64268
2.7573 2.69171
2.80974 2.74074
2.86218 2.78977
2.91344 2.78977
2.96469 2.89671
3.01595 3.00365
3.06721 3.1106
3.11847 3.21754
3.16972 3.32448
3.22098 3.43142
3.27224 3.53836
3.3235 3.64531
3.37475 3.75225
3.42601 3.85919
3.47727 3.96613
3.52748 3.96613
3.5777 3.96613
3.62791 3.96613
3.67812 3.96613
3.72834 3.96613
3.77855 3.96613
3.82876 3.96613
3.87898 3.96613
3.92919 3.96613
3.97941 3.96613
4.02962 3.96613
4.07983 3.96613
4.13005 3.96613
4.18026 3.96613
4.23047 3.96613
4.28069 3.96613
4.3309 3.96613
4.38112 3.96613
4.43133 3.96613
4.48154 3.96613
4.53176 3.96613
7.14882 4.43687
9.76588 4.43687
12.3829 4.43687
15.0 4.43687
0.0 0.946007
0.0498722 0.946007
0.0997445 0.98428
0.149617 1.02255
0.199489 1.06083
0.249361 1.0991
0.299233 1.13737
0.349106 1.17565
0.398978 1.21392
0.44885 1.25219
0.498722 1.29047
0.548595 1.32874
0.598467 1.36701
0.648339 1.40529
0.698211 1.44356
0.748084 1.48183
0.797956 1.52011
0.847828 1.55838
0.8977 1.59665
0.947573 1.63492
0.997445 1.6732
1.04732 1.71147
1.09719 1.74974
1.14706 1.78802
1.19693 1.82629
1.24681 1.86456
1.29668 1.90284
1.34655 1.94111
1.39642 1.97938
1.4463 2.01766
1.49617 2.05593
1.54604 2.0942
1.59591 2.13248
1.64578 2.17075
1.69566 2.20902
1.74553 2.2473
1.7954 2.28557
1.84527 2.32384
1.89515 2.36212
1.94502 2.40039
1.99497 2.40039
2.04492 2.40741
2.09487 2.41442
2.14482 2.42144
2.19477 2.42846
2.24472 2.43548
2.29467 2.4425
2.34462 2.44951
2.39457 2.45653
2.44452 2.46355
2.49447 2.47057
2.54442 2.47758
2.59437 2.4846
2.64432 2.49162
2.69427 2.49864
2.74422 2.50565
2.79417 2.51267
2.84412 2.51969
2.89407 2.52671
2.94402 2.53372
2.99397 2.54074
3.04392 2.54776
3.09387 2.55478
3.14382 2.5618
3.19377 2.56881
3.24323 2.56881
3.29269 2.60203
3.34214 2.63524
3.3916 2.66846
3.44106 2.70168
3.49052 2.73489
3.53997 2.76811
3.58943 2.80132
3.63889 2.83454
3.68835 2.86775
3.7378 2.90097
3.78726 2.93419
3.83672 2.9674
3.88618 3.00062
3.93563 3.03383
3.98509 3.06705
4.03455 3.10026
4.08401 3.13348
4.13347 3.16669
4.18292 3.19991
4.23238 3.23313
4.28184 3.26634
4.3313 3.29956
4.38075 3.33277
4.43021 3.36599
4.47967 3.3992
4.52913 3.43242
4.57858 3.46564
4.62804 3.49885
4.6775 3.53207
4.72696 3.56528
4.77675 3.56528
4.82655 3.62221
4.87634 3.67913
4.92614 3.73606
4.97593 3.79298
5.02573 3.84991
5.07553 3.90683
5.12532 3.96376
5.17512 4.02069
5.22491 4.07761
5.27471 4.13454
5.32451 4.19146
5.3743 4.24839
5.4241 4.30531
5.47389 4.36224
5.52369 4.41916
5.57348 4.47609
5.62328 4.53301
5.67308 4.58994
5.72214 4.58994
5.7712 4.58994
5.82027 4.58994
5.86933 4.58994
5.91839 4.58994
5.96746 4.58994
6.01652 4.58994
6.06559 4.58994
6.11465 4.58994
6.16371 4.58994
6.21278 4.58994
6.26184 4.58994
6.3109 4.58994
9.20727 6.06745
12.1036 6.06745
15.0 6.06745
0.0 0.934651
0.0498237 0.934651
0.0996475 0.977009
0.149471 1.01937
0.199295 1.06173
0.249119 1.10408
0.298942 1.14644
0.348766 1.1888
0.39859 1.23116
0.448414 1.27352
0.498237 1.31588
0.548061 1.35823
0.597885 1.40059
0.647709 1.44295
0.697532 1.48531
0.747356 1.52767
0.79718 1.57003
0.847003 1.61238
0.896827 1.65474
0.946651 1.6971
0.996475 1.73946
1.0463 1.78182
1.09612 1.82417
1.14595 1.86653
1.19577 1.90889
1.24559 1.95125
1.29542 1.99361
1.34524 2.03597
1.39506 2.07832
1.44489 2.12068
1.49471 2.16304
1.54454 2.2054
1.5942 2.2054
1.64387 2.23081
1.69354 2.25622
1.74321 2.28162
1.79288 2.30703
1.84254 2.33244
1.89221 2.35785
1.94188 2.38325
1.99155 2.40866
2.04122 2.43407
2.09089 2.45948
2.14055 2.48489
2.19022 2.51029
2.23989 2.5357
2.28956 2.56111
2.33923 2.58652
2.38889 2.61193
2.43891 2.61193
2.48893 2.64048
2.53895 2.66903
2.58897 2.69759
2.63898 2.72614
2.689 2.7547
2.73902 2.78325
2.78904 2.81181
2.83906 2.84036
2.88907 2.86892
2.93909 2.89747
2.98911 2.92603
3.03913 2.95458
3.08915 2.98314
3.13916 3.01169
3.18918 3.04024
3.2392 3.0688
3.28922 3.09735
3.33924 3.12591
3.38925 3.15446
3.43927 3.18302
3.48929 3.21157
3.53931 3.24013
3.58933 3.26868
3.63934 3.29724
3.68936 3.32579
3.73938 3.35435
3.7894 3.3829
3.83942 3.41145
3.88943 3.44001
3.93945 3.46856
3.98947 3.49712
4.03949 3.52567
4.09047 3.52567
4.14145 3.566
4.19244 3.60634
4.24342 3.64667
4.29441 3.687
4.34539 3.72733
4.39637 3.76767
4.44736 3.808
4.49834 3.84833
4.54932 3.88866
4.60031 3.929
4.65129 3.96933
4.70227 4.00966
4.75326 4.04999
4.80424 4.09032
4.85523 4.13066
4.90621 4.17099
4.95719 4.21132
5.00818 4.25165
5.05916 4.29199
5.11014 4.33232
5.16113 4.37265
5.21211 4.41298
5.26309 4.45331
5.31361 4.45331
5.36412 4.45331
5.41463 4.45331
5.46514 4.45331
5.51565 4.45331
5.56616 4.45331
5.61668 4.45331
5.66719 4.45331
5.7177 4.45331
5.76821 4.45331
5.81872 4.45331
5.86923 4.45331
5.91975 4.45331
5.97026 4.45331
6.02077 4.45331
6.07128 4.45331
6.12179 4.45331
6.1723 4.45331
6.22281 4.45331
6.27333 4.45331
9.18222 5.90406
12.0911 5.90406
15.0 5.90406
0.0 0.917836
0.0504896 0.917836
0.100979 0.961711
0.151469 1.00559
0.201959 1.04946
0.252448 1.09334
0.302938 1.13721
0.353427 1.18109
0.403917 1.22496
0.454407 1.26884
0.504896 1.31271
0.555386 1.35659
0.605876 1.40046
0.656365 1.44434
0.706855 1.48821
0.757345 1.53209
0.807834 1.57596
0.858324 1.61984
0.908813 1.66371
0.959303 1.70759
1.00979 1.75146
1.06028 1.79534
1.11077 1.83921
1.16126 1.88309
1.21175 1.92696
1.26224 1.97084
1.31273 2.01471
1.36322 2.05859
1.41371 2.10246
1.4642 2.14634
1.51448 2.14634
1.56476 2.16652
1.61504 2.18669
1.66532 2.20687
1.7156 2.22705
1.76588 2.24722
1.81617 2.2674
1.86645 2.28758
1.91673 2.30775
1.96701 2.32793
2.01729 2.3481
2.06757 2.36828
2.11785 2.38846
2.16813 2.40863
2.21841 2.42881
2.26869 2.44899
2.31897 2.46916
2.36925 2.48934
2.41953 2.50952
2.46982 2.52969
2.5201 2.54987
2.57038 2.57005
2.62066 2.59022
2.67094 2.6104
2.72122 2.63058
2.7709 2.63058
2.82058 2.70896
2.87026 2.78735
2.91994 2.86574
2.96962 2.94412
3.0193 3.02251
3.06898 3.1009
3.11866 3.17929
3.16835 3.25767
3.21803 3.33606
3.26771 3.41445
3.31739 3.49283
3.36796 3.49283
3.41854 3.52416
3.46911 3.55548
3.51968 3.5868
3.57026 3.61812
3.62083 3.64944
3.67141 3.68076
3.72198 3.71209
3.77256 3.74341
3.82313 3.77473
3.87371 3.80605
3.92428 3.83737
3.97485 3.8687
4.02543 3.90002
4.076 3.93134
4.12658 3.96266
4.17715 3.99398
4.22773 4.0253
4.2783 4.05663
4.32887 4.08795
4.37945 4.11927
4.43002 4.15059
4.4806 4.18191
4.53117 4.21324
4.58175 4.24456
4.63232 4.27588
4.68289 4.3072
4.73347 4.33852
4.78404 4.36984
4.83462 4.40117
4.88519 4.43249
4.93577 4.46381
4.98634 4.49513
5.0369 4.49513
5.08746 4.49513
5.13802 4.49513
5.18858 4.49513
5.23914 4.49513
5.2897 4.49513
5.34026 4.49513
5.39082 4.49513
5.44138 4.49513
5.49194 4.49513
5.5425 4.49513
5.59306 4.49513
5.64362 4.49513
5.69418 4.49513
5.74474 4.49513
5.7953 4.49513
5.84586 4.49513
5.89642 4.49513
5.94698 4.49513
5.99754 4.49513
6.0481 4.49513
6.09866 4.49513
8.324 5.87724
10.5493 5.87724
12.7747 5.87724
15.0 5.87724
0.0 0.903816
0.0526073 0.903816
0.105215 0.957711
0.157822 1.01161
0.210429 1.0655
0.263037 1.1194
0.315644 1.17329
0.368251 1.22719
0.418271 1.22719
0.468291 1.25933
0.518311 1.29148
0.568331 1.32363
0.618351 1.35578
0.668372 1.38792
0.718392 1.42007
0.767145 1.42007
0.815899 1.7684
0.864653 2.11674
0.913407 2.46507
0.962161 2.8134
1.01091 3.16173
1.05967 3.51007
1.10842 3.8584
1.15195 3.8584
1.19548 3.91964
1.239 3.98087
1.29018 3.98087
1.34136 3.98087
1.39255 3.98087
1.44373 3.98087
1.49491 3.98087
1.54609 3.98087
1.59727 3.98087
1.64845 3.98087
1.69964 3.98087
1.75082 3.98087
1.802 3.98087
1.85318 3.98087
1.90436 3.98087
1.95554 3.98087
2.00672 3.98087
4.60538 4.95205
7.20403 4.95205
9.80269 4.95205
12.4013 4.95205
15.0 4.95205
0.0 0.923761
0.048677 0.923761
0.0973539 0.964151
0.146031 1.00454
0.194708 1.04493
0.243385 1.08532
0.292062 1.12571
0.340739 1.1661
0.389416 1.20649
0.438093 1.24688
0.486759 1.24688
0.535424 1.27721
0.58409 1.30754
0.632756 1.33787
0.681422 1.3682
0.730088 1.39852
0.778754 1.42885
0.829076 1.42885
0.879399 1.94062
0.929721 2.45238
0.980043 2.96415
1.03037 3.47592
1.08069 3.98768
1.12957 3.98768
1.17845 3.99116
1.22734 3.99464
1.27622 3.99811
1.3251 4.00159
1.37398 4.00507
1.42286 4.00854
1.47175 4.01202
1.52063 4.0155
1.56951 4.01898
1.61839 4.02245
1.66728 4.02593
1.71616 4.02941
1.76642 4.02941
1.81668 4.02941
1.86693 4.02941
1.91719 4.02941
1.96745 4.02941
2.01771 4.02941
2.06797 4.02941
2.11823 4.02941
2.16848 4.02941
2.21874 4.02941
2.269 4.02941
2.31926 4.02941
2.36952 4.02941
2.41978 4.02941
2.47003 4.02941
2.52029 4.02941
2.57055 4.02941
2.62081 4.02941
5.09665 4.90379
7.57249 4.90379
10.0483 4.90379
12.5242 4.90379
15.0 4.90379
0.0 0.91903
0.0502307 0.91903
0.100461 0.96282
0.150692 1.00661
0.200923 1.0504
0.251154 1.09419
0.301384 1.13798
0.351615 1.18177
0.401846 1.22555
0.452076 1.26934
0.502307 1.31313
0.552538 1.35692
0.602768 1.40071
0.652999 1.4445
0.70323 1.48829
0.753461 1.53208
0.803691 1.57587
0.853922 1.61966
0.904153 1.66345
0.954383 1.70723
1.00461 1.75102
1.05484 1.79481
1.10508 1.8386
1.15531 1.88239
1.20554 1.92618
1.25577 1.96997
1.306 2.01376
1.35623 2.05755
1.40646 2.10134
1.45669 2.14513
1.50692 2.18892
1.55715 2.2327
1.60715 2.2327
1.65715 2.24404
1.70715 2.25538
1.75714 2.26673
1.80714 2.27807
1.85714 2.28941
1.90714 2.30075
1.95713 2.31209
2.00713 2.32343
2.05713 2.33477
2.10713 2.34611
2.15712 2.35745
2.20712 2.36879
2.25712 2.38013
2.30712 2.39147
2.35712 2.40281
2.40711 2.41415
2.45711 2.42549
2.50711 2.43683
2.55711 2.44817
2.6071 2.45951
2.6571 2.47085
2.7071 2.48219
2.7571 2.49353
2.80709 2.50487
2.85709 2.51621
2.90709 2.52755
2.95709 2.53889
3.00709 2.55023
3.05708 2.56157
3.10829 2.56157
3.1595 2.63101
3.21071 2.70045
3.26192 2.76988
3.31313 2.83932
3.36435 2.90876
3.41556 2.97819
3.46677 3.04763
3.51798 3.11707
3.56919 3.1865
3.6204 3.25594
3.67161 3.32538
3.72282 3.39481
3.77403 3.46425
3.82502 3.46425
3.87602 3.52422
3.92701 3.58418
3.97801 3.64415
4.029 3.70411
4.07999 3.76408
4.13099 3.82404
4.18198 3.88401
4.23298 3.94397
4.28397 4.00394
4.33497 4.0639
4.38596 4.12387
4.43695 4.18383
4.48795 4.2438
4.53894 4.30376
4.58994 4.36373
4.64093 4.42369
4.69146 4.42369
4.74199 4.42369
4.79252 4.42369
7.34439 5.78632
9.89626 5.78632
12.4481 5.78632
15.0 5.78632
0.0 0.928247
0.0502829 0.928247
0.100566 0.969826
0.150849 1.0114
0.201132 1.05298
0.251415 1.09456
0.301698 1.13614
0.35198 1.17772
0.402263 1.2193
0.452546 1.26088
0.502829 1.30246
0.553112 1.34404
0.603395 1.38561
0.653678 1.42719
0.703961 1.46877
0.754244 1.51035
0.804527 1.55193
0.85481 1.59351
0.905093 1.63509
0.955556 1.63509
1.00602 1.83638
1.05648 2.03767
1.10695 2.23897
1.15741 2.44026
1.20787 2.64155
1.25754 2.64155
1.30721 2.64497
1.35688 2.64839
1.40654 2.65182
1.45621 2.65524
1.50588 2.65866
1.55554 2.66208
1.60521 2.66551
1.65488 2.66893
1.70455 2.67235
1.75421 2.67577
1.80388 2.6792
1.85355 2.68262
1.90321 2.68604
1.95288 2.68946
2.00255 2.69289
2.05221 2.69631
2.10188 2.69973
2.15155 2.70315
2.20122 2.70658
2.25088 2.71
2.30055 2.71342
2.35022 2.71684
2.39988 2.72027
2.44955 2.72369
2.49922 2.72711
2.54889 2.73053
2.59855 2.73395
2.64822 2.73738
2.69789 2.7408
2.74755 2.74422
2.79722 2.74764
2.84689 2.75107
2.89656 2.75449
2.94622 2.75791
2.99589 2.76133
3.04556 2.76476
3.09522 2.76818
3.14489 2.7716
3.19456 2.77502
3.24423 2.77845
3.29389 2.78187
3.34356 2.78529
3.39323 2.78871
3.44289 2.79214
3.49256 2.79556
3.54223 2.79898
3.59189 2.8024
3.64156 2.80583
3.69123 2.80925
3.73831 2.80925
3.7854 2.93599
3.83248 3.06273
3.87957 3.18947
3.92665 3.31621
3.97373 3.44294
4.02082 3.56968
4.0679 3.69642
4.12096 3.69642
4.17402 3.69642
4.22708 3.69642
4.28014 3.69642
4.3332 3.69642
4.38626 3.69642
7.0397 6.2423
9.69313 6.2423
12.3466 6.2423
15.0 6.2423
0.0 0.926535
0.0508866 0.926535
0.101773 0.97016
0.15266 1.01379
0.203546 1.05741
0.254433 1.10104
0.30532 1.14466
0.356206 1.18829
0.407093 1.23191
0.45798 1.27554
0.508866 1.31917
0.559753 1.36279
0.610639 1.40642
0.661526 1.45004
0.712413 1.49367
0.763299 1.53729
0.814186 1.58092
0.865073 1.62454
0.915959 1.66817
0.966846 1.7118
1.01773 1.75542
1.06862 1.79905
1.11951 1.84267
1.17039 1.8863
1.22128 1.92992
1.27217 1.97355
1.32305 2.01717
1.37289 2.01717
1.42274 2.03073
1.47258 2.04428
1.52242 2.05784
1.57226 2.07139
1.62211 2.08494
1.67195 2.0985
1.72179 2.11205
1.77163 2.12561
1.82148 2.13916
1.87132 2.15271
1.92116 2.16627
1.971 2.17982
2.02085 2.19338
2.07069 2.20693
2.12053 2.22048
2.17037 2.23404
2.22021 2.24759
2.27006 2.26115
2.3199 2.2747
2.36974 2.28825
2.41958 2.30181
2.46943 2.31536
2.51927 2.32891
2.56911 2.34247
2.61895 2.35602
2.6688 2.36958
2.71864 2.38313
2.76848 2.39668
2.81832 2.41024
2.86817 2.42379
2.91801 2.43735
2.96785 2.4509
3.01769 2.46445
3.06753 2.47801
3.11738 2.49156
3.16722 2.50512
3.21706 2.51867
3.2669 2.53222
3.31675 2.54578
3.36659 2.55933
3.41643 2.57289
3.46627 2.58644
3.51612 2.59999
3.56596 2.61355
3.6158 2.6271
3.66564 2.64066
3.71549 2.65421
3.7657 2.65421
3.81591 2.69128
3.86613 2.72834
3.91634 2.76541
3.96656 2.80247
4.01677 2.83954
4.06699 2.87661
4.1172 2.91367
4.16742 2.95074
4.21763 2.9878
4.26784 3.02487
4.31806 3.06194
4.36827 3.099
4.41849 3.13607
4.4687 3.17314
4.51892 3.2102
4.56913 3.24727
4.61935 3.28433
4.66956 3.3214
4.71978 3.35847
4.76999 3.39553
4.8202 3.4326
4.87042 3.46966
4.92063 3.50673
4.97085 3.5438
5.02106 3.58086
5.07128 3.61793
5.12149 3.655
5.17223 3.655
5.22298 3.71775
5.27372 3.78051
5.32446 3.84327
5.37521 3.90603
5.42595 3.96879
5.4767 4.03155
5.52744 4.09431
5.57818 4.15707
5.62893 4.21983
5.67967 4.28259
5.73064 4.28259
5.78161 4.28259
5.83258 4.28259
5.88355 4.28259
5.93451 4.28259
5.98548 4.28259
6.03645 4.28259
6.08742 4.28259
6.13839 4.28259
6.18936 4.28259
6.24033 4.28259
6.2913 4.28259
6.34227 4.28259
6.39324 4.28259
6.44421 4.28259
6.49518 4.28259
6.54615 4.28259
6.59711 4.28259
6.64808 4.28259
6.69905 4.28259
6.75002 4.28259
6.80099 4.28259
6.85196 4.28259
6.90293 4.28259
9.60195 5.69574
12.301 5.69574
15.0 5.69574
0.0 0.939817
0.0492803 0.939817
0.0985607 0.976095
0.147841 1.01237
0.197121 1.04865
0.246402 1.08493
0.295682 1.12121
0.344962 1.15748
0.394243 1.19376
0.443523 1.23004
0.492803 1.26632
0.542084 1.30259
0.591364 1.33887
0.640644 1.37515
0.689925 1.41143
0.739205 1.4477
0.788485 1.48398
0.837766 1.52026
0.887046 1.55654
0.936326 1.59281
0.985607 1.62909
1.03489 1.66537
1.08417 1.70165
1.13345 1.73792
1.18273 1.7742
1.23201 1.81048
1.28129 1.84676
1.33057 1.88303
1.37985 1.91931
1.42913 1.95559
1.47841 1.99187
1.52848 1.99187
1.57855 2.01437
1.62863 2.03688
1.6787 2.05938
1.72877 2.08189
1.77884 2.10439
1.82891 2.1269
1.87899 2.1494
1.92906 2.17191
1.97913 2.19441
2.0292 2.21692
2.07927 2.23942
2.12934 2.26193
2.17942 2.28443
2.22949 2.30694
2.27956 2.32944
2.32963 2.35195
2.3797 2.37445
2.42978 2.39696
2.47985 2.41946
2.52992 2.44197
2.57999 2.46447
2.63006 2.48698
2.68014 2.50948
2.73021 2.53199
2.78028 2.55449
2.83035 2.577
2.88042 2.5995
2.9305 2.62201
2.98116 2.62201
3.03182 2.65855
3.08248 2.69509
3.13314 2.73163
3.1838 2.76817
3.23446 2.80472
3.28512 2.84126
3.33578 2.8778
3.38644 2.91434
3.4371 2.95088
3.48777 2.98742
3.53843 3.02397
3.58909 3.06051
3.63975 3.09705
3.69041 3.13359
3.74107 3.17013
3.79173 3.20667
3.84239 3.24321
3.89305 3.27976
3.94371 3.3163
3.99437 3.35284
4.04503 3.38938
4.0957 3.42592
4.14636 3.46246
4.19702 3.49901
4.24768 3.53555
4.29834 3.57209
4.349 3.60863
4.39966 3.64517
4.45032 3.68171
4.50098 3.71825
4.55147 3.71825
4.60196 3.73165
4.65245 3.74505
4.70294 3.75845
4.75344 3.77185
4.80393 3.78525
4.85442 3.79865
4.90491 3.81205
4.9554 3.82544
5.00589 3.83884
5.05638 3.85224
5.10687 3.86564
5.15736 3.87904
5.20785 3.89244
5.25834 3.90584
5.30883 3.91924
5.35932 3.93263
5.40981 3.94603
5.4603 3.95943
5.51079 3.97283
5.56128 3.98623
5.61177 3.99963
5.66226 4.01303
5.71275 4.02643
5.76325 4.03982
5.81374 4.05322
5.86423 4.06662
5.91472 4.08002
5.96521 4.09342
6.0157 4.10682
6.06619 4.12022
6.11668 4.13362
6.16717 4.14701
6.21766 4.16041
6.26815 4.17381
6.31864 4.18721
6.36913 4.20061
6.41962 4.21401
6.47011 4.22741
6.5206 4.2408
6.57222 4.2408
6.62384 4.2408
6.67546 4.2408
6.72707 4.2408
6.77869 4.2408
6.83031 4.2408
6.88193 4.2408
6.93354 4.2408
6.98516 4.2408
7.03678 4.2408
7.08839 4.2408
7.14001 4.2408
7.19163 4.2408
7.24325 4.2408
9.82883 5.65815
12.4144 5.65815
15.0 5.65815
0.0 0.946484
0.0496872 0.946484
0.0993745 0.984306
0.149062 1.02213
0.198749 1.05995
0.248436 1.09777
0.298123 1.13559
0.347811 1.17342
0.397498 1.21124
0.447185 1.24906
0.496872 1.28688
0.54656 1.3247
0.596247 1.36253
0.645934 1.40035
0.695621 1.43817
0.745309 1.47599
0.794996 1.51381
0.844683 1.55163
0.89437 1.58946
0.944058 1.62728
0.993745 1.6651
1.04343 1.70292
1.09312 1.74074
1.14281 1.77857
1.19249 1.81639
1.24218 1.85421
1.29187 1.89203
1.34156 1.92985
1.39124 1.96768
1.44093 2.0055
1.49141 2.0055
1.54188 2.01648
1.59236 2.02747
1.64284 2.03845
1.69331 2.04944
1.74379 2.06043
1.79427 2.07141
1.84474 2.0824
1.89522 2.09338
1.9457 2.10437
1.99617 2.11535
2.04665 2.12634
2.09713 2.13733
2.1476 2.14831
2.19808 2.1593
2.24856 2.17028
2.29903 2.18127
2.34951 2.19225
2.39999 2.20324
2.45046 2.21423
2.50094 2.22521
2.55142 2.2362
2.60189 2.24718
2.65237 2.25817
2.70285 2.26915
2.75332 2.28014
2.8038 2.29113
2.85428 2.30211
2.90475 2.3131
2.95523 2.32408
3.00571 2.33507
3.05618 2.34605
3.10666 2.35704
3.15714 2.36803
3.20761 2.37901
3.25809 2.39
3.30857 2.40098
3.35904 2.41197
3.40952 2.42295
3.46 2.43394
3.51047 2.44493
3.56095 2.45591
3.61143 2.4669
3.6619 2.47788
3.71238 2.48887
3.76151 2.48887
3.81064 2.66442
3.85977 2.83997
3.9089 3.01552
3.95803 3.19107
4.00716 3.36662
4.05629 3.54217
4.10542 3.71773
4.15467 3.71773
4.20391 3.73842
4.25315 3.75912
4.30239 3.77982
4.35163 3.80052
4.40087 3.82122
4.45011 3.84192
4.49935 3.86262
4.54859 3.88332
4.59783 3.90402
4.64707 3.92472
4.69631 3.94542
4.74555 3.96611
4.7948 3.98681
4.84404 4.00751
4.89328 4.02821
4.94252 4.04891
4.99176 4.06961
5.041 4.09031
5.09024 4.11101
5.13948 4.13171
5.18872 4.15241
5.23796 4.1731
5.2872 4.1938
5.33644 4.2145
5.38569 4.2352
5.43493 4.2559
5.48417 4.2766
5.53341 4.2973
5.58311 4.2973
5.63281 4.2973
5.68251 4.2973
5.73221 4.2973
5.78191 4.2973
5.83161 4.2973
5.88131 4.2973
5.93101 4.2973
5.98071 4.2973
6.03041 4.2973
6.08011 4.2973
6.12981 4.2973
6.17951 4.2973
6.22921 4.2973
6.27891 4.2973
6.32861 4.2973
6.37831 4.2973
6.42801 4.2973
6.47771 4.2973
6.52741 4.2973
6.57711 4.2973
6.62681 4.2973
6.67651 4.2973
6.72621 4.2973
6.77591 4.2973
6.82561 4.2973
6.87531 4.2973
6.92501 4.2973
6.97471 4.2973
7.02441 4.2973
7.07411 4.2973
7.12381 4.2973
7.17351 4.2973
7.22321 4.2973
7.27291 4.2973
7.32261 4.2973
7.37231 4.2973
7.42201 4.2973
7.47171 4.2973
7.52141 4.2973
10.0143 5.62139
12.5071 5.62139
15.0 5.62139
0.0 0.964856
0.0509833 0.964856
0.101967 0.997231
0.15295 1.02961
0.203933 1.06198
0.254917 1.09436
0.3059 1.12673
0.358748 1.12673
0.411596 1.18392
0.464444 1.24111
0.517292 1.29829
0.57014 1.35548
0.622988 1.41267
0.675836 1.46986
0.726698 1.46986
0.77756 1.62495
0.828423 1.78003
0.879285 1.93512
0.930147 2.09021
0.98101 2.24529
1.03187 2.40038
1.08273 2.55547
1.1336 2.71055
1.18446 2.86564
1.23532 3.02073
1.28618 3.17581
1.33705 3.3309
1.38791 3.48599
1.43877 3.64107
1.48963 3.79616
1.5405 3.95125
1.59136 4.10633
1.64204 4.10633
1.69273 4.11884
1.74342 4.13134
1.79411 4.14385
1.84479 4.15635
1.89548 4.16886
1.94617 4.18136
1.99685 4.19387
2.04754 4.20637
2.09823 4.21888
2.14891 4.23139
2.1996 4.24389
2.25029 4.2564
2.30098 4.2689
2.35164 4.2689
2.4023 4.2689
2.45296 4.2689
2.50363 4.2689
2.55429 4.2689
2.60495 4.2689
2.65561 4.2689
2.70627 4.2689
2.75694 4.2689
5.20555 5.1118
7.65416 5.1118
10.1028 5.1118
12.5514 5.1118
15.0 5.1118
0.0 0.916441
0.0497616 0.916441
0.0995232 0.96231
0.149285 1.00818
0.199046 1.05405
0.248808 1.09992
0.29857 1.14579
0.348331 1.19166
0.397827 1.19166
0.447322 1.22749
0.496818 1.26332
0.546313 1.29915
0.595809 1.33498
0.645304 1.37081
0.6948 1.40664
0.744208 1.40664
0.793615 1.69369
0.843023 1.98074
0.89243 2.26779
0.941838 2.55483
0.991245 2.84188
1.04065 3.12893
1.09006 3.41598
1.13947 3.70303
1.18888 3.99008
1.23877 3.99008
1.28867 4.00887
1.33856 4.02767
1.38846 4.04647
1.43835 4.06527
1.48825 4.08406
1.53814 4.10286
1.58804 4.12166
1.63794 4.14046
1.68783 4.15925
1.73773 4.17805
1.78681 4.17805
1.8359 4.17805
1.88498 4.17805
1.93407 4.17805
1.98316 4.17805
2.03224 4.17805
2.08133 4.17805
4.66506 5.12223
7.2488 5.12223
9.83253 5.12223
12.4163 5.12223
15.0 5.12223
0.0 0.936936
0.0510071 0.936936
0.102014 0.97718
0.153021 1.01742
0.204029 1.05767
0.255036 1.09791
0.306043 1.13815
0.35705 1.1784
0.408057 1.21864
0.459064 1.25889
0.510071 1.29913
0.561079 1.33937
0.612086 1.37962
0.663093 1.41986
0.7141 1.4601
0.765107 1.50035
0.816114 1.54059
0.866412 1.54059
0.91671 1.55284
0.967008 1.56509
1.01731 1.57734
1.0676 1.58958
1.1179 1.60183
1.1682 1.61408
1.2185 1.62633
1.2688 1.63858
1.31909 1.65083
1.36939 1.66307
1.41969 1.67532
1.46999 1.68757
1.52029 1.69982
1.57058 1.71207
1.62088 1.72432
1.67118 1.73657
1.72148 1.74881
1.77178 1.76106
1.82207 1.77331
1.87237 1.78556
1.92267 1.79781
1.97297 1.81006
2.02327 1.8223
2.07356 1.83455
2.12386 1.8468
2.17416 1.85905
2.22446 1.8713
2.27476 1.88355
2.32505 1.89579
2.37535 1.90804
2.42565 1.92029
2.47595 1.93254
2.52625 1.94479
2.57654 1.95704
2.62684 1.96928
2.67714 1.98153
2.72744 1.99378
2.77774 2.00603
2.82803 2.01828
2.87833 2.03053
2.92863 2.04277
2.97893 2.05502
3.02923 2.06727
3.07952 2.07952
3.12982 2.09177
3.18012 2.10402
3.23042 2.11626
3.28072 2.12851
3.33101 2.14076
3.38131 2.15301
3.43161 2.16526
3.48191 2.17751
3.53221 2.18975
3.5825 2.202
3.6328 2.21425
3.6831 2.2265
3.7334 2.23875
3.7837 2.251
3.83399 2.26325
3.88429 2.27549
3.93459 2.28774
3.98489 2.29999
4.03519 2.31224
4.08548 2.32449
4.13578 2.33674
4.18608 2.34898
4.23638 2.36123
4.28667 2.37348
4.33697 2.38573
4.38727 2.39798
4.4357 2.39798
4.48612 2.68814
4.53654 2.7304
4.58696 2.77267
4.63738 2.81493
4.6878 2.8572
4.73822 2.89947
4.78864 2.94173
4.83906 2.984
4.88948 3.02626
4.9399 3.06853
4.99032 3.1108
5.04074 3.15306
5.09116 3.19533
5.14158 3.23759
5.192 3.27986
5.24242 3.32213
5.29284 3.36439
5.34326 3.40666
5.39369 3.44892
5.44411 3.49119
5.49453 3.53346
5.54495 3.57572
5.59537 3.61799
5.64579 3.66025
5.69621 3.70252
5.74663 3.74479
5.79705 3.78705
5.84747 3.82932
5.89789 3.87158
5.94831 3.91385
5.99873 3.95612
6.04915 3.99838
6.09933 3.99838
6.14952 3.99838
6.1997 3.99838
6.24989 3.99838
6.30007 3.99838
6.35026 3.99838
6.40044 3.99838
6.45062 3.99838
6.50081 3.99838
6.55099 3.99838
6.60118 3.99838
6.65136 3.99838
6.70155 3.99838
6.75173 3.99838
6.80192 3.99838
6.8521 3.99838
6.90229 3.99838
6.95247 3.99838
9.63498 4.39371
12.3175 4.39371
15.0 4.39371
0.0 0.900421
0.0527921 0.900421
0.105584 0.953727
0.158376 1.00703
0.211168 1.06034
0.26396 1.11365
0.316753 1.16695
0.366185 1.16695
0.415618 1.21227
0.465051 1.25758
0.514484 1.3029
0.563917 1.34821
0.61335 1.39353
0.662783 1.43885
0.712216 1.48416
0.761719 1.48416
0.811223 1.85708
0.860726 2.23
0.910229 2.60292
0.959733 2.97584
1.00924 3.34877
1.05874 3.72169
1.10824 4.09461
1.15691 4.09461
1.20557 4.09776
1.25423 4.10091
1.30289 4.10407
1.35156 4.10722
1.40022 4.11037
1.44888 4.11353
1.49755 4.11668
1.54621 4.11983
1.59487 4.12299
1.64354 4.12614
1.6922 4.12929
1.74086 4.13245
1.78953 4.1356
1.83819 4.13875
1.88829 4.13875
1.93839 4.13875
1.98849 4.13875
2.03859 4.13875
4.63087 5.13404
7.22315 5.13404
9.81543 5.13404
12.4077 5.13404
15.0 5.13404
0.0 0.926201
0.0500572 0.926201
0.100114 0.968805
0.150172 1.01141
0.200229 1.05401
0.250286 1.09662
0.300343 1.13922
0.350401 1.18183
0.400458 1.22443
0.450515 1.26704
0.500572 1.30964
0.55063 1.35224
0.600687 1.39485
0.650744 1.43745
0.701028 1.43745
0.751312 1.48827
0.801597 1.53909
0.851881 1.58991
0.902165 1.64073
0.952449 1.69154
1.00273 1.74236
1.05302 1.79318
1.1033 1.844
1.15359 1.89482
1.20387 1.94563
1.25415 1.99645
1.30444 2.04727
1.35472 2.09809
1.40501 2.14891
1.45529 2.19972
1.50557 2.25054
1.55586 2.30136
1.60614 2.35218
1.65643 2.403
1.70671 2.45381
1.757 2.50463
1.80576 2.50463
1.85451 2.51405
1.90327 2.52347
1.95203 2.53289
2.00079 2.54231
2.04955 2.55173
2.09831 2.56115
2.14707 2.57057
2.19583 2.57999
2.24459 2.58941
2.29335 2.59882
2.34211 2.60824
2.39087 2.61766
2.43963 2.62708
2.48839 2.6365
2.53715 2.64592
2.5859 2.65534
2.63563 2.65534
2.68536 2.74445
2.73508 2.83356
2.78481 2.92267
2.83454 3.01178
2.88426 3.10089
2.93399 3.18999
2.98372 3.2791
3.03344 3.36821
3.08317 3.45732
3.1329 3.54643
3.18262 3.63554
3.23235 3.72465
3.28208 3.81376
3.3318 3.90287
3.38153 3.99198
3.43116 3.99198
3.48078 3.99198
3.53041 3.99198
3.58004 3.99198
3.62966 3.99198
3.67929 3.99198
3.72892 3.99198
3.77855 3.99198
3.82817 3.99198
3.8778 3.99198
3.92743 3.99198
3.97705 3.99198
4.02668 3.99198
4.07631 3.99198
4.12594 3.99198
6.84445 4.53087
9.56297 4.53087
12.2815 4.53087
15.0 4.53087
0.0 0.935944
0.0510685 0.935944
0.102137 0.976429
0.153205 1.01691
0.204274 1.0574
0.255342 1.09788
0.306411 1.13837
0.357479 1.17885
0.408548 1.21934
0.459616 1.25982
0.510685 1.30031
0.561753 1.34079
0.612822 1.38127
0.66389 1.42176
0.714959 1.46224
0.766027 1.50273
0.817096 1.54321
0.868164 1.5837
0.919232 1.62418
0.970301 1.66467
1.01949 1.66467
1.06868 1.78214
1.11787 1.8996
1.16706 2.01707
1.21625 2.13454
1.26544 2.25201
1.31462 2.36948
1.36381 2.48695
1.413 2.60442
1.46219 2.72189
1.51138 2.83936
1.56129 2.83936
1.61121 2.84067
1.66112 2.84198
1.71103 2.84329
1.76094 2.8446
1.81085 2.8459
1.86077 2.84721
1.91068 2.84852
1.96059 2.84983
2.0105 2.85114
2.06041 2.85245
2.11033 2.85376
2.16024 2.85506
2.21015 2.85637
2.26006 2.85768
2.30997 2.85899
2.35989 2.8603
2.4098 2.86161
2.45971 2.86292
2.50962 2.86423
2.55953 2.86553
2.60945 2.86684
2.65936 2.86815
2.70927 2.86946
2.75918 2.87077
2.80909 2.87208
2.85901 2.87339
2.90892 2.8747
2.95883 2.876
3.00874 2.87731
3.05865 2.87862
3.10857 2.87993
3.15848 2.88124
3.20839 2.88255
3.2583 2.88386
3.30821 2.88516
3.35813 2.88647
3.40804 2.88778
3.45852 2.88778
3.50899 2.90162
3.55947 2.91546
3.60995 2.9293
3.66043 2.94314
3.71091 2.95698
3.76138 2.97082
3.81186 2.98466
3.86234 2.9985
3.91282 3.01234
3.96329 3.02618
4.01377 3.04002
4.06425 3.05386
4.11473 3.0677
4.16521 3.08154
4.21568 3.09538
4.26616 3.10921
4.31664 3.12305
4.36712 3.13689
4.41759 3.15073
4.46807 3.16457
4.51855 3.17841
4.56903 3.19225
4.61951 3.20609
4.66998 3.21993
4.72046 3.23377
4.77094 3.24761
4.82142 3.26145
4.8719 3.27529
4.92237 3.28913
4.97285 3.30297
5.02333 3.31681
5.07381 3.33065
5.12428 3.34449
5.17476 3.35833
5.22524 3.37217
5.27572 3.386
5.3262 3.39984
5.37667 3.41368
5.42715 3.42752
5.47763 3.44136
5.52811 3.4552
5.57807 3.4552
5.62803 3.4552
5.67799 3.4552
5.72795 3.4552
5.77791 3.4552
5.82787 3.4552
5.87783 3.4552
5.92779 3.4552
5.97776 3.4552
6.02772 3.4552
6.07768 3.4552
6.12764 3.4552
6.1776 3.4552
8.3832 6.0439
10.5888 6.0439
12.7944 6.0439
15.0 6.0439
0.0 0.920601
0.0496855 0.920601
0.099371 0.962812
0.149056 1.00502
0.198742 1.04724
0.248427 1.08945
0.298113 1.13166
0.347798 1.17387
0.397484 1.21608
0.447169 1.25829
0.496855 1.30051
0.54654 1.34272
0.596226 1.38493
0.645911 1.42714
0.695597 1.46935
0.745282 1.51156
0.794968 1.55378
0.844653 1.59599
0.894339 1.6382
0.944024 1.68041
0.994168 1.68041
1.04431 1.704
1.09445 1.72759
1.1446 1.75117
1.19474 1.77476
1.24488 1.79835
1.29503 1.82193
1.34517 1.84552
1.39532 1.86911
1.44546 1.8927
1.4956 1.91628
1.54575 1.93987
1.59589 1.96346
1.64603 1.98705
1.69618 2.01063
1.74632 2.03422
1.79646 2.05781
1.84661 2.0814
1.89675 2.10498
1.94689 2.12857
1.99704 2.15216
2.04718 2.17575
2.09732 2.19933
2.14747 2.22292
2.19761 2.24651
2.24775 2.27009
2.2979 2.29368
2.34804 2.31727
2.39818 2.34086
2.44833 2.36444
2.49847 2.38803
2.54861 2.41162
2.59876 2.43521
2.6489 2.45879
2.69904 2.48238
2.74919 2.50597
2.79933 2.52956
2.84948 2.55314
2.89962 2.57673
2.94976 2.60032
2.99991 2.62391
3.05005 2.64749
3.10019 2.67108
3.15034 2.69467
3.20048 2.71825
3.25062 2.74184
3.30077 2.76543
3.35091 2.78902
3.40105 2.8126
3.4512 2.83619
3.50039 2.83619
3.54959 2.83826
3.59878 2.84033
3.64797 2.8424
3.69717 2.84447
3.74636 2.84654
3.79556 2.84861
3.84475 2.85068
3.89394 2.85275
3.94314 2.85482
3.99233 2.85689
4.04153 2.85896
4.09072 2.86103
4.13992 2.8631
4.18911 2.86517
4.2383 2.86724
4.2875 2.86931
4.33669 2.87138
4.38664 2.87138
4.43658 2.88819
4.48652 2.90499
4.53646 2.9218
4.5864 2.93861
4.63635 2.95542
4.68629 2.97222
4.73623 2.98903
4.78617 3.00584
4.83612 3.02265
4.88606 3.03946
4.936 3.05626
4.98594 3.07307
5.03589 3.08988
5.08583 3.10669
5.13577 3.1235
5.18571 3.1403
5.23565 3.15711
5.2856 3.17392
5.33554 3.19073
5.38548 3.20753
5.43542 3.22434
5.48537 3.24115
5.53531 3.25796
5.58525 3.27477
5.63519 3.29157
5.68514 3.30838
5.73508 3.32519
5.78502 3.342
5.83496 3.3588
5.8849 3.37561
5.93485 3.39242
5.98562 3.39242
6.03638 3.39242
6.08715 3.39242
6.13792 3.39242
6.18869 3.39242
6.23946 3.39242
6.29022 3.39242
6.34099 3.39242
6.39176 3.39242
6.44253 3.39242
6.4933 3.39242
6.54407 3.39242
6.59483 3.39242
6.6456 3.39242
6.69637 3.39242
6.74714 3.39242
6.79791 3.39242
6.84867 3.39242
6.89944 3.39242
6.95021 3.39242
7.00098 3.39242
7.05175 3.39242
7.10252 3.39242
9.73501 6.09823
12.3675 6.09823
15.0 6.09823
0.0 0.935682
0.0488901 0.935682
0.0977801 0.971198
0.14667 1.00671
0.19556 1.04223
0.24445 1.07774
0.29334 1.11326
0.34223 1.14877
0.391121 1.18429
0.440011 1.21981
0.488901 1.25532
0.537791 1.29084
0.586681 1.32635
0.635571 1.36187
0.684461 1.39738
0.732353 1.39738
0.780244 1.53867
0.828136 1.67996
0.876028 1.82125
0.923919 1.96254
0.971811 2.10382
1.0197 2.24511
1.06759 2.3864
1.11549 2.52769
1.16644 2.52769
1.21739 2.54301
1.26835 2.55833
1.3193 2.57365
1.37026 2.58897
1.42121 2.60429
1.47216 2.61961
1.52312 2.63493
1.57407 2.65025
1.62502 2.66557
1.67598 2.68089
1.72623 2.68089
1.77649 3.02956
1.82674 3.37823
1.877 3.72689
1.92725 4.07556
1.9776 4.07556
2.02795 4.07556
2.07831 4.07556
2.12866 4.07556
2.17901 4.07556
2.22936 4.07556
2.27971 4.07556
2.33007 4.07556
2.38042 4.07556
2.43077 4.07556
2.48112 4.07556
2.53147 4.07556
2.58182 4.07556
2.63218 4.07556
2.68253 4.07556
2.73288 4.07556
2.78323 4.07556
2.83358 4.07556
2.88393 4.07556
2.93429 4.07556
2.98464 4.07556
3.03499 4.07556
3.08534 4.07556
3.13569 4.07556
3.18605 4.07556
3.2364 4.07556
3.28675 4.07556
3.3371 4.07556
3.38745 4.07556
3.4378 4.07556
3.48816 4.07556
3.53851 4.07556
3.58886 4.07556
3.63921 4.07556
3.68956 4.07556
5.95165 4.57215
8.21374 4.57215
10.4758 4.57215
12.7379 4.57215
15.0 4.57215
0.0 0.929537
0.0491444 0.929537
0.0982888 0.968455
0.147433 1.00737
0.196578 1.04629
0.245722 1.08521
0.294866 1.12413
0.344011 1.16304
0.393155 1.20196
0.442299 1.24088
0.491444 1.2798
0.540588 1.31871
0.589733 1.35763
0.638877 1.39655
0.688021 1.43547
0.737166 1.47439
0.78631 1.5133
0.835455 1.55222
0.885262 1.55222
0.935069 1.62007
0.984876 1.68791
1.03468 1.75575
1.08449 1.8236
1.1343 1.89144
1.18411 1.95929
1.23391 2.02713
1.28372 2.09497
1.33353 2.16282
1.38333 2.23066
1.43314 2.29851
1.48295 2.36635
1.53276 2.43419
1.58256 2.50204
1.63237 2.56988
1.68218 2.63773
1.73199 2.70557
1.78247 2.70557
1.83295 2.71828
1.88343 2.731
1.93391 2.74371
1.98439 2.75642
2.03488 2.76914
2.08536 2.78185
2.13584 2.79456
2.18632 2.80728
2.2368 2.81999
2.28729 2.8327
2.33777 2.84542
2.38825 2.85813
2.43873 2.87084
2.48921 2.88356
2.5397 2.89627
2.59018 2.90898
2.64066 2.9217
2.69114 2.93441
2.74162 2.94712
2.7921 2.95984
2.84259 2.97255
2.89307 2.98526
2.94355 2.99798
2.99455 2.99798
3.04555 3.04627
3.09655 3.09455
3.14755 3.14284
3.19855 3.19113
3.24955 3.23942
3.30055 3.28771
3.35155 3.336
3.40166 3.336
3.45176 3.336
3.50186 3.336
3.55196 3.336
3.60207 3.336
3.65217 3.336
3.70227 3.336
3.75237 3.336
3.80247 3.336
3.85258 3.336
3.90268 3.336
3.95278 3.336
4.00288 3.336
4.05298 3.336
4.10309 3.336
4.15319 3.336
6.86489 6.06689
9.57659 6.06689
12.2883 6.06689
15.0 6.06689
0.0 0.930207
0.0499943 0.930207
0.0999886 0.970495
0.149983 1.01078
0.199977 1.05107
0.249971 1.09136
0.299966 1.13165
0.34996 1.17194
0.399954 1.21222
0.449949 1.25251
0.499943 1.2928
0.549937 1.33309
0.599932 1.37338
0.649926 1.41366
0.69992 1.45395
0.749914 1.49424
0.799909 1.53453
0.849903 1.57482
0.89959 1.57482
0.949277 1.6384
0.998965 1.70199
1.04865 1.76557
1.09834 1.82916
1.14803 1.89275
1.19771 1.95633
1.2474 2.01992
1.29709 2.0835
1.34677 2.14709
1.39646 2.21068
1.44615 2.27426
1.49584 2.33785
1.54552 2.40143
1.59521 2.46502
1.6449 2.52861
1.69459 2.59219
1.74427 2.65578
1.79431 2.65578
1.84434 2.68831
1.89438 2.72085
1.94441 2.75338
1.99445 2.78592
2.04448 2.81845
2.09452 2.85099
2.14456 2.88352
2.19459 2.91606
2.24463 2.94859
2.29466 2.98113
2.3447 3.01366
2.39473 3.0462
2.44477 3.07873
2.4922 3.07873
2.53963 3.11045
2.58706 3.14216
2.63448 3.17387
2.68191 3.20558
2.72934 3.23729
2.77677 3.269
2.8242 3.30072
2.87444 3.30072
2.92469 3.30072
2.97493 3.30072
3.02517 3.30072
3.07542 3.30072
3.12566 3.30072
3.1759 3.30072
3.22614 3.30072
3.27639 3.30072
3.32663 3.30072
3.37687 3.30072
3.42712 3.30072
3.47736 3.30072
3.5276 3.30072
3.57784 3.30072
3.62809 3.30072
3.67833 3.30072
3.72857 3.30072
3.77882 3.30072
3.82906 3.30072
3.8793 3.30072
3.92955 3.30072
3.97979 3.30072
4.03003 3.30072
4.08027 3.30072
4.13052 3.30072
4.18076 3.30072
4.231 3.30072
4.28125 3.30072
4.33149 3.30072
4.38173 3.30072
4.43197 3.30072
4.48222 3.30072
4.53246 3.30072
4.5827 3.30072
4.63295 3.30072
4.68319 3.30072
4.73343 3.30072
4.78368 3.30072
4.83392 3.30072
4.88416 3.30072
4.9344 3.30072
4.98465 3.30072
5.03489 3.30072
5.08513 3.30072
7.56385 6.09791
10.0426 6.09791
12.5213 6.09791
15.0 6.09791
0.0 0.943457
0.052322 0.943457
0.104644 0.97927
0.156966 1.01508
0.209288 1.0509
0.26161 1.08671
0.313932 1.12252
0.366911 1.12252
0.41989 1.17837
0.472869 1.23422
0.525849 1.29007
0.578828 1.34592
0.631807 1.40177
0.684786 1.45762
0.737765 1.51347
0.786717 1.51347
0.835669 1.6565
0.884621 1.79953
0.933573 1.94256
0.982524 2.08559
1.03148 2.22862
1.08043 2.37165
1.12938 2.51469
1.17833 2.65772
1.22728 2.80075
1.27624 2.94378
1.32519 3.08681
1.37414 3.22984
1.42309 3.37287
1.47204 3.5159
1.521 3.65893
1.56995 3.80196
1.6189 3.945
1.66785 4.08803
1.71851 4.08803
1.76918 4.10848
1.81984 4.12893
1.87051 4.14938
1.92117 4.16983
1.97183 4.19028
2.0225 4.21074
2.07316 4.23119
2.12383 4.25164
2.17449 4.27209
2.22515 4.29254
2.27582 4.31299
2.32648 4.33344
2.37715 4.3539
2.42781 4.37435
2.47847 4.3948
2.52914 4.41525
2.5798 4.4357
2.63047 4.45615
2.68113 4.4766
2.73179 4.49706
2.78127 4.49706
2.83075 4.49706
2.88023 4.49706
2.9297 4.49706
2.97918 4.49706
3.02866 4.49706
3.07813 4.49706
3.12761 4.49706
3.17709 4.49706
3.22656 4.49706
3.27604 4.49706
3.32552 4.49706
3.37499 4.49706
3.42447 4.49706
3.47395 4.49706
3.52343 4.49706
3.5729 4.49706
3.62238 4.49706
3.67186 4.49706
3.72133 4.49706
3.77081 4.49706
3.82029 4.49706
3.86976 4.49706
3.91924 4.49706
3.96872 4.49706
4.01819 4.49706
6.76365 4.76695
9.5091 4.76695
12.2545 4.76695
15.0 4.76695
0.0 0.910428
0.0490267 0.910428
0.0980534 0.954135
0.14708 0.997842
0.196107 1.04155
0.245134 1.08526
0.29416 1.12896
0.343187 1.17267
0.392214 1.21638
0.44124 1.26008
0.490267 1.30379
0.539294 1.3475
0.588321 1.3912
0.637347 1.43491
0.686374 1.47862
0.735401 1.52233
0.786645 1.52233
0.837889 1.58014
0.889133 1.63795
0.940377 1.69576
0.991621 1.75357
1.04287 1.81138
1.09411 1.86919
1.14535 1.927
1.1966 1.98481
1.24784 2.04262
1.29909 2.10043
1.35033 2.15824
1.40157 2.21605
1.45282 2.27386
1.50406 2.33167
1.55531 2.38948
1.60655 2.44729
1.65779 2.5051
1.70806 2.5051
1.75832 2.52544
1.80858 2.54578
1.85884 2.56613
1.9091 2.58647
1.95936 2.60682
2.00962 2.62716
2.05988 2.64751
2.11014 2.66785
2.1604 2.6882
2.21066 2.70854
2.26092 2.72889
2.31118 2.74923
2.36145 2.76958
2.41171 2.78992
2.46197 2.81026
2.51223 2.83061
2.56249 2.85095
2.61275 2.8713
2.66301 2.89164
2.71327 2.91199
2.76353 2.93233
2.81379 2.95268
2.86405 2.97302
2.91431 2.99337
2.96457 3.01371
3.01484 3.03406
3.0651 3.0544
3.11536 3.07474
3.16562 3.09509
3.21588 3.11543
3.26456 3.11543
3.31323 3.11929
3.36191 3.12315
3.41059 3.127
3.45927 3.13086
3.50794 3.13472
3.55662 3.13858
3.6053 3.14243
3.65398 3.14629
3.70265 3.15015
3.75133 3.154
3.80001 3.15786
3.84869 3.16172
3.8998 3.16172
3.95092 3.16172
4.00203 3.16172
4.05315 3.16172
4.10426 3.16172
4.15538 3.16172
4.20649 3.16172
4.25761 3.16172
4.30872 3.16172
4.35984 3.16172
4.41095 3.16172
4.46207 3.16172
4.51319 3.16172
4.5643 3.16172
4.61542 3.16172
4.66653 3.16172
4.71765 3.16172
4.76876 3.16172
7.32657 6.1085
9.88438 6.1085
12.4422 6.1085
15.0 6.1085
0.0 0.928703
0.0505755 0.928703
0.101151 0.969035
0.151727 1.00937
0.202302 1.0497
0.252878 1.09003
0.303453 1.13036
0.354029 1.1707
0.404604 1.21103
0.45518 1.25136
0.505755 1.29169
0.556331 1.33202
0.606906 1.37236
0.657482 1.41269
0.708057 1.45302
0.758633 1.49335
0.809209 1.53369
0.859784 1.57402
0.91036 1.61435
0.960935 1.65468
1.01151 1.69501
1.06209 1.73535
1.11266 1.77568
1.16324 1.81601
1.21381 1.85634
1.26439 1.89668
1.31496 1.93701
1.36554 1.97734
1.41675 1.97734
1.46796 2.06695
1.51917 2.15655
1.57038 2.24616
1.62159 2.33577
1.6728 2.42537
1.724 2.51498
1.77521 2.60459
1.82032 2.60459
1.86542 2.87203
1.91052 3.13948
1.95563 3.40692
2.00073 3.67436
2.05146 3.67436
2.10219 3.70276
2.15292 3.73115
2.20365 3.75954
2.25438 3.78793
2.30511 3.81632
2.35584 3.84472
2.40656 3.87311
2.45729 3.9015
2.50802 3.92989
2.55875 3.95828
2.60948 3.98668
2.66021 4.01507
2.71094 4.04346
2.76167 4.07185
2.8124 4.10025
2.86313 4.12864
2.91386 4.15703
2.96459 4.18542
3.01531 4.21381
3.06604 4.24221
3.11677 4.2706
3.1675 4.29899
3.21823 4.32738
3.26896 4.35577
3.31969 4.38417
3.37016 4.38417
3.42062 4.38417
3.47109 4.38417
3.52155 4.38417
3.57202 4.38417
3.62248 4.38417
3.67295 4.38417
3.72341 4.38417
3.77388 4.38417
3.82434 4.38417
3.87481 4.38417
3.92528 4.38417
3.97574 4.38417
4.02621 4.38417
4.07667 4.38417
4.12714 4.38417
4.1776 4.38417
4.22807 4.38417
4.27853 4.38417
6.9589 5.88997
9.63927 5.88997
12.3196 5.88997
15.0 5.88997
0.0 0.942495
0.0487296 0.942495
0.0974593 0.979013
0.146189 1.01553
0.194919 1.05205
0.243648 1.08857
0.292378 1.12509
0.341107 1.16161
0.389837 1.19812
0.438567 1.23464
0.487296 1.27116
0.536026 1.30768
0.584756 1.3442
0.633485 1.38072
0.682215 1.41724
0.730945 1.45375
0.779674 1.49027
0.830932 1.49027
0.882189 1.54911
0.933446 1.60795
0.984704 1.66679
1.03596 1.72563
1.08722 1.78447
1.13848 1.84332
1.18973 1.90216
1.24099 1.961
1.29225 2.01984
1.34351 2.07868
1.39476 2.13752
1.44602 2.19636
1.49728 2.2552
1.54853 2.31404
1.59979 2.37288
1.65105 2.43172
1.70231 2.49056
1.75356 2.5494
1.80461 2.5494
1.85566 2.58746
1.90671 2.62552
1.95776 2.66358
2.00881 2.70164
2.05986 2.7397
2.11091 2.77776
2.16196 2.81582
2.21301 2.85388
2.26406 2.89193
2.31511 2.92999
2.36616 2.96805
2.41721 3.00611
2.46826 3.04417
2.51931 3.08223
2.57036 3.12029
2.62001 3.12029
2.66967 3.1259
2.71933 3.13151
2.76899 3.13711
2.81865 3.14272
2.8683 3.14833
2.91796 3.15394
2.96762 3.15954
3.01728 3.16515
3.06693 3.17076
3.11659 3.17637
3.16625 3.18197
3.21591 3.18758
3.26557 3.19319
3.31522 3.1988
3.36488 3.2044
3.41454 3.21001
3.4642 3.21562
3.51385 3.22123
3.56351 3.22683
3.61317 3.23244
3.66283 3.23805
3.71249 3.24366
3.76214 3.24926
3.8118 3.25487
3.86146 3.26048
3.91112 3.26609
3.96077 3.27169
4.00988 3.27169
4.05899 3.27169
4.1081 3.27169
4.15721 3.27169
4.20631 3.27169
4.25542 3.27169
4.30453 3.27169
4.35364 3.27169
4.40275 3.27169
4.45186 3.27169
4.50096 3.27169
4.55007 3.27169
4.59918 3.27169
4.64829 3.27169
4.6974 3.27169
4.7465 3.27169
7.30988 5.98603
9.87325 5.98603
12.4366 5.98603
15.0 5.98603
0.0 0.922653
0.0522651 0.922653
0.10453 0.969092
0.156795 1.01553
0.20906 1.06197
0.261325 1.10841
0.31359 1.15485
0.365856 1.20128
0.415449 1.20128
0.465042 1.25614
0.514635 1.31101
0.564228 1.36587
0.613821 1.42073
0.663414 1.47559
0.713007 1.53045
0.761301 1.53045
0.809595 1.81507
0.85789 2.0997
0.906184 2.38432
0.954478 2.66895
1.00277 2.95357
1.05107 3.2382
1.09936 3.52283
1.14766 3.80745
1.19595 4.09208
1.24691 4.09208
1.29786 4.11901
1.34882 4.14594
1.39977 4.17287
1.45073 4.1998
1.50168 4.22674
1.55264 4.25367
1.60359 4.2806
1.65455 4.30753
1.7055 4.33447
1.75646 4.3614
1.80742 4.38833
1.85837 4.41526
1.90933 4.44219
1.96028 4.46913
2.01124 4.49606
2.06219 4.52299
2.11315 4.54992
2.1641 4.57686
2.21578 4.57686
2.26746 4.57686
2.31913 4.57686
2.37081 4.57686
2.42248 4.57686
2.47416 4.57686
2.52584 4.57686
2.57751 4.57686
2.62919 4.57686
2.68087 4.57686
2.73254 4.57686
5.18603 4.82461
7.63953 4.82461
10.093 4.82461
12.5465 4.82461
15.0 4.82461
0.0 0.940333
0.0476625 0.940333
0.095325 0.972242
0.142987 1.00415
0.19065 1.03606
0.238312 1.06797
0.285975 1.09988
0.333637 1.13179
0.3813 1.1637
0.432679 1.1637
0.484059 1.22481
0.535438 1.28593
0.586818 1.34704
0.638197 1.40816
0.689577 1.46928
0.740956 1.53039
0.794877 1.53039
0.848797 2.1545
0.902717 2.7786
0.956638 3.40271
1.01056 4.02682
1.0614 4.02682
1.11224 4.05831
1.16308 4.0898
1.21392 4.12129
1.26476 4.15278
1.3156 4.18427
1.36644 4.21576
1.41728 4.24726
1.46811 4.27875
1.51895 4.31024
1.56979 4.34173
1.62063 4.37322
1.67147 4.40471
1.72231 4.4362
1.77315 4.46769
1.82399 4.49918
1.87483 4.53067
1.92567 4.56217
1.97651 4.59366
2.02543 4.59366
2.07436 4.59366
2.12328 4.59366
2.1722 4.59366
2.22112 4.59366
2.27005 4.59366
2.31897 4.59366
2.36789 4.59366
4.89431 4.81931
7.42074 4.81931
9.94716 4.81931
12.4736 4.81931
15.0 4.81931
0.0 0.926919
0.0501038 0.926919
0.100208 0.966356
0.150311 1.00579
0.200415 1.04523
0.250519 1.08467
0.300623 1.12411
0.350726 1.16354
0.40083 1.20298
0.450934 1.24242
0.501038 1.28185
0.551141 1.32129
0.601245 1.36073
0.651349 1.40017
0.701453 1.4396
0.751557 1.47904
0.80166 1.51848
0.851764 1.55791
0.901868 1.59735
0.951972 1.63679
1.00208 1.67623
1.05218 1.71566
1.10228 1.7551
1.15239 1.79454
1.20249 1.83397
1.25259 1.87341
1.3027 1.91285
1.3528 1.95229
1.40291 1.99172
1.45301 2.03116
1.50311 2.0706
1.55067 2.0706
1.59823 2.23547
1.64579 2.40034
1.69335 2.5652
1.7437 2.5652
1.79405 2.58655
1.84439 2.6079
1.89474 2.62924
1.94509 2.65059
1.99544 2.67194
2.04578 2.69328
2.09613 2.71463
2.14648 2.73597
2.19683 2.75732
2.24717 2.77867
2.29752 2.80001
2.34787 2.82136
2.39822 2.84271
2.44856 2.86405
2.49891 2.8854
2.54926 2.90674
2.59961 2.92809
2.64995 2.94944
2.7003 2.97078
2.75065 2.99213
2.801 3.01347
2.85134 3.03482
2.90169 3.05617
2.95204 3.07751
3.00239 3.09886
3.05273 3.12021
3.10308 3.14155
3.15343 3.1629
3.20378 3.18424
3.25412 3.20559
3.30447 3.22694
3.35482 3.24828
3.40516 3.26963
3.45551 3.29097
3.50586 3.31232
3.55621 3.33367
3.60655 3.35501
3.6569 3.37636
3.70725 3.39771
3.7576 3.41905
3.80794 3.4404
3.85829 3.46174
3.90864 3.48309
3.95899 3.50444
4.00933 3.52578
4.05968 3.54713
4.11003 3.56847
4.15985 3.56847
4.20966 3.59292
4.25948 3.61736
4.30929 3.6418
4.35911 3.66624
4.40893 3.69069
4.45874 3.71513
4.50856 3.73957
4.55838 3.76401
4.60819 3.78845
4.65801 3.8129
4.70782 3.83734
4.75764 3.86178
4.80746 3.88622
4.85727 3.91067
4.90709 3.93511
4.9569 3.95955
5.00672 3.98399
5.05654 4.00843
5.10635 4.03288
5.15617 4.05732
5.20599 4.08176
5.2558 4.1062
5.30562 4.13065
5.35543 4.15509
5.40525 4.17953
5.45507 4.20397
5.50488 4.22841
5.5547 4.25286
5.60351 4.25286
5.65233 4.25286
5.70115 4.25286
5.74996 4.25286
5.79878 4.25286
5.84759 4.25286
5.89641 4.25286
5.94522 4.25286
5.99404 4.25286
6.04285 4.25286
6.09167 4.25286
8.31875 5.98895
10.5458 5.98895
12.7729 5.98895
15.0 5.98895
0.0 0.903427
0.0485242 0.903427
0.0970485 0.976311
0.145573 1.04919
0.195732 1.04919
0.24589 1.09122
0.296049 1.13324
0.346208 1.17526
0.396367 1.21728
0.446526 1.2593
0.496684 1.30132
0.546843 1.34335
0.597002 1.38537
0.647161 1.42739
0.69732 1.46941
0.747478 1.51143
0.797637 1.55345
0.847796 1.59547
0.897955 1.6375
0.948114 1.67952
0.998272 1.72154
1.04843 1.76356
1.09859 1.80558
1.14875 1.8476
1.19891 1.88963
1.24907 1.93165
1.29923 1.97367
1.34938 2.01569
1.39954 2.05771
1.4497 2.09973
1.49986 2.14175
1.55002 2.18378
1.60018 2.2258
1.65034 2.26782
1.7005 2.30984
1.75065 2.35186
1.80081 2.39388
1.85097 2.43591
1.90072 2.43591
1.95047 2.43815
2.00023 2.4404
2.04998 2.44265
2.09973 2.4449
2.14948 2.44715
2.19923 2.4494
2.24898 2.45165
2.29873 2.4539
2.34849 2.45615
2.39824 2.4584
2.44799 2.46065
2.49774 2.4629
2.54749 2.46515
2.59724 2.4674
2.64699 2.46965
2.69674 2.4719
2.7465 2.47415
2.79625 2.4764
2.846 2.47865
2.89575 2.4809
2.9455 2.48314
2.99525 2.48539
3.045 2.48764
3.09475 2.48989
3.14451 2.49214
3.19426 2.49439
3.24401 2.49664
3.29376 2.49889
3.34351 2.50114
3.39326 2.50339
3.44301 2.50564
3.49376 2.50564
3.5445 2.55083
3.59525 2.59602
3.64599 2.6412
3.69673 2.68639
3.74748 2.73158
3.79822 2.77677
3.84896 2.82196
3.89971 2.86714
3.95045 2.91233
4.00119 2.95752
4.05194 3.00271
4.10268 3.04789
4.15343 3.09308
4.20417 3.13827
4.25491 3.18346
4.30566 3.22865
4.3564 3.27383
4.40714 3.31902
4.45789 3.36421
4.50863 3.4094
4.55938 3.45459
4.61012 3.49977
4.66086 3.54496
4.71161 3.59015
4.76235 3.63534
4.81309 3.68052
4.86384 3.72571
4.9139 3.72571
4.96396 3.72571
5.01403 3.72571
5.06409 3.72571
7.54807 4.87507
10.032 4.87507
12.516 4.87507
15.0 4.87507
0.0 0.935678
0.0502397 0.935678
0.100479 0.975626
0.150719 1.01557
0.200959 1.05552
0.251199 1.09547
0.301438 1.13541
0.351678 1.17536
0.401918 1.21531
0.452158 1.25526
0.502397 1.2952
0.552637 1.33515
0.602877 1.3751
0.653116 1.41504
0.703356 1.45499
0.753596 1.49494
0.803836 1.53489
0.854075 1.57483
0.904315 1.61478
0.954555 1.65473
1.00479 1.69468
1.05503 1.73462
1.10527 1.77457
1.15551 1.81452
1.20575 1.85446
1.25599 1.89441
1.30623 1.93436
1.35647 1.97431
1.40671 2.01425
1.45695 2.0542
1.50719 2.09415
1.55743 2.13409
1.60767 2.17404
1.65744 2.17404
1.7072 2.17989
1.75697 2.18573
1.80673 2.19158
1.85649 2.19742
1.90626 2.20327
1.95602 2.20911
2.00579 2.21496
2.05555 2.2208
2.10532 2.22665
2.15508 2.23249
2.20485 2.23834
2.25461 2.24418
2.30438 2.25003
2.35414 2.25587
2.40391 2.26172
2.45367 2.26757
2.50344 2.27341
2.5532 2.27926
2.60296 2.2851
2.65273 2.29095
2.70249 2.29679
2.75226 2.30264
2.80202 2.30848
2.85179 2.31433
2.90155 2.32017
2.95132 2.32602
3.00108 2.33186
3.05085 2.33771
3.10061 2.34355
3.15038 2.3494
3.20014 2.35524
3.24991 2.36109
3.29967 2.36693
3.34943 2.37278
3.3992 2.37862
3.44896 2.38447
3.49873 2.39031
3.54849 2.39616
3.59826 2.402
3.64802 2.40785
3.69779 2.4137
3.74755 2.41954
3.79732 2.42539
3.84708 2.43123
3.89685 2.43708
3.94661 2.44292
3.99638 2.44877
4.04555 2.44877
4.09473 2.53374
4.14391 2.61871
4.19309 2.70369
4.24227 2.78866
4.29145 2.87363
4.34063 2.95861
4.38981 3.04358
4.43899 3.12855
4.48816 3.21353
4.53734 3.2985
4.58737 3.2985
4.63739 3.34928
4.68741 3.40007
4.73744 3.45085
4.78746 3.50163
4.83748 3.55241
4.88751 3.6032
4.93753 3.65398
4.98755 3.70476
5.03757 3.75554
5.0876 3.80633
5.13762 3.85711
5.18764 3.90789
5.23767 3.95868
5.28769 4.00946
5.33771 4.06024
5.38774 4.11102
5.43776 4.16181
5.48778 4.21259
5.53781 4.26337
5.58783 4.31415
5.63785 4.36494
5.68788 4.41572
5.7379 4.4665
5.78792 4.51728
5.83795 4.56807
5.88797 4.61885
5.93799 4.66963
5.98856 4.66963
6.03913 4.66963
6.08969 4.66963
6.14026 4.66963
6.19083 4.66963
6.2414 4.66963
6.29196 4.66963
6.34253 4.66963
6.3931 4.66963
6.44367 4.66963
6.49423 4.66963
6.5448 4.66963
6.59537 4.66963
6.64594 4.66963
6.6965 4.66963
6.74707 4.66963
6.79764 4.66963
6.84821 4.66963
6.89877 4.66963
6.94934 4.66963
6.99991 4.66963
7.05048 4.66963
7.10104 4.66963
7.15161 4.66963
7.20218 4.66963
7.25275 4.66963
7.30332 4.66963
7.35388 4.66963
7.40445 4.66963
7.45502 4.66963
7.50559 4.66963
10.0037 5.93589
12.5019 5.93589
15.0 5.93589
0.0 0.948527
0.0512087 0.948527
0.102417 0.987346
0.153626 1.02617
0.204835 1.06498
0.256043 1.1038
0.307252 1.14262
0.358461 1.18144
0.409669 1.22026
0.460878 1.25908
0.512087 1.2979
0.563295 1.33672
0.614504 1.37554
0.665713 1.41436
0.716921 1.45318
0.76813 1.492
0.819339 1.53082
0.870547 1.56964
0.921756 1.60845
0.970948 1.60845
1.02014 1.65774
1.06933 1.70703
1.11853 1.75631
1.16772 1.8056
1.21691 1.85489
1.2661 1.90417
1.31529 1.95346
1.36449 2.00274
1.41368 2.05203
1.46287 2.10132
1.51206 2.1506
1.56126 2.19989
1.61045 2.24918
1.65964 2.29846
1.70883 2.34775
1.75802 2.39704
1.80722 2.44632
1.8571 2.44632
1.90698 2.47325
1.95687 2.50019
2.00675 2.52712
2.05663 2.55405
2.10651 2.58099
2.1564 2.60792
2.20628 2.63485
2.25616 2.66178
2.30604 2.68872
2.35593 2.71565
2.40581 2.74258
2.45569 2.76951
2.50558 2.79645
2.55546 2.82338
2.60534 2.85031
2.65522 2.87724
2.70511 2.90418
2.75499 2.93111
2.80487 2.95804
2.85475 2.98498
2.90464 3.01191
2.95452 3.03884
3.0044 3.06577
3.05429 3.09271
3.10417 3.11964
3.15405 3.14657
3.20393 3.1735
3.25382 3.20044
3.3037 3.22737
3.35358 3.2543
3.40456 3.2543
3.45553 3.27265
3.5065 3.29099
3.55748 3.30933
3.60845 3.32767
3.65942 3.34602
3.7104 3.36436
3.76137 3.3827
3.81234 3.40105
3.86332 3.41939
3.91429 3.43773
3.96526 3.45608
4.01624 3.47442
4.06721 3.49276
4.11818 3.5111
4.16916 3.52945
4.21862 3.52945
4.26808 3.52945
4.31755 3.52945
4.36701 3.52945
4.41648 3.52945
4.46594 3.52945
4.51541 3.52945
4.56487 3.52945
4.61434 3.52945
4.6638 3.52945
4.71327 3.52945
4.76273 3.52945
4.8122 3.52945
4.86166 3.52945
4.91113 3.52945
4.96059 3.52945
5.01006 3.52945
5.05952 3.52945
5.10899 3.52945
5.15845 3.52945
5.20792 3.52945
5.25738 3.52945
5.30685 3.52945
5.35631 3.52945
5.40577 3.52945
5.45524 3.52945
5.5047 3.52945
5.55417 3.52945
5.60363 3.52945
5.6531 3.52945
5.70256 3.52945
5.75203 3.52945
5.80149 3.52945
5.85096 3.52945
8.13822 5.9182
10.4255 5.9182
12.7127 5.9182
15.0 5.9182
0.0 0.91543
0.048865 0.91543
0.09773 0.957514
0.146595 0.999598
0.19546 1.04168
0.244325 1.08377
0.29319 1.12585
0.342055 1.16794
0.39092 1.21002
0.439785 1.2521
0.48865 1.29419
0.537515 1.33627
0.58638 1.37836
0.635245 1.42044
0.68411 1.46253
0.732975 1.50461
0.78184 1.5467
0.830705 1.58878
0.87957 1.63086
0.928435 1.67295
0.978409 1.67295
1.02838 1.69641
1.07836 1.71988
1.12833 1.74334
1.17831 1.76681
1.22828 1.79027
1.27825 1.81374
1.32614 1.81374
1.37403 1.87503
1.42191 1.93632
1.4698 1.99761
1.51768 2.0589
1.56557 2.12019
1.61306 2.12019
1.66054 2.61271
1.70803 3.10523
1.75552 3.59775
1.803 4.09027
1.85049 4.58279
1.9003 4.58279
1.95011 4.58279
1.99992 4.58279
2.04973 4.58279
2.09954 4.58279
2.14935 4.58279
4.71948 6.22235
7.28961 6.22235
9.85974 6.22235
12.4299 6.22235
15.0 6.22235
0.0 0.938017
0.0508238 0.938017
0.101648 0.973329
0.152471 1.00864
0.203295 1.04395
0.254119 1.07927
0.304943 1.11458
0.355766 1.14989
0.40659 1.1852
0.456176 1.1852
0.505763 1.29973
0.555349 1.41426
0.604935 1.52879
0.654521 1.64331
0.704107 1.75784
0.753693 1.87237
0.803279 1.98689
0.852866 2.10142
0.902452 2.21595
0.952466 2.21595
1.00248 2.23816
1.0525 2.26037
1.10251 2.28258
1.15252 2.30479
1.20254 2.32701
1.25255 2.34922
1.30257 2.37143
1.35258 2.39364
1.4026 2.41585
1.45261 2.43806
1.50263 2.46027
1.55264 2.48248
1.60266 2.5047
1.65267 2.52691
1.70268 2.54912
1.7527 2.57133
1.80271 2.59354
1.85499 2.59354
1.90726 2.79044
1.95953 2.98734
2.01181 3.18423
2.06408 3.38113
2.11635 3.57803
2.16863 3.77493
2.21834 3.77493
2.26805 3.77493
2.31776 3.77493
2.36747 3.77493
2.41718 3.77493
2.46689 3.77493
2.5166 3.77493
2.56631 3.77493
2.61602 3.77493
2.66573 3.77493
2.71544 3.77493
2.76515 3.77493
2.81486 3.77493
2.86458 3.77493
2.91429 3.77493
2.964 3.77493
3.01371 3.77493
3.06342 3.77493
3.11313 3.77493
3.16284 3.77493
3.21255 3.77493
3.26226 3.77493
3.31197 3.77493
3.36168 3.77493
3.41139 3.77493
3.4611 3.77493
3.51081 3.77493
3.56052 3.77493
3.61024 3.77493
3.65995 3.77493
3.70966 3.77493
3.75937 3.77493
3.80908 3.77493
3.85879 3.77493
3.9085 3.77493
3.95821 3.77493
4.00792 3.77493
4.05763 3.77493
4.10734 3.77493
4.15705 3.77493
4.20676 3.77493
4.25647 3.77493
4.30618 3.77493
4.35589 3.77493
4.40561 3.77493
4.45532 3.77493
4.50503 3.77493
4.55474 3.77493
4.60445 3.77493
4.65416 3.77493
4.70387 3.77493
4.75358 3.77493
7.31519 4.96768
9.87679 4.96768
12.4384 4.96768
15.0 4.96768
0.0 0.930782
0.0497162 0.930782
0.0994323 0.970429
0.149149 1.01008
0.198865 1.04972
0.248581 1.08937
0.298297 1.12902
0.348013 1.16866
0.397729 1.20831
0.447446 1.24796
0.497162 1.2876
0.546878 1.32725
0.596594 1.36689
0.64631 1.40654
0.696026 1.44619
0.745743 1.48583
0.795459 1.52548
0.845175 1.56513
0.894891 1.60477
0.944607 1.64442
0.99411 1.64442
1.04361 1.64684
1.09312 1.64925
1.14262 1.65167
1.19212 1.65409
1.24162 1.6565
1.29113 1.65892
1.34063 1.66134
1.39013 1.66375
1.43963 1.66617
1.48914 1.66859
1.53864 1.671
1.58814 1.67342
1.63764 1.67584
1.68715 1.67825
1.73665 1.68067
1.78615 1.68308
1.83565 1.6855
1.88516 1.68792
1.93466 1.69033
1.98416 1.69275
2.03366 1.69517
2.08317 1.69758
2.13267 1.7
2.18217 1.70242
2.23167 1.70483
2.28118 1.70725
2.33068 1.70967
2.38018 1.71208
2.42969 1.7145
2.47919 1.71691
2.52869 1.71933
2.57819 1.72175
2.6277 1.72416
2.6772 1.72658
2.7267 1.729
2.7762 1.73141
2.82571 1.73383
2.87521 1.73625
2.92471 1.73866
2.97421 1.74108
3.02372 1.7435
3.07322 1.74591
3.12272 1.74833
3.17567 1.74833
3.22862 1.87021
3.28156 1.99209
3.33451 2.11396
3.38746 2.23584
3.43765 2.23584
3.48784 2.47099
3.53802 2.70614
3.58821 2.94129
3.6384 3.17644
3.68859 3.41159
3.73878 3.64674
3.78896 3.88189
3.83915 4.11704
3.88934 4.35219
3.93953 4.58734
3.98832 4.58734
4.03712 4.58734
4.08591 4.58734
4.13471 4.58734
4.1835 4.58734
4.23229 4.58734
6.92422 6.21222
9.61615 6.21222
12.3081 6.21222
15.0 6.21222
0.0 0.942128
0.0508592 0.942128
0.101718 0.974084
0.152578 1.00604
0.203437 1.038
0.254296 1.06995
0.305155 1.10191
0.356014 1.13386
0.406874 1.16582
0.456905 1.16582
0.506937 1.27418
0.556969 1.38255
0.607 1.49091
0.657032 1.59928
0.707064 1.70764
0.757095 1.816
0.807127 1.92437
0.857159 2.03273
0.90719 2.1411
0.955306 2.1411
1.00342 2.19213
1.05154 2.24316
1.09965 2.2942
1.14777 2.34523
1.19588 2.39626
1.244 2.4473
1.29211 2.49833
1.34023 2.54936
1.38835 2.6004
1.43815 2.6004
1.48795 2.63675
1.53775 2.67311
1.58755 2.70946
1.63736 2.74582
1.68716 2.78217
1.73696 2.81852
1.78676 2.85488
1.83656 2.89123
1.88636 2.92759
1.93617 2.96394
1.98597 3.0003
2.03577 3.03665
2.08557 3.07301
2.13537 3.10936
2.18518 3.14572
2.23498 3.18207
2.28478 3.21843
2.33458 3.25478
2.38438 3.29114
2.43419 3.32749
2.48399 3.36385
2.53379 3.4002
2.58359 3.43655
2.63339 3.47291
2.6832 3.50926
2.733 3.54562
2.7828 3.58197
2.8326 3.61833
2.8824 3.65468
2.93221 3.69104
2.98201 3.72739
3.0317 3.72739
3.08139 3.72739
3.13107 3.72739
3.18076 3.72739
3.23045 3.72739
3.28014 3.72739
3.32983 3.72739
3.37952 3.72739
3.42921 3.72739
3.4789 3.72739
3.52859 3.72739
3.57828 3.72739
3.62796 3.72739
3.67765 3.72739
3.72734 3.72739
3.77703 3.72739
3.82672 3.72739
3.87641 3.72739
3.9261 3.72739
3.97579 3.72739
4.02548 3.72739
4.07517 3.72739
4.12486 3.72739
4.17454 3.72739
4.22423 3.72739
4.27392 3.72739
4.32361 3.72739
4.3733 3.72739
4.42299 3.72739
4.47268 3.72739
4.52237 3.72739
4.57206 3.72739
4.62175 3.72739
4.67143 3.72739
4.72112 3.72739
4.77081 3.72739
4.8205 3.72739
4.87019 3.72739
4.91988 3.72739
4.96957 3.72739
5.01926 3.72739
5.06895 3.72739
7.55171 4.98859
10.0345 4.98859
12.5172 4.98859
15.0 4.98859
0.0 0.922221
0.0527378 0.922221
0.105476 0.96032
0.158213 0.998419
0.210951 1.03652
0.263689 1.07462
0.316427 1.11272
0.369164 1.15082
0.421902 1.18891
0.47464 1.22701
0.527599 1.22701
0.580558 1.38147
0.633518 1.53592
0.686477 1.69037
0.739436 1.84483
0.792396 1.99928
0.845355 2.15374
0.893856 2.15374
0.942356 2.21656
0.990857 2.27938
1.03936 2.34221
1.08786 2.40503
1.13636 2.46786
1.18486 2.53068
1.23336 2.59351
1.28186 2.65633
1.33265 2.65633
1.38343 2.69856
1.43422 2.74079
1.485 2.78302
1.53579 2.82525
1.58657 2.86748
1.63736 2.90971
1.68814 2.95194
1.73893 2.99417
1.78971 3.0364
1.8405 3.07864
1.89128 3.12087
1.94207 3.1631
1.99286 3.20533
2.04364 3.24756
2.09443 3.28979
2.14521 3.33202
2.196 3.37425
2.24678 3.41648
2.29757 3.45871
2.34835 3.50094
2.39914 3.54317
2.44992 3.5854
2.50071 3.62763
2.55149 3.66986
2.60228 3.71209
2.65306 3.75433
2.70285 3.75433
2.75263 3.75433
2.80242 3.75433
2.8522 3.75433
2.90199 3.75433
2.95177 3.75433
3.00156 3.75433
3.05134 3.75433
3.10113 3.75433
3.15091 3.75433
3.2007 3.75433
3.25048 3.75433
3.30027 3.75433
3.35005 3.75433
3.39984 3.75433
3.44962 3.75433
3.49941 3.75433
3.54919 3.75433
3.59898 3.75433
3.64876 3.75433
3.69855 3.75433
3.74833 3.75433
3.79812 3.75433
3.8479 3.75433
3.89769 3.75433
3.94747 3.75433
3.99726 3.75433
4.04704 3.75433
4.09683 3.75433
4.14661 3.75433
4.1964 3.75433
4.24618 3.75433
6.93464 4.96025
9.62309 4.96025
12.3115 4.96025
15.0 4.96025
0.0 0.940127
0.0514493 0.940127
0.102899 0.980989
0.154348 1.02185
0.205797 1.06271
0.257247 1.10357
0.308696 1.14444
0.360145 1.1853
0.411595 1.22616
0.463044 1.26702
0.514493 1.30788
0.565943 1.34875
0.617392 1.38961
0.668841 1.43047
0.720291 1.47133
0.77174 1.51219
0.823189 1.55306
0.871912 1.55306
0.920634 1.56666
0.969356 1.58027
1.01808 1.59388
1.0668 1.60749
1.11552 1.62109
1.16424 1.6347
1.21297 1.64831
1.26169 1.66192
1.31041 1.67552
1.35913 1.68913
1.40786 1.70274
1.45658 1.71635
1.5053 1.72995
1.55402 1.74356
1.60274 1.75717
1.65147 1.77078
1.70146 1.77078
1.75146 1.77929
1.80145 1.7878
1.85145 1.79632
1.90144 1.80483
1.95144 1.81334
2.00144 1.82185
2.05143 1.83037
2.10143 1.83888
2.15142 1.84739
2.20142 1.8559
2.25141 1.86442
2.30141 1.87293
2.35141 1.88144
2.4014 1.88995
2.4514 1.89847
2.50139 1.90698
2.55139 1.91549
2.60138 1.924
2.65138 1.93252
2.70137 1.94103
2.75137 1.94954
2.80137 1.95805
2.85136 1.96657
2.90136 1.97508
2.95135 1.98359
3.00135 1.9921
3.05134 2.00062
3.10134 2.00913
3.15134 2.01764
3.20133 2.02616
3.25133 2.03467
3.30132 2.04318
3.35132 2.05169
3.40131 2.06021
3.45131 2.06872
3.50131 2.07723
3.5513 2.08574
3.6013 2.09426
3.65129 2.10277
3.70129 2.11128
3.75128 2.11979
3.80128 2.12831
3.85127 2.13682
3.90081 2.13682
3.95034 2.18618
3.99988 2.23553
4.04941 2.28489
4.09894 2.33424
4.14848 2.3836
4.19801 2.43296
4.24755 2.48231
4.29708 2.53167
4.34661 2.58103
4.39615 2.63038
4.44568 2.67974
4.49522 2.7291
4.54475 2.77845
4.59428 2.82781
4.64382 2.87717
4.69335 2.92652
4.74289 2.97588
4.79242 3.02524
4.84195 3.07459
4.89149 3.12395
4.94102 3.17331
4.99055 3.22266
5.04009 3.27202
5.08962 3.32137
5.13916 3.37073
5.18869 3.42009
5.23822 3.46944
5.28776 3.5188
5.33729 3.56816
5.38683 3.61751
5.43636 3.66687
5.48589 3.71623
5.53543 3.76558
5.58496 3.81494
5.6345 3.8643
5.68403 3.91365
5.73356 3.96301
5.7831 4.01237
5.83263 4.06172
5.88216 4.11108
5.9317 4.16044
5.98123 4.20979
6.03077 4.25915
6.0803 4.3085
6.12983 4.35786
6.17937 4.40722
6.2289 4.45657
6.27844 4.50593
6.32797 4.55529
6.3775 4.60464
6.42704 4.654
6.47645 4.654
6.52586 4.654
6.57528 4.654
6.62469 4.654
6.6741 4.654
6.72352 4.654
6.77293 4.654
6.82234 4.654
6.87176 4.654
6.92117 4.654
6.97058 4.654
7.02 4.654
7.06941 4.654
7.11882 4.654
7.16824 4.654
7.21765 4.654
7.26706 4.654
7.31648 4.654
7.36589 4.654
7.4153 4.654
7.46472 4.654
7.51413 4.654
10.0094 6.15669
12.5047 6.15669
15.0 6.15669
0.0 0.940162
0.0507767 0.940162
0.101553 0.979323
0.15233 1.01848
0.203107 1.05765
0.253883 1.09681
0.30466 1.13597
0.355437 1.17513
0.406213 1.21429
0.45699 1.25345
0.507767 1.29261
0.558543 1.33177
0.60932 1.37093
0.660097 1.4101
0.710874 1.44926
0.76165 1.48842
0.812427 1.52758
0.863204 1.56674
0.91398 1.6059
0.964757 1.64506
1.01553 1.68422
1.06631 1.72338
1.11709 1.76255
1.16786 1.80171
1.21864 1.84087
1.26942 1.88003
1.32019 1.91919
1.37097 1.95835
1.42175 1.99751
1.47252 2.03667
1.5233 2.07583
1.57408 2.115
1.62485 2.15416
1.67445 2.15416
1.72405 2.15858
1.77364 2.16301
1.82324 2.16744
1.87284 2.17187
1.92243 2.1763
1.97203 2.18072
2.02163 2.18515
2.07122 2.18958
2.12082 2.19401
2.17042 2.19844
2.22001 2.20286
2.26961 2.20729
2.31921 2.21172
2.3688 2.21615
2.4184 2.22058
2.468 2.225
2.51759 2.22943
2.56719 2.23386
2.61679 2.23829
2.66638 2.24272
2.71598 2.24714
2.76557 2.25157
2.81517 2.256
2.86477 2.26043
2.91436 2.26486
2.96396 2.26928
3.01356 2.27371
3.06315 2.27814
3.11275 2.28257
3.16235 2.287
3.21194 2.29142
3.26154 2.29585
3.31114 2.30028
3.36073 2.30471
3.41033 2.30914
3.45993 2.31356
3.50952 2.31799
3.55912 2.32242
3.60872 2.32685
3.65831 2.33127
3.70791 2.3357
3.75751 2.34013
3.8071 2.34456
3.8567 2.34899
3.9063 2.35341
3.95589 2.35784
4.00549 2.36227
4.05509 2.3667
4.10468 2.37113
4.15428 2.37555
4.20388 2.37998
4.25347 2.38441
4.30307 2.38884
4.35266 2.39327
4.40226 2.39769
4.45186 2.40212
4.50101 2.40212
4.55017 2.44464
4.59933 2.48715
4.64848 2.52966
4.69764 2.57217
4.7468 2.61469
4.79595 2.6572
4.84511 2.69971
4.89426 2.74223
4.94342 2.78474
4.99258 2.82725
5.04173 2.86977
5.09089 2.91228
5.14005 2.95479
5.1892 2.99731
5.23836 3.03982
5.28751 3.08233
5.33667 3.12485
5.38583 3.16736
5.43498 3.20987
5.48414 3.25239
5.5333 3.2949
5.58628 3.2949
5.63927 3.54884
5.69225 3.80277
5.74524 4.05671
5.79823 4.31064
5.85121 4.56458
5.90141 4.56458
5.95161 4.56458
6.00181 4.56458
6.05201 4.56458
6.1022 4.56458
6.1524 4.56458
6.2026 4.56458
6.2528 4.56458
6.303 4.56458
6.3532 4.56458
6.40339 4.56458
6.45359 4.56458
6.50379 4.56458
6.55399 4.56458
6.60419 4.56458
6.65439 4.56458
6.70458 4.56458
6.75478 4.56458
6.80498 4.56458
6.85518 4.56458
6.90538 4.56458
6.95558 4.56458
7.00577 4.56458
7.05597 4.56458
7.10617 4.56458
7.15637 4.56458
7.20657 4.56458
7.25677 4.56458
7.30696 4.56458
7.35716 4.56458
7.40736 4.56458
7.45756 4.56458
7.50776 4.56458
7.55796 4.56458
10.0386 5.98322
12.5193 5.98322
15.0 5.98322
0.0 0.913656
0.0506409 0.913656
0.101282 0.957552
0.151923 1.00145
0.202564 1.04534
0.253205 1.08924
0.303845 1.13313
0.354486 1.17703
0.405127 1.22093
0.455768 1.26482
0.506409 1.30872
0.55705 1.35261
0.607691 1.39651
0.658332 1.4404
0.708973 1.4843
0.759614 1.52819
0.810255 1.57209
0.860895 1.61599
0.911536 1.65988
0.962177 1.70378
1.01282 1.74767
1.06346 1.79157
1.1141 1.83546
1.16474 1.87936
1.21538 1.92326
1.26602 1.96715
1.31666 2.01105
1.3673 2.05494
1.41708 2.05494
1.46685 2.05917
1.51663 2.0634
1.56641 2.06763
1.61618 2.07185
1.66596 2.07608
1.71573 2.08031
1.76551 2.08454
1.81528 2.08877
1.86506 2.09299
1.91483 2.09722
1.96461 2.10145
2.01438 2.10568
2.06416 2.10991
2.11393 2.11413
2.16371 2.11836
2.21348 2.12259
2.26326 2.12682
2.31303 2.13105
2.36281 2.13527
2.41258 2.1395
2.46236 2.14373
2.51213 2.14796
2.56191 2.15219
2.61168 2.15641
2.66146 2.16064
2.71124 2.16487
2.76101 2.1691
2.81079 2.17333
2.86056 2.17755
2.91034 2.18178
2.96011 2.18601
3.00989 2.19024
3.05966 2.19447
3.10944 2.1987
3.15921 2.20292
3.20899 2.20715
3.25876 2.21138
3.30854 2.21561
3.35831 2.21984
3.40809 2.22406
3.45786 2.22829
3.50764 2.23252
3.55741 2.23675
3.60719 2.24098
3.65696 2.2452
3.70674 2.24943
3.75651 2.25366
3.80629 2.25789
3.85606 2.26212
3.90584 2.26634
3.95562 2.27057
4.00539 2.2748
4.05517 2.27903
4.10494 2.28326
4.15472 2.28748
4.20449 2.29171
4.25427 2.29594
4.30404 2.30017
4.35382 2.3044
4.4028 2.3044
4.45179 2.34871
4.50078 2.39302
4.54976 2.43734
4.59875 2.48165
4.64773 2.52596
4.69672 2.57028
4.74571 2.61459
4.79469 2.6589
4.84368 2.70322
4.89267 2.74753
4.94165 2.79185
4.99064 2.83616
5.03962 2.88047
5.08861 2.92479
5.1376 2.9691
5.18658 3.01341
5.23557 3.05773
5.28456 3.10204
5.33354 3.14635
5.38253 3.19067
5.43151 3.23498
5.4805 3.2793
5.52927 3.2793
5.57804 3.36165
5.62681 3.444
5.67558 3.52636
5.72435 3.60871
5.77312 3.69107
5.82189 3.77342
5.87067 3.85578
5.91944 3.93813
5.96821 4.02048
6.01698 4.10284
6.06575 4.18519
6.11452 4.26755
6.16329 4.3499
6.21206 4.43225
6.26083 4.51461
6.3096 4.59696
6.35822 4.59696
6.40684 4.59696
6.45545 4.59696
6.50407 4.59696
6.55269 4.59696
6.60131 4.59696
6.64992 4.59696
6.69854 4.59696
6.74716 4.59696
6.79577 4.59696
6.84439 4.59696
6.89301 4.59696
6.94163 4.59696
6.99024 4.59696
7.03886 4.59696
7.08748 4.59696
7.1361 4.59696
7.18471 4.59696
9.78981 5.9451
12.3949 5.9451
15.0 5.9451
0.0 0.929752
0.0514719 0.929752
0.102944 0.972114
0.154416 1.01448
0.205888 1.05684
0.257359 1.0992
0.308831 1.14156
0.360303 1.18392
0.411775 1.22629
0.463247 1.26865
0.514719 1.31101
0.566191 1.35337
0.617663 1.39573
0.669134 1.43809
0.720606 1.48046
0.772078 1.52282
0.82355 1.56518
0.874126 1.56518
0.924702 1.57728
0.975278 1.58938
1.02585 1.60148
1.07643 1.61358
1.12701 1.62568
1.17758 1.63778
1.22816 1.64988
1.27873 1.66198
1.32931 1.67408
1.37989 1.68618
1.43046 1.69828
1.48104 1.71038
1.53161 1.72248
1.58219 1.73458
1.63276 1.74669
1.68334 1.75879
1.73392 1.77089
1.78449 1.78299
1.83507 1.79509
1.88564 1.80719
1.93534 1.80719
1.98504 1.81733
2.03474 1.82747
2.08444 1.83762
2.13414 1.84776
2.18384 1.8579
2.23354 1.86805
2.28325 1.87819
2.33295 1.88833
2.38265 1.89848
2.43235 1.90862
2.48205 1.91876
2.53175 1.9289
2.58145 1.93905
2.63115 1.94919
2.68085 1.95933
2.73055 1.96948
2.78025 1.97962
2.82995 1.98976
2.87965 1.99991
2.92935 2.01005
2.97905 2.02019
3.02875 2.03034
3.07845 2.04048
3.12815 2.05062
3.17785 2.06077
3.22755 2.07091
3.27725 2.08105
3.32695 2.0912
3.37665 2.10134
3.42635 2.11148
3.47605 2.12163
3.52575 2.13177
3.57545 2.14191
3.62515 2.15205
3.67485 2.1622
3.72693 2.1622
3.77901 2.42377
3.83109 2.68535
3.88317 2.94693
3.93525 3.2085
3.98733 3.47008
4.03941 3.73165
4.0915 3.99323
4.14358 4.2548
4.19566 4.51638
4.24574 4.51638
4.29583 4.51638
4.34591 4.51638
4.396 4.51638
4.44608 4.51638
4.49617 4.51638
4.54626 4.51638
4.59634 4.51638
4.64643 4.51638
4.69651 4.51638
4.7466 4.51638
4.79668 4.51638
4.84677 4.51638
4.89685 4.51638
4.94694 4.51638
4.99702 4.51638
5.04711 4.51638
5.09719 4.51638
5.14728 4.51638
5.19737 4.51638
5.24745 4.51638
5.29754 4.51638
5.34762 4.51638
5.39771 4.51638
5.44779 4.51638
5.49788 4.51638
5.54796 4.51638
5.59805 4.51638
5.64813 4.51638
5.69822 4.51638
5.7483 4.51638
5.79839 4.51638
5.84848 4.51638
5.89856 4.51638
5.94865 4.51638
5.99873 4.51638
6.04882 4.51638
6.0989 4.51638
6.14899 4.51638
6.19907 4.51638
6.24916 4.51638
6.29924 4.51638
6.34933 4.51638
6.39941 4.51638
6.4495 4.51638
6.49959 4.51638
6.54967 4.51638
6.59976 4.51638
6.64984 4.51638
6.69993 4.51638
6.75001 4.51638
6.8001 4.51638
6.85018 4.51638
6.90027 4.51638
6.95035 4.51638
7.00044 4.51638
9.66696 6.26192
12.3335 6.26192
15.0 6.26192
0.0 0.934649
0.0493413 0.934649
0.0986826 0.975252
0.148024 1.01586
0.197365 1.05646
0.246706 1.09706
0.296048 1.13766
0.345389 1.17827
0.39473 1.21887
0.444072 1.25947
0.494517 1.25947
0.544961 1.30621
0.595406 1.35295
0.645851 1.39969
0.696296 1.44642
0.746741 1.49316
0.797186 1.5399
0.847631 1.58664
0.898075 1.63338
0.94852 1.68011
0.998965 1.72685
1.04941 1.77359
1.09985 1.82033
1.1503 1.86707
1.20074 1.9138
1.25119 1.96054
1.30163 2.00728
1.35208 2.05402
1.40252 2.10076
1.45297 2.14749
1.50341 2.19423
1.55386 2.24097
1.6043 2.28771
1.65475 2.33445
1.70596 2.33445
1.75717 2.3468
1.80838 2.35916
1.85958 2.37151
1.91079 2.38387
1.962 2.39623
2.01321 2.40858
2.06442 2.42094
2.11563 2.4333
2.16684 2.44565
2.21805 2.45801
2.26926 2.47037
2.32047 2.48272
2.37167 2.49508
2.42288 2.50743
2.47409 2.51979
2.5253 2.53215
2.57529 2.53215
2.62528 2.57658
2.67527 2.62101
2.72526 2.66544
2.77526 2.70988
2.82525 2.75431
2.87524 2.79874
2.92523 2.84317
2.97522 2.8876
3.02521 2.93204
3.0752 2.97647
3.12519 3.0209
3.17518 3.06533
3.22517 3.10976
3.27516 3.1542
3.32515 3.19863
3.37515 3.24306
3.42514 3.28749
3.47513 3.33192
3.52512 3.37636
3.57511 3.42079
3.6251 3.46522
3.67509 3.50965
3.72508 3.55408
3.77507 3.59852
3.82506 3.64295
3.87505 3.68738
3.92505 3.73181
3.97504 3.77624
4.02555 3.77624
4.07607 3.77624
4.12658 3.77624
4.1771 3.77624
4.22761 3.77624
4.27813 3.77624
4.32865 3.77624
4.37916 3.77624
4.42968 3.77624
4.48019 3.77624
4.53071 3.77624
4.58122 3.77624
7.18592 5.11798
9.79061 5.11798
12.3953 5.11798
15.0 5.11798
0.0 0.941567
0.0494796 0.941567
0.0989592 0.979948
0.148439 1.01833
0.197918 1.05671
0.247398 1.09509
0.296878 1.13347
0.346357 1.17185
0.395837 1.21023
0.445317 1.24861
0.494796 1.28699
0.544276 1.32537
0.593755 1.36375
0.643235 1.40213
0.692715 1.44051
0.742194 1.47889
0.791674 1.51727
0.841153 1.55565
0.890633 1.59403
0.940113 1.63241
0.989592 1.67079
1.03907 1.70917
1.08855 1.74755
1.13803 1.78593
1.18751 1.82431
1.23699 1.86269
1.28647 1.90107
1.33595 1.93945
1.38543 1.97783
1.43491 2.01622
1.48439 2.0546
1.53386 2.0546
1.58333 2.06206
1.6328 2.06953
1.68228 2.077
1.73175 2.08447
1.78122 2.09193
1.83069 2.0994
1.88017 2.10687
1.92964 2.11434
1.97911 2.1218
2.02858 2.12927
2.07805 2.13674
2.12753 2.14421
2.177 2.15168
2.22647 2.15914
2.27594 2.16661
2.32541 2.17408
2.37489 2.18155
2.42436 2.18901
2.47383 2.19648
2.5233 2.20395
2.57277 2.21142
2.62225 2.21889
2.67172 2.22635
2.72119 2.23382
2.77066 2.24129
2.82014 2.24876
2.86961 2.25622
2.91908 2.26369
2.96855 2.27116
3.01802 2.27863
3.0675 2.28609
3.11697 2.29356
3.16644 2.30103
3.21591 2.3085
3.26538 2.31597
3.31486 2.32343
3.36433 2.3309
3.4138 2.33837
3.46327 2.34584
3.51274 2.3533
3.56222 2.36077
3.61169 2.36824
3.6624 2.36824
3.71311 2.39924
3.76383 2.43023
3.81454 2.46123
3.86525 2.49222
3.91597 2.52322
3.96668 2.55421
4.01739 2.58521
4.06811 2.6162
4.11882 2.6472
4.16953 2.67819
4.22024 2.70919
4.27096 2.74018
4.32167 2.77118
4.37238 2.80217
4.4231 2.83317
4.47381 2.86417
4.52452 2.89516
4.57524 2.92616
4.62595 2.95715
4.67666 2.98815
4.72737 3.01914
4.77809 3.05014
4.8288 3.08113
4.87951 3.11213
4.93023 3.14312
4.98094 3.17412
5.03165 3.20511
5.08236 3.23611
5.13132 3.23611
5.18028 3.33941
5.22924 3.44271
5.2782 3.54601
5.32716 3.6493
5.37611 3.7526
5.42507 3.8559
5.47403 3.9592
5.52299 4.0625
5.57195 4.1658
5.62091 4.2691
5.66986 4.3724
5.71882 4.47569
5.76778 4.57899
5.81689 4.57899
5.86599 4.57899
5.9151 4.57899
5.9642 4.57899
6.01331 4.57899
6.06242 4.57899
6.11152 4.57899
6.16063 4.57899
6.20974 4.57899
6.25884 4.57899
6.30795 4.57899
6.35705 4.57899
6.40616 4.57899
6.45527 4.57899
6.50437 4.57899
6.55348 4.57899
6.60259 4.57899
6.65169 4.57899
6.7008 4.57899
9.4672 5.92721
12.2336 5.92721
15.0 5.92721
0.0 0.944433
0.0496732 0.944433
0.0993464 0.981432
0.14902 1.01843
0.198693 1.05543
0.248366 1.09243
0.298039 1.12943
0.347712 1.16643
0.397386 1.20343
0.447059 1.24042
0.496732 1.27742
0.546405 1.31442
0.596078 1.35142
0.645752 1.38842
0.695425 1.42542
0.745098 1.46242
0.794771 1.49942
0.844444 1.53642
0.894118 1.57342
0.943791 1.61041
0.993253 1.61041
1.04272 1.67092
1.09218 1.73142
1.14164 1.79192
1.1911 1.85243
1.24056 1.91293
1.29003 1.97343
1.33949 2.03394
1.38895 2.09444
1.43841 2.15494
1.48787 2.21545
1.53734 2.27595
1.5868 2.33645
1.63725 2.33645
1.68771 2.36231
1.73817 2.38816
1.78862 2.41401
1.83908 2.43986
1.88954 2.46571
1.93999 2.49156
1.99045 2.51741
2.04091 2.54327
2.09136 2.56912
2.14182 2.59497
2.19227 2.62082
2.24273 2.64667
2.29319 2.67252
2.34364 2.69838
2.3941 2.72423
2.44456 2.75008
2.49501 2.77593
2.54547 2.80178
2.59593 2.82763
2.64409 2.82763
2.69226 2.89598
2.74043 2.96433
2.7886 3.03267
2.83677 3.10102
2.88493 3.16936
2.9331 3.23771
2.98127 3.30606
3.02944 3.3744
3.0776 3.44275
3.12577 3.5111
3.17394 3.57944
3.22211 3.64779
3.27112 3.64779
3.32012 3.64779
3.36913 3.64779
3.41814 3.64779
3.46715 3.64779
3.51615 3.64779
3.56516 3.64779
3.61417 3.64779
3.66318 3.64779
3.71218 3.64779
3.76119 3.64779
3.8102 3.64779
3.85921 3.64779
3.90821 3.64779
3.95722 3.64779
4.00623 3.64779
4.05524 3.64779
4.10425 3.64779
4.15325 3.64779
6.86494 5.82578
9.57663 5.82578
12.2883 5.82578
15.0 5.82578
0.0 0.942447
0.0525604 0.942447
0.105121 0.977254
0.157681 1.01206
0.210242 1.04687
0.262802 1.08168
0.315362 1.11648
0.367923 1.15129
0.420483 1.1861
0.473043 1.22091
0.522022 1.22091
0.571 1.29845
0.619978 1.37599
0.668956 1.45354
0.717935 1.53108
0.766913 1.60863
0.815891 1.68617
0.864869 1.76372
0.913848 1.84126
0.962826 1.9188
1.0118 1.99635
1.06078 2.07389
1.10976 2.15144
1.15874 2.22898
1.2078 2.22898
1.25686 2.25507
1.30592 2.28116
1.35499 2.30725
1.40405 2.33334
1.45311 2.35943
1.50217 2.38552
1.55123 2.41161
1.6003 2.43769
1.64936 2.46378
1.69842 2.48987
1.74748 2.51596
1.79654 2.54205
1.84817 2.54205
1.8998 2.64734
1.95143 2.75262
2.00306 2.85791
2.05469 2.9632
2.10632 3.06848
2.15794 3.17377
2.20957 3.27906
2.2612 3.38434
2.31283 3.48963
2.36446 3.59492
2.41609 3.7002
2.46772 3.80549
2.51715 3.80549
2.56658 3.80549
2.61601 3.80549
2.66545 3.80549
2.71488 3.80549
2.76431 3.80549
2.81374 3.80549
2.86318 3.80549
2.91261 3.80549
2.96204 3.80549
3.01147 3.80549
3.06091 3.80549
3.11034 3.80549
3.15977 3.80549
3.2092 3.80549
3.25864 3.80549
3.30807 3.80549
3.3575 3.80549
3.40693 3.80549
3.45637 3.80549
3.5058 3.80549
3.55523 3.80549
3.60466 3.80549
3.6541 3.80549
3.70353 3.80549
3.75296 3.80549
3.80239 3.80549
3.85183 3.80549
3.90126 3.80549
3.95069 3.80549
4.00012 3.80549
4.04956 3.80549
4.09899 3.80549
4.14842 3.80549
4.19785 3.80549
6.89839 4.96591
9.59893 4.96591
12.2995 4.96591
15.0 4.96591
0.0 0.932809
0.0502702 0.932809
0.10054 0.971585
0.15081 1.01036
0.201081 1.04914
0.251351 1.08791
0.301621 1.12669
0.351891 1.16546
0.402161 1.20424
0.452431 1.24301
0.502702 1.28179
0.552972 1.32056
0.603242 1.35934
0.653512 1.39811
0.703782 1.43689
0.754052 1.47567
0.804323 1.51444
0.854593 1.55322
0.904863 1.59199
0.955133 1.63077
1.0054 1.66954
1.05567 1.70832
1.1054 1.70832
1.15512 1.71039
1.20484 1.71246
1.25456 1.71453
1.30429 1.7166
1.35401 1.71867
1.40373 1.72074
1.45345 1.72282
1.50318 1.72489
1.5529 1.72696
1.60262 1.72903
1.65234 1.7311
1.70206 1.73317
1.75179 1.73524
1.80151 1.73731
1.85123 1.73938
1.90095 1.74146
1.95068 1.74353
2.0004 1.7456
2.05012 1.74767
2.09984 1.74974
2.14957 1.75181
2.19929 1.75388
2.24901 1.75595
2.29873 1.75802
2.34846 1.7601
2.39818 1.76217
2.4479 1.76424
2.49762 1.76631
2.54735 1.76838
2.59707 1.77045
2.64679 1.77252
2.69651 1.77459
2.74624 1.77666
2.79596 1.77874
2.84568 1.78081
2.8954 1.78288
2.94513 1.78495
2.99373 1.78495
3.04233 1.83098
3.09093 1.87701
3.13953 1.92305
3.18814 1.96908
3.23674 2.01511
3.28534 2.06115
3.33394 2.10718
3.38255 2.15321
3.43115 2.19925
3.48082 2.19925
3.5305 2.31041
3.58018 2.42158
3.62985 2.53275
3.67953 2.64391
3.7292 2.75508
3.77888 2.86625
3.82855 2.97741
3.87823 3.08858
3.9279 3.19975
3.97758 3.31092
4.02726 3.42208
4.07693 3.53325
4.12661 3.64442
4.17628 3.75558
4.22596 3.86675
4.27563 3.97792
4.32531 4.08908
4.37499 4.20025
4.42466 4.31142
4.47434 4.42258
4.52401 4.53375
4.57066 4.53375
4.61732 4.53375
4.66397 4.53375
4.71062 4.53375
4.75727 4.53375
4.80393 4.53375
4.85058 4.53375
7.38793 6.23288
9.92529 6.23288
12.4626 6.23288
15.0 6.23288
0.0 0.925004
0.0500273 0.925004
0.100055 0.968312
0.150082 1.01162
0.200109 1.05493
0.250136 1.09824
0.300164 1.14154
0.350191 1.18485
0.400218 1.22816
0.450246 1.27147
0.500273 1.31477
0.5503 1.35808
0.600328 1.40139
0.650355 1.4447
0.700382 1.48801
0.750409 1.53131
0.800437 1.57462
0.850464 1.61793
0.900491 1.66124
0.950976 1.66124
1.00146 1.69656
1.05195 1.73189
1.10243 1.76722
1.15292 1.80255
1.2034 1.83787
1.25389 1.8732
1.30437 1.90853
1.35486 1.94386
1.40534 1.97918
1.45583 2.01451
1.50631 2.04984
1.5568 2.08517
1.60728 2.12049
1.65777 2.15582
1.70825 2.19115
1.75874 2.22647
1.80922 2.2618
1.85971 2.29713
1.91019 2.33246
1.96068 2.36778
2.01116 2.40311
2.06165 2.43844
2.11213 2.47377
2.16262 2.50909
2.21248 2.50909
2.26235 2.51456
2.31221 2.52004
2.36208 2.52551
2.41194 2.53098
2.46181 2.53645
2.51167 2.54192
2.56154 2.54739
2.6114 2.55287
2.66127 2.55834
2.71114 2.56381
2.761 2.56928
2.81087 2.57475
2.86073 2.58022
2.9106 2.5857
2.96046 2.59117
3.01033 2.59664
3.06019 2.60211
3.11006 2.60758
3.15993 2.61305
3.20979 2.61853
3.25966 2.624
3.30952 2.62947
3.35939 2.63494
3.40925 2.64041
3.45912 2.64588
3.50898 2.65135
3.55885 2.65683
3.60871 2.6623
3.65858 2.66777
3.70845 2.67324
3.75831 2.67871
3.80669 2.67871
3.85507 2.96137
3.90345 3.24402
3.95184 3.52667
4.00172 3.52667
4.0516 3.52667
4.10148 3.52667
4.15136 3.52667
4.20124 3.52667
4.25113 3.52667
4.30101 3.52667
4.35089 3.52667
4.40077 3.52667
4.45065 3.52667
4.50054 3.52667
4.55042 3.52667
4.6003 3.52667
4.65018 3.52667
4.70006 3.52667
4.74995 3.52667
4.79983 3.52667
4.84971 3.52667
4.89959 3.52667
4.94947 3.52667
4.99936 3.52667
7.49952 6.09455
9.99968 6.09455
12.4998 6.09455
15.0 6.09455
0.0 0.940088
0.0494577 0.940088
0.0989154 0.978334
0.148373 1.01658
0.197831 1.05483
0.247289 1.09307
0.296746 1.13132
0.346204 1.16956
0.395662 1.20781
0.44512 1.24605
0.494577 1.2843
0.544035 1.32254
0.593493 1.36079
0.64295 1.39904
0.692408 1.43728
0.741866 1.47553
0.791324 1.51377
0.840781 1.55202
0.890239 1.59026
0.939697 1.62851
0.989154 1.66675
1.03861 1.705
1.08807 1.74325
1.13753 1.78149
1.18699 1.81974
1.23644 1.85798
1.2859 1.89623
1.33536 1.93447
1.38482 1.97272
1.43427 2.01097
1.48373 2.04921
1.53319 2.08746
1.58265 2.1257
1.6321 2.16395
1.68156 2.20219
1.73102 2.24044
1.78051 2.24044
1.83 2.24751
1.87949 2.25459
1.92898 2.26166
1.97847 2.26874
2.02796 2.27581
2.07745 2.28288
2.12694 2.28996
2.17643 2.29703
2.22592 2.30411
2.27541 2.31118
2.3249 2.31825
2.37439 2.32533
2.42389 2.3324
2.47338 2.33948
2.52287 2.34655
2.57236 2.35363
2.62185 2.3607
2.67134 2.36777
2.72083 2.37485
2.77032 2.38192
2.81981 2.389
2.8693 2.39607
2.91879 2.40314
2.96828 2.41022
3.01858 2.41022
3.06888 2.42671
3.11919 2.4432
3.16949 2.45969
3.21979 2.47618
3.27009 2.49268
3.32039 2.50917
3.3707 2.52566
3.421 2.54215
3.4713 2.55864
3.5216 2.57513
3.5719 2.59162
3.62221 2.60812
3.67251 2.62461
3.72281 2.6411
3.77311 2.65759
3.82341 2.67408
3.87372 2.69057
3.92402 2.70706
3.97432 2.72356
4.02462 2.74005
4.07492 2.75654
4.12523 2.77303
4.17553 2.78952
4.22583 2.80601
4.27613 2.8225
4.32644 2.839
4.37674 2.85549
4.42704 2.87198
4.47734 2.88847
4.52764 2.90496
4.57795 2.92145
4.62825 2.93794
4.67855 2.95443
4.72885 2.97093
4.77915 2.98742
4.82946 3.00391
4.87976 3.0204
4.93006 3.03689
4.98036 3.05338
5.03066 3.06987
5.08097 3.08637
5.13127 3.10286
5.18157 3.11935
5.2304 3.11935
5.27923 3.2256
5.32806 3.33185
5.3769 3.4381
5.42573 3.54436
5.47456 3.65061
5.52339 3.75686
5.57222 3.86311
5.62105 3.96936
5.66988 4.07561
5.71871 4.18187
5.76755 4.28812
5.81638 4.39437
5.86521 4.50062
5.91584 4.50062
5.96648 4.50062
6.01712 4.50062
6.06776 4.50062
6.11839 4.50062
6.16903 4.50062
6.21967 4.50062
6.2703 4.50062
9.1802 5.8959
12.0901 5.8959
15.0 5.8959
0.0 0.938549
0.050892 0.938549
0.101784 0.977149
0.152676 1.01575
0.203568 1.05435
0.25446 1.09295
0.305352 1.13155
0.356244 1.17015
0.407136 1.20875
0.458028 1.24735
0.50892 1.28595
0.559812 1.32455
0.610704 1.36315
0.661596 1.40175
0.712488 1.44035
0.76338 1.47895
0.814272 1.51755
0.865164 1.55615
0.916056 1.59475
0.966948 1.63335
1.01784 1.67195
1.06873 1.71055
1.11755 1.71055
1.16637 1.72044
1.21519 1.73034
1.264 1.74023
1.31282 1.75012
1.36164 1.76001
1.41046 1.7699
1.45927 1.7798
1.50809 1.78969
1.55691 1.79958
1.60573 1.80947
1.65455 1.81936
1.70336 1.82926
1.75218 1.83915
1.801 1.84904
1.84982 1.85893
1.89863 1.86882
1.94745 1.87872
1.99627 1.88861
2.04569 1.88861
2.09511 1.89638
2.14453 1.90415
2.19395 1.91193
2.24337 1.9197
2.29279 1.92748
2.34221 1.93525
2.39163 1.94302
2.44106 1.9508
2.49048 1.95857
2.5399 1.96634
2.58932 1.97412
2.63874 1.98189
2.68816 1.98967
2.73758 1.99744
2.787 2.00521
2.83642 2.01299
2.88584 2.02076
2.93526 2.02853
2.98468 2.03631
3.0341 2.04408
3.08352 2.05186
3.13294 2.05963
3.18236 2.0674
3.23178 2.07518
3.28121 2.08295
3.33063 2.09072
3.38005 2.0985
3.42947 2.10627
3.47889 2.11405
3.52831 2.12182
3.57773 2.12959
3.62715 2.13737
3.67657 2.14514
3.72599 2.15291
3.77541 2.16069
3.82483 2.16846
3.87425 2.17624
3.92367 2.18401
3.97388 2.18401
4.02409 2.24908
4.0743 2.31414
4.12451 2.37921
4.17472 2.44427
4.22493 2.50934
4.27514 2.5744
4.32534 2.63947
4.37555 2.70453
4.42576 2.7696
4.47597 2.83466
4.52618 2.89973
4.57639 2.9648
4.6266 3.02986
4.67681 3.09493
4.72702 3.15999
4.77722 3.22506
4.82743 3.29012
4.87764 3.35519
4.92785 3.42025
4.97806 3.48532
5.02827 3.55039
5.07848 3.61545
5.12869 3.68052
5.1789 3.74558
5.2291 3.81065
5.27931 3.87571
5.32952 3.94078
5.37973 4.00584
5.42994 4.07091
5.48015 4.13597
5.53036 4.20104
5.58057 4.26611
5.63078 4.33117
5.68098 4.39624
5.73119 4.4613
5.7814 4.52637
5.83161 4.59143
5.88182 4.6565
5.93082 4.6565
5.97981 4.6565
6.02881 4.6565
6.0778 4.6565
6.1268 4.6565
6.17579 4.6565
6.22479 4.6565
6.27378 4.6565
6.32278 4.6565
6.37177 4.6565
6.42077 4.6565
6.46976 4.6565
6.51876 4.6565
6.56775 4.6565
6.61675 4.6565
6.66574 4.6565
6.71474 4.6565
6.76373 4.6565
9.50916 6.10294
12.2546 6.10294
15.0 6.10294
0.0 0.937085
0.0520369 0.937085
0.104074 0.97175
0.156111 1.00641
0.208148 1.04108
0.260185 1.07574
0.312222 1.11041
0.364258 1.14507
0.416295 1.17974
0.468332 1.2144
0.520474 1.2144
0.572615 1.43844
0.624757 1.66248
0.676898 1.88651
0.729039 2.11055
0.778646 2.11055
0.828252 2.12323
0.877858 2.13592
0.927465 2.1486
0.977071 2.16129
1.02668 2.17397
1.07628 2.18665
1.12589 2.19934
1.1755 2.21202
1.2251 2.22471
1.27471 2.23739
1.32432 2.25008
1.37392 2.26276
1.42353 2.27544
1.47313 2.28813
1.52274 2.30081
1.57235 2.3135
1.62195 2.32618
1.67156 2.33887
1.72117 2.35155
1.77077 2.36423
1.82038 2.37692
1.86998 2.3896
1.91959 2.40229
1.9692 2.41497
2.0188 2.42766
2.06841 2.44034
2.11802 2.45302
2.16762 2.46571
2.21723 2.47839
2.26684 2.49108
2.31644 2.50376
2.36605 2.51645
2.41565 2.52913
2.46526 2.54181
2.51487 2.5545
2.56447 2.56718
2.61616 2.56718
2.66785 2.72281
2.71954 2.87844
2.77123 3.03406
2.82292 3.18969
2.87461 3.34532
2.9263 3.50094
2.97799 3.65657
3.02969 3.8122
3.0803 3.8122
3.13092 3.8122
3.18154 3.8122
3.23215 3.8122
3.28277 3.8122
3.33339 3.8122
3.384 3.8122
3.43462 3.8122
3.48524 3.8122
3.53585 3.8122
3.58647 3.8122
3.63709 3.8122
3.6877 3.8122
3.73832 3.8122
3.78894 3.8122
3.83955 3.8122
3.89017 3.8122
3.94079 3.8122
6.70559 4.9284
9.47039 4.9284
12.2352 4.9284
15.0 4.9284
0.0 0.967897
0.0478752 0.967897
0.0957503 0.994739
0.143626 1.02158
0.191501 1.04842
0.239376 1.07527
0.287251 1.10211
0.335126 1.12895
0.383001 1.15579
0.430877 1.18263
0.480508 1.18263
0.530139 1.27348
0.579771 1.36433
0.629402 1.45517
0.679034 1.54602
0.728665 1.63686
0.778297 1.72771
0.827928 1.81856
0.87756 1.9094
0.927191 2.00025
0.976822 2.0911
1.02628 2.0911
1.07574 2.11246
1.1252 2.13383
1.17465 2.15519
1.22411 2.17656
1.27357 2.19793
1.32303 2.21929
1.37248 2.24066
1.42194 2.26202
1.4714 2.28339
1.52086 2.30475
1.57032 2.32612
1.61977 2.34749
1.66923 2.36885
1.71869 2.39022
1.76815 2.41158
1.8176 2.43295
1.86706 2.45432
1.91652 2.47568
1.96598 2.49705
2.01544 2.51841
2.06583 2.51841
2.11623 2.67553
2.16663 2.83265
2.21703 2.98977
2.26743 3.14689
2.31783 3.30401
2.36823 3.46113
2.41863 3.61825
2.46903 3.77537
2.51946 3.77537
2.5699 3.77537
2.62033 3.77537
2.67076 3.77537
2.7212 3.77537
2.77163 3.77537
2.82206 3.77537
2.8725 3.77537
2.92293 3.77537
2.97336 3.77537
3.0238 3.77537
3.07423 3.77537
3.12466 3.77537
3.1751 3.77537
3.22553 3.77537
3.27597 3.77537
3.3264 3.77537
3.37683 3.77537
3.42727 3.77537
3.4777 3.77537
3.52813 3.77537
5.82251 4.87698
8.11688 4.87698
10.4113 4.87698
12.7056 4.87698
15.0 4.87698
0.0 0.936995
0.0506271 0.936995
0.101254 0.977179
0.151881 1.01736
0.202508 1.05755
0.253136 1.09773
0.303763 1.13791
0.35439 1.1781
0.405017 1.21828
0.455644 1.25847
0.506271 1.29865
0.556898 1.33883
0.607525 1.37902
0.658152 1.4192
0.708779 1.45939
0.759407 1.49957
0.808755 1.49957
0.858104 1.59194
0.907452 1.68431
0.956801 1.77668
1.00615 1.86905
1.0555 1.96142
1.10485 2.05379
1.1542 2.14616
1.20354 2.23853
1.25289 2.3309
1.30224 2.42327
1.35159 2.51564
1.39952 2.51564
1.44744 2.5351
1.49537 2.55455
1.5433 2.574
1.59123 2.59346
1.63916 2.61291
1.68708 2.63236
1.73501 2.65182
1.78294 2.67127
1.83087 2.69072
1.87879 2.71018
1.92672 2.72963
1.97353 2.72963
2.02035 2.86687
2.06716 3.0041
2.11397 3.14134
2.16078 3.27858
2.20759 3.41581
2.2544 3.55305
2.3057 3.55305
2.357 3.55305
2.4083 3.55305
2.4596 3.55305
2.5109 3.55305
2.5622 3.55305
2.6135 3.55305
2.66479 3.55305
2.71609 3.55305
2.76739 3.55305
2.81869 3.55305
2.86999 3.55305
2.92129 3.55305
2.97259 3.55305
5.37807 6.00814
7.78355 6.00814
10.189 6.00814
12.5945 6.00814
15.0 6.00814
0.0 0.927758
0.0500643 0.927758
0.100129 0.970646
0.150193 1.01353
0.200257 1.05642
0.250322 1.09931
0.300386 1.1422
0.35045 1.18508
0.400515 1.22797
0.450579 1.27086
0.500643 1.31375
0.550708 1.35663
0.600772 1.39952
0.650836 1.44241
0.700901 1.4853
0.750965 1.52818
0.801029 1.57107
0.851094 1.61396
0.901158 1.65685
0.951222 1.69973
1.00129 1.74262
1.05135 1.78551
1.10142 1.8284
1.15148 1.87128
1.20154 1.91417
1.25161 1.95706
1.30167 1.99995
1.35174 2.04284
1.4018 2.08572
1.45187 2.12861
1.50193 2.1715
1.55199 2.21439
1.60206 2.25727
1.65212 2.30016
1.70219 2.34305
1.75308 2.34305
1.80398 2.34808
1.85487 2.35311
1.90577 2.35814
1.95666 2.36317
2.00756 2.3682
2.05845 2.37324
2.10935 2.37827
2.16024 2.3833
2.21114 2.38833
2.26203 2.39336
2.31293 2.39839
2.36382 2.40342
2.41472 2.40845
2.46561 2.41349
2.51651 2.41852
2.5674 2.42355
2.6183 2.42858
2.66919 2.43361
2.72009 2.43864
2.77098 2.44367
2.82187 2.44871
2.87277 2.45374
2.92255 2.45374
2.97233 2.4806
3.02211 2.50747
3.07189 2.53434
3.12167 2.5612
3.17145 2.58807
3.22123 2.61494
3.27101 2.6418
3.3208 2.66867
3.37058 2.69554
3.42036 2.7224
3.47014 2.74927
3.51992 2.77613
3.5697 2.803
3.61948 2.82987
3.66926 2.85673
3.71904 2.8836
3.76882 2.91047
3.8186 2.93733
3.86838 2.9642
3.91816 2.99107
3.96535 2.99107
4.01254 3.2801
4.05973 3.56913
4.10691 3.85816
4.1541 4.14719
4.20129 4.43622
4.25048 4.43622
4.29968 4.43622
4.34888 4.43622
4.39807 4.43622
4.44727 4.43622
4.49646 4.43622
4.54566 4.43622
4.59485 4.43622
4.64405 4.43622
4.69324 4.43622
4.74244 4.43622
4.79163 4.43622
4.84083 4.43622
4.89003 4.43622
4.93922 4.43622
4.98842 4.43622
5.03761 4.43622
5.08681 4.43622
5.136 4.43622
5.1852 4.43622
7.6389 6.09564
10.0926 6.09564
12.5463 6.09564
15.0 6.09564
0.0 0.957375
0.0506661 0.957375
0.101332 0.989259
0.151998 1.02114
0.202664 1.05303
0.253331 1.08491
0.303997 1.11679
0.354663 1.14868
0.404726 1.14868
0.454789 1.23196
0.504852 1.31525
0.554915 1.39853
0.604978 1.48182
0.655041 1.56511
0.705103 1.64839
0.755166 1.73168
0.805229 1.81496
0.855292 1.89825
0.905355 1.98153
0.955418 2.06482
1.00548 2.1481
1.05554 2.23139
1.10594 2.23139
1.15634 2.23713
1.20673 2.24287
1.25713 2.24862
1.30753 2.25436
1.35792 2.2601
1.40832 2.26584
1.45872 2.27158
1.50912 2.27733
1.55951 2.28307
1.60991 2.28881
1.66031 2.29455
1.7107 2.3003
1.7611 2.30604
1.8115 2.31178
1.86189 2.31752
1.91229 2.32326
1.96269 2.32901
2.01308 2.33475
2.06348 2.34049
2.11388 2.34623
2.16427 2.35197
2.21467 2.35772
2.26507 2.36346
2.31546 2.3692
2.36586 2.37494
2.41626 2.38069
2.46665 2.38643
2.51705 2.39217
2.56745 2.39791
2.61784 2.40365
2.66824 2.4094
2.71729 2.4094
2.76633 2.46917
2.81537 2.52894
2.86442 2.58871
2.91346 2.64848
2.96251 2.70825
3.01155 2.76802
3.0606 2.8278
3.10964 2.88757
3.15869 2.94734
3.20773 3.00711
3.25677 3.06688
3.30582 3.12665
3.35486 3.18642
3.40391 3.2462
3.45295 3.30597
3.502 3.36574
3.55104 3.42551
3.60009 3.48528
3.64913 3.54505
3.69817 3.60482
3.74722 3.6646
3.79626 3.72437
3.84531 3.78414
3.89435 3.84391
3.9434 3.90368
3.99359 3.90368
4.04378 3.90368
4.09397 3.90368
4.14416 3.90368
4.19435 3.90368
4.24454 3.90368
4.29473 3.90368
4.34492 3.90368
4.39511 3.90368
4.4453 3.90368
4.4955 3.90368
4.54569 3.90368
4.59588 3.90368
4.64607 3.90368
4.69626 3.90368
4.74645 3.90368
4.79664 3.90368
4.84683 3.90368
4.89702 3.90368
4.94721 3.90368
7.46041 4.82126
9.97361 4.82126
12.4868 4.82126
15.0 4.82126
0.0 0.93685
0.0493388 0.93685
0.0986777 0.975973
0.148017 1.0151
0.197355 1.05422
0.246694 1.09334
0.296033 1.13247
0.345372 1.17159
0.394711 1.21072
0.44405 1.24984
0.493388 1.28896
0.542727 1.32809
0.592066 1.36721
0.641405 1.40633
0.690744 1.44546
0.740083 1.48458
0.789421 1.52371
0.83876 1.56283
0.888099 1.60195
0.937438 1.64108
0.986777 1.6802
1.03612 1.71932
1.08545 1.75845
1.13479 1.79757
1.18413 1.8367
1.23347 1.87582
1.28281 1.91494
1.33215 1.95407
1.38149 1.99319
1.43083 2.03231
1.48017 2.07144
1.5295 2.11056
1.57884 2.14969
1.62818 2.18881
1.67854 2.18881
1.7289 2.20488
1.77925 2.22096
1.82961 2.23703
1.87997 2.2531
1.93032 2.26917
1.98068 2.28525
2.03019 2.28525
2.07971 2.29873
2.12922 2.31221
2.17874 2.32569
2.22825 2.33917
2.27776 2.35265
2.32728 2.36614
2.37679 2.37962
2.4263 2.3931
2.47582 2.40658
2.52533 2.42006
2.57485 2.43354
2.62436 2.44702
2.67387 2.4605
2.72339 2.47399
2.7729 2.48747
2.82242 2.50095
2.87193 2.51443
2.92144 2.52791
2.97096 2.54139
3.02047 2.55487
3.06999 2.56836
3.1195 2.58184
3.16901 2.59532
3.21853 2.6088
3.26804 2.62228
3.31755 2.63576
3.36707 2.64924
3.41658 2.66272
3.4661 2.67621
3.51561 2.68969
3.56512 2.70317
3.61464 2.71665
3.66415 2.73013
3.71367 2.74361
3.76318 2.75709
3.81269 2.77058
3.86221 2.78406
3.91172 2.79754
3.96123 2.81102
4.01075 2.8245
4.06026 2.83798
4.10978 2.85146
4.15929 2.86494
4.2088 2.87843
4.25832 2.89191
4.30783 2.90539
4.35735 2.91887
4.40686 2.93235
4.45637 2.94583
4.50676 2.94583
4.55714 2.98706
4.60753 3.02829
4.65792 3.06952
4.7083 3.11074
4.75869 3.15197
4.80907 3.1932
4.85946 3.23443
4.90985 3.27566
4.96023 3.31688
5.01062 3.35811
5.061 3.39934
5.11139 3.44057
5.16177 3.4818
5.21216 3.52303
5.26255 3.56425
5.31293 3.60548
5.36332 3.64671
5.4137 3.68794
5.46409 3.72917
5.51448 3.77039
5.56486 3.81162
5.61525 3.85285
5.66563 3.89408
5.71602 3.93531
5.7664 3.97653
5.81679 4.01776
5.86718 4.05899
5.91756 4.10022
5.96795 4.14145
6.01833 4.18267
6.06872 4.2239
6.11911 4.26513
6.16949 4.30636
6.21988 4.34759
6.27026 4.38881
6.32065 4.43004
6.36975 4.43004
6.41885 4.43004
6.46796 4.43004
6.51706 4.43004
6.56616 4.43004
6.61526 4.43004
6.66436 4.43004
6.71347 4.43004
6.76257 4.43004
6.81167 4.43004
6.86077 4.43004
6.90988 4.43004
6.95898 4.43004
7.00808 4.43004
7.05718 4.43004
7.10628 4.43004
7.15539 4.43004
9.77026 5.89891
12.3851 5.89891
15.0 5.89891
0.0 0.927543
0.0503062 0.927543
0.100612 0.968206
0.150919 1.00887
0.201225 1.04953
0.251531 1.0902
0.301837 1.13086
0.352144 1.17153
0.40245 1.21219
0.452756 1.25285
0.503062 1.29352
0.553369 1.33418
0.603675 1.37484
0.653981 1.41551
0.704287 1.45617
0.754594 1.49684
0.8049 1.5375
0.854715 1.5375
0.904529 1.57061
0.954344 1.60372
1.00416 1.63683
1.05397 1.66994
1.10379 1.70305
1.1536 1.73616
1.20342 1.76926
1.25323 1.80237
1.30305 1.83548
1.35286 1.86859
1.40268 1.9017
1.45249 1.93481
1.50231 1.96792
1.55212 2.00103
1.60194 2.03414
1.65175 2.06725
1.70157 2.10036
1.75138 2.13347
1.8012 2.16658
1.85101 2.19969
1.90082 2.23279
1.95064 2.2659
2.00045 2.29901
2.05027 2.33212
2.10008 2.36523
2.1499 2.39834
2.19971 2.43145
2.24953 2.46456
2.29934 2.49767
2.34916 2.53078
2.39897 2.56389
2.45153 2.56389
2.50409 2.58702
2.55664 2.61015
2.6092 2.63328
2.65811 2.63328
2.70703 2.716
2.75594 2.79873
2.80486 2.88145
2.85377 2.96417
2.90269 3.04689
2.9516 3.12961
3.00052 3.21233
3.04943 3.29505
3.09835 3.37777
3.14726 3.4605
3.18682 3.4605
5.54945 6.14816
7.91209 6.14816
10.2747 6.14816
12.6374 6.14816
15.0 6.14816
0.0 0.924109
0.0505928 0.924109
0.101186 0.966593
0.151778 1.00908
0.202371 1.05156
0.252964 1.09404
0.303557 1.13653
0.35415 1.17901
0.404742 1.2215
0.455335 1.26398
0.505928 1.30646
0.556521 1.34895
0.607114 1.39143
0.657706 1.43391
0.708299 1.4764
0.758892 1.51888
0.809485 1.56137
0.860078 1.60385
0.91067 1.64633
0.961263 1.68882
1.01186 1.7313
1.06245 1.77378
1.11304 1.81627
1.16363 1.85875
1.21423 1.90124
1.26482 1.94372
1.31541 1.9862
1.36601 2.02869
1.4166 2.07117
1.46719 2.11365
1.51778 2.15614
1.56838 2.19862
1.61897 2.24111
1.66889 2.24111
1.71881 2.24425
1.76873 2.2474
1.81865 2.25055
1.86857 2.25369
1.91849 2.25684
1.96841 2.25999
2.01833 2.26313
2.06825 2.26628
2.11817 2.26943
2.16809 2.27257
2.21801 2.27572
2.26793 2.27887
2.31785 2.28201
2.36777 2.28516
2.41769 2.28831
2.46779 2.28831
2.51788 2.31078
2.56798 2.33325
2.61807 2.35571
2.66817 2.37818
2.71827 2.40065
2.76836 2.42312
2.81846 2.44559
2.86855 2.46806
2.91865 2.49053
2.96875 2.513
3.01884 2.53547
3.06894 2.55794
3.11903 2.58041
3.16913 2.60288
3.21923 2.62535
3.26932 2.64782
3.31942 2.67028
3.36951 2.69275
3.41961 2.71522
3.46971 2.73769
3.5198 2.76016
3.5699 2.78263
3.61999 2.8051
3.67009 2.82757
3.72019 2.85004
3.77028 2.87251
3.82038 2.89498
3.87047 2.91745
3.92057 2.93992
3.97067 2.96238
4.02076 2.98485
4.07086 3.00732
4.12095 3.02979
4.17117 3.02979
4.22139 3.06354
4.2716 3.09728
4.32182 3.13103
4.37203 3.16477
4.42225 3.19852
4.47246 3.23226
4.52268 3.266
4.57289 3.29975
4.62311 3.33349
4.67333 3.36724
4.72354 3.40098
4.77376 3.43473
4.82397 3.46847
4.87419 3.50222
4.9244 3.53596
4.97462 3.56971
5.02484 3.60345
5.07505 3.63719
5.12527 3.67094
5.17548 3.70468
5.2257 3.73843
5.27591 3.77217
5.32613 3.80592
5.37635 3.83966
5.42656 3.87341
5.47678 3.90715
5.52699 3.9409
5.57721 3.97464
5.62742 4.00838
5.67764 4.04213
5.72786 4.07587
5.77807 4.10962
5.82829 4.14336
5.8785 4.17711
5.92872 4.21085
5.97893 4.2446
6.02915 4.27834
6.07937 4.31209
6.12958 4.34583
6.1798 4.37957
6.23163 4.37957
6.28346 4.37957
6.33529 4.37957
6.38712 4.37957
6.43895 4.37957
6.49078 4.37957
6.54261 4.37957
6.59444 4.37957
6.64627 4.37957
6.6981 4.37957
6.74994 4.37957
9.49996 6.01762
12.25 6.01762
15.0 6.01762
0.0 0.925023
0.0511287 0.925023
0.102257 0.969315
0.153386 1.01361
0.204515 1.0579
0.255643 1.10219
0.306772 1.14648
0.357901 1.19077
0.409029 1.23506
0.460158 1.27936
0.511287 1.32365
0.562415 1.36794
0.613544 1.41223
0.664673 1.45652
0.715802 1.50081
0.76693 1.54511
0.818059 1.5894
0.867454 1.5894
0.916849 1.62613
0.966245 1.66285
1.01564 1.69958
1.06503 1.73631
1.11443 1.77303
1.16383 1.80976
1.21322 1.84649
1.26262 1.88322
1.31201 1.91994
1.36141 1.95667
1.4108 1.9934
1.4602 2.03012
1.50959 2.06685
1.55899 2.10358
1.60838 2.14031
1.65778 2.17703
1.70717 2.21376
1.75657 2.25049
1.80596 2.28722
1.85536 2.32394
1.90475 2.36067
1.95415 2.3974
2.00354 2.43412
2.05294 2.47085
2.10233 2.50758
2.15173 2.54431
2.20112 2.58103
2.25052 2.61776
2.29803 2.61776
2.34554 2.62123
2.39306 2.62471
2.44057 2.62818
2.48808 2.63166
2.53559 2.63513
2.58772 2.63513
2.63986 2.76372
2.69199 2.89231
2.74412 3.02089
2.79625 3.14948
2.84839 3.27807
2.90052 3.40666
2.95265 3.53525
3.00308 3.53525
3.05352 3.53525
3.10395 3.53525
3.15438 3.53525
3.20482 3.53525
3.25525 3.53525
3.30568 3.53525
3.35612 3.53525
3.40655 3.53525
3.45698 3.53525
3.50741 3.53525
3.55785 3.53525
3.60828 3.53525
3.65871 3.53525
3.70915 3.53525
5.96732 6.25734
8.22549 6.25734
10.4837 6.25734
12.7418 6.25734
15.0 6.25734
0.0 0.924101
0.0485257 0.924101
0.0970514 0.964257
0.145577 1.00441
0.194103 1.04457
0.242628 1.08473
0.291154 1.12488
0.33968 1.16504
0.388206 1.20519
0.436731 1.24535
0.485257 1.28551
0.533783 1.32566
0.582308 1.36582
0.630834 1.40597
0.681906 1.40597
0.732978 1.42782
0.78405 1.44967
0.835122 1.47152
0.886194 1.49336
0.937266 1.51521
0.988338 1.53706
1.03898 1.53706
1.08963 1.71059
1.14028 1.88412
1.19093 2.05765
1.24157 2.23119
1.29222 2.40472
1.34287 2.57825
1.39352 2.75178
1.44416 2.92531
1.49481 3.09885
1.54546 3.27238
1.5961 3.44591
1.64675 3.61944
1.6974 3.79297
1.74824 3.79297
1.79908 3.81352
1.84992 3.83407
1.90076 3.85463
1.9516 3.87518
2.00244 3.89573
2.05328 3.91628
2.10413 3.93683
2.15497 3.95738
2.20581 3.97793
2.25665 3.99848
2.30749 4.01903
2.35833 4.03958
2.40917 4.06013
2.46001 4.08069
2.51085 4.10124
2.56169 4.12179
2.61253 4.14234
2.66337 4.16289
2.71422 4.18344
2.76506 4.20399
2.8159 4.22454
2.86674 4.24509
2.91758 4.26564
2.96842 4.28619
3.01926 4.30675
3.06972 4.30675
3.12019 4.30675
3.17065 4.30675
3.22111 4.30675
3.27157 4.30675
3.32203 4.30675
3.3725 4.30675
3.42296 4.30675
3.47342 4.30675
3.52388 4.30675
3.57435 4.30675
3.62481 4.30675
3.67527 4.30675
3.72573 4.30675
5.98059 4.65887
8.23544 4.65887
10.4903 4.65887
12.7451 4.65887
15.0 4.65887
0.0 0.925152
0.0497351 0.925152
0.0994701 0.966702
0.149205 1.00825
0.19894 1.0498
0.248675 1.09135
0.29841 1.1329
0.348145 1.17445
0.39788 1.216
0.447615 1.25755
0.497351 1.2991
0.547086 1.34065
0.596821 1.3822
0.646556 1.42375
0.696291 1.46531
0.746026 1.50686
0.795761 1.54841
0.845496 1.58996
0.895231 1.63151
0.944966 1.67306
0.994701 1.71461
1.04444 1.75616
1.09417 1.79771
1.14391 1.83926
1.19364 1.88081
1.24338 1.92236
1.29311 1.96391
1.34285 2.00546
1.39258 2.04701
1.44232 2.08856
1.49205 2.13011
1.54179 2.17166
1.59152 2.21321
1.64126 2.25476
1.69099 2.29631
1.74073 2.33786
1.79046 2.37941
1.8402 2.42096
1.88993 2.46251
1.93967 2.50406
1.99018 2.50406
2.0407 2.52019
2.09122 2.53633
2.14174 2.55246
2.19225 2.56859
2.24277 2.58473
2.29329 2.60086
2.34381 2.61699
2.39432 2.63312
2.44484 2.64926
2.49536 2.66539
2.54588 2.68152
2.59639 2.69766
2.64691 2.71379
2.69743 2.72992
2.74725 2.72992
2.79706 2.74738
2.84688 2.76484
2.89669 2.7823
2.94651 2.79975
2.99632 2.81721
3.04614 2.83467
3.09595 2.85213
3.14577 2.86959
3.19559 2.88705
3.2454 2.9045
3.29522 2.92196
3.34503 2.93942
3.39485 2.95688
3.44466 2.97434
3.49448 2.9918
3.54429 3.00925
3.59411 3.02671
3.64393 3.04417
3.69374 3.06163
3.74356 3.07909
3.79337 3.09655
3.84319 3.114
3.893 3.13146
3.94282 3.14892
3.99263 3.16638
4.04245 3.18384
4.09279 3.18384
4.14313 3.20663
4.19346 3.22942
4.2438 3.25221
4.29414 3.275
4.34448 3.29779
4.39481 3.32059
4.44515 3.34338
4.49549 3.36617
4.54583 3.38896
4.59616 3.41175
4.6465 3.43454
4.69684 3.45733
4.74718 3.48013
4.79752 3.50292
4.84785 3.52571
4.89819 3.5485
4.94853 3.57129
4.99887 3.59408
5.0492 3.61687
5.09954 3.63967
5.14988 3.66246
5.20022 3.68525
5.25056 3.70804
5.30089 3.73083
5.35123 3.75362
5.40157 3.77641
5.45191 3.79921
5.50224 3.822
5.55258 3.84479
5.60292 3.86758
5.65326 3.89037
5.7036 3.91316
5.75393 3.93595
5.80427 3.95874
5.85461 3.98154
5.90495 4.00433
5.95528 4.02712
6.00562 4.04991
6.05596 4.0727
6.1063 4.09549
6.15663 4.11828
6.20697 4.14108
6.25731 4.16387
6.30765 4.18666
6.35799 4.20945
6.40832 4.23224
6.45866 4.25503
6.509 4.27782
6.55934 4.30062
6.60967 4.32341
6.66001 4.3462
6.71035 4.36899
6.76069 4.39178
6.80942 4.39178
6.85815 4.39178
6.90688 4.39178
6.95561 4.39178
7.00434 4.39178
7.05307 4.39178
7.1018 4.39178
7.15053 4.39178
7.19926 4.39178
7.24799 4.39178
7.29672 4.39178
7.34545 4.39178
7.39418 4.39178
7.44291 4.39178
7.49164 4.39178
7.54037 4.39178
7.5891 4.39178
10.0594 6.13268
12.5297 6.13268
15.0 6.13268
0.0 0.945722
0.0495994 0.945722
0.0991987 0.983885
0.148798 1.02205
0.198397 1.06021
0.247997 1.09838
0.297596 1.13654
0.347196 1.1747
0.396795 1.21287
0.446394 1.25103
0.495994 1.28919
0.545593 1.32736
0.595192 1.36552
0.644792 1.40369
0.694391 1.44185
0.743991 1.48001
0.79359 1.51818
0.843189 1.55634
0.892789 1.5945
0.942388 1.63267
0.991987 1.67083
1.04159 1.70899
1.09119 1.74716
1.14079 1.78532
1.19038 1.82348
1.23998 1.86165
1.28958 1.89981
1.33918 1.93798
1.38878 1.97614
1.43862 1.97614
1.48846 1.97788
1.5383 1.97962
1.58814 1.98136
1.63798 1.9831
1.68782 1.98484
1.73766 1.98659
1.7875 1.98833
1.83734 1.99007
1.88718 1.99181
1.93702 1.99355
1.98686 1.99529
2.0367 1.99703
2.08654 1.99877
2.13638 2.00052
2.18621 2.00226
2.23605 2.004
2.28589 2.00574
2.33573 2.00748
2.38557 2.00922
2.43541 2.01096
2.48525 2.0127
2.53509 2.01444
2.58493 2.01619
2.63477 2.01793
2.68461 2.01967
2.73445 2.02141
2.78429 2.02315
2.83413 2.02489
2.88397 2.02663
2.93381 2.02837
2.98365 2.03011
3.03349 2.03186
3.08333 2.0336
3.13316 2.0336
3.183 2.03484
3.23284 2.03608
3.28267 2.03732
3.33251 2.03855
3.38235 2.03979
3.43218 2.04103
3.48202 2.04227
3.53186 2.04351
3.58169 2.04475
3.63153 2.04599
3.68137 2.04723
3.7312 2.04847
3.78104 2.04971
3.83088 2.05095
3.88071 2.05219
3.93055 2.05343
3.98039 2.05467
4.03022 2.05591
4.08006 2.05715
4.1299 2.05839
4.17973 2.05962
4.22957 2.06086
4.27941 2.0621
4.32924 2.06334
4.37908 2.06458
4.42892 2.06582
4.47875 2.06706
4.52859 2.0683
4.57843 2.06954
4.62855 2.06954
4.67867 2.12264
4.7288 2.17573
4.77892 2.22883
4.82905 2.28192
4.87917 2.33502
4.9293 2.38811
4.97942 2.44121
5.02954 2.49431
5.07967 2.5474
5.12979 2.6005
5.17992 2.65359
5.23004 2.70669
5.28016 2.75978
5.33029 2.81288
5.38041 2.86598
5.43054 2.91907
5.48066 2.97217
5.53078 3.02526
5.58091 3.07836
5.63103 3.13145
5.68116 3.18455
5.73128 3.23764
5.7814 3.29074
5.83153 3.34384
5.88165 3.39693
5.93178 3.45003
5.9819 3.50312
6.03202 3.55622
6.08215 3.60931
6.13227 3.66241
6.1824 3.71551
6.23252 3.7686
6.28264 3.8217
6.33277 3.87479
6.38289 3.92789
6.43302 3.98098
6.48314 4.03408
6.53327 4.08718
6.58339 4.14027
6.63351 4.19337
6.68364 4.24646
6.73376 4.29956
6.78389 4.35265
6.83401 4.40575
6.88413 4.45884
6.93426 4.51194
6.98438 4.56504
7.03526 4.56504
7.08613 4.56504
7.137 4.56504
7.18788 4.56504
7.23875 4.56504
7.28962 4.56504
7.3405 4.56504
7.39137 4.56504
9.92758 6.24237
12.4638 6.24237
15.0 6.24237
0.0 0.920501
0.0509271 0.920501
0.101854 0.965146
0.152781 1.00979
0.203708 1.05444
0.254635 1.09908
0.305562 1.14372
0.356489 1.18837
0.407417 1.23301
0.458344 1.27766
0.509271 1.3223
0.560198 1.36695
0.611125 1.41159
0.662052 1.45624
0.712979 1.50088
0.763906 1.54553
0.814833 1.59017
0.86576 1.63481
0.916687 1.67946
0.967614 1.7241
1.01854 1.76875
1.06947 1.81339
1.1204 1.85804
1.17132 1.90268
1.22225 1.94733
1.27318 1.99197
1.32189 1.99197
1.3706 1.99921
1.41932 2.00646
1.46803 2.0137
1.51674 2.02094
1.56546 2.02819
1.61417 2.03543
1.66288 2.04267
1.7116 2.04992
1.76031 2.05716
1.80902 2.0644
1.85825 2.0644
1.90748 2.06563
1.95671 2.06685
2.00594 2.06807
2.05517 2.06929
2.1044 2.07051
2.15362 2.07173
2.20285 2.07296
2.25208 2.07418
2.30131 2.0754
2.35054 2.07662
2.39977 2.07784
2.449 2.07906
2.49823 2.08029
2.54746 2.08151
2.59668 2.08273
2.64591 2.08395
2.69514 2.08517
2.74437 2.08639
2.7936 2.08762
2.84283 2.08884
2.89206 2.09006
2.94129 2.09128
2.99052 2.0925
3.03975 2.09372
3.08897 2.09495
3.1382 2.09617
3.18743 2.09739
3.23666 2.09861
3.28692 2.09861
3.33718 2.15627
3.38744 2.21394
3.43769 2.2716
3.48795 2.32927
3.53821 2.38693
3.58847 2.44459
3.63873 2.50226
3.68898 2.55992
3.73924 2.61758
3.7895 2.67525
3.83976 2.73291
3.89002 2.79057
3.94028 2.84824
3.99053 2.9059
4.04079 2.96357
4.09105 3.02123
4.14131 3.07889
4.19157 3.13656
4.24183 3.19422
4.29208 3.25188
4.34234 3.30955
4.3926 3.36721
4.44286 3.42487
4.49312 3.48254
4.54337 3.5402
4.59363 3.59786
4.64389 3.65553
4.69415 3.71319
4.74441 3.77086
4.79467 3.82852
4.84492 3.88618
4.89518 3.94385
4.94544 4.00151
4.9957 4.05917
5.04596 4.11684
5.09621 4.1745
5.14647 4.23216
5.19673 4.28983
5.24699 4.34749
5.29725 4.40516
5.34751 4.46282
5.39776 4.52048
5.449 4.52048
5.50023 4.52048
5.55146 4.52048
5.60269 4.52048
5.65392 4.52048
5.70515 4.52048
5.75639 4.52048
8.06729 6.20704
10.3782 6.20704
12.6891 6.20704
15.0 6.20704
0.0 0.944811
0.0504643 0.944811
0.100929 0.981533
0.151393 1.01825
0.201857 1.05498
0.252321 1.0917
0.302786 1.12842
0.35325 1.16514
0.403714 1.20186
0.454179 1.23858
0.504643 1.2753
0.555107 1.31202
0.605572 1.34875
0.656036 1.38547
0.7065 1.42219
0.756964 1.45891
0.807429 1.49563
0.857893 1.53235
0.908357 1.56907
0.958822 1.60579
1.00929 1.64252
1.05975 1.67924
1.11021 1.71596
1.16068 1.75268
1.21114 1.7894
1.26161 1.82612
1.31207 1.86284
1.36137 1.86284
1.41067 1.87639
1.45997 1.88993
1.50927 1.90347
1.55857 1.91701
1.60787 1.93056
1.65717 1.9441
1.70647 1.95764
1.75577 1.97118
1.80507 1.98473
1.85437 1.99827
1.90367 2.01181
1.95297 2.02535
2.00226 2.0389
2.05156 2.05244
2.10086 2.06598
2.15016 2.07952
2.19946 2.09307
2.24876 2.10661
2.29806 2.12015
2.34736 2.13369
2.39666 2.14724
2.44596 2.16078
2.49526 2.17432
2.54456 2.18786
2.59386 2.20141
2.64316 2.21495
2.69246 2.22849
2.74314 2.22849
2.79382 2.2367
2.8445 2.24491
2.89518 2.25312
2.94586 2.26133
2.99654 2.26954
3.04722 2.27775
3.0979 2.28596
3.14858 2.29416
3.19926 2.30237
3.24994 2.31058
3.30062 2.31879
3.3513 2.327
3.40198 2.33521
3.45266 2.34342
3.50334 2.35163
3.55402 2.35984
3.6047 2.36805
3.65538 2.37626
3.70606 2.38446
3.75674 2.39267
3.80742 2.40088
3.8581 2.40909
3.90879 2.4173
3.95947 2.42551
4.01015 2.43372
4.06083 2.44193
4.11151 2.45014
4.16219 2.45835
4.21287 2.46656
4.26355 2.47476
4.31423 2.48297
4.36491 2.49118
4.41559 2.49939
4.46567 2.49939
4.51576 2.53114
4.56584 2.56289
4.61593 2.59464
4.66601 2.62639
4.71609 2.65813
4.76618 2.68988
4.81626 2.72163
4.86635 2.75338
4.91643 2.78513
4.96652 2.81688
5.0166 2.84862
5.06669 2.88037
5.11677 2.91212
5.16685 2.94387
5.21694 2.97562
5.26702 3.00737
5.31711 3.03912
5.36719 3.07086
5.41728 3.10261
5.46736 3.13436
5.51745 3.16611
5.56753 3.19786
5.61761 3.22961
5.6677 3.26135
5.71778 3.2931
5.76787 3.32485
5.81795 3.3566
5.86804 3.38835
5.91812 3.4201
5.9682 3.45185
6.01829 3.48359
6.06805 3.48359
6.11781 3.48359
6.16757 3.48359
6.21733 3.48359
6.26709 3.48359
6.31685 3.48359
6.36661 3.48359
6.41637 3.48359
6.46613 3.48359
6.51588 3.48359
6.56564 3.48359
6.6154 3.48359
6.66516 3.48359
6.71492 3.48359
6.76468 3.48359
9.50979 6.11323
12.2549 6.11323
15.0 6.11323
0.0 0.914308
0.0507444 0.914308
0.101489 0.960097
0.152233 1.00588
0.202978 1.05167
0.253722 1.09746
0.304467 1.14325
0.355211 1.18904
0.405956 1.23483
0.4567 1.28062
0.507444 1.3264
0.558189 1.37219
0.608933 1.41798
0.659678 1.46377
0.710422 1.50956
0.761167 1.55535
0.811911 1.60113
0.862656 1.64692
0.9134 1.69271
0.964145 1.7385
1.01489 1.78429
1.06563 1.83008
1.11638 1.87586
1.16712 1.92165
1.219 1.92165
1.27087 1.92978
1.32274 1.93791
1.37462 1.94604
1.42649 1.95417
1.47836 1.9623
1.53024 1.97043
1.58211 1.97855
1.63398 1.98668
1.68362 1.98668
1.73325 1.98981
1.78289 1.99294
1.83252 1.99607
1.88216 1.99919
1.93179 2.00232
1.98143 2.00545
2.03106 2.00858
2.0807 2.0117
2.13033 2.01483
2.17997 2.01796
2.2296 2.02109
2.27924 2.02421
2.32887 2.02734
2.37851 2.03047
2.42814 2.0336
2.47778 2.03673
2.52741 2.03985
2.57705 2.04298
2.62668 2.04611
2.67632 2.04924
2.72595 2.05236
2.77559 2.05549
2.82522 2.05862
2.87486 2.06175
2.92449 2.06487
2.97413 2.068
3.02376 2.07113
3.0734 2.07426
3.12303 2.07738
3.17267 2.08051
3.2223 2.08364
3.27194 2.08677
3.32157 2.0899
3.37121 2.09302
3.42134 2.09302
3.47148 2.16126
3.52162 2.22949
3.57175 2.29773
3.62189 2.36596
3.67203 2.43419
3.72217 2.50243
3.7723 2.57066
3.82244 2.6389
3.87258 2.70713
3.92272 2.77537
3.97285 2.8436
4.02299 2.91183
4.07313 2.98007
4.12327 3.0483
4.1734 3.11654
4.22354 3.18477
4.27368 3.25301
4.32382 3.32124
4.37395 3.38948
4.42409 3.45771
4.47423 3.52594
4.52436 3.59418
4.5745 3.66241
4.62464 3.73065
4.67478 3.79888
4.72491 3.86712
4.77505 3.93535
4.82519 4.00358
4.87533 4.07182
4.92546 4.14005
4.9756 4.20829
5.02574 4.27652
5.07588 4.34476
5.12601 4.41299
5.17615 4.48122
5.22629 4.54946
5.27643 4.61769
5.32573 4.61769
5.37503 4.61769
5.42434 4.61769
5.47364 4.61769
5.52294 4.61769
5.57225 4.61769
5.62155 4.61769
5.67085 4.61769
5.72016 4.61769
8.04012 6.2013
10.3601 6.2013
12.68 6.2013
15.0 6.2013
0.0 0.924213
0.050071 0.924213
0.100142 0.964973
0.150213 1.00573
0.200284 1.04649
0.250355 1.08725
0.300426 1.12801
0.350497 1.16877
0.400568 1.20953
0.450639 1.25029
0.50071 1.29105
0.550781 1.33181
0.600852 1.37257
0.650923 1.41333
0.700994 1.45409
0.751065 1.49485
0.801136 1.53561
0.851207 1.57637
0.901277 1.61713
0.951348 1.65789
1.00142 1.69865
1.05149 1.73941
1.10156 1.78017
1.15163 1.82093
1.2017 1.86169
1.25127 1.86169
1.30084 1.88186
1.35041 1.90202
1.39997 1.92218
1.44954 1.94235
1.49911 1.96251
1.54868 1.98267
1.59824 2.00283
1.64781 2.023
1.69738 2.04316
1.74694 2.06332
1.79651 2.08349
1.84608 2.10365
1.89565 2.12381
1.94521 2.14397
1.99478 2.16414
2.04435 2.1843
2.09392 2.20446
2.14348 2.22463
2.19305 2.24479
2.24262 2.26495
2.29219 2.28512
2.34175 2.30528
2.39132 2.32544
2.44089 2.3456
2.49046 2.36577
2.53977 2.36577
2.58909 2.38037
2.6384 2.39497
2.68772 2.40957
2.73703 2.42417
2.78635 2.43877
2.83566 2.45337
2.88498 2.46797
2.93429 2.48257
2.98361 2.49717
3.03292 2.51177
3.08224 2.52637
3.13155 2.54098
3.18087 2.55558
3.23018 2.57018
3.28075 2.57018
3.33131 2.5923
3.38187 2.61443
3.43244 2.63656
3.483 2.65869
3.53357 2.68081
3.58413 2.70294
3.63469 2.72507
3.68526 2.74719
3.73582 2.76932
3.78638 2.79145
3.83695 2.81357
3.88751 2.8357
3.93808 2.85783
3.98864 2.87996
4.0392 2.90208
4.08977 2.92421
4.14033 2.94634
4.1909 2.96846
4.24146 2.99059
4.29202 3.01272
4.34259 3.03484
4.39315 3.05697
4.44372 3.0791
4.49428 3.10123
4.54484 3.12335
4.59541 3.14548
4.64597 3.16761
4.69654 3.18973
4.7471 3.21186
4.79766 3.23399
4.84823 3.25612
4.89879 3.27824
4.94935 3.30037
4.99992 3.3225
5.05048 3.34462
5.10105 3.36675
5.15161 3.38888
5.20217 3.411
5.25274 3.43313
5.3033 3.45526
5.35387 3.47739
5.40443 3.49951
5.45945 3.49951
5.51447 3.49951
5.5695 3.49951
7.92712 6.16458
10.2847 6.16458
12.6424 6.16458
15.0 6.16458
0.0 0.926371
0.0498531 0.926371
0.0997062 0.969841
0.149559 1.01331
0.199412 1.05678
0.249266 1.10025
0.299119 1.14372
0.348972 1.18719
0.398825 1.23066
0.448678 1.27413
0.498531 1.3176
0.548384 1.36107
0.598237 1.40455
0.64809 1.44802
0.697943 1.49149
0.747797 1.53496
0.79765 1.57843
0.847503 1.6219
0.897356 1.66537
0.947209 1.70884
0.997062 1.75231
1.04692 1.79578
1.09677 1.83925
1.14662 1.88272
1.19647 1.92619
1.24633 1.96966
1.29618 2.01313
1.34603 2.0566
1.39589 2.10007
1.44574 2.14354
1.49559 2.18701
1.54545 2.23048
1.5953 2.27395
1.64515 2.31742
1.69501 2.36089
1.74486 2.40436
1.79471 2.44783
1.84456 2.4913
1.89442 2.53478
1.94427 2.57825
1.99452 2.57825
2.04477 2.58224
2.09503 2.58623
2.14528 2.59023
2.19553 2.59422
2.24578 2.59822
2.29603 2.60221
2.34629 2.60621
2.39654 2.6102
2.44679 2.61419
2.49704 2.61819
2.54729 2.62218
2.59755 2.62618
2.6478 2.63017
2.69805 2.63417
2.7483 2.63816
2.79855 2.64215
2.84881 2.64615
2.89906 2.65014
2.94931 2.65414
2.99956 2.65813
3.04981 2.66213
3.10007 2.66612
3.15032 2.67011
3.20057 2.67411
3.25082 2.6781
3.30107 2.6821
3.35133 2.68609
3.40158 2.69009
3.45183 2.69408
3.50208 2.69807
3.55233 2.70207
3.60259 2.70606
3.65284 2.71006
3.70309 2.71405
3.75334 2.71805
3.80359 2.72204
3.85385 2.72603
3.9041 2.73003
3.95435 2.73402
4.0046 2.73802
4.05485 2.74201
4.10671 2.74201
4.15856 2.8964
4.21042 3.05079
4.26227 3.20518
4.31413 3.35957
4.36341 3.35957
4.41269 3.39456
4.46196 3.42956
4.51124 3.46455
4.56052 3.49955
4.6098 3.53454
4.65908 3.56954
4.70835 3.60453
4.75763 3.63953
4.80691 3.67452
4.85619 3.70952
4.90546 3.74451
4.95474 3.77951
5.00402 3.8145
5.0533 3.84949
5.10258 3.88449
5.15185 3.91948
5.20113 3.95448
5.25041 3.98947
5.29969 4.02447
5.34897 4.05946
5.39824 4.09446
5.44752 4.12945
5.4968 4.16445
5.54608 4.19944
5.59536 4.23444
5.64463 4.26943
5.69391 4.30442
5.74319 4.33942
5.79247 4.37441
5.84175 4.40941
5.89102 4.4444
5.9403 4.4794
5.9894 4.4794
6.0385 4.4794
6.0876 4.4794
6.1367 4.4794
6.18579 4.4794
6.23489 4.4794
6.28399 4.4794
6.33309 4.4794
6.38219 4.4794
6.43129 4.4794
6.48039 4.4794
6.52948 4.4794
6.57858 4.4794
6.62768 4.4794
6.67678 4.4794
6.72588 4.4794
6.77498 4.4794
6.82408 4.4794
6.87317 4.4794
6.92227 4.4794
9.61485 6.0974
12.3074 6.0974
15.0 6.0974
0.0 0.933999
0.0488309 0.933999
0.0976617 0.971717
0.146493 1.00944
0.195323 1.04715
0.244154 1.08487
0.292985 1.12259
0.341816 1.16031
0.390647 1.19803
0.439478 1.23575
0.488309 1.27347
0.53714 1.31118
0.58597 1.3489
0.634801 1.38662
0.683632 1.42434
0.732463 1.46206
0.782901 1.46206
0.83334 1.46975
0.883778 1.47743
0.934216 1.48512
0.984655 1.49281
1.03509 1.5005
1.08553 1.50819
1.13597 1.51588
1.18641 1.52356
1.23685 1.53125
1.28653 1.53125
1.33622 1.59903
1.38591 1.6668
1.4356 1.73458
1.48529 1.80236
1.53497 1.87013
1.58466 1.93791
1.63435 2.00569
1.68404 2.07346
1.73373 2.14124
1.78341 2.20902
1.8331 2.27679
1.88279 2.34457
1.93248 2.41235
1.98217 2.48012
2.03185 2.5479
2.08154 2.61568
2.13123 2.68346
2.18092 2.75123
2.23061 2.81901
2.28029 2.88679
2.32998 2.95456
2.37967 3.02234
2.42936 3.09012
2.47905 3.15789
2.52873 3.22567
2.57842 3.29345
2.62811 3.36122
2.6778 3.429
2.72749 3.49678
2.77717 3.56455
2.82686 3.63233
2.87655 3.70011
2.92624 3.76788
2.97593 3.83566
3.02561 3.90344
3.0753 3.97121
3.12515 3.97121
3.175 3.97526
3.22485 3.97931
3.2747 3.98336
3.32455 3.98741
3.3744 3.99146
3.42425 3.99551
3.4741 3.99956
3.52395 4.00361
3.5738 4.00766
3.62365 4.01171
3.6735 4.01576
3.72335 4.01981
3.7732 4.02386
3.82305 4.02791
3.8729 4.03196
3.92274 4.03601
3.97259 4.04006
4.02244 4.04411
4.07229 4.04816
4.12214 4.05221
4.17199 4.05626
4.22184 4.06031
4.27169 4.06436
4.32154 4.06842
4.37139 4.07247
4.42124 4.07652
4.47109 4.08057
4.52094 4.08462
4.57079 4.08867
4.62064 4.09272
4.67049 4.09677
4.72034 4.10082
4.77019 4.10487
4.82004 4.10892
4.86989 4.11297
4.91974 4.11702
4.96959 4.12107
5.01944 4.12512
5.06929 4.12917
5.11913 4.13322
5.16898 4.13727
5.21883 4.14132
5.26868 4.14537
5.31853 4.14942
5.36838 4.15347
5.41823 4.15752
5.46808 4.16157
5.51793 4.16562
5.56778 4.16967
5.617 4.16967
5.66622 4.16967
5.71543 4.16967
5.76465 4.16967
5.81387 4.16967
5.86308 4.16967
5.9123 4.16967
5.96152 4.16967
6.01074 4.16967
6.05995 4.16967
6.10917 4.16967
6.15839 4.16967
6.2076 4.16967
6.25682 4.16967
9.17121 4.70897
12.0856 4.70897
15.0 4.70897
0.0 0.921728
0.0493206 0.921728
0.0986413 0.963715
0.147962 1.0057
0.197283 1.04769
0.246603 1.08968
0.295924 1.13166
0.345245 1.17365
0.394565 1.21564
0.443886 1.25762
0.493206 1.29961
0.542527 1.3416
0.591848 1.38358
0.641168 1.42557
0.690489 1.46756
0.73981 1.50954
0.78913 1.55153
0.838451 1.59352
0.887772 1.6355
0.937092 1.67749
0.986413 1.71948
1.03573 1.76146
1.08505 1.80345
1.13437 1.84544
1.1837 1.88742
1.23302 1.92941
1.28188 1.92941
1.33074 1.95497
1.3796 1.98052
1.42846 2.00607
1.47732 2.03163
1.52618 2.05718
1.57504 2.08274
1.62391 2.10829
1.67277 2.13385
1.72163 2.1594
1.77049 2.18496
1.81935 2.21051
1.86821 2.23607
1.91707 2.26162
1.96962 2.26162
2.02216 2.30959
2.07471 2.35755
2.12725 2.40551
2.1798 2.45347
2.23234 2.50143
2.28489 2.54939
2.33743 2.59735
2.38998 2.64531
2.44442 2.64531
2.49887 3.04011
2.55332 3.43492
2.6046 3.43492
2.65589 3.43492
2.70718 3.43492
2.75846 3.43492
2.80975 3.43492
2.86104 3.43492
2.91232 3.43492
2.96361 3.43492
3.01489 3.43492
3.06618 3.43492
3.11747 3.43492
3.16875 3.43492
3.22004 3.43492
3.27133 3.43492
3.32261 3.43492
3.3739 3.43492
3.42518 3.43492
3.47647 3.43492
3.52776 3.43492
5.82221 6.2338
8.11665 6.2338
10.4111 6.2338
12.7056 6.2338
15.0 6.2338
0.0 0.925701
0.0515801 0.925701
0.10316 0.970205
0.15474 1.01471
0.20632 1.05921
0.2579 1.10372
0.309481 1.14822
0.361061 1.19273
0.412641 1.23723
0.464221 1.28174
0.515801 1.32624
0.567381 1.37074
0.618961 1.41525
0.670541 1.45975
0.722121 1.50426
0.772326 1.50426
0.822531 1.5287
0.872736 1.55314
0.922942 1.57757
0.973147 1.60201
1.02335 1.62645
1.07356 1.65089
1.12376 1.67533
1.17397 1.69977
1.22417 1.72421
1.27438 1.74865
1.32458 1.77309
1.37479 1.79753
1.42499 1.82196
1.4752 1.8464
1.5254 1.87084
1.57561 1.89528
1.62581 1.91972
1.67602 1.94416
1.72622 1.9686
1.77643 1.99304
1.82737 1.99304
1.87831 2.03409
1.92925 2.07515
1.98019 2.11621
2.03113 2.15726
2.08207 2.19832
2.13301 2.23938
2.18395 2.28043
2.23489 2.32149
2.28584 2.36255
2.33678 2.4036
2.38772 2.44466
2.43866 2.48571
2.4896 2.52677
2.54054 2.56783
2.59148 2.60888
2.64242 2.64994
2.69336 2.691
2.7443 2.73205
2.79524 2.77311
2.84586 2.77311
2.89647 2.80489
2.94708 2.83666
2.99769 2.86844
3.04831 2.90021
3.09892 2.93199
3.14953 2.96376
3.20014 2.99554
3.25075 3.02731
3.30137 3.05909
3.35198 3.09087
3.40259 3.12264
3.4532 3.15442
3.50381 3.18619
3.55443 3.21797
3.60504 3.24974
3.65565 3.28152
3.70626 3.31329
3.75688 3.34507
3.80749 3.37685
3.8581 3.40862
3.90871 3.4404
3.95932 3.47217
4.00994 3.50395
4.06055 3.53572
4.11116 3.5675
4.16177 3.59927
4.21238 3.63105
4.263 3.66283
4.31361 3.6946
4.36422 3.72638
4.41483 3.75815
4.46527 3.75815
4.51571 3.75815
4.56615 3.75815
4.61658 3.75815
4.66702 3.75815
4.71746 3.75815
4.7679 3.75815
4.81833 3.75815
4.86877 3.75815
4.91921 3.75815
4.96965 3.75815
5.02008 3.75815
5.07052 3.75815
5.12096 3.75815
5.1714 3.75815
5.22183 3.75815
5.27227 3.75815
5.32271 3.75815
5.37315 3.75815
5.42358 3.75815
5.47402 3.75815
5.52446 3.75815
5.5749 3.75815
5.62533 3.75815
5.67577 3.75815
5.72621 3.75815
5.77665 3.75815
5.82708 3.75815
5.87752 3.75815
8.15814 4.6832
10.4388 4.6832
12.7194 4.6832
15.0 4.6832
0.0 0.924365
0.0492434 0.924365
0.0984868 0.966978
0.14773 1.00959
0.196974 1.0522
0.246217 1.09481
0.29546 1.13743
0.344704 1.18004
0.393947 1.22265
0.443191 1.26526
0.492434 1.30788
0.541677 1.35049
0.590921 1.3931
0.640164 1.43571
0.689408 1.47833
0.738651 1.52094
0.787894 1.56355
0.837138 1.60616
0.886381 1.64878
0.935625 1.69139
0.984868 1.734
1.03411 1.77661
1.08335 1.81922
1.13306 1.81922
1.18276 1.82353
1.23246 1.82785
1.28216 1.83216
1.33186 1.83647
1.38156 1.84078
1.43127 1.84509
1.48097 1.8494
1.53067 1.85371
1.58037 1.85802
1.63007 1.86233
1.67977 1.86664
1.72948 1.87095
1.77918 1.87526
1.82888 1.87957
1.87858 1.88388
1.92828 1.88819
1.97798 1.8925
2.02769 1.89681
2.07739 1.90112
2.12709 1.90543
2.17679 1.90974
2.22649 1.91405
2.27619 1.91836
2.3259 1.92267
2.3756 1.92698
2.4253 1.93129
2.475 1.9356
2.5247 1.93991
2.5744 1.94422
2.62411 1.94853
2.67381 1.95284
2.72351 1.95715
2.77321 1.96146
2.82291 1.96577
2.87261 1.97009
2.92231 1.9744
2.97202 1.97871
3.02172 1.98302
3.07142 1.98733
3.12112 1.99164
3.17082 1.99595
3.22052 2.00026
3.27023 2.00457
3.31993 2.00888
3.36963 2.01319
3.41933 2.0175
3.46903 2.02181
3.51873 2.02612
3.56844 2.03043
3.62064 2.03043
3.67283 2.04602
3.72503 2.06162
3.77723 2.07721
3.82943 2.09281
3.88163 2.1084
3.93383 2.124
3.98603 2.13959
4.03823 2.15519
4.09043 2.17078
4.14037 2.17078
4.19031 2.27779
4.24025 2.3848
4.29019 2.4918
4.34013 2.59881
4.39007 2.70582
4.44001 2.81282
4.48995 2.91983
4.53989 3.02684
4.58983 3.13384
4.63977 3.24085
4.68971 3.34786
4.73965 3.45486
4.78959 3.56187
4.83953 3.66888
4.88947 3.77588
4.93941 3.88289
4.98935 3.9899
5.03929 4.0969
5.08923 4.20391
5.13917 4.31092
5.18911 4.41792
5.23905 4.52493
5.28899 4.63194
5.33856 4.63194
5.38814 4.63194
5.43771 4.63194
5.48728 4.63194
5.53685 4.63194
5.58642 4.63194
5.636 4.63194
5.68557 4.63194
5.73514 4.63194
5.78471 4.63194
5.83428 4.63194
5.88385 4.63194
5.93343 4.63194
5.983 4.63194
6.03257 4.63194
6.08214 4.63194
6.13171 4.63194
6.18128 4.63194
6.23086 4.63194
6.28043 4.63194
6.33 4.63194
6.37957 4.63194
6.42914 4.63194
6.47871 4.63194
6.52829 4.63194
6.57786 4.63194
6.62743 4.63194
6.677 4.63194
9.45133 6.16526
12.2257 6.16526
15.0 6.16526
0.0 0.945333
0.0498188 0.945333
0.0996376 0.984955
0.149456 1.02458
0.199275 1.0642
0.249094 1.10382
0.298913 1.14344
0.348732 1.18306
0.39855 1.22269
0.448369 1.26231
0.498188 1.30193
0.548007 1.34155
0.597825 1.38117
0.647644 1.42079
0.697463 1.46042
0.747282 1.50004
0.797101 1.53966
0.846919 1.57928
0.896738 1.6189
0.946557 1.65853
0.996376 1.69815
1.04619 1.73777
1.09601 1.77739
1.14583 1.81701
1.19565 1.85663
1.24547 1.89626
1.29529 1.93588
1.34511 1.9755
1.39493 2.01512
1.44474 2.05474
1.49456 2.09436
1.54438 2.13399
1.5942 2.17361
1.64402 2.21323
1.69384 2.25285
1.74366 2.29247
1.79348 2.3321
1.8433 2.37172
1.89311 2.41134
1.94293 2.45096
1.98981 2.45096
2.03669 2.53042
2.08357 2.60989
2.13044 2.68935
2.17732 2.76881
2.22873 2.76881
2.28014 2.8003
2.33154 2.83179
2.38295 2.86328
2.43436 2.89477
2.48576 2.92625
2.53717 2.95774
2.58858 2.98923
2.63998 3.02072
2.69139 3.05221
2.7428 3.0837
2.7942 3.11518
2.84561 3.14667
2.89351 3.14667
2.9414 3.89829
2.9893 4.64992
3.03764 4.64992
3.08598 4.64992
3.13433 4.64992
3.18267 4.64992
3.23102 4.64992
3.27936 4.64992
3.3277 4.64992
3.37605 4.64992
3.42439 4.64992
3.47274 4.64992
3.52108 4.64992
5.81686 6.16131
8.11265 6.16131
10.4084 6.16131
12.7042 6.16131
15.0 6.16131
0.0 0.930039
0.0503573 0.930039
0.100715 0.970053
0.151072 1.01007
0.201429 1.05008
0.251786 1.0901
0.302144 1.13011
0.352501 1.17013
0.402858 1.21014
0.453216 1.25015
0.503573 1.29017
0.55393 1.33018
0.604287 1.3702
0.654645 1.41021
0.705002 1.45023
0.755359 1.49024
0.805717 1.53026
0.855617 1.53026
0.905518 1.54125
0.955419 1.55225
1.00532 1.56325
1.05522 1.57425
1.10512 1.58525
1.15502 1.59625
1.20492 1.60725
1.25482 1.61824
1.30472 1.62924
1.35462 1.64024
1.40453 1.65124
1.45443 1.66224
1.50433 1.67324
1.55423 1.68424
1.60413 1.69523
1.65403 1.70623
1.70393 1.71723
1.75383 1.72823
1.80373 1.73923
1.85363 1.75023
1.90353 1.76123
1.95343 1.77222
2.00333 1.78322
2.05324 1.79422
2.10314 1.80522
2.15304 1.81622
2.20294 1.82722
2.25284 1.83822
2.30274 1.84921
2.35264 1.86021
2.40254 1.87121
2.45244 1.88221
2.50234 1.89321
2.55224 1.90421
2.60214 1.91521
2.65204 1.9262
2.70195 1.9372
2.75185 1.9482
2.80175 1.9592
2.85165 1.9702
2.90155 1.9812
2.95145 1.9922
3.00135 2.00319
3.05177 2.00319
3.10218 2.05202
3.1526 2.10084
3.20301 2.14966
3.25343 2.19849
3.30385 2.24731
3.35426 2.29613
3.40468 2.34496
3.45509 2.39378
3.50551 2.44261
3.55593 2.49143
3.60634 2.54025
3.65676 2.58908
3.70717 2.6379
3.75759 2.68672
3.80801 2.73555
3.85842 2.78437
3.90756 2.78437
3.9567 2.88113
4.00583 2.9779
4.05497 3.07466
4.1041 3.17143
4.15324 3.26819
4.20238 3.36496
4.25151 3.46173
4.30065 3.55849
4.34979 3.65526
4.39892 3.75202
4.44806 3.84879
4.4972 3.94555
4.54774 3.94555
4.59828 3.94555
4.64882 3.94555
4.69937 3.94555
4.74991 3.94555
4.80045 3.94555
4.85099 3.94555
4.90153 3.94555
4.95208 3.94555
5.00262 3.94555
5.05316 3.94555
7.53987 4.75016
10.0266 4.75016
12.5133 4.75016
15.0 4.75016
0.0 0.936872
0.0505617 0.936872
0.101123 0.977379
0.151685 1.01789
0.202247 1.05839
0.252808 1.0989
0.30337 1.13941
0.353932 1.17991
0.404493 1.22042
0.455055 1.26093
0.505617 1.30144
0.556179 1.34194
0.60674 1.38245
0.657302 1.42296
0.707864 1.46346
0.758425 1.50397
0.808987 1.54448
0.859549 1.58498
0.91011 1.62549
0.960672 1.666
1.01123 1.70651
1.0618 1.74701
1.11236 1.78752
1.16292 1.82803
1.21348 1.86853
1.26404 1.90904
1.3146 1.94955
1.36517 1.99005
1.41573 2.03056
1.46629 2.07107
1.51685 2.11158
1.56741 2.15208
1.61797 2.19259
1.66854 2.2331
1.7191 2.2736
1.76966 2.31411
1.82022 2.35462
1.87078 2.39513
1.92147 2.39513
1.97216 2.40952
2.02285 2.42392
2.07354 2.43831
2.12422 2.45271
2.17491 2.46711
2.2256 2.4815
2.27629 2.4959
2.32698 2.5103
2.37767 2.52469
2.42836 2.53909
2.47904 2.55349
2.52973 2.56788
2.58042 2.58228
2.63111 2.59668
2.6818 2.61107
2.73249 2.62547
2.78318 2.63987
2.83386 2.65426
2.88455 2.66866
2.93524 2.68306
2.98593 2.69745
3.03662 2.71185
3.08661 2.71185
3.1366 2.75577
3.18659 2.79969
3.23658 2.84361
3.28657 2.88753
3.33656 2.93146
3.38656 2.97538
3.43655 3.0193
3.48654 3.06322
3.53653 3.10714
3.58731 3.10714
3.6381 3.172
3.68889 3.23685
3.73967 3.3017
3.79046 3.36656
3.84124 3.43141
3.89203 3.49627
3.94281 3.56112
3.9936 3.62598
4.04438 3.69083
4.09517 3.75569
4.14595 3.82054
4.19674 3.8854
4.24753 3.95025
4.29831 4.01511
4.3491 4.07996
4.39988 4.14482
4.45067 4.20967
4.50145 4.27453
4.55224 4.33938
4.60302 4.40424
4.65381 4.46909
4.7046 4.53395
4.75538 4.5988
4.80617 4.66366
4.85643 4.66366
4.90669 4.66366
4.95695 4.66366
5.00721 4.66366
5.05747 4.66366
5.10773 4.66366
5.15799 4.66366
5.20825 4.66366
5.25851 4.66366
5.30877 4.66366
5.35904 4.66366
5.4093 4.66366
5.45956 4.66366
5.50982 4.66366
5.56008 4.66366
5.61034 4.66366
5.6606 4.66366
5.71086 4.66366
5.76112 4.66366
5.81138 4.66366
5.86164 4.66366
5.9119 4.66366
5.96216 4.66366
6.01243 4.66366
6.06269 4.66366
6.11295 4.66366
6.16321 4.66366
6.21347 4.66366
6.26373 4.66366
6.31399 4.66366
6.36425 4.66366
6.41451 4.66366
6.46477 4.66366
6.51503 4.66366
6.56529 4.66366
6.61556 4.66366
6.66582 4.66366
6.71608 4.66366
6.76634 4.66366
6.8166 4.66366
6.86686 4.66366
9.57791 6.21782
12.289 6.21782
15.0 6.21782
0.0 0.971145
0.0479733 0.971145
0.0959465 0.99737
0.14392 1.02359
0.191893 1.04982
0.239866 1.07604
0.28784 1.10227
0.335813 1.12849
0.383786 1.15472
0.431759 1.18094
0.481641 1.18094
0.531523 1.30186
0.581405 1.42278
0.631287 1.5437
0.681169 1.66462
0.731051 1.78554
0.780076 1.78554
0.829101 1.93542
0.878125 2.08531
0.92715 2.23519
0.976175 2.38508
1.0252 2.53496
1.07422 2.68485
1.12325 2.83473
1.17227 2.98461
1.2213 3.1345
1.27032 3.28438
1.31935 3.43427
1.36837 3.58415
1.4174 3.73404
1.46642 3.88392
1.51545 4.03381
1.56238 4.03381
1.60931 4.0479
1.65624 4.062
1.70317 4.07609
1.7501 4.09019
1.79703 4.10428
1.84843 4.10428
1.89983 4.10428
1.95123 4.10428
2.00264 4.10428
2.05404 4.10428
2.10544 4.10428
2.15684 4.10428
2.20824 4.10428
2.25964 4.10428
2.31104 4.10428
2.36244 4.10428
2.41384 4.10428
2.46524 4.10428
2.51664 4.10428
2.56804 4.10428
5.05443 4.67539
7.54083 4.67539
10.0272 4.67539
12.5136 4.67539
15.0 4.67539
0.0 0.913316
0.0500291 0.913316
0.100058 0.958497
0.150087 1.00368
0.200116 1.04886
0.250145 1.09404
0.300175 1.13922
0.350204 1.1844
0.400233 1.22959
0.450262 1.27477
0.500291 1.31995
0.55032 1.36513
0.600349 1.41031
0.650378 1.45549
0.700407 1.50067
0.750436 1.54585
0.800466 1.59104
0.850495 1.63622
0.900524 1.6814
0.950553 1.72658
1.00058 1.77176
1.05061 1.81694
1.10064 1.86212
1.15067 1.90731
1.2007 1.95249
1.25073 1.99767
1.30076 2.04285
1.35079 2.08803
1.40081 2.13321
1.45084 2.17839
1.50087 2.22357
1.5509 2.26876
1.60093 2.31394
1.65096 2.35912
1.70099 2.4043
1.75111 2.4043
1.80122 2.40651
1.85134 2.40872
1.90146 2.41093
1.95157 2.41314
2.00169 2.41535
2.05181 2.41756
2.10192 2.41977
2.15204 2.42198
2.20216 2.42419
2.25227 2.4264
2.30239 2.42861
2.3525 2.43082
2.40262 2.43303
2.45274 2.43525
2.50285 2.43746
2.55297 2.43967
2.60309 2.44188
2.6532 2.44409
2.70332 2.4463
2.75344 2.44851
2.80355 2.45072
2.85367 2.45293
2.90379 2.45514
2.9539 2.45735
3.00402 2.45956
3.05414 2.46177
3.10425 2.46398
3.15437 2.46619
3.20449 2.4684
3.2546 2.47061
3.30547 2.47061
3.35633 2.50669
3.40719 2.54276
3.45806 2.57884
3.50892 2.61492
3.55978 2.65099
3.61065 2.68707
3.66151 2.72314
3.71237 2.75922
3.76324 2.7953
3.8141 2.83137
3.86496 2.86745
3.91583 2.90352
3.96669 2.9396
4.01755 2.97568
4.06842 3.01175
4.11928 3.04783
4.17014 3.0839
4.22101 3.11998
4.27187 3.15606
4.32273 3.19213
4.3736 3.22821
4.42446 3.26428
4.47394 3.26428
4.52341 3.32625
4.57289 3.38821
4.62237 3.45017
4.67184 3.51213
4.72132 3.57409
4.7708 3.63605
4.82027 3.69801
4.86975 3.75997
4.91923 3.82193
4.9687 3.8839
5.01818 3.94586
5.06765 4.00782
5.11713 4.06978
5.16661 4.13174
5.21608 4.1937
5.26556 4.25566
5.31504 4.31762
5.36451 4.37958
5.41399 4.44155
5.46347 4.50351
5.51294 4.56547
5.56242 4.62743
5.6119 4.68939
5.66137 4.75135
5.71085 4.81331
5.76032 4.87527
5.81001 4.87527
5.85969 4.87527
5.90937 4.87527
5.95905 4.87527
6.00873 4.87527
6.05841 4.87527
6.10809 4.87527
6.15777 4.87527
6.20746 4.87527
6.25714 4.87527
6.30682 4.87527
6.3565 4.87527
6.40618 4.87527
6.45586 4.87527
6.50554 4.87527
6.55523 4.87527
6.60491 4.87527
6.65459 4.87527
6.70427 4.87527
6.75395 4.87527
6.80363 4.87527
6.85331 4.87527
6.90299 4.87527
6.95268 4.87527
7.00236 4.87527
7.05204 4.87527
9.70136 6.17688
12.3507 6.17688
15.0 6.17688
0.0 0.943997
0.0494901 0.943997
0.0989802 0.981034
0.14847 1.01807
0.19796 1.05511
0.247451 1.09215
0.296941 1.12919
0.346431 1.16622
0.395921 1.20326
0.445411 1.2403
0.494901 1.27734
0.544391 1.31437
0.593881 1.35141
0.643371 1.38845
0.692862 1.42549
0.742352 1.46253
0.791842 1.49956
0.841332 1.5366
0.890822 1.57364
0.940312 1.61068
0.989802 1.64771
1.03929 1.68475
1.08878 1.72179
1.13827 1.75883
1.18776 1.79587
1.23725 1.8329
1.28674 1.86994
1.33623 1.90698
1.38572 1.94402
1.43521 1.98105
1.4847 2.01809
1.53419 2.05513
1.58368 2.09217
1.63317 2.12921
1.68266 2.16624
1.73215 2.20328
1.78164 2.24032
1.83113 2.27736
1.88062 2.31439
1.93011 2.35143
1.9796 2.38847
2.02869 2.38847
2.07778 2.39093
2.12687 2.39339
2.17595 2.39585
2.22504 2.39831
2.27413 2.40076
2.32322 2.40322
2.3723 2.40568
2.42139 2.40814
2.47048 2.4106
2.51957 2.41306
2.56865 2.41552
2.61774 2.41798
2.66683 2.42044
2.71592 2.4229
2.765 2.42535
2.81409 2.42781
2.86318 2.43027
2.91227 2.43273
2.96135 2.43519
3.01176 2.43519
3.06217 2.48393
3.11258 2.53268
3.16298 2.58142
3.21339 2.63016
3.2638 2.67891
3.31421 2.72765
3.36461 2.7764
3.41502 2.82514
3.46543 2.87388
3.51584 2.92263
3.56624 2.97137
3.61665 3.02012
3.66706 3.06886
3.71747 3.1176
3.76787 3.16635
3.81828 3.21509
3.86869 3.26383
3.91806 3.26383
3.96743 3.44218
4.01681 3.62053
4.06618 3.79888
4.11555 3.97723
4.16493 4.15558
4.2143 4.33393
4.26367 4.51228
4.31305 4.69062
4.36242 4.86897
4.41153 4.86897
4.46064 4.86897
4.50975 4.86897
4.55885 4.86897
4.60796 4.86897
4.65707 4.86897
4.70618 4.86897
4.75529 4.86897
4.8044 4.86897
4.85351 4.86897
4.90261 4.86897
7.42696 6.22773
9.95131 6.22773
12.4757 6.22773
15.0 6.22773
0.0 0.931877
0.050109 0.931877
0.100218 0.971204
0.150327 1.01053
0.200436 1.04986
0.250545 1.08918
0.300654 1.12851
0.350763 1.16783
0.400872 1.20716
0.450981 1.24649
0.50109 1.28581
0.551199 1.32514
0.601308 1.36447
0.651417 1.40379
0.701526 1.44312
0.751634 1.48244
0.801743 1.52177
0.851852 1.5611
0.901961 1.60042
0.95207 1.63975
1.00218 1.67907
1.05229 1.7184
1.1024 1.75773
1.15251 1.79705
1.20262 1.83638
1.25272 1.8757
1.30283 1.91503
1.35294 1.95436
1.40313 1.95436
1.45332 1.96215
1.5035 1.96994
1.55369 1.97773
1.60388 1.98552
1.65406 1.99332
1.70425 2.00111
1.75444 2.0089
1.80462 2.01669
1.85481 2.02448
1.905 2.03227
1.95518 2.04007
2.00537 2.04786
2.05556 2.05565
2.10574 2.06344
2.15593 2.07123
2.20612 2.07902
2.2563 2.08681
2.30649 2.09461
2.35668 2.1024
2.40686 2.11019
2.45705 2.11798
2.50724 2.12577
2.55742 2.13356
2.60557 2.13356
2.65371 2.15975
2.70185 2.18593
2.75 2.21211
2.79814 2.2383
2.84628 2.26448
2.89443 2.29066
2.94257 2.31685
2.99071 2.34303
3.03886 2.36921
3.087 2.3954
3.13514 2.42158
3.18329 2.44776
3.23372 2.44776
3.28416 2.56054
3.3346 2.67332
3.38503 2.7861
3.43547 2.89888
3.48591 3.01166
3.53634 3.12443
3.58678 3.23721
3.63722 3.34999
3.68766 3.46277
3.73809 3.57555
3.78853 3.68833
3.83897 3.80111
3.8894 3.91389
3.93984 4.02666
3.99028 4.13944
4.04072 4.25222
4.09115 4.365
4.14159 4.47778
4.19203 4.59056
4.24246 4.70334
4.2929 4.81612
4.34279 4.81612
4.39267 4.81612
4.44256 4.81612
4.49244 4.81612
4.54233 4.81612
4.59221 4.81612
4.6421 4.81612
4.69198 4.81612
4.74187 4.81612
4.79175 4.81612
4.84164 4.81612
4.89152 4.81612
4.94141 4.81612
4.99129 4.81612
5.04118 4.81612
5.09107 4.81612
5.14095 4.81612
5.19084 4.81612
5.24072 4.81612
5.29061 4.81612
5.34049 4.81612
5.39038 4.81612
5.44026 4.81612
5.49015 4.81612
5.54003 4.81612
5.58992 4.81612
5.6398 4.81612
5.68969 4.81612
5.73957 4.81612
5.78946 4.81612
5.83935 4.81612
8.12951 5.59438
10.4197 5.59438
12.7098 5.59438
15.0 5.59438
0.0 0.94518
0.0504709 0.94518
0.100942 0.976217
0.151413 1.00725
0.201883 1.03829
0.252354 1.06933
0.302825 1.10037
0.353296 1.13141
0.403767 1.16244
0.454238 1.19348
0.504709 1.22452
0.555179 1.25556
0.600398 1.25556
0.645617 1.50555
0.690836 1.75555
0.736055 2.00554
0.78883 2.00554
0.841605 2.63861
0.89438 3.27167
0.947155 3.90474
0.995998 3.90474
1.04484 3.93083
1.09368 3.95692
1.14253 3.98301
1.19137 4.0091
1.24021 4.0352
1.28905 4.06129
1.33789 4.08738
1.38674 4.11347
1.43558 4.13956
1.48442 4.16566
1.53326 4.19175
1.58211 4.21784
1.63095 4.24393
1.67979 4.27002
1.72863 4.29612
1.77748 4.32221
1.82632 4.3483
1.87516 4.37439
1.924 4.40048
1.9753 4.40048
2.0266 4.40048
2.0779 4.40048
2.1292 4.40048
2.1805 4.40048
2.23181 4.40048
2.28311 4.40048
2.33441 4.40048
2.38571 4.40048
2.43701 4.40048
4.94961 4.55338
7.4622 4.55338
9.9748 4.55338
12.4874 4.55338
15.0 4.55338
0.0 0.943571
0.0497054 0.943571
0.0994109 0.98201
0.149116 1.02045
0.198822 1.05889
0.248527 1.09732
0.298233 1.13576
0.347938 1.1742
0.397643 1.21264
0.447349 1.25108
0.497054 1.28951
0.54676 1.32795
0.596465 1.36639
0.646171 1.40483
0.695876 1.44327
0.745582 1.4817
0.795287 1.52014
0.844992 1.55858
0.894698 1.59702
0.944403 1.63546
0.994109 1.67389
1.04381 1.71233
1.09352 1.75077
1.14323 1.78921
1.19293 1.82765
1.24264 1.86608
1.29234 1.90452
1.34205 1.94296
1.39175 1.9814
1.44146 2.01984
1.49121 2.01984
1.54097 2.03684
1.59073 2.05383
1.64049 2.07083
1.69024 2.08783
1.74 2.10483
1.78976 2.12183
1.83951 2.13883
1.88927 2.15583
1.93903 2.17283
1.98902 2.17283
2.03901 2.20115
2.089 2.22948
2.13899 2.25781
2.18898 2.28614
2.23897 2.31447
2.28896 2.3428
2.33895 2.37113
2.38894 2.39946
2.43893 2.42779
2.48892 2.45612
2.53891 2.48445
2.5889 2.51278
2.63889 2.5411
2.68888 2.56943
2.73887 2.59776
2.78783 2.59776
2.83679 2.69885
2.88574 2.79994
2.9347 2.90103
2.98366 3.00212
3.03262 3.1032
3.08158 3.20429
3.13053 3.30538
3.17949 3.40647
3.22845 3.50756
3.27741 3.60864
3.32637 3.70973
3.37532 3.81082
3.42428 3.91191
3.47324 4.013
3.5222 4.11408
3.57116 4.21517
3.62011 4.31626
3.66907 4.41735
3.71803 4.51844
3.76699 4.61953
3.81595 4.72061
3.8649 4.8217
3.91571 4.8217
3.96652 4.8217
4.01733 4.8217
4.06814 4.8217
4.11895 4.8217
4.16976 4.8217
4.22057 4.8217
4.27138 4.8217
4.32219 4.8217
4.373 4.8217
4.42381 4.8217
4.47461 4.8217
4.52542 4.8217
4.57623 4.8217
4.62704 4.8217
4.67785 4.8217
7.25839 5.60235
9.83893 5.60235
12.4195 5.60235
15.0 5.60235
0.0 0.931186
0.0502206 0.931186
0.100441 0.972507
0.150662 1.01383
0.200882 1.05515
0.251103 1.09647
0.301323 1.13779
0.351544 1.17911
0.401765 1.22043
0.451985 1.26175
0.502206 1.30307
0.552426 1.34439
0.602647 1.38571
0.652867 1.42703
0.703088 1.46835
0.753308 1.50967
0.803529 1.55099
0.85375 1.59231
0.90397 1.63364
0.954191 1.67496
1.00441 1.71628
1.05463 1.7576
1.10485 1.79892
1.15507 1.84024
1.20529 1.88156
1.25551 1.92288
1.30573 1.9642
1.35596 2.00552
1.40618 2.04684
1.45686 2.04684
1.50754 2.05304
1.55823 2.05924
1.60891 2.06544
1.65959 2.07163
1.71028 2.07783
1.76096 2.08403
1.81165 2.09023
1.86233 2.09643
1.91301 2.10262
1.9637 2.10882
2.01438 2.11502
2.06506 2.12122
2.11575 2.12742
2.16643 2.13362
2.21712 2.13981
2.2678 2.14601
2.31848 2.15221
2.36917 2.15841
2.41985 2.16461
2.47053 2.17081
2.52122 2.177
2.5719 2.1832
2.62258 2.1894
2.67327 2.1956
2.72395 2.2018
2.77416 2.2018
2.82437 2.20519
2.87459 2.20858
2.9248 2.21196
2.97501 2.21535
3.02522 2.21874
3.07543 2.22213
3.12564 2.22552
3.17585 2.22891
3.22607 2.2323
3.27628 2.23569
3.32649 2.23908
3.3767 2.24247
3.42691 2.24586
3.47712 2.24925
3.52733 2.25263
3.57754 2.25602
3.62776 2.25941
3.67797 2.2628
3.72818 2.26619
3.77839 2.26958
3.8286 2.27297
3.87881 2.27636
3.92902 2.27975
3.97924 2.28314
4.02945 2.28653
4.07966 2.28992
4.12987 2.29331
4.18008 2.29669
4.23029 2.30008
4.2805 2.30347
4.33022 2.30347
4.37993 2.52092
4.42965 2.73836
4.47936 2.9558
4.52907 3.17324
4.57879 3.39068
4.6285 3.60813
4.67796 3.60813
4.72743 3.60813
4.77689 3.60813
4.82635 3.60813
4.87582 3.60813
4.92528 3.60813
4.97474 3.60813
5.0242 3.60813
5.07367 3.60813
5.12313 3.60813
5.17259 3.60813
5.22206 3.60813
5.27152 3.60813
5.32098 3.60813
5.37044 3.60813
5.41991 3.60813
5.46937 3.60813
5.51883 3.60813
5.5683 3.60813
5.61776 3.60813
5.66722 3.60813
5.71669 3.60813
5.76615 3.60813
5.81561 3.60813
5.86507 3.60813
5.91454 3.60813
5.964 3.60813
8.223 6.12764
10.482 6.12764
12.741 6.12764
15.0 6.12764
0.0 0.925926
0.0496515 0.925926
0.0993031 0.967025
0.148955 1.00812
0.198606 1.04922
0.248258 1.09032
0.297909 1.13142
0.347561 1.17252
0.397212 1.21362
0.446864 1.25472
0.496515 1.29582
0.546167 1.33692
0.595818 1.37802
0.64547 1.41912
0.695121 1.46021
0.744773 1.50131
0.794424 1.54241
0.844076 1.58351
0.893728 1.62461
0.943379 1.66571
0.993031 1.70681
1.04268 1.74791
1.09233 1.78901
1.14199 1.83011
1.19164 1.87121
1.24129 1.91231
1.29094 1.9534
1.34059 1.9945
1.39048 1.9945
1.44037 2.00291
1.49026 2.01132
1.54014 2.01973
1.59003 2.02814
1.63992 2.03655
1.68981 2.04496
1.7397 2.05337
1.78958 2.06177
1.83947 2.07018
1.88936 2.07859
1.93925 2.087
1.98914 2.09541
2.03903 2.10382
2.08965 2.10382
2.14027 2.11483
2.19089 2.12583
2.24152 2.13684
2.29214 2.14785
2.34276 2.15885
2.39338 2.16986
2.444 2.18087
2.49463 2.19187
2.54525 2.20288
2.59587 2.21389
2.64649 2.2249
2.69712 2.2359
2.74774 2.24691
2.79836 2.25792
2.84898 2.26892
2.89961 2.27993
2.95023 2.29094
3.00085 2.30194
3.05147 2.31295
3.1021 2.32396
3.15272 2.33497
3.20202 2.33497
3.25132 2.3937
3.30061 2.45244
3.34991 2.51118
3.39921 2.56992
3.44851 2.62866
3.49781 2.6874
3.54711 2.74614
3.5964 2.80488
3.6457 2.86362
3.695 2.92236
3.7443 2.9811
3.7936 3.03983
3.8429 3.09857
3.8922 3.15731
3.94149 3.21605
3.99079 3.27479
4.04009 3.33353
4.08939 3.39227
4.13869 3.45101
4.18799 3.50975
4.23728 3.56849
4.28658 3.62723
4.33588 3.68596
4.38649 3.68596
4.43709 3.68596
4.4877 3.68596
4.5383 3.68596
4.58891 3.68596
4.63951 3.68596
4.69012 3.68596
4.74072 3.68596
4.79133 3.68596
4.84193 3.68596
4.89254 3.68596
4.94314 3.68596
4.99375 3.68596
5.04436 3.68596
5.09496 3.68596
5.14557 3.68596
5.19617 3.68596
5.24678 3.68596
5.29738 3.68596
5.34799 3.68596
5.39859 3.68596
5.4492 3.68596
5.4998 3.68596
5.55041 3.68596
5.60101 3.68596
5.65162 3.68596
5.70222 3.68596
5.75283 3.68596
5.80343 3.68596
5.85404 3.68596
5.90464 3.68596
5.95525 3.68596
6.00586 3.68596
6.05646 3.68596
6.10707 3.68596
6.15767 3.68596
6.20828 3.68596
8.40621 6.16257
10.6041 6.16257
12.8021 6.16257
15.0 6.16257
0.0 0.931288
0.0523488 0.931288
0.104698 0.968844
0.157047 1.0064
0.209395 1.04396
0.261744 1.08151
0.314093 1.11907
0.366442 1.15663
0.418791 1.19418
0.47114 1.23174
0.519058 1.23174
0.566977 1.37728
0.614895 1.52282
0.662814 1.66836
0.710732 1.8139
0.758651 1.95944
0.806569 2.10498
0.856922 2.10498
0.907275 2.11531
0.957627 2.12564
1.00798 2.13597
1.05833 2.14629
1.10869 2.15662
1.15904 2.16695
1.20939 2.17728
1.25974 2.18761
1.3101 2.19794
1.36045 2.20827
1.4108 2.2186
1.46115 2.22893
1.51151 2.23926
1.56186 2.24959
1.61221 2.25992
1.66256 2.27024
1.71292 2.28057
1.76327 2.2909
1.81362 2.30123
1.86397 2.31156
1.91433 2.32189
1.96468 2.33222
2.01503 2.34255
2.06538 2.35288
2.11574 2.36321
2.16609 2.37354
2.21644 2.38386
2.26679 2.39419
2.31715 2.40452
2.3675 2.41485
2.41785 2.42518
2.4682 2.43551
2.51856 2.44584
2.56891 2.45617
2.61926 2.4665
2.66962 2.47683
2.71997 2.48716
2.77032 2.49748
2.82067 2.50781
2.87103 2.51814
2.92138 2.52847
2.97173 2.5388
3.02208 2.54913
3.07244 2.55946
3.12279 2.56979
3.17314 2.58012
3.22349 2.59045
3.27385 2.60078
3.3242 2.61111
3.37455 2.62143
3.4249 2.63176
3.47526 2.64209
3.52561 2.65242
3.57596 2.66275
3.62631 2.67308
3.67667 2.68341
3.72702 2.69374
3.77737 2.70407
3.82772 2.7144
3.87808 2.72473
3.92781 2.72473
3.97753 2.76208
4.02726 2.79944
4.07699 2.83679
4.12672 2.87415
4.17645 2.91151
4.22617 2.94886
4.2759 2.98622
4.32563 3.02357
4.37536 3.06093
4.42509 3.09829
4.47481 3.13564
4.52454 3.173
4.57427 3.21035
4.624 3.24771
4.67373 3.28507
4.72345 3.32242
4.77318 3.35978
4.82291 3.39713
4.87264 3.43449
4.92237 3.47185
4.97209 3.5092
5.02182 3.54656
5.07155 3.58391
5.12128 3.62127
5.17101 3.65863
5.22073 3.69598
5.27046 3.73334
5.32019 3.77069
5.36992 3.80805
5.41965 3.84541
5.46938 3.88276
5.5191 3.92012
5.56914 3.92012
5.61917 3.92012
5.66921 3.92012
5.71924 3.92012
5.76927 3.92012
5.81931 3.92012
5.86934 3.92012
5.91938 3.92012
5.96941 3.92012
8.22706 4.9546
10.4847 4.9546
12.7424 4.9546
15.0 4.9546
0.0 0.954877
0.0509029 0.954877
0.101806 0.988345
0.152709 1.02181
0.203611 1.05528
0.254514 1.08875
0.305417 1.12222
0.35632 1.15568
0.407223 1.18915
0.458126 1.22262
0.509029 1.25609
0.560529 1.25609
0.61203 1.33964
0.663531 1.42319
0.715031 1.50674
0.766532 1.5903
0.818032 1.67385
0.869533 1.7574
0.921034 1.84095
0.972534 1.92451
1.02404 2.00806
1.07554 2.09161
1.12704 2.17516
1.17664 2.17516
1.22625 2.18621
1.27585 2.19726
1.32546 2.2083
1.37507 2.21935
1.42467 2.23039
1.47428 2.24144
1.52388 2.25249
1.57349 2.26353
1.62309 2.27458
1.6727 2.28563
1.72231 2.29667
1.77191 2.30772
1.82152 2.31877
1.87112 2.32981
1.92073 2.34086
1.97033 2.3519
2.01994 2.36295
2.06955 2.374
2.11915 2.38504
2.16876 2.39609
2.21836 2.40714
2.26797 2.41818
2.31757 2.42923
2.36718 2.44028
2.41679 2.45132
2.46639 2.46237
2.516 2.47341
2.5656 2.48446
2.61521 2.49551
2.66481 2.50655
2.71442 2.5176
2.76403 2.52865
2.81363 2.53969
2.86324 2.55074
2.91284 2.56179
2.96245 2.57283
3.01206 2.58388
3.06166 2.59492
3.11127 2.60597
3.16087 2.61702
3.21048 2.62806
3.26008 2.63911
3.30969 2.65016
3.3593 2.6612
3.4089 2.67225
3.45851 2.6833
3.50811 2.69434
3.55772 2.70539
3.60732 2.71644
3.65693 2.72748
3.70696 2.72748
3.75699 2.77893
3.80703 2.83037
3.85706 2.88182
3.90709 2.93326
3.95712 2.98471
4.00716 3.03615
4.05719 3.0876
4.10722 3.13904
4.15725 3.19049
4.20728 3.24193
4.25732 3.29338
4.30735 3.34482
4.35738 3.39627
4.40741 3.44771
4.45745 3.49916
4.50748 3.5506
4.55751 3.60205
4.60754 3.65349
4.65758 3.70494
4.70761 3.75638
4.75764 3.80783
4.80767 3.85927
4.8577 3.91072
4.90648 3.91072
4.95525 3.91072
5.00403 3.91072
5.0528 3.91072
5.10158 3.91072
5.15035 3.91072
5.19912 3.91072
7.64934 5.0003
10.0996 5.0003
12.5498 5.0003
15.0 5.0003
0.0 0.944655
0.0496389 0.944655
0.0992778 0.981252
0.148917 1.01785
0.198556 1.05445
0.248194 1.09104
0.297833 1.12764
0.347472 1.16424
0.397111 1.20083
0.44675 1.23743
0.496389 1.27403
0.546028 1.31062
0.595667 1.34722
0.645306 1.38382
0.694945 1.42041
0.744583 1.45701
0.794222 1.49361
0.843861 1.5302
0.8935 1.5668
0.943139 1.6034
0.992778 1.63999
1.04242 1.67659
1.09206 1.71319
1.14169 1.74978
1.19133 1.78638
1.24097 1.82298
1.29061 1.85957
1.34025 1.89617
1.38989 1.93277
1.43953 1.96936
1.48917 2.00596
1.53881 2.04256
1.58844 2.07915
1.63808 2.11575
1.68772 2.15235
1.73769 2.15235
1.78765 2.15968
1.83761 2.16701
1.88757 2.17435
1.93754 2.18168
1.9875 2.18901
2.03746 2.19635
2.08743 2.20368
2.13739 2.21101
2.18735 2.21834
2.23732 2.22568
2.28728 2.23301
2.33724 2.24034
2.38721 2.24768
2.43717 2.25501
2.48713 2.26234
2.53709 2.26968
2.58706 2.27701
2.63702 2.28434
2.68698 2.29168
2.73695 2.29901
2.78691 2.30634
2.83687 2.31368
2.88684 2.32101
2.9368 2.32834
2.98676 2.33567
3.03673 2.34301
3.08669 2.35034
3.13665 2.35767
3.18661 2.36501
3.23658 2.37234
3.28654 2.37967
3.3365 2.38701
3.38647 2.39434
3.43643 2.40167
3.48639 2.40901
3.53636 2.41634
3.58632 2.42367
3.63628 2.43101
3.68625 2.43834
3.73621 2.44567
3.78617 2.453
3.83614 2.46034
3.8861 2.46767
3.93606 2.475
3.98602 2.48234
4.03599 2.48967
4.08595 2.497
4.13591 2.50434
4.18588 2.51167
4.23584 2.519
4.2858 2.52634
4.33577 2.53367
4.38573 2.541
4.43569 2.54834
4.48566 2.55567
4.53562 2.563
4.58558 2.57033
4.63554 2.57767
4.68551 2.585
4.73547 2.59233
4.78543 2.59967
4.83468 2.59967
4.88392 2.62961
4.93317 2.65956
4.98241 2.6895
5.03166 2.71945
5.08091 2.7494
5.13015 2.77934
5.1794 2.80929
5.22864 2.83923
5.27789 2.86918
5.32713 2.89912
5.37638 2.92907
5.42562 2.95902
5.47487 2.98896
5.52411 3.01891
5.57336 3.04885
5.6226 3.0788
5.67185 3.10874
5.72096 3.10874
5.77006 3.21666
5.81917 3.32458
5.86828 3.4325
5.91739 3.54042
5.9665 3.64834
6.0156 3.75626
6.06471 3.86418
6.11382 3.9721
6.16293 4.08002
6.21203 4.18793
6.26114 4.29585
6.31025 4.40377
6.35936 4.51169
6.40846 4.61961
6.45757 4.72753
6.50668 4.83545
6.55522 4.83545
6.60376 4.83545
6.6523 4.83545
6.70084 4.83545
6.74938 4.83545
6.79792 4.83545
6.84646 4.83545
6.895 4.83545
6.94354 4.83545
6.99208 4.83545
7.04062 4.83545
7.08916 4.83545
9.72611 6.17285
12.3631 6.17285
15.0 6.17285
0.0 0.915038
0.0504609 0.915038
0.100922 0.956312
0.151383 0.997585
0.201844 1.03886
0.252305 1.08013
0.302765 1.1214
0.353226 1.16268
0.403687 1.20395
0.454413 1.20395
0.505138 1.27829
0.555863 1.35262
0.606588 1.42696
0.657314 1.50129
0.708039 1.57563
0.758764 1.64997
0.80949 1.7243
0.860215 1.79864
0.91094 1.87297
0.961665 1.94731
1.01239 2.02165
1.06312 2.09598
1.11384 2.17032
1.16457 2.24465
1.21538 2.24465
1.2662 2.25894
1.31702 2.27322
1.36784 2.2875
1.41866 2.30179
1.46948 2.31607
1.52029 2.33035
1.57111 2.34464
1.62193 2.35892
1.67275 2.3732
1.72357 2.38749
1.77439 2.40177
1.8252 2.41605
1.87602 2.43034
1.92684 2.44462
1.97766 2.4589
2.02848 2.47319
2.07929 2.48747
2.13011 2.50175
2.18093 2.51604
2.23175 2.53032
2.28257 2.5446
2.33339 2.55889
2.3842 2.57317
2.43502 2.58745
2.48584 2.60174
2.53666 2.61602
2.5869 2.61602
2.63714 2.63963
2.68738 2.66325
2.73762 2.68687
2.78786 2.71048
2.8381 2.7341
2.88834 2.75771
2.93858 2.78133
2.98882 2.80494
3.03906 2.82856
3.0893 2.85218
3.13954 2.87579
3.18978 2.89941
3.24002 2.92302
3.29026 2.94664
3.3405 2.97025
3.39074 2.99387
3.44098 3.01749
3.49122 3.0411
3.54146 3.06472
3.5917 3.08833
3.64194 3.11195
3.69218 3.13557
3.74242 3.15918
3.79266 3.1828
3.8429 3.20641
3.89314 3.23003
3.94338 3.25364
3.99362 3.27726
4.04386 3.30088
4.0941 3.32449
4.14434 3.34811
4.19458 3.37172
4.24482 3.39534
4.29506 3.41895
4.3453 3.44257
4.39554 3.46619
4.44578 3.4898
4.49602 3.51342
4.54626 3.53703
4.5965 3.56065
4.64674 3.58426
4.69698 3.60788
4.74722 3.6315
4.79747 3.65511
4.84771 3.67873
4.89795 3.70234
4.94819 3.72596
4.99843 3.74957
5.04867 3.77319
5.09891 3.79681
5.14915 3.82042
5.19939 3.84404
5.24963 3.86765
5.29987 3.89127
5.34846 3.89127
5.39705 3.89127
5.44564 3.89127
5.49423 3.89127
5.54282 3.89127
5.59141 3.89127
5.64001 3.89127
5.6886 3.89127
5.73719 3.89127
5.78578 3.89127
5.83437 3.89127
5.88296 3.89127
5.93155 3.89127
5.98014 3.89127
6.02874 3.89127
6.07733 3.89127
6.12592 3.89127
8.34444 5.03228
10.563 5.03228
12.7815 5.03228
15.0 5.03228
0.0 0.937461
0.0517292 0.937461
0.103458 0.976701
0.155188 1.01594
0.206917 1.05518
0.258646 1.09442
0.310375 1.13366
0.362104 1.1729
0.413834 1.21214
0.465563 1.25138
0.517292 1.29062
0.565193 1.29062
0.613094 1.40286
0.660994 1.5151
0.708895 1.62734
0.756796 1.73958
0.804697 1.85182
0.852598 1.96406
0.900498 2.0763
0.948399 2.18854
0.997804 2.18854
1.04721 2.20585
1.09661 2.22317
1.14602 2.24048
1.19543 2.25779
1.24483 2.27511
1.29424 2.29242
1.34364 2.30973
1.39305 2.32705
1.44245 2.34436
1.49186 2.36167
1.54126 2.37899
1.59067 2.3963
1.64007 2.41361
1.68948 2.43093
1.73888 2.44824
1.78829 2.46555
1.83769 2.48287
1.8871 2.50018
1.9365 2.51749
1.98591 2.53481
2.03531 2.55212
2.08472 2.56943
2.13412 2.58675
2.18353 2.60406
2.23294 2.62137
2.28234 2.63869
2.33175 2.656
2.38115 2.67331
2.43056 2.69063
2.48159 2.69063
2.53263 2.74421
2.58367 2.79779
2.63471 2.85138
2.68574 2.90496
2.73678 2.95854
2.78782 3.01213
2.83885 3.06571
2.88989 3.1193
2.94093 3.17288
2.99197 3.22646
3.043 3.28005
3.09404 3.33363
3.14508 3.38721
3.19612 3.4408
3.24715 3.49438
3.29819 3.54797
3.34923 3.60155
3.40027 3.65513
3.4513 3.70872
3.50234 3.7623
3.55338 3.81588
3.60442 3.86947
3.65545 3.92305
3.70621 3.92305
3.75697 3.92305
3.80773 3.92305
3.85849 3.92305
3.90925 3.92305
3.96001 3.92305
4.01077 3.92305
4.06153 3.92305
4.11229 3.92305
4.16305 3.92305
4.21381 3.92305
4.26456 3.92305
4.31532 3.92305
4.36608 3.92305
4.41684 3.92305
4.4676 3.92305
7.1007 4.96847
9.7338 4.96847
12.3669 4.96847
15.0 4.96847
0.0 0.942188
0.049441 0.942188
0.0988819 0.981172
0.148323 1.02016
0.197764 1.05914
0.247205 1.09812
0.296646 1.13711
0.346087 1.17609
0.395528 1.21508
0.444969 1.25406
0.49441 1.29304
0.543851 1.33203
0.593292 1.37101
0.642733 1.41
0.692174 1.44898
0.741615 1.48796
0.791056 1.52695
0.840497 1.56593
0.889938 1.60492
0.939378 1.6439
0.990308 1.6439
1.04124 1.78895
1.09217 1.93399
1.1431 2.07904
1.19403 2.22409
1.24445 2.22409
1.29487 2.22518
1.34529 2.22628
1.39572 2.22737
1.44614 2.22846
1.49656 2.22956
1.54698 2.23065
1.59741 2.23174
1.64783 2.23284
1.69825 2.23393
1.74867 2.23502
1.7991 2.23612
1.84952 2.23721
1.89994 2.2383
1.95036 2.2394
2.00079 2.24049
2.05121 2.24159
2.10163 2.24268
2.15205 2.24377
2.20248 2.24487
2.2529 2.24596
2.30332 2.24705
2.35374 2.24815
2.40416 2.24924
2.45459 2.25033
2.50501 2.25143
2.55543 2.25252
2.60585 2.25362
2.65628 2.25471
2.7067 2.2558
2.75712 2.2569
2.80754 2.25799
2.85797 2.25908
2.90839 2.26018
2.95881 2.26127
3.00923 2.26236
3.05966 2.26346
3.11008 2.26455
3.1605 2.26565
3.21092 2.26674
3.26134 2.26783
3.31177 2.26893
3.36219 2.27002
3.41261 2.27111
3.46303 2.27221
3.51205 2.27221
3.56106 2.33437
3.61008 2.39654
3.65909 2.4587
3.70811 2.52087
3.75712 2.58304
3.80613 2.6452
3.85515 2.70737
3.90416 2.76953
3.95318 2.8317
4.00219 2.89387
4.0512 2.95603
4.10022 3.0182
4.14923 3.08036
4.19825 3.14253
4.24726 3.2047
4.29628 3.26686
4.34529 3.32903
4.3943 3.39119
4.44332 3.45336
4.49233 3.51552
4.54135 3.57769
4.5913 3.57769
4.64126 3.57769
4.69121 3.57769
4.74117 3.57769
4.79112 3.57769
4.84108 3.57769
4.89103 3.57769
4.94099 3.57769
4.99094 3.57769
7.49321 6.1813
9.99547 6.1813
12.4977 6.1813
15.0 6.1813
0.0 0.934299
0.0506581 0.934299
0.101316 0.972832
0.151974 1.01136
0.202632 1.0499
0.25329 1.08843
0.303949 1.12696
0.354607 1.1655
0.405265 1.20403
0.455923 1.24256
0.506581 1.2811
0.557239 1.31963
0.607897 1.35816
0.658555 1.3967
0.709213 1.43523
0.759871 1.47376
0.81053 1.51229
0.861188 1.55083
0.911846 1.58936
0.962504 1.62789
1.01316 1.66643
1.06382 1.70496
1.11448 1.74349
1.16514 1.78203
1.21579 1.82056
1.26645 1.85909
1.31711 1.89762
1.36777 1.93616
1.41843 1.97469
1.46908 2.01322
1.51974 2.05176
1.5704 2.09029
1.62106 2.12882
1.67172 2.16736
1.72238 2.20589
1.77303 2.24442
1.82369 2.28295
1.87435 2.32149
1.92367 2.32149
1.97298 2.32873
2.0223 2.33597
2.07162 2.34321
2.12093 2.35046
2.17025 2.3577
2.21956 2.36494
2.26888 2.37218
2.3182 2.37943
2.36751 2.38667
2.41683 2.39391
2.46615 2.40115
2.51546 2.4084
2.56478 2.41564
2.6141 2.42288
2.66341 2.43012
2.71273 2.43736
2.76205 2.44461
2.81136 2.45185
2.86068 2.45909
2.91 2.46633
2.95931 2.47358
3.00863 2.48082
3.05794 2.48806
3.10726 2.4953
3.15658 2.50255
3.20589 2.50979
3.25521 2.51703
3.30453 2.52427
3.35384 2.53151
3.40316 2.53876
3.45248 2.546
3.50179 2.55324
3.55111 2.56048
3.60043 2.56773
3.64974 2.57497
3.70032 2.57497
3.7509 2.588
3.80148 2.60102
3.85206 2.61405
3.90264 2.62708
3.95322 2.6401
4.0038 2.65313
4.05438 2.66616
4.10496 2.67918
4.15554 2.69221
4.20612 2.70524
4.2567 2.71826
4.30728 2.73129
4.35786 2.74432
4.40844 2.75735
4.45902 2.77037
4.5096 2.7834
4.56018 2.79643
4.61076 2.80945
4.66134 2.82248
4.71192 2.83551
4.7625 2.84853
4.81308 2.86156
4.86366 2.87459
4.91424 2.88761
4.96482 2.90064
5.0154 2.91367
5.06472 2.91367
5.11404 3.0103
5.16337 3.10693
5.21269 3.20357
5.26201 3.3002
5.31133 3.39683
5.36065 3.49347
5.40997 3.5901
5.45929 3.68673
5.50862 3.78337
5.55794 3.88
5.60726 3.97663
5.65658 4.07327
5.7059 4.1699
5.75522 4.26653
5.80455 4.36317
5.85387 4.4598
5.90417 4.4598
5.95448 4.4598
6.00479 4.4598
6.05509 4.4598
6.1054 4.4598
6.1557 4.4598
6.20601 4.4598
6.25632 4.4598
6.30662 4.4598
6.35693 4.4598
6.40723 4.4598
6.45754 4.4598
6.50785 4.4598
6.55815 4.4598
6.60846 4.4598
6.65877 4.4598
6.70907 4.4598
6.75938 4.4598
6.80968 4.4598
6.85999 4.4598
6.9103 4.4598
6.9606 4.4598
9.6404 6.24662
12.3202 6.24662
15.0 6.24662
0.0 0.915521
0.049597 0.915521
0.099194 0.959132
0.148791 1.00274
0.198388 1.04635
0.247985 1.08996
0.297582 1.13357
0.347179 1.17718
0.396776 1.22079
0.446373 1.2644
0.49597 1.30802
0.545567 1.35163
0.595164 1.39524
0.644761 1.43885
0.694358 1.48246
0.743955 1.52607
0.793552 1.56968
0.843149 1.61329
0.892746 1.6569
0.942343 1.70051
0.99194 1.74412
1.04154 1.78773
1.09113 1.83134
1.14073 1.87495
1.19033 1.91856
1.23992 1.96217
1.28952 2.00578
1.33912 2.04939
1.38872 2.093
1.43831 2.13661
1.48791 2.18022
1.53751 2.22383
1.5871 2.26744
1.63741 2.26744
1.68772 2.27706
1.73803 2.28667
1.78834 2.29628
1.83865 2.30589
1.88896 2.3155
1.93927 2.32511
1.98958 2.33472
2.03989 2.34433
2.0902 2.35394
2.14051 2.36356
2.19082 2.37317
2.24113 2.38278
2.29144 2.39239
2.34175 2.402
2.39206 2.41161
2.44237 2.42122
2.49268 2.43083
2.54299 2.44044
2.5933 2.45006
2.64361 2.45967
2.69392 2.46928
2.74423 2.47889
2.79454 2.4885
2.84485 2.49811
2.89516 2.50772
2.94547 2.51733
2.99578 2.52694
3.04666 2.52694
3.09754 2.54195
3.14842 2.55696
3.1993 2.57196
3.25018 2.58697
3.30106 2.60197
3.35195 2.61698
3.40283 2.63199
3.45371 2.64699
3.50459 2.662
3.55547 2.67701
3.60635 2.69201
3.65723 2.70702
3.70811 2.72202
3.75899 2.73703
3.80987 2.75204
3.86076 2.76704
3.91164 2.78205
3.96252 2.79706
4.0134 2.81206
4.06428 2.82707
4.11516 2.84207
4.16604 2.85708
4.21692 2.87209
4.2678 2.88709
4.31868 2.9021
4.36957 2.9171
4.41939 2.9171
4.46922 2.96774
4.51905 3.01838
4.56887 3.06902
4.6187 3.11966
4.66852 3.1703
4.71835 3.22094
4.76818 3.27158
4.818 3.32222
4.86783 3.37286
4.91766 3.4235
4.96748 3.47413
5.01731 3.52477
5.06714 3.57541
5.11696 3.62605
5.16679 3.67669
5.21662 3.72733
5.26644 3.77797
5.31627 3.82861
5.3661 3.87925
5.41592 3.92989
5.46575 3.98052
5.51558 4.03116
5.5654 4.0818
5.61523 4.13244
5.66506 4.18308
5.71488 4.23372
5.76471 4.28436
5.81453 4.335
5.86436 4.38564
5.91419 4.43628
5.9638 4.43628
6.01342 4.43628
6.06303 4.43628
6.11265 4.43628
6.16226 4.43628
6.21188 4.43628
6.26149 4.43628
6.31111 4.43628
6.36072 4.43628
6.41034 4.43628
6.45995 4.43628
6.50957 4.43628
6.55918 4.43628
6.6088 4.43628
6.65841 4.43628
6.70803 4.43628
6.75764 4.43628
6.80726 4.43628
6.85687 4.43628
6.90649 4.43628
6.9561 4.43628
7.00572 4.43628
7.05533 4.43628
7.10495 4.43628
7.15456 4.43628
7.20418 4.43628
7.25379 4.43628
7.30341 4.43628
7.35302 4.43628
9.90202 6.23223
12.451 6.23223
15.0 6.23223
0.0 0.944396
0.0505844 0.944396
0.101169 0.981067
0.151753 1.01774
0.202338 1.05441
0.252922 1.09108
0.303506 1.12775
0.354091 1.16442
0.404675 1.20109
0.45526 1.23776
0.505844 1.27443
0.556428 1.3111
0.607013 1.34778
0.657597 1.38445
0.708182 1.42112
0.758766 1.45779
0.80935 1.49446
0.859935 1.53113
0.910519 1.5678
0.960034 1.5678
1.00955 1.60657
1.05907 1.64534
1.10858 1.68412
1.1581 1.72289
1.20761 1.76166
1.25713 1.80043
1.30664 1.8392
1.35616 1.87798
1.40567 1.91675
1.45519 1.95552
1.5047 1.99429
1.55422 2.03306
1.60373 2.07184
1.65325 2.11061
1.70276 2.14938
1.75301 2.14938
1.80325 2.15082
1.8535 2.15225
1.90374 2.15369
1.95398 2.15513
2.00423 2.15657
2.05447 2.15801
2.10472 2.15944
2.15496 2.16088
2.20521 2.16232
2.25545 2.16376
2.30569 2.16519
2.35594 2.16663
2.40618 2.16807
2.45643 2.16951
2.50667 2.17094
2.55691 2.17238
2.60716 2.17382
2.6574 2.17526
2.70765 2.17669
2.75789 2.17813
2.80814 2.17957
2.85838 2.18101
2.90862 2.18244
2.95887 2.18388
3.00911 2.18532
3.05936 2.18676
3.1096 2.18819
3.15985 2.18963
3.21009 2.19107
3.25856 2.19107
3.30704 2.6732
3.35551 3.15533
3.40398 3.63746
3.45425 3.63746
3.50452 3.63746
3.55478 3.63746
3.60505 3.63746
3.65532 3.63746
3.70559 3.63746
3.75586 3.63746
3.80612 3.63746
3.85639 3.63746
3.90666 3.63746
3.95693 3.63746
4.00719 3.63746
4.05746 3.63746
4.10773 3.63746
4.158 3.63746
4.20826 3.63746
4.25853 3.63746
4.3088 3.63746
4.35907 3.63746
4.40934 3.63746
4.4596 3.63746
4.50987 3.63746
4.56014 3.63746
4.61041 3.63746
4.66067 3.63746
7.24551 6.25856
9.83034 6.25856
12.4152 6.25856
15.0 6.25856
0.0 0.941778
0.049689 0.941778
0.099378 0.979648
0.149067 1.01752
0.198756 1.05539
0.248445 1.09326
0.298134 1.13113
0.347823 1.169
0.397512 1.20687
0.447201 1.24474
0.49689 1.2826
0.546579 1.32047
0.596268 1.35834
0.645957 1.39621
0.695646 1.43408
0.745335 1.47195
0.795024 1.50982
0.844713 1.54769
0.894402 1.58556
0.944091 1.62343
0.99378 1.6613
1.04347 1.69917
1.09316 1.73704
1.14285 1.77491
1.19254 1.81278
1.24222 1.85065
1.29191 1.88852
1.3416 1.92639
1.39129 1.96426
1.44098 2.00213
1.49067 2.04
1.54036 2.07787
1.59005 2.11574
1.63974 2.15361
1.68943 2.19148
1.73911 2.22935
1.7888 2.26722
1.83902 2.26722
1.88925 2.27374
1.93947 2.28027
1.98969 2.2868
2.03991 2.29333
2.09013 2.29986
2.14035 2.30639
2.19057 2.31291
2.24079 2.31944
2.29101 2.32597
2.34123 2.3325
2.39146 2.33903
2.44168 2.34556
2.4919 2.35208
2.54212 2.35861
2.59234 2.36514
2.64256 2.37167
2.69278 2.3782
2.743 2.38473
2.79322 2.39125
2.84344 2.39778
2.89367 2.40431
2.94389 2.41084
2.99411 2.41737
3.04433 2.4239
3.09455 2.43042
3.14477 2.43695
3.19499 2.44348
3.24521 2.45001
3.29543 2.45654
3.34565 2.46307
3.39588 2.46959
3.4461 2.47612
3.49632 2.48265
3.54654 2.48918
3.59676 2.49571
3.64698 2.50224
3.6972 2.50876
3.74742 2.51529
3.79764 2.52182
3.84786 2.52835
3.89809 2.53488
3.94831 2.5414
3.99853 2.54793
4.04875 2.55446
4.09897 2.56099
4.14833 2.56099
4.19769 2.59244
4.24705 2.62389
4.29641 2.65533
4.34577 2.68678
4.39513 2.71823
4.44449 2.74968
4.49385 2.78112
4.54321 2.81257
4.59257 2.84402
4.64193 2.87547
4.69129 2.90691
4.74065 2.93836
4.79001 2.96981
4.83937 3.00126
4.88893 3.00126
4.93848 3.04453
4.98804 3.0878
5.0376 3.13107
5.08716 3.17434
5.13671 3.21762
5.18627 3.26089
5.23583 3.30416
5.28539 3.34743
5.33494 3.3907
5.3845 3.43398
5.43406 3.47725
5.48362 3.52052
5.53318 3.56379
5.58273 3.60706
5.63229 3.65034
5.68185 3.69361
5.73141 3.73688
5.78096 3.78015
5.83052 3.82342
5.88008 3.8667
5.92964 3.90997
5.97919 3.95324
6.02875 3.99651
6.07831 4.03978
6.12787 4.08306
6.17742 4.12633
6.22698 4.1696
6.27654 4.21287
6.3261 4.25614
6.37565 4.29942
6.42521 4.34269
6.47477 4.38596
6.52433 4.42923
6.57388 4.4725
6.62502 4.4725
6.67615 4.4725
6.72729 4.4725
6.77842 4.4725
6.82955 4.4725
6.88069 4.4725
6.93182 4.4725
6.98296 4.4725
7.03409 4.4725
7.08523 4.4725
7.13636 4.4725
7.18749 4.4725
7.23863 4.4725
7.28976 4.4725
7.3409 4.4725
9.89393 6.25336
12.447 6.25336
15.0 6.25336
0.0 0.933514
0.0505617 0.933514
0.101123 0.971871
0.151685 1.01023
0.202247 1.04859
0.252809 1.08694
0.30337 1.1253
0.353932 1.16366
0.404494 1.20201
0.455056 1.24037
0.505617 1.27873
0.556179 1.31709
0.606741 1.35544
0.657303 1.3938
0.707864 1.43216
0.758426 1.47051
0.808988 1.50887
0.85955 1.54723
0.910111 1.58559
0.960673 1.62394
1.01123 1.6623
1.0618 1.70066
1.11236 1.73901
1.16292 1.77737
1.21348 1.81573
1.26404 1.85409
1.31461 1.89244
1.36517 1.9308
1.41573 1.96916
1.46629 2.00751
1.51685 2.04587
1.56741 2.08423
1.61798 2.12259
1.66854 2.16094
1.7191 2.1993
1.76966 2.23766
1.82022 2.27601
1.87 2.27601
1.91977 2.29947
1.96955 2.32293
2.01932 2.34639
2.0691 2.36985
2.11887 2.39331
2.16865 2.41677
2.21842 2.44023
2.2682 2.46369
2.31798 2.48715
2.36775 2.51061
2.41753 2.53407
2.4673 2.55753
2.51708 2.58099
2.56685 2.60445
2.61663 2.62791
2.6664 2.65137
2.71618 2.67483
2.76595 2.69829
2.81573 2.72175
2.8655 2.74521
2.91528 2.76867
2.96549 2.76867
3.01571 2.77945
3.06593 2.79023
3.11614 2.80101
3.16636 2.81178
3.21657 2.82256
3.26679 2.83334
3.31701 2.84412
3.36722 2.8549
3.41744 2.86568
3.46766 2.87646
3.51787 2.88723
3.56809 2.89801
3.6183 2.90879
3.66852 2.91957
3.71874 2.93035
3.76895 2.94113
3.81917 2.9519
3.86938 2.96268
3.9196 2.97346
3.96982 2.98424
4.02003 2.99502
4.07025 3.0058
4.12046 3.01658
4.17068 3.02735
4.2209 3.03813
4.27111 3.04891
4.32133 3.05969
4.37155 3.07047
4.42176 3.08125
4.47198 3.09202
4.52219 3.1028
4.57241 3.11358
4.62263 3.12436
4.67284 3.13514
4.72306 3.14592
4.77327 3.1567
4.82349 3.16747
4.87371 3.17825
4.92392 3.18903
4.97414 3.19981
5.02435 3.21059
5.07457 3.22137
5.12479 3.23214
5.175 3.24292
5.22522 3.2537
5.27544 3.26448
5.32565 3.27526
5.37587 3.28604
5.42608 3.29682
5.4763 3.30759
5.52652 3.31837
5.57673 3.32915
5.62695 3.33993
5.67913 3.33993
5.7313 3.49899
5.78348 3.65806
5.83566 3.81712
5.88784 3.97619
5.94002 4.13525
5.99219 4.29432
6.04437 4.45338
6.09655 4.61245
6.14873 4.77151
6.19754 4.77151
6.24634 4.77151
6.29515 4.77151
6.34396 4.77151
6.39276 4.77151
6.44157 4.77151
6.49038 4.77151
6.53918 4.77151
6.58799 4.77151
6.6368 4.77151
6.6856 4.77151
6.73441 4.77151
6.78322 4.77151
6.83202 4.77151
6.88083 4.77151
6.92964 4.77151
6.97844 4.77151
7.02725 4.77151
7.07606 4.77151
9.71737 6.17939
12.3587 6.17939
15.0 6.17939
0.0 0.942588
0.0494616 0.942588
0.0989233 0.978948
0.148385 1.01531
0.197847 1.05167
0.247308 1.08803
0.29677 1.12439
0.346231 1.16075
0.395693 1.19711
0.445155 1.23347
0.494616 1.26983
0.544078 1.30619
0.59354 1.34255
0.643001 1.37891
0.692463 1.41527
0.741925 1.45163
0.791386 1.48799
0.840848 1.52435
0.890309 1.56071
0.939771 1.59707
0.989233 1.63344
1.03869 1.6698
1.08816 1.70616
1.13762 1.74252
1.18708 1.77888
1.23654 1.81524
1.286 1.8516
1.33546 1.88796
1.38493 1.92432
1.43439 1.96068
1.48385 1.99704
1.53331 2.0334
1.58277 2.06976
1.63223 2.10612
1.6817 2.14248
1.73208 2.14248
1.78246 2.16372
1.83284 2.18496
1.88322 2.2062
1.9336 2.22743
1.98398 2.24867
2.03437 2.26991
2.08475 2.29115
2.13513 2.31239
2.18551 2.33363
2.23589 2.35487
2.28627 2.3761
2.33665 2.39734
2.38703 2.41858
2.43742 2.43982
2.4878 2.46106
2.53818 2.4823
2.58856 2.50353
2.63894 2.52477
2.68932 2.54601
2.7397 2.56725
2.79009 2.58849
2.84047 2.60973
2.89085 2.63097
2.94123 2.6522
2.99161 2.67344
3.04199 2.69468
3.09237 2.71592
3.14275 2.73716
3.19314 2.7584
3.24286 2.7584
3.29258 2.81729
3.3423 2.87619
3.39202 2.93508
3.44175 2.99398
3.49147 3.05288
3.54119 3.11177
3.59091 3.17067
3.64063 3.22956
3.69138 3.22956
3.74213 3.27505
3.79288 3.32053
3.84362 3.36601
3.89437 3.41149
3.94512 3.45697
3.99587 3.50245
4.04662 3.54793
4.09736 3.59342
4.14811 3.6389
4.19886 3.68438
4.24961 3.72986
4.30036 3.77534
4.3511 3.82082
4.40185 3.86631
4.4526 3.91179
4.50335 3.95727
4.5541 4.00275
4.60484 4.04823
4.65559 4.09371
4.70634 4.1392
4.75709 4.18468
4.80784 4.23016
4.85858 4.27564
4.90933 4.32112
4.96008 4.3666
5.01083 4.41209
5.06158 4.45757
5.11232 4.50305
5.16307 4.54853
5.21382 4.59401
5.26457 4.63949
5.31532 4.68498
5.36407 4.68498
5.41282 4.68498
5.46158 4.68498
5.51033 4.68498
5.55909 4.68498
7.91931 6.05287
10.2795 6.05287
12.6398 6.05287
15.0 6.05287
0.0 0.92545
0.0508395 0.92545
0.101679 0.967518
0.152519 1.00959
0.203358 1.05166
0.254198 1.09372
0.305037 1.13579
0.355877 1.17786
0.406716 1.21993
0.457556 1.262
0.508395 1.30407
0.559235 1.34614
0.610074 1.38821
0.660914 1.43027
0.711753 1.47234
0.762593 1.51441
0.813433 1.55648
0.869104 1.55648
0.924775 1.72279
0.980446 1.88911
1.03014 1.88911
1.07984 1.89279
1.12953 1.89646
1.17923 1.90014
1.22893 1.90382
1.27862 1.9075
1.32832 1.91118
1.37801 1.91486
1.42771 1.91854
1.47741 1.92222
1.5271 1.9259
1.5768 1.92958
1.62649 1.93326
1.67619 1.93694
1.72589 1.94061
1.77558 1.94429
1.82528 1.94797
1.87497 1.95165
1.92467 1.95533
1.97437 1.95901
2.02406 1.96269
2.07376 1.96637
2.12345 1.97005
2.17315 1.97373
2.22285 1.97741
2.27254 1.98108
2.32224 1.98476
2.37193 1.98844
2.42163 1.99212
2.47133 1.9958
2.52102 1.99948
2.57072 2.00316
2.62041 2.00684
2.67011 2.01052
2.71981 2.0142
2.7695 2.01788
2.8192 2.02156
2.86889 2.02523
2.91859 2.02891
2.96829 2.03259
3.01798 2.03627
3.06768 2.03995
3.11737 2.04363
3.16707 2.04731
3.21676 2.05099
3.26646 2.05467
3.31616 2.05835
3.36585 2.06203
3.41555 2.0657
3.46524 2.06938
3.51494 2.07306
3.56464 2.07674
3.61433 2.08042
3.66242 2.08042
3.7105 2.21453
3.75859 2.34865
3.80667 2.48276
3.85476 2.61687
3.90284 2.75098
3.95093 2.88509
3.99901 3.0192
4.0471 3.15332
4.09518 3.28743
4.14327 3.42154
4.19135 3.55565
4.24203 3.55565
4.2927 3.55565
4.34338 3.55565
4.39405 3.55565
4.44473 3.55565
4.4954 3.55565
4.54608 3.55565
4.59675 3.55565
4.64743 3.55565
4.6981 3.55565
4.74878 3.55565
4.79945 3.55565
4.85013 3.55565
4.90081 3.55565
4.95148 3.55565
5.00216 3.55565
5.05283 3.55565
5.10351 3.55565
5.15418 3.55565
5.20486 3.55565
5.25553 3.55565
5.30621 3.55565
5.35688 3.55565
5.40756 3.55565
5.45823 3.55565
5.50891 3.55565
5.55959 3.55565
5.61026 3.55565
5.66094 3.55565
7.9957 6.03837
10.3305 6.03837
12.6652 6.03837
15.0 6.03837
0.0 0.928289
0.049558 0.928289
0.099116 0.968833
0.148674 1.00938
0.198232 1.04992
0.24779 1.09047
0.297348 1.13101
0.346906 1.17155
0.396464 1.2121
0.446022 1.25264
0.49558 1.29319
0.545138 1.33373
0.594696 1.37427
0.644254 1.41482
0.693812 1.45536
0.74337 1.49591
0.792928 1.53645
0.842486 1.57699
0.892044 1.61754
0.941602 1.65808
0.99116 1.69863
1.04072 1.73917
1.09028 1.77972
1.13983 1.82026
1.18939 1.8608
1.23857 1.8608
1.28774 1.89545
1.33691 1.93009
1.38609 1.96474
1.43526 1.99938
1.48444 2.03403
1.53361 2.06867
1.58278 2.10332
1.63196 2.13796
1.68113 2.17261
1.73031 2.20726
1.77948 2.2419
1.82865 2.27655
1.87783 2.31119
1.927 2.34584
1.97618 2.38048
2.02535 2.41513
2.07452 2.44977
2.1237 2.48442
2.17287 2.51906
2.22205 2.55371
2.27122 2.58835
2.32039 2.623
2.36957 2.65764
2.41874 2.69229
2.47034 2.69229
2.52193 2.82957
2.57353 2.96686
2.6233 2.96686
2.67307 3.00091
2.72283 3.03495
2.7726 3.069
2.82237 3.10305
2.87214 3.1371
2.9219 3.17114
2.97167 3.20519
3.02144 3.23924
3.07121 3.27329
3.12098 3.30733
3.17074 3.34138
3.22051 3.37543
3.27028 3.40948
3.32005 3.44353
3.36981 3.47757
3.41958 3.51162
3.46935 3.54567
3.51912 3.57972
3.56889 3.61376
3.61865 3.64781
3.66842 3.68186
3.71819 3.71591
3.76796 3.74995
3.81772 3.784
3.86749 3.81805
3.91726 3.8521
3.96703 3.88614
4.0168 3.92019
4.06656 3.95424
4.11633 3.98829
4.1661 4.02234
4.21587 4.05638
4.26564 4.09043
4.3154 4.12448
4.36517 4.15853
4.41494 4.19257
4.46471 4.22662
4.51447 4.26067
4.56424 4.29472
4.61401 4.32876
4.66378 4.36281
4.71355 4.39686
4.76331 4.43091
4.81308 4.46496
4.86285 4.499
4.91262 4.53305
4.96238 4.5671
5.01215 4.60115
5.06192 4.63519
5.11169 4.66924
5.16146 4.70329
5.21122 4.73734
5.26099 4.77138
5.31029 4.77138
5.35959 4.77138
5.40889 4.77138
5.45819 4.77138
5.50749 4.77138
5.55679 4.77138
5.60609 4.77138
5.6554 4.77138
5.7047 4.77138
5.754 4.77138
5.8033 4.77138
5.8526 4.77138
5.9019 4.77138
5.9512 4.77138
6.0005 4.77138
6.0498 4.77138
6.0991 4.77138
6.1484 4.77138
6.1977 4.77138
6.247 4.77138
6.2963 4.77138
6.3456 4.77138
6.3949 4.77138
6.4442 4.77138
9.29614 6.11572
12.1481 6.11572
15.0 6.11572
0.0 0.917546
0.0491121 0.917546
0.0982241 0.959996
0.147336 1.00245
0.196448 1.0449
0.24556 1.08735
0.294672 1.1298
0.343784 1.17225
0.392897 1.2147
0.442009 1.25715
0.491121 1.2996
0.540233 1.34205
0.589345 1.3845
0.638457 1.42695
0.687569 1.4694
0.736681 1.51185
0.785793 1.5543
0.834905 1.59675
0.884017 1.6392
0.933129 1.68165
0.982241 1.72411
1.03159 1.72411
1.08093 1.77405
1.13028 1.82399
1.17962 1.87394
1.22896 1.92388
1.27831 1.97382
1.32765 2.02377
1.377 2.07371
1.42634 2.12366
1.47569 2.1736
1.52503 2.22354
1.57438 2.27349
1.62372 2.32343
1.67307 2.37337
1.72241 2.42332
1.77189 2.42332
1.82138 2.43284
1.87086 2.44235
1.92034 2.45187
1.96982 2.46139
2.01931 2.47091
2.06879 2.48042
2.11827 2.48994
2.16776 2.49946
2.21724 2.50897
2.26672 2.51849
2.31621 2.52801
2.36569 2.53753
2.41517 2.54704
2.46466 2.55656
2.51414 2.56608
2.56362 2.5756
2.6131 2.58511
2.66259 2.59463
2.71207 2.60415
2.76155 2.61367
2.81104 2.62318
2.86182 2.62318
2.9126 2.66499
2.96338 2.7068
3.01416 2.74861
3.06494 2.79042
3.11572 2.83223
3.1665 2.87404
3.21728 2.91585
3.26806 2.95766
3.31884 2.99947
3.36962 3.04128
3.4204 3.08309
3.47118 3.1249
3.52196 3.16671
3.57274 3.20852
3.62352 3.25033
3.6743 3.29214
3.72508 3.33395
3.77586 3.37576
3.82664 3.41757
3.87742 3.45938
3.9282 3.50119
3.97898 3.543
4.02976 3.58481
4.0805 3.58481
4.13123 3.58481
4.18196 3.58481
4.23269 3.58481
4.28343 3.58481
4.33416 3.58481
4.38489 3.58481
4.43562 3.58481
4.48636 3.58481
4.53709 3.58481
4.58782 3.58481
4.63855 3.58481
4.68929 3.58481
4.74002 3.58481
4.79075 3.58481
4.84148 3.58481
4.89222 3.58481
4.94295 3.58481
4.99368 3.58481
5.04441 3.58481
5.09515 3.58481
5.14588 3.58481
5.19661 3.58481
5.24734 3.58481
7.68551 4.83599
10.1237 4.83599
12.5618 4.83599
15.0 4.83599
0.0 0.929871
0.0502101 0.929871
0.10042 0.970604
0.15063 1.01134
0.200841 1.05207
0.251051 1.09281
0.301261 1.13354
0.351471 1.17427
0.401681 1.21501
0.451891 1.25574
0.502101 1.29648
0.552312 1.33721
0.602522 1.37794
0.652732 1.41868
0.702942 1.45941
0.753152 1.50014
0.803362 1.54088
0.85224 1.54088
0.901118 1.57071
0.949996 1.60054
0.998873 1.63038
1.04775 1.66021
1.09663 1.69004
1.14551 1.71987
1.19438 1.74971
1.24326 1.77954
1.29214 1.80937
1.34102 1.8392
1.3899 1.86903
1.43877 1.89887
1.48867 1.89887
1.53856 1.90142
1.58846 1.90398
1.63835 1.90654
1.68825 1.9091
1.73814 1.91166
1.78804 1.91421
1.83793 1.91677
1.88782 1.91933
1.93772 1.92189
1.98761 1.92444
2.03751 1.927
2.0874 1.92956
2.1373 1.93212
2.18719 1.93467
2.23709 1.93723
2.28698 1.93979
2.33688 1.94235
2.38677 1.94491
2.43667 1.94746
2.48656 1.95002
2.53645 1.95258
2.58635 1.95514
2.63624 1.95769
2.68614 1.96025
2.73603 1.96281
2.78593 1.96537
2.83582 1.96792
2.88572 1.97048
2.93561 1.97304
2.98551 1.9756
3.0354 1.97816
3.0853 1.98071
3.13519 1.98327
3.18508 1.98583
3.23498 1.98839
3.28487 1.99094
3.33477 1.9935
3.38466 1.99606
3.43456 1.99862
3.48445 2.00118
3.53435 2.00373
3.58424 2.00629
3.63414 2.00885
3.68403 2.01141
3.73392 2.01396
3.78382 2.01652
3.83371 2.01908
3.88361 2.02164
3.9335 2.02419
3.9829 2.02419
4.0323 2.176
4.0817 2.32781
4.1311 2.47962
4.18049 2.63142
4.22989 2.78323
4.27929 2.93504
4.32869 3.08684
4.37809 3.23865
4.42749 3.39046
4.47688 3.54226
4.52628 3.69407
4.57597 3.69407
4.62566 3.69407
4.67535 3.69407
4.72504 3.69407
4.77473 3.69407
4.82442 3.69407
4.87411 3.69407
4.9238 3.69407
4.9735 3.69407
5.02319 3.69407
5.07288 3.69407
5.12257 3.69407
5.17226 3.69407
5.22195 3.69407
5.27164 3.69407
5.32133 3.69407
5.37102 3.69407
5.42071 3.69407
5.4704 3.69407
5.52009 3.69407
5.56978 3.69407
5.61947 3.69407
5.66916 3.69407
5.71885 3.69407
5.76854 3.69407
5.81823 3.69407
5.86792 3.69407
5.91761 3.69407
5.9673 3.69407
6.01699 3.69407
6.06669 3.69407
6.11638 3.69407
6.16607 3.69407
6.21576 3.69407
6.26545 3.69407
6.31514 3.69407
6.36483 3.69407
6.41452 3.69407
9.27635 6.05853
12.1382 6.05853
15.0 6.05853
0.0 0.944975
0.0503977 0.944975
0.100795 0.981171
0.151193 1.01737
0.201591 1.05356
0.251989 1.08976
0.302386 1.12596
0.352784 1.16216
0.403182 1.19835
0.45358 1.23455
0.503977 1.27075
0.554375 1.30694
0.604773 1.34314
0.655171 1.37934
0.705568 1.41553
0.755966 1.45173
0.806364 1.48793
0.856762 1.52412
0.907159 1.56032
0.957557 1.59652
1.00795 1.63271
1.05835 1.66891
1.10875 1.70511
1.15922 1.70511
1.20969 1.72782
1.26016 1.75054
1.31063 1.77326
1.3611 1.79598
1.41157 1.81869
1.46204 1.84141
1.51251 1.86413
1.56298 1.88685
1.61345 1.90956
1.66391 1.93228
1.71438 1.955
1.76485 1.97772
1.81532 2.00043
1.86579 2.02315
1.91626 2.04587
1.96673 2.06859
2.0172 2.0913
2.06767 2.11402
2.11814 2.13674
2.16861 2.15945
2.21908 2.18217
2.26955 2.20489
2.32002 2.22761
2.37049 2.25032
2.42096 2.27304
2.47143 2.29576
2.5219 2.31848
2.57237 2.34119
2.62284 2.36391
2.6733 2.38663
2.72377 2.40935
2.77424 2.43206
2.82471 2.45478
2.87518 2.4775
2.92236 2.4775
2.96953 2.50213
3.01671 2.52676
3.06389 2.55139
3.11106 2.57603
3.15824 2.60066
3.20741 2.60066
3.25658 2.67109
3.30575 2.74153
3.35491 2.81197
3.40408 2.8824
3.45325 2.95284
3.50242 3.02327
3.55159 3.09371
3.60076 3.16415
3.64993 3.23458
3.6991 3.30502
3.74827 3.37545
3.79743 3.44589
3.8466 3.51633
3.89577 3.58676
3.94494 3.6572
3.99672 3.6572
4.0485 3.6572
4.10029 3.6572
4.15207 3.6572
4.20385 3.6572
4.25563 3.6572
4.30741 3.6572
4.35919 3.6572
4.41098 3.6572
4.46276 3.6572
4.51454 3.6572
7.1359 4.93171
9.75727 4.93171
12.3786 4.93171
15.0 4.93171
0.0 0.937465
0.0496591 0.937465
0.0993183 0.976107
0.148977 1.01475
0.198637 1.05339
0.248296 1.09203
0.297955 1.13067
0.347614 1.16932
0.397273 1.20796
0.446932 1.2466
0.496591 1.28524
0.546251 1.32388
0.59591 1.36253
0.645569 1.40117
0.695228 1.43981
0.744887 1.47845
0.794546 1.51709
0.844205 1.55574
0.893864 1.59438
0.943524 1.63302
0.993183 1.67166
1.04284 1.7103
1.09218 1.7103
1.14152 1.74384
1.19086 1.77738
1.2402 1.81091
1.28954 1.84445
1.33888 1.87799
1.38822 1.91152
1.43756 1.94506
1.4869 1.9786
1.53624 2.01213
1.58558 2.04567
1.63492 2.07921
1.68426 2.11275
1.7336 2.14628
1.78294 2.17982
1.83228 2.21336
1.88162 2.24689
1.93096 2.28043
1.9803 2.31397
2.02964 2.3475
2.07898 2.38104
2.12832 2.41458
2.17766 2.44811
2.227 2.48165
2.27634 2.51519
2.32568 2.54872
2.37502 2.58226
2.4261 2.58226
2.47717 2.58259
2.52824 2.58292
2.57932 2.58325
2.63039 2.58358
2.68146 2.58391
2.73254 2.58424
2.78361 2.58456
2.83468 2.58489
2.88576 2.58522
2.93683 2.58555
2.9879 2.58588
3.03898 2.58621
3.09005 2.58654
3.14112 2.58687
3.19281 2.58687
3.24449 2.66093
3.29618 2.73499
3.34787 2.80906
3.39955 2.88312
3.45124 2.95718
3.50292 3.03124
3.55461 3.1053
3.6063 3.17937
3.65798 3.25343
3.70967 3.32749
3.76135 3.40155
3.81304 3.47562
3.86272 3.47562
3.91241 3.47562
3.96209 3.47562
4.01177 3.47562
4.06146 3.47562
4.11114 3.47562
4.16082 3.47562
4.21051 3.47562
4.26019 3.47562
4.30987 3.47562
4.35956 3.47562
4.40924 3.47562
4.45892 3.47562
4.50861 3.47562
4.55829 3.47562
4.60798 3.47562
4.65766 3.47562
4.70734 3.47562
4.75703 3.47562
4.80671 3.47562
4.85639 3.47562
4.90608 3.47562
4.95576 3.47562
5.00544 3.47562
5.05513 3.47562
5.10481 3.47562
5.15449 3.47562
5.20418 3.47562
5.25386 3.47562
7.6904 4.71822
10.1269 4.71822
12.5635 4.71822
15.0 4.71822
0.0 0.943268
0.049489 0.943268
0.0989779 0.979937
0.148467 1.01661
0.197956 1.05328
0.247445 1.08995
0.296934 1.12661
0.346423 1.16328
0.395912 1.19995
0.445401 1.23662
0.49489 1.27329
0.544378 1.30996
0.593867 1.34663
0.643356 1.3833
0.692845 1.41997
0.742334 1.45664
0.791823 1.49331
0.841312 1.52998
0.890801 1.56665
0.939937 1.56665
0.989074 1.5919
1.03821 1.61715
1.08735 1.6424
1.13648 1.66765
1.18562 1.6929
1.23476 1.71815
1.28389 1.7434
1.33303 1.76865
1.38216 1.7939
1.4313 1.81915
1.48044 1.8444
1.52957 1.86965
1.57871 1.8949
1.62785 1.92015
1.67698 1.9454
1.72612 1.97065
1.77526 1.9959
1.82439 2.02115
1.87457 2.02115
1.92475 2.02431
1.97492 2.02747
2.0251 2.03062
2.07528 2.03378
2.12546 2.03694
2.17563 2.0401
2.22581 2.04326
2.27599 2.04641
2.32616 2.04957
2.37634 2.05273
2.42652 2.05589
2.4767 2.05905
2.52687 2.0622
2.57705 2.06536
2.62723 2.06852
2.67741 2.07168
2.72758 2.07484
2.77776 2.07799
2.82794 2.08115
2.87812 2.08431
2.92829 2.08747
2.97847 2.09063
3.02865 2.09378
3.07882 2.09694
3.129 2.1001
3.17918 2.10326
3.22936 2.10641
3.27953 2.10957
3.32971 2.11273
3.37989 2.11589
3.43007 2.11905
3.48024 2.1222
3.53042 2.12536
3.5806 2.12852
3.63077 2.13168
3.68095 2.13484
3.73113 2.13799
3.78131 2.14115
3.83148 2.14431
3.88166 2.14747
3.93184 2.15063
3.98202 2.15378
4.03219 2.15694
4.08237 2.1601
4.13255 2.16326
4.18273 2.16642
4.2329 2.16957
4.28308 2.17273
4.33289 2.17273
4.38271 2.28521
4.43252 2.39768
4.48234 2.51016
4.53215 2.62264
4.58197 2.73511
4.63178 2.84759
4.6816 2.96006
4.73141 3.07254
4.78123 3.18502
4.83104 3.29749
4.88086 3.40997
4.93067 3.52244
4.98049 3.63492
5.0303 3.7474
5.08012 3.85987
5.12993 3.97235
5.17993 3.97235
5.22993 3.97235
5.27993 3.97235
5.32992 3.97235
5.37992 3.97235
5.42992 3.97235
5.47992 3.97235
5.52992 3.97235
5.57992 3.97235
5.62992 3.97235
5.67991 3.97235
5.72991 3.97235
5.77991 3.97235
5.82991 3.97235
5.87991 3.97235
5.92991 3.97235
5.9799 3.97235
6.0299 3.97235
8.27243 6.20548
10.515 6.20548
12.7575 6.20548
15.0 6.20548
0.0 0.937731
0.0497218 0.937731
0.0994437 0.979126
0.149166 1.02052
0.198887 1.06191
0.248609 1.10331
0.298331 1.1447
0.348053 1.1861
0.397775 1.22749
0.447497 1.26889
0.497218 1.31028
0.54694 1.35167
0.596662 1.39307
0.646384 1.43446
0.696106 1.47586
0.745828 1.51725
0.795549 1.55865
0.845271 1.60004
0.894993 1.64143
0.944715 1.68283
0.994437 1.72422
1.04416 1.76562
1.09388 1.80701
1.1436 1.84841
1.19332 1.8898
1.24305 1.93119
1.29277 1.97259
1.34249 2.01398
1.39221 2.05538
1.44193 2.09677
1.49166 2.13817
1.54209 2.13817
1.59253 2.15123
1.64297 2.16429
1.69341 2.17736
1.74385 2.19042
1.79428 2.20348
1.84472 2.21655
1.89516 2.22961
1.9456 2.24267
1.99604 2.25574
2.04647 2.2688
2.09691 2.28186
2.14735 2.29493
2.19779 2.30799
2.24823 2.32105
2.29866 2.33412
2.3491 2.34718
2.39954 2.36024
2.44998 2.37331
2.50042 2.38637
2.55086 2.39943
2.60129 2.4125
2.65173 2.42556
2.70217 2.43862
2.75261 2.45169
2.80305 2.46475
2.85348 2.47781
2.90392 2.49088
2.95436 2.50394
3.0048 2.517
3.05524 2.53007
3.10567 2.54313
3.15611 2.55619
3.20655 2.56926
3.25699 2.58232
3.30743 2.59538
3.35786 2.60845
3.4083 2.62151
3.45874 2.63457
3.50918 2.64764
3.55962 2.6607
3.61006 2.67376
3.66049 2.68683
3.71093 2.69989
3.76137 2.71295
3.81181 2.72602
3.86225 2.73908
3.91268 2.75214
3.96312 2.76521
4.01249 2.76521
4.06185 2.8009
4.11121 2.8366
4.16058 2.8723
4.20994 2.908
4.2593 2.9437
4.30867 2.9794
4.35803 3.0151
4.4074 3.0508
4.45676 3.08649
4.50612 3.12219
4.55549 3.15789
4.60485 3.19359
4.65421 3.22929
4.70358 3.26499
4.75294 3.30069
4.8023 3.33639
4.85167 3.37208
4.90103 3.40778
4.9504 3.44348
4.99976 3.47918
5.04912 3.51488
5.09849 3.55058
5.14785 3.58628
5.19845 3.58628
5.24904 3.64832
5.29963 3.71037
5.35023 3.77241
5.40082 3.83446
5.45142 3.89651
5.50201 3.95855
5.55261 4.0206
5.6032 4.08264
5.6538 4.14469
5.70439 4.20673
5.75499 4.26878
5.80558 4.33083
5.85618 4.39287
5.90677 4.45492
5.95688 4.45492
6.00699 4.45492
6.0571 4.45492
6.10721 4.45492
6.15732 4.45492
6.20743 4.45492
6.25754 4.45492
6.30765 4.45492
6.35776 4.45492
6.40787 4.45492
6.45798 4.45492
6.50809 4.45492
6.5582 4.45492
6.60831 4.45492
6.65842 4.45492
6.70853 4.45492
6.75864 4.45492
6.80875 4.45492
6.85886 4.45492
9.57257 6.01657
12.2863 6.01657
15.0 6.01657
0.0 0.937248
0.0490856 0.937248
0.0981712 0.975551
0.147257 1.01385
0.196342 1.05216
0.245428 1.09046
0.294514 1.12876
0.343599 1.16707
0.392685 1.20537
0.44177 1.24367
0.490856 1.28197
0.539942 1.32028
0.589027 1.35858
0.638113 1.39688
0.687199 1.43519
0.736284 1.47349
0.78537 1.51179
0.834455 1.55009
0.884328 1.55009
0.9342 1.56408
0.984073 1.57807
1.03394 1.59206
1.08382 1.60605
1.13369 1.62004
1.18356 1.63403
1.23343 1.64802
1.28331 1.66201
1.33318 1.676
1.38305 1.68999
1.43292 1.70397
1.4828 1.71796
1.53267 1.73195
1.58254 1.74594
1.63241 1.75993
1.68229 1.77392
1.73216 1.78791
1.78203 1.8019
1.8319 1.81589
1.88178 1.82988
1.93165 1.84387
1.98152 1.85785
2.03139 1.87184
2.08127 1.88583
2.13127 1.88583
2.18127 1.90558
2.23127 1.92533
2.28128 1.94508
2.33128 1.96483
2.38128 1.98458
2.43128 2.00433
2.48129 2.02408
2.53129 2.04383
2.58129 2.06358
2.63129 2.08333
2.6813 2.10307
2.7313 2.12282
2.7813 2.14257
2.8313 2.16232
2.88373 2.16232
2.93615 2.41365
2.98857 2.66499
3.041 2.91632
3.09342 3.16765
3.14585 3.41898
3.19827 3.67031
3.25069 3.92165
3.3039 3.92165
3.3571 3.92165
3.41031 3.92165
3.46351 3.92165
3.51671 3.92165
5.81337 6.2406
8.11003 6.2406
10.4067 6.2406
12.7033 6.2406
15.0 6.2406
0.0 0.926488
0.0508023 0.926488
0.101605 0.967799
0.152407 1.00911
0.203209 1.05042
0.254011 1.09173
0.304814 1.13304
0.355616 1.17435
0.406418 1.21566
0.45722 1.25697
0.508023 1.29828
0.558825 1.3396
0.609627 1.38091
0.660429 1.42222
0.711232 1.46353
0.762034 1.50484
0.812836 1.54615
0.863638 1.58746
0.914441 1.62877
0.965243 1.67008
1.01605 1.71139
1.06685 1.7527
1.11765 1.79401
1.16845 1.83532
1.21925 1.87664
1.27006 1.91795
1.32086 1.95926
1.37166 2.00057
1.42246 2.04188
1.47327 2.08319
1.52407 2.1245
1.57447 2.1245
1.62487 2.17163
1.67528 2.21876
1.72568 2.26589
1.77608 2.31302
1.82649 2.36015
1.87689 2.40728
1.92729 2.45441
1.9777 2.50154
2.0281 2.54866
2.0785 2.59579
2.12891 2.64292
2.17931 2.69005
2.22972 2.73718
2.28012 2.78431
2.33052 2.83144
2.38093 2.87857
2.43133 2.9257
2.48132 2.9257
2.5313 2.93975
2.58129 2.95381
2.63128 2.96786
2.68127 2.98191
2.73126 2.99596
2.78125 3.01002
2.83123 3.02407
2.88122 3.03812
2.93121 3.05218
2.9812 3.06623
3.03119 3.08028
3.08117 3.09433
3.13116 3.10839
3.18115 3.12244
3.23114 3.13649
3.28113 3.15055
3.33111 3.1646
3.3811 3.17865
3.43109 3.19271
3.48108 3.20676
3.53107 3.22081
3.58106 3.23486
3.63104 3.24892
3.68103 3.26297
3.73102 3.27702
3.78101 3.29108
3.831 3.30513
3.88098 3.31918
3.93097 3.33323
3.98096 3.34729
4.03095 3.36134
4.08094 3.37539
4.13092 3.38945
4.18091 3.4035
4.2309 3.41755
4.28089 3.4316
4.33088 3.44566
4.38087 3.45971
4.43085 3.47376
4.48084 3.48782
4.53083 3.50187
4.58082 3.51592
4.63081 3.52997
4.68079 3.54403
4.73078 3.55808
4.78077 3.57213
4.83076 3.58619
4.88075 3.60024
4.93073 3.61429
4.98072 3.62834
5.03071 3.6424
5.0807 3.65645
5.12965 3.65645
5.17861 3.69401
5.22756 3.73158
5.27651 3.76914
5.32546 3.8067
5.37442 3.84426
5.42337 3.88183
5.47232 3.91939
5.52128 3.95695
5.57023 3.99451
5.61918 4.03208
5.66814 4.06964
5.71709 4.1072
5.76604 4.14477
5.81499 4.18233
5.86395 4.21989
5.9129 4.25745
5.96185 4.29502
6.01081 4.33258
6.05976 4.37014
6.10871 4.4077
6.15767 4.44527
6.20778 4.44527
6.2579 4.44527
6.30802 4.44527
6.35814 4.44527
6.40826 4.44527
6.45837 4.44527
6.50849 4.44527
6.55861 4.44527
6.60873 4.44527
6.65885 4.44527
6.70897 4.44527
6.75908 4.44527
6.8092 4.44527
6.85932 4.44527
6.90944 4.44527
6.95956 4.44527
7.00967 4.44527
7.05979 4.44527
7.10991 4.44527
7.16003 4.44527
7.21015 4.44527
7.26027 4.44527
7.31038 4.44527
7.3605 4.44527
7.41062 4.44527
7.46074 4.44527
7.51086 4.44527
7.56098 4.44527
7.61109 4.44527
7.66121 4.44527
7.71133 4.44527
7.76145 4.44527
10.1743 6.00664
12.5871 6.00664
15.0 6.00664
0.0 0.95002
0.0493893 0.95002
0.0987786 0.986573
0.148168 1.02312
0.197557 1.05968
0.246947 1.09623
0.296336 1.13278
0.345725 1.16933
0.395115 1.20589
0.444504 1.24244
0.493893 1.27899
0.543283 1.31554
0.592672 1.3521
0.642061 1.38865
0.69145 1.4252
0.74084 1.46175
0.790229 1.49831
0.839618 1.53486
0.889008 1.57141
0.938397 1.60796
0.987786 1.64451
1.03718 1.68107
1.08657 1.71762
1.13595 1.75417
1.18534 1.79072
1.23473 1.82728
1.28412 1.86383
1.33351 1.90038
1.3829 1.93693
1.43229 1.97349
1.48168 2.01004
1.53168 2.01004
1.58169 2.02537
1.63169 2.0407
1.6817 2.05603
1.7317 2.07136
1.78171 2.08669
1.83171 2.10202
1.88172 2.11735
1.93172 2.13269
1.98173 2.14802
2.03173 2.16335
2.08174 2.17868
2.13174 2.19401
2.18175 2.20934
2.23175 2.22467
2.28176 2.24
2.33176 2.25533
2.38177 2.27067
2.43177 2.286
2.48178 2.30133
2.53178 2.31666
2.58179 2.33199
2.63179 2.34732
2.6818 2.36265
2.7318 2.37798
2.78181 2.39331
2.83181 2.40864
2.88182 2.42398
2.93182 2.43931
2.98182 2.45464
3.03183 2.46997
3.08183 2.4853
3.13184 2.50063
3.18184 2.51596
3.23185 2.53129
3.28185 2.54662
3.33186 2.56196
3.38186 2.57729
3.43187 2.59262
3.48187 2.60795
3.53188 2.62328
3.58188 2.63861
3.63189 2.65394
3.68304 2.65394
3.73419 2.65685
3.78534 2.65975
3.83649 2.66266
3.88764 2.66557
3.9388 2.66847
3.98995 2.67138
4.0411 2.67428
4.09225 2.67719
4.1434 2.6801
4.19455 2.683
4.2457 2.68591
4.29686 2.68881
4.34801 2.69172
4.39916 2.69462
4.45031 2.69753
4.50146 2.70044
4.55261 2.70334
4.60376 2.70625
4.65491 2.70915
4.7099 2.70915
4.76489 3.18089
4.81988 3.65263
4.87487 4.12436
4.92986 4.5961
4.98043 4.5961
5.031 4.5961
5.08157 4.5961
5.13215 4.5961
5.18272 4.5961
5.23329 4.5961
5.28387 4.5961
5.33444 4.5961
5.38501 4.5961
5.43558 4.5961
5.48616 4.5961
5.53673 4.5961
5.5873 4.5961
5.63787 4.5961
5.68845 4.5961
5.73902 4.5961
5.78959 4.5961
5.84017 4.5961
5.89074 4.5961
5.94131 4.5961
5.99188 4.5961
6.04246 4.5961
6.09303 4.5961
8.31977 5.82834
10.5465 5.82834
12.7733 5.82834
15.0 5.82834
0.0 0.936502
0.0486977 0.936502
0.0973953 0.973177
0.146093 1.00985
0.194791 1.04653
0.243488 1.0832
0.292186 1.11988
0.340884 1.15655
0.389581 1.19323
0.438279 1.22991
0.486977 1.26658
0.535674 1.30326
0.584372 1.33993
0.63307 1.37661
0.681767 1.41328
0.730465 1.44996
0.779163 1.48663
0.82786 1.52331
0.878627 1.52331
0.929393 1.55869
0.98016 1.59407
1.03093 1.62945
1.08169 1.66483
1.13246 1.70021
1.18323 1.73559
1.23399 1.77097
1.28476 1.80635
1.33553 1.84174
1.38505 1.84174
1.43457 1.8521
1.48409 1.86247
1.53361 1.87284
1.58313 1.88321
1.63265 1.89358
1.68217 1.90394
1.73169 1.91431
1.78121 1.92468
1.83073 1.93505
1.88025 1.94542
1.92977 1.95578
1.97929 1.96615
2.02881 1.97652
2.07833 1.98689
2.12785 1.99726
2.17737 2.00762
2.22689 2.01799
2.27641 2.02836
2.32593 2.03873
2.37545 2.0491
2.42497 2.05946
2.47449 2.06983
2.52401 2.0802
2.57353 2.09057
2.62305 2.10094
2.67257 2.1113
2.72209 2.12167
2.77161 2.13204
2.81957 2.13204
2.86754 2.29498
2.91551 2.45792
2.96348 2.62086
3.01144 2.78381
3.05941 2.94675
3.10738 3.10969
3.15535 3.27263
3.20331 3.43557
3.25128 3.59851
3.29925 3.76145
3.34722 3.92439
3.40052 3.92439
3.45383 3.92439
3.50714 3.92439
5.80571 6.14256
8.10428 6.14256
10.4029 6.14256
12.7014 6.14256
15.0 6.14256
0.0 0.91546
0.0505086 0.91546
0.101017 0.960866
0.151526 1.00627
0.202034 1.05168
0.252543 1.09708
0.303051 1.14249
0.35356 1.18789
0.404069 1.2333
0.454577 1.2787
0.505086 1.32411
0.555594 1.36951
0.606103 1.41492
0.656611 1.46033
0.70712 1.50573
0.757629 1.55114
0.808137 1.59654
0.858646 1.64195
0.908022 1.64195
0.957399 1.70959
1.00678 1.77723
1.05615 1.84487
1.10553 1.91252
1.15491 1.98016
1.20428 2.0478
1.25366 2.11544
1.30303 2.18309
1.35241 2.25073
1.40179 2.31837
1.45116 2.38601
1.50054 2.45366
1.54992 2.5213
1.59929 2.58894
1.64921 2.58894
1.69912 2.59014
1.74903 2.59133
1.79895 2.59253
1.84886 2.59372
1.89877 2.59491
1.94868 2.59611
1.9986 2.5973
2.04851 2.5985
2.09842 2.59969
2.14834 2.60089
2.19825 2.60208
2.24816 2.60328
2.29807 2.60447
2.34799 2.60567
2.3979 2.60686
2.44781 2.60806
2.49772 2.60925
2.54764 2.61045
2.59755 2.61164
2.64746 2.61284
2.69738 2.61403
2.74729 2.61523
2.7972 2.61642
2.84711 2.61762
2.89703 2.61881
2.94694 2.62001
2.99685 2.6212
3.04677 2.6224
3.09668 2.62359
3.14659 2.62478
3.1965 2.62598
3.24642 2.62717
3.29633 2.62837
3.34624 2.62956
3.39616 2.63076
3.44607 2.63195
3.49598 2.63315
3.54589 2.63434
3.59581 2.63554
3.64572 2.63673
3.69563 2.63793
3.74555 2.63912
3.79546 2.64032
3.84537 2.64151
3.89528 2.64271
3.94561 2.64271
3.99594 2.70031
4.04627 2.75792
4.0966 2.81552
4.14693 2.87313
4.19725 2.93073
4.24758 2.98834
4.29791 3.04594
4.34824 3.10355
4.39857 3.16115
4.4489 3.21876
4.49923 3.27636
4.54955 3.33397
4.59988 3.39157
4.65021 3.44918
4.70054 3.50678
4.75087 3.56439
4.8012 3.62199
4.85152 3.6796
4.90239 3.6796
4.95325 3.6796
5.00411 3.6796
5.05498 3.6796
5.10584 3.6796
5.1567 3.6796
5.20757 3.6796
5.25843 3.6796
5.30929 3.6796
5.36016 3.6796
5.41102 3.6796
5.46188 3.6796
5.51274 3.6796
5.56361 3.6796
5.61447 3.6796
5.66533 3.6796
5.7162 3.6796
5.76706 3.6796
5.81792 3.6796
5.86879 3.6796
5.91965 3.6796
5.97051 3.6796
6.02138 3.6796
6.07224 3.6796
8.30418 4.82636
10.5361 4.82636
12.7681 4.82636
15.0 4.82636
0.0 0.936876
0.0501118 0.936876
0.100224 0.976994
0.150335 1.01711
0.200447 1.05723
0.250559 1.09735
0.300671 1.13747
0.350782 1.17758
0.400894 1.2177
0.451006 1.25782
0.501118 1.29794
0.55123 1.33805
0.601341 1.37817
0.651453 1.41829
0.701565 1.45841
0.753263 1.45841
0.804961 1.53675
0.856659 1.6151
0.908357 1.69344
0.960055 1.77178
1.01175 1.85013
1.06137 1.85013
1.11099 1.86579
1.16062 1.88145
1.21024 1.89712
1.25986 1.91278
1.30948 1.92844
1.3591 1.9441
1.40872 1.95977
1.45834 1.97543
1.50796 1.99109
1.55758 2.00676
1.6072 2.02242
1.65682 2.03808
1.70644 2.05374
1.75606 2.06941
1.80568 2.08507
1.85531 2.10073
1.90493 2.1164
1.95455 2.13206
2.00417 2.14772
2.05379 2.16338
2.10341 2.17905
2.15303 2.19471
2.20265 2.21037
2.2503 2.21037
2.29794 2.57227
2.34559 2.93418
2.39323 3.29608
2.44088 3.65798
2.48852 4.01988
2.5381 4.01988
2.58768 4.01988
2.63727 4.01988
2.68685 4.01988
2.73643 4.01988
2.78601 4.01988
2.83559 4.01988
2.88517 4.01988
2.93475 4.01988
2.98433 4.01988
3.03391 4.01988
3.08349 4.01988
5.46679 6.06877
7.8501 6.06877
10.2334 6.06877
12.6167 6.06877
15.0 6.06877
0.0 0.920659
0.0503641 0.920659
0.100728 0.962175
0.151092 1.00369
0.201456 1.04521
0.251821 1.08672
0.302185 1.12824
0.352549 1.16976
0.402913 1.21127
0.453277 1.25279
0.503641 1.2943
0.554005 1.33582
0.604369 1.37734
0.654733 1.41885
0.705097 1.46037
0.755462 1.50189
0.805826 1.5434
0.85619 1.58492
0.906554 1.62643
0.956918 1.66795
1.00728 1.70947
1.05765 1.75098
1.10801 1.7925
1.15837 1.83402
1.20874 1.87553
1.2591 1.91705
1.30947 1.95856
1.35983 2.00008
1.41019 2.0416
1.46089 2.0416
1.51158 2.06075
1.56228 2.07989
1.61297 2.09904
1.66366 2.11819
1.71436 2.13734
1.76505 2.15649
1.81575 2.17564
1.86644 2.19479
1.91713 2.21394
1.96783 2.23308
2.01852 2.25223
2.06922 2.27138
2.11991 2.29053
2.1706 2.30968
2.2213 2.32883
2.27199 2.34798
2.32269 2.36713
2.37338 2.38628
2.42407 2.40542
2.47477 2.42457
2.52546 2.44372
2.57616 2.46287
2.62685 2.48202
2.67754 2.50117
2.72824 2.52032
2.77893 2.53947
2.82963 2.55862
2.88032 2.57776
2.93101 2.59691
2.98171 2.61606
3.0324 2.63521
3.08206 2.63521
3.13172 2.63734
3.18138 2.63947
3.23104 2.64161
3.2807 2.64374
3.33035 2.64587
3.38001 2.648
3.42967 2.65013
3.47933 2.65226
3.52899 2.6544
3.57865 2.65653
3.62831 2.65866
3.67796 2.66079
3.72762 2.66292
3.77728 2.66505
3.82694 2.66719
3.8766 2.66932
3.92626 2.67145
3.97592 2.67358
4.02557 2.67571
4.07523 2.67784
4.12489 2.67998
4.17455 2.68211
4.22421 2.68424
4.27387 2.68637
4.32353 2.6885
4.37318 2.69063
4.42284 2.69277
4.4725 2.6949
4.52216 2.69703
4.57182 2.69916
4.62148 2.70129
4.67114 2.70342
4.72079 2.70556
4.76443 2.70556
4.80806 3.58026
4.85169 4.45497
4.90129 4.45497
4.95088 4.45497
5.00047 4.45497
5.05006 4.45497
5.09965 4.45497
5.14925 4.45497
5.19884 4.45497
5.24843 4.45497
5.29802 4.45497
5.34762 4.45497
5.39721 4.45497
5.4468 4.45497
5.49639 4.45497
5.54598 4.45497
5.59558 4.45497
5.64517 4.45497
5.69476 4.45497
5.74435 4.45497
5.79394 4.45497
5.84354 4.45497
5.89313 4.45497
5.94272 4.45497
5.99231 4.45497
6.04191 4.45497
6.0915 4.45497
6.14109 4.45497
6.19068 4.45497
6.24027 4.45497
6.28987 4.45497
6.33946 4.45497
9.22631 5.81727
12.1132 5.81727
15.0 5.81727
0.0 0.944006
0.0497794 0.944006
0.0995589 0.984017
0.149338 1.02403
0.199118 1.06404
0.248897 1.10405
0.298677 1.14406
0.348456 1.18407
0.398236 1.22409
0.448015 1.2641
0.497794 1.30411
0.547574 1.34412
0.597353 1.38413
0.647133 1.42414
0.696912 1.46415
0.746692 1.50416
0.796471 1.54418
0.84625 1.58419
0.89603 1.6242
0.945809 1.66421
0.995589 1.70422
1.04537 1.74423
1.09515 1.78424
1.14493 1.82426
1.19471 1.86427
1.24449 1.90428
1.29427 1.94429
1.34404 1.9843
1.39382 2.02431
1.4436 2.06432
1.49406 2.06432
1.54451 2.07907
1.59496 2.09383
1.64542 2.10858
1.69587 2.12333
1.74632 2.13808
1.79677 2.15283
1.84723 2.16758
1.89768 2.18233
1.94813 2.19708
1.99858 2.21183
2.04904 2.22658
2.09949 2.24134
2.14994 2.25609
2.2004 2.27084
2.25085 2.28559
2.3013 2.30034
2.35175 2.31509
2.40221 2.32984
2.45266 2.34459
2.50311 2.35934
2.55357 2.3741
2.60402 2.38885
2.65447 2.4036
2.70492 2.41835
2.75538 2.4331
2.80583 2.44785
2.85628 2.4626
2.90674 2.47735
2.95719 2.4921
3.00764 2.50685
3.05809 2.52161
3.10855 2.53636
3.159 2.55111
3.20945 2.56586
3.25991 2.58061
3.30912 2.58061
3.35833 2.58487
3.40754 2.58912
3.45676 2.59338
3.50597 2.59764
3.55518 2.60189
3.6044 2.60615
3.65361 2.61041
3.70282 2.61466
3.75204 2.61892
3.80125 2.62318
3.85046 2.62743
3.89968 2.63169
3.94889 2.63595
3.9981 2.6402
4.04732 2.64446
4.09653 2.64871
4.14574 2.65297
4.19495 2.65723
4.24417 2.66148
4.29338 2.66574
4.34259 2.67
4.39181 2.67425
4.44102 2.67851
4.49023 2.68277
4.53945 2.68702
4.58866 2.69128
4.63787 2.69554
4.68838 2.69554
4.73888 2.78658
4.78939 2.87762
4.83989 2.96866
4.8904 3.05971
4.94091 3.15075
4.99141 3.24179
5.04192 3.33283
5.09242 3.42388
5.14293 3.51492
5.19343 3.60596
5.24394 3.697
5.29444 3.78805
5.34495 3.87909
5.39545 3.97013
5.44596 4.06117
5.49646 4.15222
5.54697 4.24326
5.59748 4.3343
5.64747 4.3343
5.69747 4.3343
5.74746 4.3343
5.79746 4.3343
5.84745 4.3343
5.89745 4.3343
5.94744 4.3343
5.99744 4.3343
6.04743 4.3343
6.09743 4.3343
6.14742 4.3343
6.19742 4.3343
6.24742 4.3343
8.43556 5.76659
10.6237 5.76659
12.8119 5.76659
15.0 5.76659
0.0 0.925611
0.0495645 0.925611
0.0991291 0.966146
0.148694 1.00668
0.198258 1.04722
0.247823 1.08775
0.297387 1.12828
0.346952 1.16882
0.396516 1.20935
0.446081 1.24989
0.495645 1.29042
0.54521 1.33096
0.594775 1.37149
0.644339 1.41203
0.693904 1.45256
0.743468 1.4931
0.793033 1.53363
0.842597 1.57417
0.892162 1.6147
0.941726 1.65524
0.991291 1.69577
1.04086 1.73631
1.09042 1.77684
1.13998 1.81738
1.18955 1.85791
1.23911 1.89845
1.28868 1.93898
1.33824 1.97952
1.38781 2.02005
1.43737 2.06059
1.48694 2.10112
1.5365 2.14165
1.5869 2.14165
1.63729 2.15727
1.68769 2.17289
1.73808 2.18851
1.78848 2.20413
1.83887 2.21975
1.88927 2.23537
1.93966 2.25099
1.99006 2.2666
2.04045 2.28222
2.09085 2.29784
2.14124 2.31346
2.19164 2.32908
2.24203 2.3447
2.29243 2.36032
2.34282 2.37594
2.39322 2.39155
2.44361 2.40717
2.49401 2.42279
2.5444 2.43841
2.5948 2.45403
2.64519 2.46965
2.69572 2.46965
2.74625 2.48098
2.79678 2.4923
2.84732 2.50363
2.89785 2.51496
2.94838 2.52628
2.99891 2.53761
3.04944 2.54894
3.09997 2.56026
3.1505 2.57159
3.20103 2.58292
3.25156 2.59424
3.30209 2.60557
3.35262 2.6169
3.40315 2.62822
3.45368 2.63955
3.50421 2.65088
3.55474 2.6622
3.60527 2.67353
3.6558 2.68486
3.70633 2.69618
3.75586 2.69618
3.80538 2.73252
3.8549 2.76885
3.90443 2.80519
3.95395 2.84152
4.00347 2.87786
4.053 2.91419
4.10252 2.95053
4.15204 2.98686
4.20157 3.0232
4.25109 3.05953
4.30061 3.09587
4.35014 3.1322
4.39966 3.16854
4.44918 3.20487
4.49871 3.24121
4.54823 3.27754
4.59775 3.31388
4.64728 3.35021
4.6968 3.38655
4.74632 3.42288
4.79585 3.45922
4.84537 3.49555
4.89489 3.53189
4.94442 3.56822
4.99394 3.60456
5.04346 3.64089
5.09299 3.67723
5.14251 3.71356
5.19204 3.7499
5.24156 3.78623
5.29108 3.82257
5.34061 3.8589
5.39013 3.89524
5.43965 3.93157
5.48918 3.96791
5.5387 4.00424
5.58822 4.04058
5.63775 4.07691
5.68727 4.11325
5.73679 4.14958
5.78632 4.18592
5.83584 4.22225
5.88536 4.25859
5.93489 4.29492
5.98652 4.29492
6.03815 4.29492
6.08979 4.29492
6.14142 4.29492
6.19306 4.29492
6.24469 4.29492
6.29632 4.29492
6.34796 4.29492
6.39959 4.29492
6.45123 4.29492
6.50286 4.29492
6.55449 4.29492
6.60613 4.29492
6.65776 4.29492
9.43851 5.75464
12.2193 5.75464
15.0 5.75464
0.0 0.915731
0.0496762 0.915731
0.0993525 0.959662
0.149029 1.00359
0.198705 1.04752
0.248381 1.09145
0.298057 1.13539
0.347734 1.17932
0.39741 1.22325
0.447086 1.26718
0.496762 1.31111
0.546439 1.35504
0.596115 1.39897
0.645791 1.4429
0.695467 1.48683
0.745144 1.53076
0.79482 1.57469
0.844496 1.61862
0.894172 1.66256
0.943849 1.70649
0.993525 1.75042
1.0432 1.79435
1.09288 1.83828
1.14255 1.88221
1.19223 1.92614
1.24191 1.97007
1.29158 2.014
1.34126 2.05793
1.39093 2.10186
1.44061 2.1458
1.49029 2.18973
1.54067 2.18973
1.59105 2.19439
1.64143 2.19905
1.69181 2.20371
1.74219 2.20836
1.79257 2.21302
1.84295 2.21768
1.89333 2.22234
1.94371 2.227
1.99409 2.23166
2.04447 2.23632
2.09485 2.24098
2.14523 2.24564
2.19561 2.2503
2.24599 2.25496
2.29637 2.25962
2.34675 2.26428
2.39713 2.26894
2.44751 2.2736
2.49789 2.27826
2.54827 2.28292
2.59865 2.28758
2.64903 2.29224
2.69941 2.2969
2.74979 2.30156
2.80017 2.30622
2.85055 2.31088
2.90093 2.31553
2.95131 2.32019
3.00169 2.32485
3.05207 2.32951
3.10245 2.33417
3.15283 2.33883
3.20321 2.34349
3.25359 2.34815
3.30397 2.35281
3.35435 2.35747
3.40473 2.36213
3.45511 2.36679
3.50549 2.37145
3.55587 2.37611
3.60625 2.38077
3.65663 2.38543
3.70701 2.39009
3.75739 2.39475
3.80777 2.39941
3.85815 2.40407
3.90853 2.40873
3.95891 2.41339
4.00929 2.41805
4.05967 2.42271
4.11005 2.42736
4.16043 2.43202
4.21081 2.43668
4.26119 2.44134
4.31157 2.446
4.36195 2.45066
4.41233 2.45532
4.46271 2.45998
4.51309 2.46464
4.56347 2.4693
4.61385 2.47396
4.66423 2.47862
4.71253 2.47862
4.76084 2.51268
4.80915 2.54674
4.85745 2.5808
4.90576 2.61485
4.95406 2.64891
5.00237 2.68297
5.05068 2.71703
5.09898 2.75109
5.14729 2.78515
5.19776 2.78515
5.24822 2.81806
5.29869 2.85098
5.34916 2.8839
5.39962 2.91681
5.45009 2.94973
5.50056 2.98265
5.55103 3.01557
5.60149 3.04848
5.65196 3.0814
5.70243 3.11432
5.7529 3.14723
5.80336 3.18015
5.85383 3.21307
5.9043 3.24599
5.95477 3.2789
6.00523 3.31182
6.0557 3.34474
6.10617 3.37765
6.15664 3.41057
6.2071 3.44349
6.25757 3.4764
6.30804 3.50932
6.35851 3.54224
6.40897 3.57516
6.45944 3.60807
6.50991 3.64099
6.56038 3.67391
6.61084 3.70682
6.66131 3.73974
6.71178 3.77266
6.76224 3.80558
6.81271 3.83849
6.86318 3.87141
6.91365 3.90433
6.96411 3.93724
7.01458 3.97016
7.06505 4.00308
7.11552 4.03599
7.16598 4.06891
7.21674 4.06891
7.26749 4.06891
7.31824 4.06891
7.36899 4.06891
7.41974 4.06891
7.47049 4.06891
7.52124 4.06891
7.572 4.06891
7.62275 4.06891
7.6735 4.06891
7.72425 4.06891
7.775 4.06891
7.82575 4.06891
7.8765 4.06891
7.92726 4.06891
10.2848 5.56434
12.6424 5.56434
15.0 5.56434
0.0 0.921121
0.0508098 0.921121
0.10162 0.966125
0.152429 1.01113
0.203239 1.05613
0.254049 1.10114
0.304859 1.14614
0.355668 1.19115
0.406478 1.23615
0.457288 1.28116
0.508098 1.32616
0.558907 1.37116
0.609717 1.41617
0.660527 1.46117
0.711337 1.50618
0.762146 1.55118
0.812956 1.59619
0.863766 1.64119
0.914576 1.68619
0.965385 1.7312
1.0162 1.7762
1.067 1.82121
1.11781 1.86621
1.16862 1.91122
1.21943 1.95622
1.27024 2.00122
1.32105 2.04623
1.37186 2.09123
1.42267 2.13624
1.47348 2.18124
1.52429 2.22625
1.57502 2.22625
1.62574 2.23372
1.67647 2.24118
1.7272 2.24865
1.77792 2.25612
1.82865 2.26359
1.87937 2.27106
1.9301 2.27853
1.98083 2.286
2.03155 2.29347
2.08228 2.30094
2.133 2.30841
2.18373 2.31588
2.23445 2.32334
2.28518 2.33081
2.33591 2.33828
2.38663 2.34575
2.43736 2.35322
2.48808 2.36069
2.53881 2.36816
2.58954 2.37563
2.64026 2.3831
2.69099 2.39057
2.74171 2.39804
2.79234 2.39804
2.84297 2.42851
2.8936 2.45899
2.94422 2.48946
2.99485 2.51994
3.04548 2.55041
3.09611 2.58089
3.14673 2.61137
3.19736 2.64184
3.24799 2.67232
3.29862 2.70279
3.34924 2.73327
3.39987 2.76374
3.4505 2.79422
3.50113 2.82469
3.55175 2.85517
3.60214 2.85517
3.65252 2.88162
3.70291 2.90807
3.7533 2.93452
3.80368 2.96097
3.85407 2.98742
3.90445 3.01387
3.95484 3.04032
4.00522 3.06677
4.05561 3.09322
4.106 3.11967
4.15638 3.14612
4.20677 3.17257
4.25715 3.19901
4.30754 3.22546
4.35793 3.25191
4.40831 3.27836
4.4587 3.30481
4.50908 3.33126
4.55947 3.35771
4.60985 3.38416
4.66024 3.41061
4.71063 3.43706
4.76101 3.46351
4.8114 3.48996
4.86178 3.51641
4.91217 3.54286
4.96255 3.56931
5.01294 3.59576
5.06333 3.62221
5.11371 3.64866
5.1641 3.67511
5.21448 3.70156
5.26487 3.72801
5.31525 3.75445
5.36564 3.7809
5.41603 3.80735
5.46641 3.8338
5.5168 3.86025
5.56718 3.8867
5.61757 3.91315
5.66796 3.9396
5.71834 3.96605
5.76873 3.9925
5.81911 4.01895
5.8695 4.0454
5.91988 4.07185
5.97027 4.0983
6.01997 4.0983
6.06968 4.0983
6.11938 4.0983
6.16909 4.0983
6.21879 4.0983
6.2685 4.0983
6.3182 4.0983
6.36791 4.0983
6.41761 4.0983
6.46732 4.0983
6.51702 4.0983
6.56673 4.0983
6.61643 4.0983
6.66613 4.0983
6.71584 4.0983
6.76554 4.0983
6.81525 4.0983
6.86495 4.0983
6.91466 4.0983
6.96436 4.0983
7.01407 4.0983
7.06377 4.0983
7.11348 4.0983
7.16318 4.0983
7.21289 4.0983
7.26259 4.0983
7.3123 4.0983
7.362 4.0983
7.4117 4.0983
7.46141 4.0983
7.51111 4.0983
7.56082 4.0983
7.61052 4.0983
7.66023 4.0983
7.70993 4.0983
7.75964 4.0983
10.1731 5.56857
12.5865 5.56857
15.0 5.56857
0.0 0.931809
0.050141 0.931809
0.100282 0.971266
0.150423 1.01072
0.200564 1.05018
0.250705 1.08963
0.300846 1.12909
0.350987 1.16855
0.401128 1.208
0.451269 1.24746
0.50141 1.28692
0.551551 1.32637
0.601692 1.36583
0.651833 1.40529
0.701974 1.44474
0.752115 1.4842
0.802256 1.52366
0.852397 1.56311
0.902538 1.60257
0.952679 1.64203
1.00282 1.68148
1.05296 1.72094
1.1031 1.76039
1.15324 1.79985
1.20338 1.83931
1.25352 1.87876
1.30367 1.91822
1.35446 1.91822
1.40526 1.9294
1.45606 1.94058
1.50686 1.95176
1.55766 1.96294
1.60846 1.97412
1.65926 1.9853
1.71006 1.99648
1.76086 2.00765
1.81166 2.01883
1.86246 2.03001
1.91325 2.04119
1.96405 2.05237
2.01485 2.06355
2.06565 2.07473
2.11645 2.08591
2.16725 2.09709
2.21805 2.10827
2.26885 2.11945
2.31965 2.13063
2.37045 2.14181
2.42125 2.15298
2.47204 2.16416
2.52284 2.17534
2.57364 2.18652
2.62582 2.18652
2.678 2.34549
2.73017 2.50446
2.78235 2.66343
2.83453 2.8224
2.88671 2.98137
2.93714 2.98137
2.98757 3.00076
3.038 3.02015
3.08843 3.03954
3.13887 3.05893
3.1893 3.07832
3.23973 3.09771
3.29016 3.1171
3.3406 3.13649
3.39103 3.15588
3.44146 3.17527
3.49189 3.19466
3.54233 3.21405
3.59276 3.23344
3.64319 3.25283
3.69362 3.27222
3.74405 3.29161
3.79449 3.311
3.84492 3.33039
3.89535 3.34978
3.94578 3.36917
3.99622 3.38857
4.04665 3.40796
4.09708 3.42735
4.14751 3.44674
4.19795 3.46613
4.24838 3.48552
4.29881 3.50491
4.34924 3.5243
4.39967 3.54369
4.45011 3.56308
4.50054 3.58247
4.55097 3.60186
4.6014 3.62125
4.65184 3.64064
4.70227 3.66003
4.7527 3.67942
4.80313 3.69881
4.85357 3.7182
4.904 3.73759
4.95443 3.75698
5.00486 3.77637
5.05529 3.79576
5.10573 3.81515
5.15616 3.83454
5.20659 3.85393
5.25702 3.87332
5.30627 3.87332
5.35552 3.87332
5.40477 3.87332
5.45402 3.87332
5.50326 3.87332
5.55251 3.87332
5.60176 3.87332
5.65101 3.87332
5.70025 3.87332
5.7495 3.87332
5.79875 3.87332
5.848 3.87332
5.89725 3.87332
5.94649 3.87332
5.99574 3.87332
6.04499 3.87332
6.09424 3.87332
6.14348 3.87332
8.35761 5.58944
10.5717 5.58944
12.7859 5.58944
15.0 5.58944
0.0 0.985816
0.050179 0.985816
0.100358 1.00397
0.150537 1.02212
0.200716 1.04027
0.250895 1.05842
0.301074 1.07657
0.351253 1.09472
0.401432 1.11287
0.451611 1.13102
0.501362 1.13102
0.551113 1.47547
0.600865 1.81992
0.650616 2.16437
0.700367 2.50882
0.750119 2.85327
0.79987 3.19772
0.847751 3.19772
0.895632 3.21268
0.943513 3.22764
0.991394 3.2426
1.03928 3.25756
1.09083 3.25756
1.14239 3.38403
1.19395 3.5105
1.24551 3.63697
1.29707 3.76344
1.34863 3.88991
1.40019 4.01638
1.45174 4.14286
1.5033 4.26933
1.55486 4.3958
1.60642 4.52227
1.65798 4.64874
1.70734 4.64874
1.75669 4.64874
1.80605 4.64874
1.85541 4.64874
1.90477 4.64874
1.95412 4.64874
2.00348 4.64874
2.05284 4.64874
2.1022 4.64874
2.15155 4.64874
2.20091 4.64874
2.25027 4.64874
2.29962 4.64874
2.34898 4.64874
2.39834 4.64874
2.4477 4.64874
2.49705 4.64874
2.54641 4.64874
2.59577 4.64874
2.64513 4.64874
5.1161 5.73389
7.58708 5.73389
10.0581 5.73389
12.529 5.73389
15.0 5.73389
0.0 0.997333
0.0528525 0.997333
0.105705 1.00873
0.158558 1.02012
0.21141 1.03152
0.264263 1.04291
0.317115 1.05431
0.369968 1.0657
0.420787 1.0657
0.471607 1.25185
0.522427 1.438
0.573246 1.62414
0.624066 1.81029
0.674885 1.99644
0.725705 2.18258
0.776524 2.36873
0.827344 2.55488
0.878164 2.74102
0.928983 2.92717
0.979803 3.11332
1.02917 3.11332
1.07853 3.1304
1.1279 3.14748
1.17726 3.16456
1.22663 3.18164
1.27599 3.19872
1.32536 3.2158
1.37472 3.23288
1.42408 3.24996
1.47345 3.26704
1.52281 3.28412
1.57218 3.3012
1.62154 3.31828
1.67091 3.33536
1.72027 3.35244
1.76944 3.35244
1.81861 3.58409
1.86778 3.81574
1.91694 4.04739
1.96611 4.27905
2.01528 4.5107
2.06445 4.74235
2.11479 4.74235
2.16514 4.74235
2.21548 4.74235
2.26582 4.74235
2.31617 4.74235
2.36651 4.74235
2.41686 4.74235
2.4672 4.74235
2.51755 4.74235
2.56789 4.74235
2.61824 4.74235
2.66858 4.74235
2.71893 4.74235
2.76927 4.74235
2.81961 4.74235
2.86996 4.74235
2.9203 4.74235
2.97065 4.74235
3.02099 4.74235
3.07134 4.74235
3.12168 4.74235
3.17203 4.74235
3.22237 4.74235
3.27272 4.74235
3.32306 4.74235
3.3734 4.74235
3.42375 4.74235
3.47409 4.74235
3.52444 4.74235
3.57478 4.74235
3.62513 4.74235
3.67547 4.74235
3.72582 4.74235
3.77616 4.74235
3.8265 4.74235
3.87685 4.74235
3.92719 4.74235
3.97754 4.74235
4.02788 4.74235
4.07823 4.74235
4.12857 4.74235
4.17892 4.74235
4.22926 4.74235
6.92195 5.81465
9.61463 5.81465
12.3073 5.81465
15.0 5.81465
0.0 0.955022
0.0519227 0.955022
0.103845 0.988486
0.155768 1.02195
0.207691 1.05541
0.259613 1.08888
0.311536 1.12234
0.363459 1.15581
0.414219 1.15581
0.464979 1.22063
0.515739 1.28546
0.566499 1.35028
0.617258 1.41511
0.668018 1.47993
0.718778 1.54476
0.769538 1.60958
0.820298 1.67441
0.871058 1.73924
0.921818 1.80406
0.972578 1.86889
1.02334 1.93371
1.0741 1.99854
1.12486 2.06336
1.17562 2.12819
1.22638 2.19301
1.27714 2.25784
1.3279 2.32267
1.37866 2.38749
1.42942 2.45232
1.48018 2.51714
1.53094 2.58197
1.5817 2.64679
1.63246 2.71162
1.68322 2.77644
1.73398 2.84127
1.78474 2.9061
1.8355 2.97092
1.88626 3.03575
1.93702 3.10057
1.98778 3.1654
2.03897 3.1654
2.09017 3.17817
2.14136 3.19093
2.19255 3.2037
2.24375 3.21647
2.29494 3.22923
2.34614 3.242
2.39733 3.25477
2.44852 3.26754
2.49972 3.2803
2.55091 3.29307
2.60211 3.30584
2.6533 3.31861
2.7045 3.33137
2.75569 3.34414
2.80688 3.35691
2.85808 3.36968
2.90927 3.38244
2.95969 3.38244
3.0101 3.43674
3.06051 3.49104
3.11092 3.54533
3.16134 3.59963
3.21175 3.65393
3.26216 3.70823
3.31258 3.76252
3.36299 3.81682
3.4134 3.87112
3.46382 3.92542
3.51423 3.97971
3.56464 4.03401
3.61506 4.08831
3.66547 4.14261
3.71588 4.1969
3.7663 4.2512
3.81671 4.3055
3.86712 4.35979
3.91754 4.41409
3.96795 4.46839
4.01836 4.52269
4.06878 4.57698
4.11919 4.63128
4.1696 4.68558
4.22031 4.68558
4.27101 4.68558
4.32172 4.68558
4.37243 4.68558
4.42313 4.68558
4.47384 4.68558
4.52455 4.68558
4.57525 4.68558
4.62596 4.68558
4.67666 4.68558
4.72737 4.68558
4.77808 4.68558
4.82878 4.68558
4.87949 4.68558
4.9302 4.68558
4.9809 4.68558
5.03161 4.68558
5.08231 4.68558
5.13302 4.68558
5.18373 4.68558
5.23443 4.68558
5.28514 4.68558
5.33585 4.68558
5.38655 4.68558
5.43726 4.68558
5.48797 4.68558
5.53867 4.68558
5.58938 4.68558
5.64008 4.68558
7.98006 5.99768
10.32 5.99768
12.66 5.99768
15.0 5.99768
0.0 0.932681
0.0510135 0.932681
0.102027 0.975374
0.15304 1.01807
0.204054 1.06076
0.255067 1.10345
0.306081 1.14614
0.357094 1.18883
0.408108 1.23153
0.459121 1.27422
0.510135 1.31691
0.561148 1.3596
0.612162 1.4023
0.663175 1.44499
0.714189 1.48768
0.765202 1.53037
0.816216 1.57306
0.867229 1.61576
0.918243 1.65845
0.969256 1.70114
1.02027 1.74383
1.07161 1.74383
1.12295 1.81865
1.17429 1.89347
1.22563 1.96829
1.27697 2.04311
1.32831 2.11792
1.37965 2.19274
1.43099 2.26756
1.48233 2.34238
1.53367 2.4172
1.58501 2.49202
1.63635 2.56683
1.68769 2.64165
1.73788 2.64165
1.78807 2.65349
1.83826 2.66533
1.88845 2.67716
1.93865 2.689
1.98884 2.70084
2.03903 2.71267
2.08922 2.72451
2.13941 2.73635
2.1896 2.74818
2.2398 2.76002
2.28999 2.77186
2.34018 2.78369
2.39037 2.79553
2.44056 2.80737
2.49076 2.81921
2.54095 2.83104
2.59114 2.84288
2.64133 2.85472
2.69152 2.86655
2.74171 2.87839
2.79191 2.89023
2.8421 2.90206
2.89229 2.9139
2.94248 2.92574
2.99267 2.93757
3.04287 2.94941
3.09356 2.94941
3.14426 2.95829
3.19496 2.96716
3.24566 2.97604
3.29636 2.98492
3.34706 2.99379
3.39776 3.00267
3.44846 3.01155
3.49916 3.02042
3.54986 3.0293
3.60056 3.03817
3.65126 3.04705
3.70196 3.05593
3.75266 3.0648
3.80336 3.07368
3.85406 3.08256
3.90476 3.09143
3.95546 3.10031
4.00616 3.10918
4.05686 3.11806
4.10756 3.12694
4.15826 3.13581
4.20896 3.14469
4.25966 3.15357
4.31036 3.16244
4.35947 3.16244
4.40858 3.16244
4.4577 3.16244
4.50681 3.16244
4.55592 3.16244
4.60504 3.16244
4.65415 3.16244
4.70326 3.16244
4.75237 3.16244
4.80149 3.16244
4.8506 3.16244
4.89971 3.16244
4.94883 3.16244
4.99794 3.16244
5.04705 3.16244
5.09617 3.16244
5.14528 3.16244
5.19439 3.16244
5.2435 3.16244
5.29262 3.16244
5.34173 3.16244
5.39084 3.16244
5.43996 3.16244
5.48907 3.16244
5.53818 3.16244
5.5873 3.16244
7.94047 5.96837
10.2936 5.96837
12.6468 5.96837
15.0 5.96837
0.0 0.953551
0.0498347 0.953551
0.0996694 0.986447
0.149504 1.01934
0.199339 1.05224
0.249173 1.08513
0.299008 1.11803
0.348843 1.15092
0.398678 1.18382
0.448512 1.21671
0.498347 1.24961
0.549446 1.24961
0.600546 1.37134
0.651645 1.49308
0.702744 1.61481
0.753844 1.73654
0.804943 1.85828
0.856042 1.98001
0.907142 2.10174
0.958241 2.22348
1.00934 2.34521
1.06044 2.46694
1.11154 2.58868
1.16264 2.71041
1.21374 2.83214
1.263 2.83214
1.31226 2.90347
1.36152 2.9748
1.41078 3.04613
1.46004 3.11746
1.5093 3.18879
1.55856 3.26011
1.60782 3.33144
1.65708 3.40277
1.70634 3.4741
1.7556 3.54543
1.80486 3.61676
1.85412 3.68809
1.90338 3.75941
1.95264 3.83074
2.0019 3.90207
2.05116 3.9734
2.10042 4.04473
2.14968 4.11606
2.19894 4.18739
2.2482 4.25871
2.29746 4.33004
2.34672 4.40137
2.40725 4.40137
2.46779 4.51676
2.51806 4.51676
2.56832 4.51676
2.61858 4.51676
2.66885 4.51676
2.71911 4.51676
2.76937 4.51676
2.81964 4.51676
2.8699 4.51676
2.92016 4.51676
2.97043 4.51676
3.02069 4.51676
3.07095 4.51676
3.12122 4.51676
3.17148 4.51676
5.53719 4.69043
7.90289 4.69043
10.2686 4.69043
12.6343 4.69043
15.0 4.69043
0.0 0.948653
0.0486278 0.948653
0.0972555 0.98254
0.145883 1.01643
0.194511 1.05031
0.243139 1.0842
0.291767 1.11809
0.340394 1.15198
0.389022 1.18586
0.43765 1.21975
0.486278 1.25364
0.534905 1.28752
0.583533 1.32141
0.632161 1.3553
0.680583 1.3553
0.729004 1.48881
0.777426 1.62232
0.825848 1.75583
0.874269 1.88934
0.92363 1.88934
0.972992 1.91616
1.02235 1.94297
1.07171 1.96978
1.12108 1.9966
1.17044 2.02341
1.2198 2.05023
1.26916 2.07704
1.31852 2.10386
1.36788 2.13067
1.41724 2.15748
1.4666 2.1843
1.51597 2.21111
1.56533 2.23793
1.61469 2.26474
1.66405 2.29156
1.71341 2.31837
1.76277 2.34518
1.81213 2.372
1.8615 2.39881
1.91086 2.42563
1.96022 2.45244
2.00958 2.47926
2.05894 2.50607
2.1083 2.53288
2.15766 2.5597
2.20702 2.58651
2.25639 2.61333
2.30714 2.61333
2.35789 2.67598
2.40864 2.73863
2.45939 2.80129
2.51014 2.86394
2.5609 2.92659
2.61165 2.98925
2.6624 3.0519
2.71315 3.11455
2.7639 3.17721
2.81465 3.23986
2.8654 3.30251
2.91616 3.36516
2.96691 3.42782
3.01766 3.49047
3.06841 3.55312
3.11916 3.61578
3.16991 3.67843
3.22067 3.74108
3.27142 3.80374
3.32217 3.86639
3.37292 3.92904
3.42367 3.99169
3.47442 4.05435
3.52518 4.117
3.57593 4.17965
3.62622 4.17965
3.67651 4.17965
3.7268 4.17965
3.77709 4.17965
3.82738 4.17965
3.87768 4.17965
3.92797 4.17965
3.97826 4.17965
4.02855 4.17965
4.07884 4.17965
4.12913 4.17965
4.17942 4.17965
4.22972 4.17965
4.28001 4.17965
4.3303 4.17965
4.38059 4.17965
4.43088 4.17965
4.48117 4.17965
4.53146 4.17965
4.58176 4.17965
4.63205 4.17965
4.68234 4.17965
4.73263 4.17965
4.78292 4.17965
4.83321 4.17965
4.88351 4.17965
4.9338 4.17965
4.98409 4.17965
5.03438 4.17965
5.08467 4.17965
5.13496 4.17965
5.18525 4.17965
5.23555 4.17965
5.28584 4.17965
5.33613 4.17965
5.38642 4.17965
5.43671 4.17965
7.82753 4.51984
10.2184 4.51984
12.6092 4.51984
15.0 4.51984
0.0 0.934512
0.0494056 0.934512
0.0988113 0.974668
0.148217 1.01482
0.197623 1.05498
0.247028 1.09514
0.296434 1.13529
0.345839 1.17545
0.395245 1.21561
0.444651 1.25576
0.494056 1.29592
0.543462 1.33608
0.592868 1.37623
0.642273 1.41639
0.691679 1.45655
0.741085 1.4967
0.79049 1.53686
0.839896 1.57702
0.889302 1.61717
0.938707 1.65733
0.988113 1.69748
1.03737 1.69748
1.08663 1.79021
1.13588 1.88293
1.18514 1.97565
1.2344 2.06838
1.28366 2.1611
1.33291 2.25382
1.38217 2.34655
1.43143 2.43927
1.48068 2.53199
1.52994 2.62472
1.58088 2.62472
1.63181 2.67872
1.68275 2.73272
1.73368 2.78672
1.78462 2.84073
1.83555 2.89473
1.88649 2.94873
1.93632 2.94873
1.98616 2.96829
2.036 2.98784
2.08583 3.0074
2.13567 3.02696
2.1855 3.04651
2.23534 3.06607
2.28518 3.08562
2.33501 3.10518
2.38485 3.12474
2.43469 3.14429
2.48452 3.16385
2.53436 3.1834
2.58419 3.20296
2.63403 3.22252
2.68387 3.24207
2.73602 3.24207
2.78817 3.24207
2.84033 3.24207
2.89248 3.24207
2.94463 3.24207
2.99679 3.24207
3.04894 3.24207
3.10109 3.24207
3.15325 3.24207
3.2054 3.24207
5.56432 5.88744
7.92324 5.88744
10.2822 5.88744
12.6411 5.88744
15.0 5.88744
0.0 0.924508
0.0518511 0.924508
0.103702 0.969493
0.155553 1.01448
0.207404 1.05946
0.259255 1.10445
0.311106 1.14943
0.362957 1.19442
0.414808 1.2394
0.466659 1.28439
0.515848 1.28439
0.565037 1.338
0.614226 1.39161
0.663414 1.44523
0.712603 1.49884
0.761792 1.55246
0.81098 1.60607
0.860169 1.65969
0.909358 1.7133
0.958547 1.76691
1.00774 1.82053
1.05692 1.87414
1.10611 1.92776
1.1553 1.98137
1.20449 2.03498
1.25368 2.0886
1.30287 2.14221
1.35206 2.19583
1.40125 2.24944
1.45043 2.30305
1.49962 2.35667
1.54881 2.41028
1.598 2.4639
1.64719 2.51751
1.69638 2.57113
1.74557 2.62474
1.79475 2.67835
1.84394 2.73197
1.89313 2.78558
1.94232 2.8392
1.99239 2.8392
2.04245 2.86967
2.09251 2.90014
2.14258 2.93062
2.19264 2.96109
2.24271 2.99157
2.29277 3.02204
2.34284 3.05252
2.3929 3.08299
2.44297 3.11346
2.49303 3.14394
2.5431 3.17441
2.59316 3.20489
2.64323 3.23536
2.69329 3.26583
2.74335 3.29631
2.79342 3.32678
2.84348 3.35726
2.89355 3.38773
2.94361 3.4182
2.99368 3.44868
3.04374 3.47915
3.09381 3.50963
3.14387 3.5401
3.19394 3.57057
3.244 3.60105
3.29407 3.63152
3.34413 3.662
3.39419 3.69247
3.44426 3.72295
3.49432 3.75342
3.54439 3.78389
3.59445 3.81437
3.64452 3.84484
3.69458 3.87532
3.74465 3.90579
3.79471 3.93626
3.84478 3.96674
3.89484 3.99721
3.94491 4.02769
3.99497 4.05816
4.04503 4.08863
4.0951 4.11911
4.14516 4.14958
4.19523 4.18006
4.24529 4.21053
4.29536 4.24101
4.34542 4.27148
4.39549 4.30195
4.44555 4.33243
4.49568 4.33243
4.54581 4.33508
4.59594 4.33773
4.64608 4.34037
4.69621 4.34302
4.74634 4.34567
4.79647 4.34832
4.8466 4.35097
4.89673 4.35362
4.94686 4.35627
4.99699 4.35892
5.04712 4.36157
5.09726 4.36422
5.14739 4.36687
5.19752 4.36951
5.24765 4.37216
5.29778 4.37481
5.34791 4.37746
5.39804 4.38011
5.44817 4.38276
5.4983 4.38541
5.54844 4.38806
5.59857 4.39071
5.6487 4.39336
5.69883 4.39601
5.74896 4.39865
5.79909 4.4013
5.84922 4.40395
5.89935 4.4066
5.94948 4.40925
5.99962 4.4119
6.04975 4.41455
6.09988 4.4172
6.15001 4.41985
6.20014 4.4225
6.25027 4.42515
6.3004 4.42779
6.35053 4.43044
6.40066 4.43309
6.4508 4.43574
6.50093 4.43839
6.55106 4.44104
6.60119 4.44369
6.65132 4.44634
6.70145 4.44899
6.75158 4.45164
6.80391 4.45164
6.85623 4.45164
6.90856 4.45164
6.96088 4.45164
7.01321 4.45164
7.06554 4.45164
7.11786 4.45164
7.17019 4.45164
7.22251 4.45164
9.81501 4.63733
12.4075 4.63733
15.0 4.63733
0.0 0.943708
0.051446 0.943708
0.102892 0.982351
0.154338 1.02099
0.205784 1.05964
0.25723 1.09828
0.308676 1.13692
0.360122 1.17556
0.411568 1.21421
0.463014 1.25285
0.51446 1.29149
0.564666 1.29149
0.614871 1.34485
0.665077 1.39821
0.715282 1.45156
0.765488 1.50492
0.815694 1.55828
0.865899 1.61164
0.916105 1.66499
0.966311 1.71835
1.01652 1.77171
1.06672 1.82507
1.11693 1.87842
1.16713 1.93178
1.21734 1.98514
1.26754 2.0385
1.31775 2.09185
1.36796 2.14521
1.41816 2.19857
1.46837 2.25193
1.51857 2.30528
1.56878 2.35864
1.61898 2.412
1.66919 2.46536
1.7194 2.51871
1.7696 2.57207
1.81981 2.62543
1.87001 2.67879
1.92022 2.73214
1.97042 2.7855
2.02063 2.83886
2.07083 2.89222
2.12069 2.89222
2.17054 2.91717
2.22039 2.94212
2.27025 2.96708
2.3201 2.99203
2.36995 3.01698
2.4198 3.04194
2.46966 3.06689
2.51951 3.09184
2.56936 3.1168
2.61921 3.14175
2.66907 3.1667
2.71892 3.19166
2.76877 3.21661
2.81863 3.24156
2.86848 3.26651
2.91833 3.29147
2.96818 3.31642
3.01804 3.34137
3.06789 3.36633
3.11774 3.39128
3.16759 3.41623
3.21745 3.44119
3.2673 3.46614
3.31715 3.49109
3.36701 3.51605
3.41686 3.541
3.46671 3.56595
3.51656 3.59091
3.56642 3.61586
3.61627 3.64081
3.66612 3.66577
3.71597 3.69072
3.76583 3.71567
3.81568 3.74062
3.86553 3.76558
3.91539 3.79053
3.96524 3.81548
4.01509 3.84044
4.06494 3.86539
4.1148 3.89034
4.16465 3.9153
4.2145 3.94025
4.26435 3.9652
4.31421 3.99016
4.36406 4.01511
4.41391 4.04006
4.46377 4.06502
4.51362 4.08997
4.56347 4.11492
4.61332 4.13988
4.66318 4.16483
4.71303 4.18978
4.76288 4.21474
4.81274 4.23969
4.86259 4.26464
4.91412 4.26464
4.96565 4.27076
5.01719 4.27688
5.06872 4.283
5.12025 4.28912
5.17179 4.29523
5.22332 4.30135
5.27485 4.30747
5.32638 4.31359
5.37792 4.31971
5.42945 4.32583
5.48098 4.33195
5.53252 4.33806
5.58405 4.34418
5.63558 4.3503
5.68712 4.35642
5.73519 4.35642
5.78327 4.35642
5.83134 4.35642
5.87942 4.35642
5.92749 4.35642
5.97557 4.35642
6.02365 4.35642
8.26773 4.65842
10.5118 4.65842
12.7559 4.65842
15.0 4.65842
0.0 0.940025
0.0498294 0.940025
0.0996589 0.978496
0.149488 1.01697
0.199318 1.05544
0.249147 1.09391
0.298977 1.13238
0.348806 1.17085
0.398636 1.20932
0.448465 1.24779
0.498294 1.28626
0.548124 1.32473
0.598853 1.32473
0.649583 1.41069
0.700312 1.49666
0.751042 1.58263
0.801771 1.6686
0.852501 1.75457
0.90323 1.84053
0.95396 1.9265
1.00469 2.01247
1.05542 2.09844
1.10615 2.1844
1.15688 2.27037
1.20761 2.35634
1.25834 2.44231
1.30907 2.52827
1.3598 2.61424
1.41053 2.70021
1.46125 2.78618
1.51198 2.87214
1.56271 2.95811
1.61344 3.04408
1.66417 3.13005
1.7149 3.21601
1.76517 3.21601
1.81545 3.22108
1.86572 3.22615
1.91599 3.23122
1.96626 3.23629
2.01653 3.24135
2.0668 3.24642
2.11707 3.25149
2.16734 3.25656
2.21762 3.26163
2.26789 3.26669
2.31816 3.27176
2.36843 3.27683
2.4187 3.2819
2.46897 3.28697
2.51924 3.29203
2.56952 3.2971
2.61979 3.30217
2.67006 3.30724
2.72033 3.31231
2.7706 3.31737
2.82087 3.32244
2.87114 3.32751
2.92141 3.33258
2.97169 3.33765
3.02196 3.34271
3.07223 3.34778
3.1225 3.35285
3.17277 3.35792
3.22304 3.36298
3.27331 3.36805
3.32359 3.37312
3.37386 3.37819
3.42413 3.38326
3.4744 3.38832
3.52467 3.39339
3.57494 3.39846
3.62521 3.40353
3.67549 3.4086
3.72576 3.41366
3.77603 3.41873
3.8263 3.4238
3.87657 3.42887
3.92599 3.42887
3.97542 3.48083
4.02484 3.53279
4.07427 3.58474
4.12369 3.6367
4.17312 3.68866
4.22254 3.74062
4.27196 3.79258
4.32139 3.84454
4.37081 3.8965
4.42024 3.94846
4.46966 4.00042
4.51909 4.05238
4.56851 4.10433
4.61793 4.15629
4.66736 4.20825
4.71678 4.26021
4.76621 4.31217
4.81563 4.36413
4.86506 4.41609
4.91448 4.46805
4.9639 4.52001
5.01333 4.57196
5.06275 4.62392
5.11361 4.62392
5.16447 4.62392
5.21533 4.62392
5.26618 4.62392
5.31704 4.62392
5.3679 4.62392
5.41876 4.62392
5.46962 4.62392
5.52047 4.62392
5.57133 4.62392
5.62219 4.62392
5.67305 4.62392
5.72391 4.62392
5.77476 4.62392
5.82562 4.62392
5.87648 4.62392
5.92734 4.62392
5.9782 4.62392
6.02905 4.62392
6.07991 4.62392
6.13077 4.62392
6.18163 4.62392
6.23249 4.62392
6.28334 4.62392
6.3342 4.62392
6.38506 4.62392
6.43592 4.62392
9.29061 6.01193
12.1453 6.01193
15.0 6.01193
0.0 0.923731
0.049529 0.923731
0.099058 0.964852
0.148587 1.00597
0.198116 1.04709
0.247645 1.08821
0.297174 1.12933
0.346703 1.17046
0.396232 1.21158
0.445761 1.2527
0.49529 1.29382
0.544819 1.33494
0.594348 1.37606
0.643877 1.41718
0.693406 1.4583
0.742935 1.49942
0.792464 1.54054
0.841993 1.58166
0.891522 1.62278
0.941051 1.6639
0.99058 1.70502
1.04011 1.74614
1.08964 1.78726
1.13917 1.82838
1.1887 1.86951
1.23823 1.91063
1.28775 1.95175
1.33728 1.99287
1.38681 2.03399
1.43634 2.07511
1.48587 2.11623
1.5354 2.15735
1.58493 2.19847
1.63446 2.23959
1.68399 2.28071
1.73352 2.32183
1.78304 2.36295
1.83257 2.40407
1.8821 2.44519
1.93163 2.48631
1.98116 2.52743
2.03069 2.56856
2.08022 2.60968
2.12975 2.6508
2.17928 2.69192
2.22881 2.73304
2.27833 2.77416
2.32786 2.81528
2.37739 2.8564
2.42692 2.89752
2.47789 2.89752
2.52885 2.91702
2.57982 2.93652
2.63079 2.95602
2.68175 2.97552
2.73272 2.99502
2.78368 3.01452
2.83465 3.03402
2.88561 3.05352
2.93658 3.07302
2.98755 3.09252
3.03851 3.11202
3.08948 3.13152
3.14044 3.15102
3.19141 3.17052
3.24238 3.19002
3.29334 3.20953
3.34431 3.22903
3.39527 3.24853
3.44624 3.26803
3.49721 3.28753
3.54817 3.30703
3.59914 3.32653
3.6501 3.34603
3.70107 3.36553
3.75126 3.36553
3.80145 3.37942
3.85164 3.3933
3.90184 3.40719
3.95203 3.42108
4.00222 3.43497
4.05241 3.44885
4.1026 3.46274
4.15279 3.47663
4.20298 3.49052
4.25318 3.50441
4.30337 3.51829
4.35356 3.53218
4.40375 3.54607
4.45394 3.55996
4.50413 3.57385
4.55433 3.58773
4.60452 3.60162
4.65471 3.61551
4.7049 3.6294
4.75509 3.64328
4.80528 3.65717
4.85547 3.67106
4.90567 3.68495
4.95586 3.69884
5.00605 3.71272
5.05624 3.72661
5.10643 3.7405
5.15662 3.75439
5.20681 3.76828
5.25701 3.78216
5.3072 3.79605
5.35739 3.80994
5.40567 3.80994
5.45395 3.81012
5.50223 3.81029
5.55051 3.81047
5.5988 3.81065
5.64708 3.81082
5.69536 3.811
5.74645 3.811
5.79755 3.811
5.84864 3.811
5.89973 3.811
5.95083 3.811
6.00192 3.811
6.05302 3.811
6.10411 3.811
6.1552 3.811
6.2063 3.811
6.25739 3.811
6.30848 3.811
6.35958 3.811
6.41067 3.811
6.46177 3.811
6.51286 3.811
6.56395 3.811
6.61505 3.811
6.66614 3.811
9.44409 4.42515
12.222 4.42515
15.0 4.42515
0.0 0.982065
0.0523403 0.982065
0.104681 0.998783
0.157021 1.0155
0.209361 1.03222
0.261702 1.04894
0.314042 1.06566
0.366382 1.08237
0.418723 1.09909
0.471063 1.11581
0.52553 1.11581
0.579996 1.78714
0.634463 2.45846
0.68893 3.12979
0.739314 3.12979
0.789698 3.14489
0.840082 3.15999
0.890466 3.17509
0.94085 3.1902
0.991234 3.2053
1.04162 3.2204
1.092 3.2355
1.14239 3.2506
1.19277 3.26571
1.24315 3.28081
1.29354 3.29591
1.34392 3.31101
1.39431 3.32611
1.44469 3.34121
1.49508 3.35632
1.54546 3.37142
1.59584 3.38652
1.64623 3.40162
1.69661 3.41672
1.7474 3.41672
1.79819 3.57482
1.84898 3.73293
1.89976 3.89103
1.95055 4.04913
2.00134 4.20723
2.05213 4.36533
2.10291 4.52343
2.15251 4.52343
2.2021 4.52343
2.2517 4.52343
2.30129 4.52343
2.35089 4.52343
2.40048 4.52343
2.45007 4.52343
2.49967 4.52343
2.54926 4.52343
2.59886 4.52343
2.64845 4.52343
2.69804 4.52343
2.74764 4.52343
2.79723 4.52343
2.84683 4.52343
2.89642 4.52343
2.94602 4.52343
2.99561 4.52343
3.0452 4.52343
3.0948 4.52343
3.14439 4.52343
5.51551 6.16825
7.88664 6.16825
10.2578 6.16825
12.6289 6.16825
15.0 6.16825
0.0 0.931983
0.050006 0.931983
0.100012 0.973885
0.150018 1.01579
0.200024 1.05769
0.25003 1.09959
0.300036 1.14149
0.350042 1.18339
0.400048 1.22529
0.450054 1.2672
0.50006 1.3091
0.550066 1.351
0.600072 1.3929
0.650078 1.4348
0.700084 1.4767
0.75009 1.51861
0.800096 1.56051
0.850102 1.60241
0.89983 1.60241
0.949558 1.65364
0.999286 1.70487
1.04901 1.75611
1.09874 1.80734
1.14847 1.85857
1.1982 1.9098
1.24793 1.96104
1.29766 2.01227
1.34738 2.0635
1.39711 2.11473
1.44684 2.16597
1.49657 2.2172
1.5463 2.26843
1.59602 2.31966
1.64575 2.3709
1.69548 2.42213
1.74521 2.47336
1.79494 2.52459
1.84466 2.57583
1.89439 2.62706
1.94412 2.67829
1.99497 2.67829
2.04583 2.72284
2.09668 2.76738
2.14753 2.81193
2.19839 2.85648
2.24924 2.90102
2.30009 2.94557
2.34974 2.94557
2.39938 2.9597
2.44902 2.97383
2.49866 2.98795
2.5483 3.00208
2.59794 3.01621
2.64759 3.03033
2.69723 3.04446
2.74687 3.05859
2.79651 3.07272
2.84615 3.08684
2.89579 3.10097
2.94544 3.1151
2.99508 3.12923
3.04472 3.14335
3.09436 3.15748
3.144 3.17161
3.19364 3.18573
3.24329 3.19986
3.29293 3.21399
3.34257 3.22812
3.39221 3.24224
3.44185 3.25637
3.49149 3.2705
3.54113 3.28463
3.59078 3.29875
3.64042 3.31288
3.69006 3.32701
3.7397 3.34113
3.78934 3.35526
3.83898 3.36939
3.88863 3.38352
3.93827 3.39764
3.98791 3.41177
4.03755 3.4259
4.08719 3.44003
4.13683 3.45415
4.18648 3.46828
4.23612 3.48241
4.28576 3.49653
4.3354 3.51066
4.38504 3.52479
4.43468 3.53892
4.48433 3.55304
4.53355 3.55304
4.58277 3.55304
4.63199 3.55304
4.68121 3.55304
4.73043 3.55304
4.77965 3.55304
4.82887 3.55304
4.87809 3.55304
4.92731 3.55304
4.97653 3.55304
5.02576 3.55304
5.07498 3.55304
5.1242 3.55304
5.17342 3.55304
5.22264 3.55304
5.27186 3.55304
5.32108 3.55304
5.3703 3.55304
5.41952 3.55304
5.46874 3.55304
5.51796 3.55304
5.56719 3.55304
5.61641 3.55304
5.66563 3.55304
5.71485 3.55304
5.76407 3.55304
5.81329 3.55304
5.86251 3.55304
5.91173 3.55304
8.1838 5.76741
10.4559 5.76741
12.7279 5.76741
15.0 5.76741
0.0 0.921399
0.0490309 0.921399
0.0980619 0.962448
0.147093 1.0035
0.196124 1.04454
0.245155 1.08559
0.294186 1.12664
0.343217 1.16769
0.392248 1.20874
0.441278 1.24979
0.490309 1.29084
0.53934 1.33188
0.588371 1.37293
0.637402 1.41398
0.686433 1.45503
0.735464 1.49608
0.784495 1.53713
0.833493 1.53713
0.882491 1.63426
0.93149 1.7314
0.980488 1.82854
1.02949 1.92568
1.07848 2.02281
1.12748 2.11995
1.17648 2.21709
1.22548 2.31423
1.27448 2.41136
1.32348 2.5085
1.37247 2.60564
1.42147 2.70277
1.47047 2.79991
1.51947 2.89705
1.56935 2.89705
1.61923 2.96175
1.66911 3.02644
1.71899 3.09114
1.76887 3.15583
1.81875 3.22053
1.86863 3.28522
1.91851 3.34992
1.96839 3.41461
2.01827 3.47931
2.06814 3.54401
2.11802 3.6087
2.1679 3.6734
2.21778 3.73809
2.26766 3.80279
2.31754 3.86748
2.36742 3.93218
2.4173 3.99688
2.46718 4.06157
2.51706 4.12627
2.56694 4.19096
2.61682 4.25566
2.6667 4.32035
2.71658 4.38505
2.76646 4.44974
2.81616 4.44974
2.86585 4.45683
2.91555 4.46392
2.96525 4.471
3.01494 4.47809
3.06464 4.48517
3.11434 4.49226
3.16403 4.49934
3.21373 4.50643
3.26343 4.51351
3.31312 4.5206
3.36282 4.52768
3.41252 4.53477
3.46221 4.54185
3.51191 4.54894
3.5616 4.55602
3.6113 4.56311
3.661 4.57019
3.71069 4.57728
3.76039 4.58436
3.81009 4.59145
3.85978 4.59854
3.90967 4.59854
3.95955 4.59854
4.00943 4.59854
4.05931 4.59854
4.10919 4.59854
4.15908 4.59854
4.20896 4.59854
4.25884 4.59854
4.30872 4.59854
4.3586 4.59854
4.40848 4.59854
4.45837 4.59854
4.50825 4.59854
4.55813 4.59854
4.60801 4.59854
4.65789 4.59854
4.70778 4.59854
4.75766 4.59854
4.80754 4.59854
4.85742 4.59854
4.9073 4.59854
4.95719 4.59854
5.00707 4.59854
5.05695 4.59854
5.10683 4.59854
5.15671 4.59854
5.20659 4.59854
5.25648 4.59854
5.30636 4.59854
5.35624 4.59854
5.40612 4.59854
5.456 4.59854
5.50589 4.59854
5.55577 4.59854
5.60565 4.59854
5.65553 4.59854
5.70541 4.59854
5.7553 4.59854
5.80518 4.59854
5.85506 4.59854
5.90494 4.59854
5.95482 4.59854
6.0047 4.59854
6.05459 4.59854
8.29094 4.70181
10.5273 4.70181
12.7636 4.70181
15.0 4.70181
0.0 0.946769
0.0476607 0.946769
0.0953214 0.972171
0.142982 0.997572
0.190643 1.02297
0.238303 1.04837
0.285964 1.07378
0.333625 1.09918
0.381285 1.12458
0.428946 1.14998
0.478552 1.14998
0.528158 1.36908
0.577764 1.58818
0.62737 1.80727
0.676975 2.02637
0.726581 2.24547
0.776187 2.46457
0.825793 2.68367
0.875399 2.90277
0.925005 3.12187
0.973902 3.12187
1.02588 3.13626
1.07785 3.94284
1.12983 4.74942
1.17946 4.74942
1.22909 4.74942
1.27872 4.74942
1.32835 4.74942
1.37798 4.74942
1.42761 4.74942
1.47724 4.74942
1.52687 4.74942
1.57651 4.74942
1.62614 4.74942
1.67577 4.74942
1.7254 4.74942
1.77503 4.74942
1.82466 4.74942
1.87429 4.74942
1.92392 4.74942
1.97355 4.74942
2.02318 4.74942
2.07281 4.74942
2.12245 4.74942
2.17208 4.74942
2.22171 4.74942
4.77737 6.18228
7.33302 6.18228
9.88868 6.18228
12.4443 6.18228
15.0 6.18228
0.0 0.983122
0.0493381 0.983122
0.0986761 1.00073
0.148014 1.01834
0.197352 1.03594
0.24669 1.05355
0.296028 1.07116
0.345367 1.08876
0.396284 1.08876
0.447202 1.22819
0.49812 1.36761
0.549038 1.50704
0.599956 1.64646
0.650874 1.78589
0.701792 1.92531
0.752709 2.06473
0.803627 2.20416
0.854545 2.34358
0.905463 2.48301
0.956381 2.62243
1.0073 2.76186
1.05822 2.90128
1.10913 3.0407
1.15708 3.0407
1.20502 3.04597
1.25297 3.05124
1.30091 3.05651
1.34886 3.06178
1.3968 3.06705
1.44475 3.07231
1.49269 3.07758
1.54064 3.08285
1.58858 3.08812
1.64018 3.08812
1.69177 3.20336
1.74337 3.31859
1.79496 3.43383
1.84656 3.54907
1.89815 3.6643
1.94975 3.77954
2.00134 3.89478
2.05294 4.01001
2.10453 4.12525
2.15613 4.24049
2.20772 4.35572
2.25932 4.47096
2.31091 4.5862
2.36251 4.70144
2.41198 4.70144
2.46145 4.70144
2.51092 4.70144
2.56039 4.70144
2.60987 4.70144
2.65934 4.70144
2.70881 4.70144
5.16705 6.1012
7.62529 6.1012
10.0835 6.1012
12.5418 6.1012
15.0 6.1012
0.0 0.930252
0.0496295 0.930252
0.0992589 0.972001
0.148888 1.01375
0.198518 1.0555
0.248147 1.09725
0.297777 1.139
0.347406 1.18075
0.397036 1.2225
0.446665 1.26424
0.496295 1.30599
0.545924 1.34774
0.595554 1.38949
0.645183 1.43124
0.694813 1.47299
0.744442 1.51474
0.794071 1.55649
0.843701 1.59824
0.89333 1.63999
0.94296 1.68174
0.992589 1.72348
1.04222 1.76523
1.09185 1.80698
1.14148 1.84873
1.19111 1.89048
1.24074 1.93223
1.29037 1.97398
1.34 2.01573
1.38963 2.05748
1.43925 2.09923
1.48888 2.14097
1.53851 2.18272
1.58814 2.22447
1.63777 2.26622
1.6874 2.30797
1.73703 2.34972
1.78666 2.39147
1.83629 2.43322
1.88592 2.47497
1.93555 2.51672
1.98518 2.55847
2.03481 2.60021
2.08444 2.64196
2.13407 2.68371
2.1837 2.72546
2.23333 2.76721
2.28296 2.80896
2.33258 2.85071
2.38219 2.85071
2.43179 2.94016
2.4814 3.02962
2.531 3.11907
2.58108 3.11907
2.63116 3.15423
2.68124 3.18938
2.73131 3.22454
2.78139 3.25969
2.83147 3.29484
2.88155 3.33
2.93162 3.36515
2.9817 3.4003
3.03178 3.43546
3.08185 3.47061
3.13193 3.50577
3.18201 3.54092
3.23209 3.57607
3.28216 3.61123
3.33224 3.64638
3.38232 3.68153
3.43239 3.71669
3.48247 3.75184
3.53255 3.787
3.5829 3.787
3.63325 3.78951
3.6836 3.79203
3.73396 3.79455
3.78431 3.79706
3.83466 3.79958
3.88501 3.8021
3.93537 3.80461
3.98572 3.80713
4.03607 3.80965
4.08642 3.81217
4.13677 3.81468
4.18713 3.8172
4.23748 3.81972
4.28783 3.82223
4.33818 3.82475
4.38839 3.82475
4.4386 3.82475
4.48881 3.82475
4.53902 3.82475
4.58922 3.82475
4.63943 3.82475
4.68964 3.82475
4.73985 3.82475
4.79006 3.82475
4.84027 3.82475
4.89047 3.82475
4.94068 3.82475
4.99089 3.82475
5.0411 3.82475
5.09131 3.82475
5.14152 3.82475
5.19173 3.82475
5.24193 3.82475
5.29214 3.82475
5.34235 3.82475
5.39256 3.82475
5.44277 3.82475
5.49298 3.82475
5.54318 3.82475
5.59339 3.82475
5.6436 3.82475
5.69381 3.82475
5.74402 3.82475
5.79423 3.82475
5.84443 3.82475
5.89464 3.82475
5.94485 3.82475
5.99506 3.82475
6.04527 3.82475
8.28395 4.33441
10.5226 4.33441
12.7613 4.33441
15.0 4.33441
0.0 0.957716
0.0503636 0.957716
0.100727 0.982434
0.151091 1.00715
0.201454 1.03187
0.251818 1.05659
0.302182 1.08131
0.352545 1.10602
0.402909 1.13074
0.453273 1.15546
0.503999 1.15546
0.554725 1.38506
0.605451 1.61466
0.656177 1.84426
0.706903 2.07386
0.757629 2.30346
0.808355 2.53306
0.859081 2.76266
0.909807 2.99226
0.957865 2.99226
1.00592 3.02841
1.05398 3.06455
1.10204 3.1007
1.1501 3.13685
1.19816 3.17299
1.24875 3.17299
1.29935 3.3081
1.34995 3.4432
1.40054 3.57831
1.45114 3.71341
1.50173 3.84852
1.55233 3.98362
1.60292 4.11873
1.65352 4.25383
1.70412 4.38894
1.75471 4.52404
1.80531 4.65915
1.85521 4.65915
1.90511 4.65915
1.95501 4.65915
2.00491 4.65915
2.05482 4.65915
2.10472 4.65915
2.15462 4.65915
2.20452 4.65915
2.25442 4.65915
2.30432 4.65915
2.35423 4.65915
2.40413 4.65915
2.45403 4.65915
2.50393 4.65915
2.55383 4.65915
2.60373 4.65915
2.65363 4.65915
5.12291 6.21709
7.59218 6.21709
10.0615 6.21709
12.5307 6.21709
15.0 6.21709
0.0 0.972435
0.0497268 0.972435
0.0994535 0.999791
0.14918 1.02715
0.198907 1.0545
0.248634 1.08186
0.298361 1.10921
0.348087 1.13657
0.397814 1.16392
0.447541 1.19128
0.497268 1.21863
0.546494 1.21863
0.595721 1.41551
0.644948 1.61239
0.694175 1.80927
0.743402 2.00615
0.792628 2.20303
0.841855 2.39991
0.891082 2.59679
0.940309 2.79367
0.989535 2.99055
1.03781 2.99055
1.08608 3.00906
1.13436 3.02756
1.18263 3.04607
1.2309 3.06457
1.27918 3.08308
1.32745 3.10158
1.37573 3.12009
1.424 3.13859
1.47529 3.13859
1.52657 3.23245
1.57786 3.32631
1.62915 3.42017
1.68044 3.51403
1.73172 3.60789
1.78301 3.70175
1.8343 3.7956
1.88559 3.88946
1.93687 3.98332
1.98816 4.07718
2.03945 4.17104
2.09074 4.2649
2.14202 4.35876
2.19331 4.45262
2.2446 4.54648
2.29589 4.64034
2.34662 4.64034
2.39736 4.64034
2.4481 4.64034
2.49884 4.64034
2.54958 4.64034
2.60032 4.64034
2.65105 4.64034
2.70179 4.64034
2.75253 4.64034
2.80327 4.64034
2.85401 4.64034
2.90474 4.64034
2.95548 4.64034
3.00622 4.64034
3.05696 4.64034
3.1077 4.64034
3.15844 4.64034
3.20917 4.64034
5.56734 6.24967
7.9255 6.24967
10.2837 6.24967
12.6418 6.24967
15.0 6.24967
0.0 0.925244
0.0504777 0.925244
0.100955 0.965397
0.151433 1.00555
0.201911 1.0457
0.252389 1.08586
0.302866 1.12601
0.353344 1.16616
0.403822 1.20632
0.4543 1.24647
0.504777 1.28662
0.555255 1.32678
0.605733 1.36693
0.656211 1.40708
0.706688 1.44724
0.757166 1.48739
0.807644 1.52754
0.85684 1.52754
0.906035 1.65238
0.955231 1.77722
1.00443 1.90206
1.05362 2.02689
1.10282 2.15173
1.15201 2.27657
1.20121 2.4014
1.25041 2.52624
1.2996 2.65108
1.3488 2.77592
1.39799 2.90075
1.44719 3.02559
1.49638 3.15043
1.54558 3.27526
1.59533 3.27526
1.64508 3.31089
1.69483 3.34651
1.74458 3.38214
1.79433 3.41776
1.84408 3.45338
1.89382 3.48901
1.94357 3.52463
1.99332 3.56025
2.04307 3.59588
2.09282 3.6315
2.14257 3.66712
2.19232 3.70275
2.24207 3.73837
2.29182 3.774
2.34157 3.80962
2.39132 3.84524
2.44107 3.88087
2.49081 3.91649
2.54056 3.95211
2.59031 3.98774
2.64006 4.02336
2.68981 4.05899
2.73956 4.09461
2.78931 4.13023
2.83906 4.16586
2.88881 4.20148
2.93856 4.2371
2.98831 4.27273
3.03805 4.30835
3.0878 4.34397
3.13755 4.3796
3.1873 4.41522
3.23705 4.45085
3.2868 4.48647
3.33591 4.48647
3.38502 4.49035
3.43413 4.49424
3.48324 4.49812
3.53235 4.502
3.58146 4.50588
3.63057 4.50977
3.67969 4.51365
3.7288 4.51753
3.77791 4.52142
3.82702 4.5253
3.87613 4.52918
3.92524 4.53307
3.97435 4.53695
4.02346 4.54083
4.07257 4.54472
4.12168 4.5486
4.17079 4.55248
4.2199 4.55637
4.26901 4.56025
4.31812 4.56413
4.36723 4.56802
4.41634 4.5719
4.46545 4.57578
4.51456 4.57967
4.56367 4.58355
4.61279 4.58743
4.6619 4.59131
4.71185 4.59131
4.76181 4.59131
4.81177 4.59131
4.86172 4.59131
4.91168 4.59131
4.96164 4.59131
5.0116 4.59131
5.06155 4.59131
5.11151 4.59131
5.16147 4.59131
5.21143 4.59131
5.26138 4.59131
5.31134 4.59131
5.3613 4.59131
5.41125 4.59131
5.46121 4.59131
5.51117 4.59131
5.56113 4.59131
5.61108 4.59131
5.66104 4.59131
5.711 4.59131
5.76095 4.59131
5.81091 4.59131
5.86087 4.59131
5.91083 4.59131
5.96078 4.59131
6.01074 4.59131
6.0607 4.59131
8.29552 4.8318
10.5303 4.8318
12.7652 4.8318
15.0 4.8318
0.0 0.931904
0.0499724 0.931904
0.0999448 0.972256
0.149917 1.01261
0.19989 1.05296
0.249862 1.09331
0.299834 1.13367
0.349807 1.17402
0.399779 1.21437
0.449752 1.25472
0.499724 1.29507
0.549696 1.33543
0.599669 1.37578
0.649641 1.41613
0.699614 1.45648
0.749586 1.49684
0.799558 1.53719
0.849531 1.57754
0.899503 1.61789
0.949476 1.65825
0.999448 1.6986
1.04942 1.73895
1.09939 1.7793
1.14937 1.81965
1.19934 1.86001
1.24931 1.90036
1.29928 1.94071
1.34925 1.98106
1.39923 2.02142
1.4492 2.06177
1.49917 2.10212
1.54914 2.14247
1.59912 2.18283
1.64909 2.22318
1.69906 2.26353
1.74903 2.30388
1.79901 2.34423
1.84898 2.38459
1.89895 2.42494
1.94892 2.46529
1.9989 2.50564
2.04887 2.546
2.09884 2.58635
2.14881 2.6267
2.19879 2.66705
2.24876 2.70741
2.29873 2.74776
2.3487 2.78811
2.39868 2.82846
2.44865 2.86881
2.49862 2.90917
2.54859 2.94952
2.59806 2.94952
2.64753 2.95165
2.697 2.95379
2.74646 2.95592
2.79593 2.95805
2.8454 2.96018
2.89487 2.96232
2.94433 2.96445
2.9938 2.96658
3.04327 2.96871
3.09274 2.97085
3.14221 2.97298
3.19167 2.97511
3.24114 2.97725
3.29061 2.97938
3.34008 2.98151
3.38955 2.98364
3.43901 2.98578
3.48848 2.98791
3.53795 2.99004
3.58742 2.99218
3.63688 2.99431
3.68635 2.99644
3.73582 2.99857
3.78699 2.99857
3.83816 3.04006
3.88933 3.08155
3.9405 3.12303
3.99167 3.16452
4.04283 3.20601
4.094 3.24749
4.14517 3.28898
4.19634 3.33047
4.24751 3.37195
4.29868 3.41344
4.34985 3.45493
4.40102 3.49642
4.45219 3.5379
4.50336 3.57939
4.55453 3.62088
4.60569 3.66236
4.65686 3.70385
4.70803 3.74534
4.7592 3.78682
4.81037 3.82831
4.86059 3.82831
4.91081 3.8334
4.96103 3.8385
5.01125 3.84359
5.06147 3.84869
5.11169 3.85378
5.1619 3.85888
5.21212 3.86397
5.26234 3.86906
5.31256 3.87416
5.36278 3.87925
5.413 3.88435
5.46322 3.88944
5.51344 3.89454
5.56366 3.89963
5.61388 3.90473
5.6641 3.90982
5.71432 3.91491
5.76453 3.92001
5.81475 3.9251
5.86546 3.9251
5.91617 3.9251
5.96688 3.9251
6.01759 3.9251
6.0683 3.9251
6.11901 3.9251
6.16972 3.9251
6.22043 3.9251
6.27114 3.9251
6.32185 3.9251
6.37256 3.9251
6.42327 3.9251
6.47398 3.9251
6.52469 3.9251
6.5754 3.9251
6.62611 3.9251
6.67682 3.9251
6.72753 3.9251
6.77824 3.9251
6.82894 3.9251
6.87965 3.9251
6.93036 3.9251
6.98107 3.9251
7.03178 3.9251
7.08249 3.9251
7.1332 3.9251
7.18391 3.9251
7.23462 3.9251
9.82308 4.41018
12.4115 4.41018
15.0 4.41018
0.0 0.950996
0.0500804 0.950996
0.100161 0.980928
0.150241 1.01086
0.200322 1.04079
0.250402 1.07073
0.300483 1.10066
0.350563 1.13059
0.400643 1.16052
0.450724 1.19045
0.500804 1.22039
0.550885 1.25032
0.599473 1.25032
0.648061 1.48583
0.696649 1.72133
0.745237 1.95684
0.793825 2.19235
0.842413 2.42786
0.891001 2.66336
0.939589 2.89887
0.988202 2.89887
1.03681 2.91356
1.08543 2.92825
1.13404 2.94294
1.18265 2.95763
1.23126 2.97232
1.27987 2.98702
1.32849 3.00171
1.3771 3.0164
1.42571 3.03109
1.47432 3.04578
1.52294 3.06047
1.57155 3.07516
1.62016 3.08985
1.66877 3.10454
1.71811 3.10454
1.76745 3.22926
1.8168 3.35399
1.86614 3.47871
1.91548 3.60343
1.96482 3.72815
2.01416 3.85287
2.0635 3.97759
2.11284 4.10232
2.16219 4.22704
2.21153 4.35176
2.26087 4.47648
2.31021 4.6012
2.35955 4.72593
2.40889 4.85065
2.45895 4.85065
2.509 4.85065
2.55906 4.85065
2.60912 4.85065
2.65917 4.85065
2.70923 4.85065
2.75929 4.85065
2.80934 4.85065
2.8594 4.85065
2.90946 4.85065
2.95951 4.85065
3.00957 4.85065
3.05962 4.85065
3.10968 4.85065
3.15974 4.85065
3.20979 4.85065
3.25985 4.85065
3.30991 4.85065
3.35996 4.85065
3.41002 4.85065
3.46008 4.85065
5.76806 6.18855
8.07605 6.18855
10.384 6.18855
12.692 6.18855
15.0 6.18855
0.0 0.93081
0.0502709 0.93081
0.100542 0.970461
0.150813 1.01011
0.201084 1.04976
0.251354 1.08941
0.301625 1.12906
0.351896 1.16872
0.402167 1.20837
0.452438 1.24802
0.502709 1.28767
0.55298 1.32732
0.603251 1.36697
0.653521 1.40662
0.703792 1.44627
0.754063 1.48592
0.804334 1.52557
0.854605 1.56523
0.904876 1.60488
0.955147 1.64453
1.00542 1.68418
1.05569 1.72383
1.10596 1.76348
1.15623 1.80313
1.2065 1.84278
1.25677 1.88243
1.30704 1.92208
1.35731 1.96174
1.40758 2.00139
1.45927 2.00139
1.51096 2.07546
1.56264 2.14952
1.61433 2.22359
1.66601 2.29766
1.7177 2.37173
1.76939 2.4458
1.82107 2.51987
1.87276 2.59393
1.92444 2.668
1.97613 2.74207
2.02428 2.74207
2.07243 2.74435
2.12058 2.74663
2.16873 2.74891
2.21689 2.75119
2.26504 2.75347
2.31319 2.75575
2.36134 2.75803
2.40949 2.76031
2.45764 2.76259
2.50579 2.76487
2.55395 2.76715
2.60504 2.76715
2.65614 2.8538
2.70723 2.94045
2.75832 3.0271
2.80942 3.11375
2.86051 3.2004
2.91161 3.28706
2.9627 3.37371
3.0138 3.46036
3.06489 3.54701
3.11599 3.63366
3.16708 3.72031
3.21818 3.80696
3.26927 3.89361
3.32037 3.98026
3.37146 4.06691
3.42256 4.15356
3.47365 4.24021
3.52475 4.32686
3.57484 4.32686
3.62493 4.32686
3.67502 4.32686
3.72511 4.32686
3.7752 4.32686
3.82529 4.32686
3.87538 4.32686
3.92547 4.32686
3.97556 4.32686
4.02565 4.32686
4.07574 4.32686
4.12583 4.32686
4.17592 4.32686
4.22601 4.32686
4.27611 4.32686
4.3262 4.32686
4.37629 4.32686
4.42638 4.32686
4.47647 4.32686
4.52656 4.32686
4.57665 4.32686
4.62674 4.32686
4.67683 4.32686
4.72692 4.32686
4.77701 4.32686
4.8271 4.32686
4.87719 4.32686
4.92728 4.32686
4.97738 4.32686
5.02747 4.32686
5.07756 4.32686
5.12765 4.32686
5.17774 4.32686
5.22783 4.32686
5.27792 4.32686
5.32801 4.32686
5.3781 4.32686
7.78358 5.46609
10.1891 5.46609
12.5945 5.46609
15.0 5.46609
0.0 0.917206
0.0502334 0.917206
0.100467 0.959367
0.1507 1.00153
0.200934 1.04369
0.251167 1.08585
0.301401 1.12801
0.351634 1.17017
0.401867 1.21234
0.452101 1.2545
0.502334 1.29666
0.552568 1.33882
0.602801 1.38098
0.653035 1.42314
0.703268 1.46531
0.753501 1.50747
0.803735 1.54963
0.853968 1.59179
0.904202 1.63395
0.954435 1.67611
1.00467 1.71827
1.0549 1.76044
1.10514 1.8026
1.15537 1.84476
1.2056 1.88692
1.25584 1.92908
1.30607 1.97124
1.3563 2.01341
1.40654 2.05557
1.45677 2.09773
1.507 2.13989
1.55724 2.18205
1.60747 2.22421
1.6577 2.26637
1.70794 2.30854
1.75817 2.3507
1.8084 2.39286
1.85864 2.43502
1.90887 2.47718
1.9591 2.51934
2.00934 2.56151
2.05957 2.60367
2.1098 2.64583
2.16004 2.68799
2.21027 2.73015
2.2605 2.77231
2.31074 2.81447
2.36097 2.85664
2.4112 2.8988
2.46144 2.94096
2.51156 2.94096
2.56168 2.94305
2.6118 2.94515
2.66192 2.94725
2.71204 2.94934
2.76215 2.95144
2.81227 2.95353
2.86239 2.95563
2.91251 2.95772
2.96263 2.95982
3.01275 2.96191
3.06287 2.96401
3.11299 2.9661
3.16311 2.9682
3.21323 2.97029
3.26335 2.97239
3.31347 2.97448
3.36359 2.97658
3.41371 2.97867
3.46383 2.98077
3.51395 2.98286
3.56407 2.98496
3.61419 2.98706
3.66431 2.98915
3.71443 2.99125
3.76454 2.99334
3.81466 2.99544
3.86478 2.99753
3.9149 2.99963
3.96502 3.00172
4.01514 3.00382
4.06526 3.00591
4.11463 3.00591
4.16401 3.19565
4.21338 3.38539
4.26275 3.57513
4.31213 3.76487
4.36201 3.76487
4.41189 3.76988
4.46178 3.77489
4.51166 3.77989
4.56155 3.7849
4.61143 3.78991
4.66131 3.79492
4.7112 3.79993
4.76108 3.80494
4.81096 3.80994
4.86085 3.81495
4.91073 3.81996
4.96062 3.82497
5.0105 3.82998
5.06038 3.83499
5.11027 3.83999
5.16015 3.845
5.21003 3.85001
5.25992 3.85502
5.3098 3.86003
5.35969 3.86504
5.40957 3.87004
5.45994 3.87004
5.51032 3.87004
5.56069 3.87004
5.61107 3.87004
5.66144 3.87004
5.71181 3.87004
5.76219 3.87004
5.81256 3.87004
5.86294 3.87004
5.91331 3.87004
5.96369 3.87004
6.01406 3.87004
6.06443 3.87004
6.11481 3.87004
6.16518 3.87004
6.21556 3.87004
6.26593 3.87004
6.31631 3.87004
6.36668 3.87004
6.41705 3.87004
6.46743 3.87004
6.5178 3.87004
6.56818 3.87004
6.61855 3.87004
6.66893 3.87004
6.7193 3.87004
6.76967 3.87004
6.82005 3.87004
6.87042 3.87004
6.9208 3.87004
6.97117 3.87004
7.02154 3.87004
7.07192 3.87004
7.12229 3.87004
7.17267 3.87004
7.22304 3.87004
7.27342 3.87004
7.32379 3.87004
7.37416 3.87004
7.42454 3.87004
7.47491 3.87004
7.52529 3.87004
7.57566 3.87004
7.62604 3.87004
7.67641 3.87004
10.1176 4.36442
12.5588 4.36442
15.0 4.36442
0.0 0.940824
0.0491096 0.940824
0.0982192 0.977749
0.147329 1.01467
0.196438 1.0516
0.245548 1.08852
0.294657 1.12545
0.343767 1.16237
0.392877 1.1993
0.441986 1.23622
0.491096 1.27315
0.540205 1.31007
0.589315 1.347
0.638425 1.38392
0.687534 1.42085
0.736644 1.45777
0.785753 1.4947
0.834863 1.53162
0.883972 1.56855
0.933082 1.60547
0.982192 1.6424
1.0313 1.67932
1.08284 1.67932
1.13439 1.85258
1.18593 2.02584
1.23747 2.1991
1.28901 2.37236
1.34055 2.54562
1.3921 2.71888
1.44364 2.89214
1.49518 3.06539
1.54672 3.23865
1.59877 3.23865
1.65083 3.41703
1.70288 3.5954
1.75493 3.77378
1.80699 3.95215
1.85904 4.13053
1.91109 4.3089
1.96314 4.48728
2.01367 4.48728
2.0642 4.48859
2.11473 4.4899
2.16526 4.49121
2.21579 4.49251
2.26632 4.49382
2.31685 4.49513
2.36737 4.49644
2.4179 4.49775
2.46843 4.49906
2.51896 4.50037
2.56949 4.50168
2.62002 4.50299
2.67055 4.50429
2.72108 4.5056
2.7716 4.50691
2.82213 4.50822
2.87266 4.50953
2.92319 4.51084
2.97483 4.51084
3.02647 4.51084
3.07811 4.51084
3.12975 4.51084
3.18139 4.51084
3.23302 4.51084
3.28466 4.51084
3.3363 4.51084
3.38794 4.51084
3.43958 4.51084
3.49122 4.51084
3.54286 4.51084
3.5945 4.51084
3.64614 4.51084
5.91691 4.6272
8.18768 4.6272
10.4585 4.6272
12.7292 4.6272
15.0 4.6272
0.0 0.920898
0.0507601 0.920898
0.10152 0.965331
0.15228 1.00976
0.20304 1.0542
0.2538 1.09863
0.30456 1.14306
0.35532 1.1875
0.406081 1.23193
0.456841 1.27636
0.506868 1.27636
0.556896 1.33345
0.606924 1.39053
0.656951 1.44762
0.706979 1.5047
0.757007 1.56179
0.807034 1.61887
0.857062 1.67596
0.90709 1.73304
0.957117 1.79013
1.00714 1.84721
1.05717 1.9043
1.1072 1.96138
1.15723 2.01847
1.20726 2.07555
1.25728 2.13264
1.30731 2.18972
1.35734 2.24681
1.40737 2.30389
1.45739 2.36098
1.50742 2.41806
1.55745 2.47515
1.60748 2.53223
1.6575 2.58932
1.70753 2.6464
1.75756 2.70349
1.80759 2.76057
1.85762 2.81766
1.90816 2.81766
1.95871 2.845
2.00925 2.87233
2.0598 2.89967
2.11034 2.92701
2.16089 2.95435
2.21143 2.98169
2.26198 3.00902
2.31252 3.03636
2.36307 3.0637
2.41362 3.09104
2.46416 3.11837
2.51471 3.14571
2.56525 3.17305
2.61574 3.17305
2.66623 3.28718
2.71672 3.40131
2.76721 3.51544
2.8177 3.62957
2.86819 3.7437
2.91868 3.85783
2.96917 3.97195
3.01966 4.08608
3.07015 4.20021
3.12064 4.31434
3.17113 4.42847
3.22162 4.5426
3.27211 4.65673
3.3226 4.77086
3.37309 4.88499
3.42276 4.88499
3.47244 4.88499
3.52211 4.88499
3.57178 4.88499
3.62145 4.88499
3.67113 4.88499
3.7208 4.88499
3.77047 4.88499
3.82014 4.88499
3.86982 4.88499
3.91949 4.88499
3.96916 4.88499
4.01883 4.88499
4.0685 4.88499
4.11818 4.88499
4.16785 4.88499
4.21752 4.88499
4.26719 4.88499
4.31687 4.88499
4.36654 4.88499
7.0249 6.15454
9.68327 6.15454
12.3416 6.15454
15.0 6.15454
0.0 0.947472
0.0496717 0.947472
0.0993435 0.982854
0.149015 1.01824
0.198687 1.05362
0.248359 1.089
0.29803 1.12438
0.347702 1.15977
0.397374 1.19515
0.447046 1.23053
0.496717 1.26591
0.546389 1.30129
0.596061 1.33668
0.650851 1.33668
0.705641 2.83854
0.755886 2.83854
0.806131 2.89099
0.856376 2.94344
0.90662 2.99588
0.956865 3.04833
1.00711 3.10078
1.05735 3.15322
1.1076 3.20567
1.15964 3.20567
1.21168 3.36803
1.26372 3.5304
1.31576 3.69277
1.3678 3.85513
1.41984 4.0175
1.47188 4.17986
1.52392 4.34223
1.57596 4.5046
1.628 4.66696
1.68004 4.82933
1.72992 4.82933
1.77979 4.82933
1.82967 4.82933
1.87955 4.82933
1.92943 4.82933
1.97931 4.82933
2.02919 4.82933
2.07907 4.82933
2.12894 4.82933
2.17882 4.82933
2.2287 4.82933
2.27858 4.82933
2.32846 4.82933
2.37834 4.82933
2.42821 4.82933
2.47809 4.82933
2.52797 4.82933
2.57785 4.82933
2.62773 4.82933
2.67761 4.82933
2.72749 4.82933
2.77736 4.82933
2.82724 4.82933
5.26179 6.04808
7.69635 6.04808
10.1309 6.04808
12.5654 6.04808
15.0 6.04808
0.0 0.948449
0.0496761 0.948449
0.0993523 0.986325
0.149028 1.0242
0.198705 1.06207
0.248381 1.09995
0.298057 1.13783
0.347733 1.1757
0.397409 1.21358
0.447085 1.25145
0.496761 1.28933
0.546438 1.3272
0.596114 1.36508
0.64579 1.40295
0.695466 1.44083
0.745142 1.4787
0.794818 1.51658
0.844494 1.55445
0.894171 1.59233
0.943847 1.6302
0.993523 1.66808
1.0432 1.70595
1.09288 1.74383
1.14255 1.7817
1.19223 1.81958
1.2419 1.85745
1.29158 1.89533
1.34126 1.9332
1.39093 1.97108
1.44061 2.00895
1.49028 2.04683
1.53996 2.0847
1.58964 2.12258
1.63931 2.16045
1.68899 2.19833
1.73867 2.23621
1.78834 2.27408
1.83802 2.31196
1.88769 2.34983
1.93737 2.38771
1.98705 2.42558
2.03672 2.46346
2.0864 2.50133
2.13607 2.53921
2.18575 2.57708
2.23543 2.61496
2.2851 2.65283
2.33478 2.69071
2.38445 2.72858
2.43413 2.76646
2.48381 2.80433
2.53348 2.84221
2.58316 2.88008
2.63284 2.91796
2.68251 2.95583
2.73199 2.95583
2.78147 2.95832
2.83095 2.9608
2.88042 2.96328
2.9299 2.96576
2.97938 2.96825
3.02886 2.97073
3.07834 2.97321
3.12781 2.97569
3.17729 2.97818
3.22677 2.98066
3.27625 2.98314
3.32573 2.98563
3.3752 2.98811
3.42468 2.99059
3.47416 2.99307
3.52364 2.99556
3.57311 2.99804
3.62259 3.00052
3.67207 3.003
3.72155 3.00549
3.77103 3.00797
3.8205 3.01045
3.86998 3.01294
3.91946 3.01542
3.96894 3.0179
4.01842 3.02038
4.06789 3.02287
4.11737 3.02535
4.16816 3.02535
4.21894 3.13904
4.26973 3.25274
4.32051 3.36644
4.37129 3.48013
4.42208 3.59383
4.47286 3.70752
4.52365 3.82122
4.57378 3.82122
4.62391 3.82405
4.67404 3.82689
4.72418 3.82972
4.77431 3.83256
4.82444 3.83539
4.87457 3.83823
4.92471 3.84106
4.97484 3.8439
5.02497 3.84673
5.0751 3.84957
5.12524 3.8524
5.17537 3.85524
5.2255 3.85807
5.27563 3.86091
5.32576 3.86374
5.3759 3.86658
5.42603 3.86942
5.47616 3.87225
5.52629 3.87509
5.57643 3.87792
5.62656 3.88076
5.67669 3.88359
5.72682 3.88643
5.77696 3.88926
5.82709 3.8921
5.87722 3.89493
5.92735 3.89777
5.97748 3.9006
6.02762 3.90344
6.07775 3.90627
6.12788 3.90911
6.17801 3.91194
6.22815 3.91478
6.27828 3.91761
6.32828 3.91761
6.37828 3.91761
6.42828 3.91761
6.47827 3.91761
6.52827 3.91761
6.57827 3.91761
6.62827 3.91761
6.67827 3.91761
6.72827 3.91761
6.77827 3.91761
6.82827 3.91761
6.87827 3.91761
6.92827 3.91761
6.97826 3.91761
7.02826 3.91761
7.07826 3.91761
7.12826 3.91761
9.75217 4.19907
12.3761 4.19907
15.0 4.19907
0.0 0.94399
0.0490606 0.94399
0.0981213 0.980963
0.147182 1.01794
0.196243 1.05491
0.245303 1.09188
0.294364 1.12885
0.343424 1.16583
0.392485 1.2028
0.441546 1.23977
0.490606 1.27674
0.539667 1.31372
0.588728 1.35069
0.637788 1.38766
0.686849 1.42463
0.73591 1.46161
0.78497 1.49858
0.838658 1.49858
0.892346 1.6999
0.946034 1.90123
0.999721 2.10256
1.05341 2.30388
1.1071 2.50521
1.1594 2.50521
1.21171 2.60302
1.26402 2.70083
1.31632 2.79863
1.36863 2.89644
1.42094 2.99425
1.47324 3.09206
1.52555 3.18987
1.57786 3.28768
1.629 3.28768
1.68014 3.37239
1.73128 3.4571
1.78242 3.54181
1.83356 3.62652
1.8847 3.71123
1.93584 3.79594
1.98699 3.88065
2.03813 3.96537
2.08927 4.05008
2.14041 4.13479
2.19155 4.2195
2.24269 4.30421
2.29383 4.38892
2.34497 4.47363
2.39612 4.55834
2.44726 4.64306
2.4984 4.72777
2.54954 4.81248
2.60068 4.89719
2.65118 4.89719
2.70168 4.89719
2.75218 4.89719
2.80268 4.89719
2.85318 4.89719
2.90368 4.89719
2.95418 4.89719
3.00469 4.89719
3.05519 4.89719
5.44415 6.05644
7.83311 6.05644
10.2221 6.05644
12.611 6.05644
15.0 6.05644
0.0 0.931726
0.0505896 0.931726
0.101179 0.971506
0.151769 1.01129
0.202358 1.05107
0.252948 1.09085
0.303537 1.13063
0.354127 1.17041
0.404717 1.21019
0.455306 1.24997
0.505896 1.28975
0.556485 1.32953
0.607075 1.36931
0.657665 1.40909
0.708254 1.44887
0.758844 1.48865
0.809433 1.52843
0.860023 1.56821
0.910612 1.60799
0.961202 1.64777
1.01179 1.68755
1.06238 1.72733
1.11297 1.76711
1.16356 1.80689
1.21415 1.84667
1.26474 1.88645
1.31533 1.92623
1.36592 1.96601
1.41663 1.96601
1.46735 2.00387
1.51806 2.04173
1.56878 2.07959
1.61949 2.11744
1.67021 2.1553
1.72092 2.19316
1.77164 2.23102
1.82235 2.26888
1.87306 2.30674
1.92378 2.3446
1.97449 2.38246
2.02521 2.42031
2.07592 2.45817
2.12664 2.49603
2.17735 2.53389
2.22807 2.57175
2.27878 2.60961
2.3295 2.64747
2.38021 2.68533
2.43093 2.72318
2.48164 2.76104
2.53235 2.7989
2.58307 2.83676
2.63359 2.83676
2.6841 2.84033
2.73462 2.84389
2.78514 2.84746
2.83565 2.85102
2.88617 2.85459
2.93669 2.85815
2.9872 2.86172
3.03772 2.86528
3.08824 2.86885
3.13875 2.87241
3.18927 2.87598
3.23979 2.87954
3.2903 2.88311
3.34082 2.88667
3.39134 2.89024
3.44185 2.8938
3.49226 2.8938
3.54267 2.9248
3.59308 2.95579
3.64349 2.98679
3.6939 3.01779
3.74431 3.04878
3.79472 3.07978
3.84513 3.11078
3.89554 3.14177
3.94595 3.17277
3.99636 3.20377
4.04677 3.23476
4.09718 3.26576
4.14759 3.29675
4.198 3.32775
4.24841 3.35875
4.29882 3.38974
4.34923 3.42074
4.39964 3.45174
4.45005 3.48273
4.50046 3.51373
4.55087 3.54473
4.60128 3.57572
4.65169 3.60672
4.7021 3.63771
4.75251 3.66871
4.80292 3.69971
4.85332 3.7307
4.90373 3.7617
4.95414 3.7927
5.00455 3.82369
5.05496 3.85469
5.10537 3.88569
5.15578 3.91668
5.20619 3.94768
5.2566 3.97867
5.30701 4.00967
5.35742 4.04067
5.40783 4.07166
5.45824 4.10266
5.50865 4.13366
5.55906 4.16465
5.60947 4.19565
5.65988 4.22665
5.71029 4.25764
5.7607 4.28864
5.81111 4.31963
5.86208 4.31963
5.91305 4.31963
5.96402 4.31963
6.01499 4.31963
6.06595 4.31963
6.11692 4.31963
6.16789 4.31963
8.37592 5.54484
10.5839 5.54484
12.792 5.54484
15.0 5.54484
0.0 0.930855
0.0494421 0.930855
0.0988842 0.970496
0.148326 1.01014
0.197768 1.04978
0.24721 1.08942
0.296652 1.12906
0.346095 1.1687
0.395537 1.20834
0.444979 1.24798
0.494421 1.28762
0.543863 1.32726
0.593305 1.3669
0.642747 1.40654
0.692189 1.44618
0.741631 1.48582
0.791073 1.52547
0.840515 1.56511
0.889957 1.60475
0.940102 1.60475
0.990247 1.63721
1.04039 1.66968
1.09054 1.70215
1.14068 1.73461
1.19083 1.76708
1.24097 1.79955
1.29112 1.83201
1.34126 1.86448
1.39141 1.89695
1.44155 1.92941
1.4917 1.96188
1.54184 1.99435
1.59199 2.02681
1.64213 2.05928
1.69228 2.09175
1.74242 2.12421
1.79257 2.15668
1.84271 2.18914
1.89286 2.22161
1.943 2.25408
1.99315 2.28654
2.04329 2.31901
2.09344 2.35148
2.14358 2.38394
2.19373 2.41641
2.24387 2.44888
2.29402 2.48134
2.34416 2.51381
2.39352 2.51381
2.44288 2.5424
2.49224 2.57099
2.54159 2.59958
2.59095 2.62817
2.64031 2.65675
2.68966 2.68534
2.73902 2.71393
2.78838 2.74252
2.83774 2.77111
2.88709 2.7997
2.93645 2.82829
2.98581 2.85688
3.03517 2.88547
3.08452 2.91405
3.13388 2.94264
3.18324 2.97123
3.2326 2.99982
3.28195 3.02841
3.33131 3.057
3.38067 3.08559
3.43002 3.11418
3.47938 3.14277
3.52874 3.17135
3.5781 3.19994
3.62745 3.22853
3.67681 3.25712
3.72578 3.25712
3.77475 3.45495
3.82372 3.65278
3.87269 3.85061
3.92166 4.04845
3.97063 4.24628
4.0196 4.44411
4.06857 4.64194
4.11753 4.83977
4.16528 4.83977
4.21302 4.83977
4.26077 4.83977
4.30851 4.83977
4.35625 4.83977
4.404 4.83977
7.053 6.06814
9.702 6.06814
12.351 6.06814
15.0 6.06814
0.0 0.923224
0.0502885 0.923224
0.100577 0.965264
0.150865 1.0073
0.201154 1.04934
0.251442 1.09138
0.301731 1.13342
0.352019 1.17546
0.402308 1.2175
0.452596 1.25954
0.502885 1.30158
0.553173 1.34362
0.600099 1.34362
0.647025 1.49572
0.69395 1.64782
0.740876 1.79992
0.790238 1.79992
0.8396 1.84
0.888962 1.88008
0.938323 1.92016
0.987685 1.96024
1.03705 2.00032
1.08641 2.0404
1.13577 2.08048
1.18513 2.12056
1.23449 2.16064
1.28386 2.20072
1.33322 2.2408
1.38258 2.28088
1.43194 2.32096
1.4813 2.36104
1.53067 2.40112
1.58003 2.4412
1.62939 2.48128
1.67875 2.52136
1.72811 2.56144
1.77747 2.60152
1.82684 2.6416
1.8762 2.68168
1.92556 2.72176
1.97492 2.76184
2.02428 2.80192
2.07365 2.842
2.12301 2.88208
2.17237 2.92216
2.22173 2.96224
2.27109 3.00232
2.32045 3.0424
2.37014 3.0424
2.41983 3.07106
2.46951 3.09972
2.5192 3.12838
2.56888 3.15704
2.61857 3.1857
2.66825 3.21435
2.71794 3.24301
2.76763 3.27167
2.81731 3.30033
2.867 3.32899
2.91668 3.35765
2.96637 3.38631
3.01605 3.41497
3.06574 3.44363
3.11542 3.47228
3.16511 3.50094
3.2148 3.5296
3.26448 3.55826
3.31417 3.58692
3.36385 3.61558
3.41354 3.64424
3.46322 3.6729
3.51291 3.70156
3.56259 3.73022
3.61228 3.75887
3.66197 3.78753
3.71165 3.81619
3.76134 3.84485
3.81102 3.87351
3.86071 3.90217
3.91039 3.93083
3.96008 3.95949
4.00976 3.98815
4.05945 4.0168
4.10914 4.04546
4.15882 4.07412
4.20851 4.10278
4.25819 4.13144
4.30788 4.1601
4.35756 4.18876
4.40725 4.21742
4.45694 4.24608
4.50662 4.27474
4.55631 4.30339
4.60599 4.33205
4.65568 4.36071
4.70536 4.38937
4.75505 4.41803
4.80473 4.44669
4.85442 4.47535
4.90411 4.50401
4.95499 4.50401
5.00587 4.50401
5.05676 4.50401
5.10764 4.50401
5.15852 4.50401
5.20941 4.50401
5.26029 4.50401
5.31118 4.50401
5.36206 4.50401
5.41294 4.50401
5.46383 4.50401
5.51471 4.50401
5.56559 4.50401
5.61648 4.50401
5.66736 4.50401
5.71825 4.50401
5.76913 4.50401
5.82001 4.50401
5.8709 4.50401
5.92178 4.50401
5.97267 4.50401
8.2295 4.65301
10.4863 4.65301
12.7432 4.65301
15.0 4.65301
0.0 0.928838
0.0511422 0.928838
0.102284 0.972909
0.153427 1.01698
0.204569 1.06105
0.255711 1.10512
0.306853 1.1492
0.357995 1.19327
0.409138 1.23734
0.46028 1.28141
0.511422 1.32548
0.562564 1.36955
0.613706 1.41363
0.664849 1.4577
0.715991 1.50177
0.767133 1.54584
0.818275 1.58991
0.869417 1.63398
0.91772 1.63398
0.966022 1.86536
1.01432 2.09673
1.06263 2.3281
1.11093 2.55948
1.15923 2.79085
1.20753 3.02223
1.25583 3.2536
1.30633 3.2536
1.35682 3.57701
1.40732 3.90043
1.45781 4.22384
1.5083 4.54725
1.558 4.54725
1.6077 4.55104
1.6574 4.55482
1.7071 4.5586
1.75679 4.56239
1.80649 4.56617
1.85619 4.56995
1.90589 4.57374
1.95559 4.57752
2.00528 4.5813
2.05498 4.58509
2.10468 4.58887
2.15438 4.59265
2.20408 4.59644
2.25378 4.60022
2.30347 4.604
2.35317 4.60779
2.40287 4.61157
2.45257 4.61535
2.50227 4.61914
2.55197 4.62292
2.60166 4.6267
2.65136 4.63049
2.70106 4.63427
2.75076 4.63805
2.80046 4.64184
2.85015 4.64562
2.90241 4.64562
2.95467 4.64562
3.00692 4.64562
3.05918 4.64562
3.11143 4.64562
3.16369 4.64562
3.21594 4.64562
3.2682 4.64562
3.32045 4.64562
5.65636 4.69982
7.99227 4.69982
10.3282 4.69982
12.6641 4.69982
15.0 4.69982
0.0 0.934052
0.0496888 0.934052
0.0993777 0.974948
0.149067 1.01584
0.198755 1.05674
0.248444 1.09764
0.298133 1.13853
0.347822 1.17943
0.397511 1.22032
0.4472 1.26122
0.496888 1.30212
0.546577 1.34301
0.596266 1.38391
0.645955 1.4248
0.695644 1.4657
0.745333 1.5066
0.795021 1.54749
0.84471 1.58839
0.894399 1.62928
0.944088 1.67018
0.993777 1.71107
1.04347 1.75197
1.09315 1.79287
1.14284 1.83376
1.19253 1.87466
1.24222 1.91555
1.29191 1.95645
1.3416 1.99735
1.39129 2.03824
1.44098 2.07914
1.49067 2.12003
1.54035 2.16093
1.59004 2.20183
1.63973 2.24272
1.68942 2.28362
1.73911 2.32451
1.7888 2.36541
1.83849 2.40631
1.88818 2.4472
1.93786 2.4881
1.98755 2.52899
2.03724 2.56989
2.08693 2.61079
2.13662 2.65168
2.18576 2.65168
2.2349 2.66366
2.28404 2.67565
2.33318 2.68763
2.38232 2.69961
2.43146 2.71159
2.4806 2.72358
2.52974 2.73556
2.57888 2.74754
2.62802 2.75952
2.67716 2.77151
2.7263 2.78349
2.77544 2.79547
2.82458 2.80745
2.87372 2.81943
2.92286 2.83142
2.97199 2.8434
3.02113 2.85538
3.07027 2.86736
3.11941 2.87935
3.16855 2.89133
3.21769 2.90331
3.26683 2.91529
3.31597 2.92727
3.36607 2.92727
3.41617 2.97063
3.46626 3.01399
3.51636 3.05734
3.56646 3.1007
3.61656 3.14405
3.66665 3.18741
3.71675 3.23077
3.76685 3.27412
3.81695 3.31748
3.86704 3.36083
3.91714 3.40419
3.96724 3.44754
4.01734 3.4909
4.06743 3.53426
4.11753 3.57761
4.16763 3.62097
4.21773 3.66432
4.26782 3.70768
4.31792 3.75103
4.36802 3.79439
4.41812 3.83775
4.46821 3.8811
4.51768 3.8811
4.56715 3.88344
4.61662 3.88577
4.6661 3.88811
4.71557 3.89044
4.76504 3.89278
4.81451 3.89511
4.86398 3.89745
4.91345 3.89978
4.96292 3.90212
5.01239 3.90445
5.06186 3.90679
5.11133 3.90912
5.1608 3.91146
5.21027 3.91379
5.25974 3.91613
5.30921 3.91846
5.35868 3.9208
5.40815 3.92313
5.45762 3.92547
5.50709 3.92781
5.55657 3.93014
5.60604 3.93248
5.65551 3.93481
5.70498 3.93715
5.75445 3.93948
5.80392 3.94182
5.85339 3.94415
5.90286 3.94649
5.95233 3.94882
6.0018 3.95116
6.05127 3.95349
6.10061 3.95349
6.14996 3.95349
6.1993 3.95349
6.24864 3.95349
6.29798 3.95349
6.34733 3.95349
6.39667 3.95349
6.44601 3.95349
6.49536 3.95349
6.5447 3.95349
6.59404 3.95349
6.64338 3.95349
6.69273 3.95349
6.74207 3.95349
6.79141 3.95349
6.84076 3.95349
6.8901 3.95349
6.93944 3.95349
6.98878 3.95349
7.03813 3.95349
7.08747 3.95349
7.13681 3.95349
9.75788 4.12735
12.3789 4.12735
15.0 4.12735
0.0 0.931843
0.0495129 0.931843
0.0990258 0.973691
0.148539 1.01554
0.198052 1.05739
0.247564 1.09923
0.297077 1.14108
0.34659 1.18293
0.396103 1.22478
0.445616 1.26662
0.495129 1.30847
0.544642 1.35032
0.594155 1.39217
0.643668 1.43402
0.69318 1.47586
0.742693 1.51771
0.792206 1.55956
0.841719 1.60141
0.891232 1.64325
0.940745 1.6851
0.990258 1.72695
1.03977 1.7688
1.08928 1.81064
1.1388 1.85249
1.18831 1.89434
1.23782 1.93619
1.28734 1.97804
1.33685 2.01988
1.38636 2.06173
1.43587 2.10358
1.48539 2.14543
1.5349 2.18727
1.58441 2.22912
1.63393 2.27097
1.68344 2.31282
1.73295 2.35466
1.78246 2.39651
1.83198 2.43836
1.88149 2.48021
1.931 2.52206
1.98052 2.5639
2.03003 2.60575
2.07954 2.6476
2.12905 2.68945
2.17797 2.68945
2.2269 2.75554
2.27582 2.82164
2.32474 2.88773
2.37366 2.95383
2.42387 2.95383
2.47408 2.96989
2.52429 2.98595
2.5745 3.00202
2.62471 3.01808
2.67492 3.03414
2.72514 3.05021
2.77535 3.06627
2.82556 3.08233
2.87577 3.0984
2.92598 3.11446
2.97619 3.13052
3.0264 3.14659
3.07661 3.16265
3.12682 3.17871
3.17703 3.19478
3.22725 3.21084
3.27746 3.22691
3.32767 3.24297
3.37788 3.25903
3.42809 3.2751
3.4783 3.29116
3.52851 3.30722
3.57872 3.32329
3.62893 3.33935
3.67914 3.35541
3.72936 3.37148
3.77957 3.38754
3.82978 3.4036
3.87999 3.41967
3.9302 3.43573
3.98041 3.45179
4.03062 3.46786
4.08083 3.48392
4.13104 3.49998
4.18126 3.51605
4.23147 3.53211
4.28168 3.54817
4.33189 3.56424
4.3821 3.5803
4.43231 3.59636
4.48252 3.61243
4.53273 3.62849
4.58294 3.64455
4.63315 3.66062
4.68337 3.67668
4.73358 3.69274
4.78379 3.70881
4.83439 3.70881
4.88499 3.71445
4.93558 3.72009
4.98618 3.72572
5.03678 3.73136
5.08738 3.737
5.13798 3.74264
5.18858 3.74828
5.23918 3.75392
5.28978 3.75956
5.34037 3.7652
5.39097 3.77084
5.44157 3.77648
5.49217 3.78211
5.54277 3.78775
5.59337 3.79339
5.64397 3.79903
5.69457 3.80467
5.74517 3.81031
5.79576 3.81595
5.84636 3.82159
5.89696 3.82723
5.94756 3.83287
5.99816 3.8385
6.04876 3.84414
6.09936 3.84978
6.14996 3.85542
6.20055 3.86106
6.25115 3.8667
6.30175 3.87234
6.35235 3.87798
6.40295 3.88362
6.45355 3.88926
6.50326 3.88926
6.55297 3.88926
6.60268 3.88926
6.65238 3.88926
6.70209 3.88926
6.7518 3.88926
6.80151 3.88926
6.85122 3.88926
6.90093 3.88926
6.95064 3.88926
7.00035 3.88926
7.05006 3.88926
7.09977 3.88926
7.14948 3.88926
7.19918 3.88926
7.24889 3.88926
7.2986 3.88926
7.34831 3.88926
7.39802 3.88926
7.44773 3.88926
7.49744 3.88926
7.54715 3.88926
7.59686 3.88926
7.64657 3.88926
7.69627 3.88926
7.74598 3.88926
7.79569 3.88926
7.8454 3.88926
10.2303 4.13607
12.6151 4.13607
15.0 4.13607
0.0 0.945815
0.0510621 0.945815
0.102124 0.981646
0.153186 1.01748
0.204248 1.05331
0.25531 1.08914
0.306372 1.12497
0.357435 1.1608
0.408497 1.19663
0.459559 1.23246
0.510621 1.26829
0.561683 1.30412
0.612745 1.33995
0.663807 1.37578
0.71816 1.37578
0.772513 1.7802
0.822275 1.7802
0.872036 1.81079
0.921797 1.84139
0.971559 1.87198
1.02132 1.90258
1.07108 1.93317
1.12084 1.96377
1.1706 1.99436
1.22036 2.02496
1.27013 2.05555
1.31989 2.08615
1.36965 2.11674
1.41941 2.14734
1.46917 2.17793
1.51893 2.20852
1.56869 2.23912
1.61845 2.26971
1.66822 2.30031
1.71798 2.3309
1.76774 2.3615
1.8175 2.39209
1.86726 2.42269
1.91702 2.45328
1.96678 2.48388
2.01654 2.51447
2.06631 2.54506
2.11607 2.57566
2.16583 2.60625
2.21559 2.63685
2.26535 2.66744
2.31511 2.69804
2.36487 2.72863
2.41464 2.75923
2.4644 2.78982
2.51416 2.82042
2.56392 2.85101
2.61368 2.88161
2.66344 2.9122
2.7132 2.94279
2.76273 2.94279
2.81226 3.00676
2.86179 3.07073
2.91132 3.13469
2.96085 3.19866
3.01038 3.26263
3.05991 3.32659
3.10944 3.39056
3.15896 3.45453
3.20849 3.51849
3.25802 3.58246
3.30755 3.64642
3.35708 3.71039
3.40661 3.77436
3.45614 3.83832
3.50567 3.90229
3.5552 3.96626
3.60473 4.03022
3.65426 4.09419
3.70378 4.15815
3.75331 4.22212
3.80284 4.28609
3.85237 4.35005
3.9019 4.41402
3.95143 4.47799
4.00096 4.54195
4.05219 4.54195
4.10342 4.54195
4.15465 4.54195
4.20588 4.54195
4.2571 4.54195
4.30833 4.54195
4.35956 4.54195
4.41079 4.54195
7.05809 4.67733
9.7054 4.67733
12.3527 4.67733
15.0 4.67733
0.0 0.913066
0.050761 0.913066
0.101522 0.960847
0.152283 1.00863
0.203044 1.05641
0.253805 1.10419
0.304566 1.15197
0.355327 1.19975
0.406088 1.24753
0.456849 1.29531
0.50761 1.34309
0.558371 1.39088
0.609638 1.39088
0.660906 1.41683
0.712174 1.44278
0.763442 1.46874
0.81471 1.49469
0.865978 1.52065
0.917246 1.5466
0.968514 1.57255
1.01978 1.59851
1.07105 1.62446
1.12232 1.65041
1.17359 1.67637
1.22485 1.70232
1.27612 1.72828
1.32739 1.75423
1.37866 1.78018
1.42993 1.80614
1.48119 1.83209
1.53246 1.85805
1.58199 1.85805
1.63152 1.89176
1.68105 1.92548
1.73058 1.9592
1.78011 1.99291
1.82964 2.02663
1.87917 2.06035
1.9287 2.09406
1.97823 2.12778
2.02776 2.1615
2.07729 2.19521
2.12682 2.22893
2.17635 2.26265
2.22588 2.29637
2.27541 2.33008
2.32494 2.3638
2.37447 2.39752
2.424 2.43123
2.47353 2.46495
2.52306 2.49867
2.57259 2.53238
2.62212 2.5661
2.67165 2.59982
2.72118 2.63353
2.77071 2.66725
2.82024 2.70097
2.86977 2.73469
2.9193 2.7684
2.96883 2.80212
3.01836 2.83584
3.06789 2.86955
3.11742 2.90327
3.16695 2.93699
3.21639 2.93699
3.26582 3.00626
3.31526 3.07553
3.36469 3.1448
3.41413 3.21407
3.46356 3.28334
3.513 3.35261
3.56243 3.42188
3.61187 3.49115
3.6613 3.56042
3.71074 3.62969
3.76017 3.69896
3.80961 3.76823
3.85904 3.8375
3.90848 3.90677
3.95791 3.97604
4.00735 4.04531
4.05678 4.11458
4.10622 4.18385
4.15565 4.25312
4.20509 4.32239
4.25452 4.39166
4.30396 4.46093
4.35339 4.5302
4.40488 4.5302
4.45636 4.5302
4.50784 4.5302
4.55933 4.5302
4.61081 4.5302
4.66229 4.5302
4.71378 4.5302
4.76526 4.5302
4.81674 4.5302
4.86823 4.5302
4.91971 4.5302
4.97119 4.5302
5.02268 4.5302
5.07416 4.5302
7.55562 4.76618
10.0371 4.76618
12.5185 4.76618
15.0 4.76618
0.0 0.909898
0.0502257 0.909898
0.100451 0.954485
0.150677 0.999071
0.200903 1.04366
0.251129 1.08824
0.301354 1.13283
0.35158 1.17742
0.401806 1.222
0.452032 1.26659
0.502257 1.31118
0.552483 1.35576
0.602709 1.40035
0.652935 1.44494
0.70316 1.48952
0.753386 1.53411
0.803612 1.57869
0.853838 1.62328
0.904063 1.66787
0.954289 1.71245
1.00451 1.75704
1.05474 1.80163
1.10497 1.84621
1.15519 1.8908
1.20542 1.93539
1.25564 1.97997
1.30587 2.02456
1.35609 2.06915
1.40604 2.06915
1.45598 2.08829
1.50593 2.10743
1.55587 2.12657
1.60582 2.14571
1.65576 2.16485
1.7057 2.18399
1.75565 2.20313
1.80559 2.22227
1.85554 2.24141
1.90548 2.26056
1.95543 2.2797
2.00537 2.29884
2.05531 2.31798
2.10526 2.33712
2.1552 2.35626
2.20515 2.3754
2.25509 2.39454
2.30503 2.41368
2.35498 2.43283
2.40492 2.45197
2.45487 2.47111
2.50481 2.49025
2.55476 2.50939
2.6043 2.50939
2.65385 2.53993
2.7034 2.57046
2.75295 2.601
2.8025 2.63153
2.85205 2.66207
2.9016 2.69261
2.95114 2.72314
3.00069 2.75368
3.05024 2.78422
3.09979 2.81475
3.14934 2.84529
3.19889 2.87582
3.24844 2.90636
3.29798 2.9369
3.34753 2.96743
3.39708 2.99797
3.44663 3.0285
3.49618 3.05904
3.54573 3.08958
3.59528 3.12011
3.64482 3.15065
3.69424 3.15065
3.74365 3.19472
3.79306 3.23879
3.84247 3.28287
3.89188 3.32694
3.94129 3.37101
3.9907 3.41508
4.04011 3.45915
4.08952 3.50323
4.13894 3.5473
4.18835 3.59137
4.23776 3.63544
4.28717 3.67951
4.33658 3.72359
4.38599 3.76766
4.4354 3.81173
4.48481 3.8558
4.53423 3.89987
4.58364 3.94395
4.63305 3.98802
4.68246 4.03209
4.73187 4.07616
4.78128 4.12023
4.83069 4.16431
4.8801 4.20838
4.92951 4.25245
4.97893 4.29652
5.02834 4.34059
5.07775 4.38467
5.12716 4.42874
5.17657 4.47281
5.22598 4.51688
5.27539 4.56095
5.3248 4.60503
5.37421 4.6491
5.42363 4.69317
5.47304 4.73724
5.52414 4.73724
5.57524 4.73724
5.62635 4.73724
5.67745 4.73724
5.72856 4.73724
5.77966 4.73724
5.83076 4.73724
5.88187 4.73724
5.93297 4.73724
5.98408 4.73724
6.03518 4.73724
6.08628 4.73724
6.13739 4.73724
6.18849 4.73724
6.2396 4.73724
6.2907 4.73724
6.3418 4.73724
6.39291 4.73724
6.44401 4.73724
6.49512 4.73724
6.54622 4.73724
6.59732 4.73724
9.39822 5.79128
12.1991 5.79128
15.0 5.79128
0.0 0.933357
0.0513262 0.933357
0.102652 0.977168
0.153978 1.02098
0.205305 1.06479
0.256631 1.1086
0.307957 1.15241
0.359283 1.19622
0.410609 1.24003
0.461935 1.28384
0.513262 1.32765
0.564588 1.37146
0.615914 1.41527
0.66724 1.45909
0.718566 1.5029
0.769892 1.54671
0.821218 1.59052
0.872545 1.63433
0.923101 1.63433
0.973658 1.7626
1.02421 1.89087
1.07477 2.01915
1.12533 2.14742
1.17588 2.2757
1.22644 2.40397
1.277 2.53224
1.32755 2.66052
1.37811 2.78879
1.42867 2.91706
1.47922 3.04534
1.52871 3.04534
1.57819 3.12969
1.62767 3.21404
1.67716 3.29839
1.72664 3.38274
1.77612 3.46709
1.82561 3.55144
1.87509 3.63579
1.92457 3.72014
1.97406 3.80449
2.02354 3.88884
2.07302 3.97319
2.12251 4.05754
2.17199 4.14189
2.22147 4.22624
2.27096 4.31059
2.32044 4.39494
2.36992 4.47929
2.42059 4.47929
2.47126 4.48083
2.52192 4.48237
2.57259 4.4839
2.62326 4.48544
2.67392 4.48697
2.72459 4.48851
2.77525 4.49004
2.82592 4.49158
2.87659 4.49312
2.92725 4.49465
2.97792 4.49619
3.02859 4.49772
3.07925 4.49926
3.12992 4.50079
3.18059 4.50233
3.23125 4.50387
3.28192 4.5054
3.33259 4.50694
3.38325 4.50847
3.43392 4.51001
3.48459 4.51155
3.53525 4.51308
3.58592 4.51462
3.6353 4.51462
3.68468 4.51462
3.73406 4.51462
3.78344 4.51462
3.83281 4.51462
3.88219 4.51462
3.93157 4.51462
6.69868 4.92257
9.46579 4.92257
12.2329 4.92257
15.0 4.92257
0.0 0.944442
0.0507183 0.944442
0.101437 0.983116
0.152155 1.02179
0.202873 1.06046
0.253591 1.09914
0.30431 1.13781
0.355028 1.17649
0.405746 1.21516
0.456465 1.25384
0.507183 1.29251
0.557901 1.33118
0.608619 1.36986
0.659338 1.40853
0.710056 1.44721
0.760774 1.48588
0.811493 1.52455
0.862211 1.56323
0.912929 1.6019
0.963647 1.64058
1.01437 1.67925
1.06508 1.71793
1.1158 1.7566
1.16652 1.79527
1.21724 1.83395
1.26796 1.87262
1.31868 1.9113
1.36939 1.94997
1.42011 1.98865
1.47083 2.02732
1.52155 2.06599
1.55181 2.06599
1.58208 2.41018
1.63362 2.41018
1.68517 2.61455
1.73671 2.81892
1.78825 3.02329
1.83979 3.22767
1.88971 3.22767
1.93963 3.28574
1.98955 3.34381
2.03947 3.40189
2.08939 3.45996
2.13931 3.51803
2.18923 3.57611
2.23915 3.63418
2.28907 3.69225
2.33899 3.75033
2.38891 3.8084
2.43883 3.86647
2.48875 3.92455
2.53867 3.98262
2.58859 4.04069
2.63851 4.09877
2.68843 4.15684
2.73835 4.21491
2.78827 4.27299
2.83819 4.33106
2.8881 4.38913
2.93802 4.44721
2.98794 4.50528
3.03786 4.56335
3.08778 4.62143
3.1377 4.6795
3.18762 4.73757
3.23695 4.73757
3.28627 4.73757
3.33559 4.73757
3.38491 4.73757
3.43424 4.73757
3.48356 4.73757
3.53288 4.73757
3.58221 4.73757
3.63153 4.73757
3.68085 4.73757
3.73018 4.73757
3.7795 4.73757
3.82882 4.73757
3.87815 4.73757
3.92747 4.73757
3.97679 4.73757
4.02612 4.73757
6.76959 5.82361
9.51306 5.82361
12.2565 5.82361
15.0 5.82361
0.0 0.930727
0.0495948 0.930727
0.0991896 0.970317
0.148784 1.00991
0.198379 1.0495
0.247974 1.08909
0.297569 1.12868
0.347164 1.16827
0.396758 1.20786
0.446353 1.24745
0.495948 1.28704
0.545543 1.32663
0.595138 1.36622
0.644732 1.40581
0.694327 1.4454
0.743922 1.48499
0.793517 1.52458
0.843112 1.56417
0.892706 1.60376
0.942301 1.64335
0.991896 1.68294
1.04149 1.72253
1.09109 1.76212
1.14068 1.80171
1.19028 1.8413
1.23987 1.88089
1.28946 1.92048
1.33906 1.96007
1.38865 1.99966
1.43825 2.03925
1.48784 2.07884
1.53744 2.11843
1.58515 2.11843
1.63287 2.17121
1.68058 2.22399
1.7283 2.27677
1.77601 2.32955
1.82373 2.38233
1.87144 2.43511
1.89842 2.43511
1.9254 2.99124
1.97502 2.99124
2.02464 3.01727
2.07426 3.0433
2.12388 3.06933
2.17349 3.09536
2.22311 3.12139
2.27273 3.14742
2.32235 3.17345
2.37197 3.19948
2.42158 3.22551
2.4712 3.25153
2.52082 3.27756
2.57044 3.30359
2.62006 3.32962
2.66967 3.35565
2.71929 3.38168
2.76891 3.40771
2.81853 3.43374
2.86814 3.45977
2.91776 3.4858
2.96738 3.51183
3.017 3.53786
3.06662 3.56389
3.11623 3.58992
3.16585 3.61595
3.21547 3.64198
3.26509 3.66801
3.31471 3.69404
3.36432 3.72007
3.41394 3.7461
3.46356 3.77213
3.51318 3.79816
3.5628 3.82419
3.61241 3.85021
3.66203 3.87624
3.71165 3.90227
3.76148 3.90227
3.81131 3.90227
3.86114 3.90227
3.91098 3.90227
3.96081 3.90227
4.01064 3.90227
4.06047 3.90227
4.1103 3.90227
4.16013 3.90227
4.20996 3.90227
4.25979 3.90227
4.30962 3.90227
4.35946 3.90227
4.40929 3.90227
4.45912 3.90227
4.50895 3.90227
4.55878 3.90227
4.60861 3.90227
4.65844 3.90227
4.70827 3.90227
4.7581 3.90227
4.80794 3.90227
4.85777 3.90227
4.9076 3.90227
4.95743 3.90227
5.00726 3.90227
5.05709 3.90227
5.10692 3.90227
5.15675 3.90227
5.20658 3.90227
5.25642 3.90227
5.30625 3.90227
5.35608 3.90227
5.40591 3.90227
5.45574 3.90227
5.50557 3.90227
5.5554 3.90227
5.60523 3.90227
5.65506 3.90227
5.7049 3.90227
5.75473 3.90227
5.80456 3.90227
5.85439 3.90227
5.90422 3.90227
5.95405 3.90227
6.00388 3.90227
6.05371 3.90227
6.10354 3.90227
6.15338 3.90227
6.20321 3.90227
6.25304 3.90227
6.30287 3.90227
6.3527 3.90227
6.40253 3.90227
6.45236 3.90227
6.50219 3.90227
6.55202 3.90227
6.60186 3.90227
6.65169 3.90227
6.70152 3.90227
6.75135 3.90227
6.80118 3.90227
6.85101 3.90227
9.56734 5.42216
12.2837 5.42216
15.0 5.42216
0.0 0.941484
0.0496671 0.941484
0.0993342 0.979019
0.149001 1.01655
0.198668 1.05409
0.248336 1.09162
0.298003 1.12916
0.34767 1.16669
0.397337 1.20423
0.447004 1.24176
0.496671 1.2793
0.546338 1.31683
0.596005 1.35436
0.645673 1.3919
0.69534 1.42943
0.745007 1.46697
0.794674 1.5045
0.844341 1.54204
0.894008 1.57957
0.943675 1.61711
0.993342 1.65464
1.04301 1.69218
1.09268 1.72971
1.14234 1.76724
1.19201 1.80478
1.24168 1.84231
1.29135 1.87985
1.34101 1.91738
1.39068 1.95492
1.44035 1.99245
1.49001 2.02999
1.53968 2.06752
1.58935 2.10505
1.63901 2.14259
1.68877 2.14259
1.73853 2.14908
1.78829 2.15557
1.83804 2.16207
1.8878 2.16856
1.93756 2.17505
1.98731 2.18154
2.03707 2.18803
2.08683 2.19453
2.13658 2.20102
2.18634 2.20751
2.2361 2.214
2.28586 2.22049
2.33561 2.22699
2.38537 2.23348
2.43513 2.23997
2.48488 2.24646
2.53464 2.25296
2.5844 2.25945
2.63415 2.26594
2.68391 2.27243
2.73367 2.27892
2.78343 2.28542
2.83318 2.29191
2.88294 2.2984
2.9327 2.30489
2.98245 2.31138
3.03221 2.31788
3.08102 2.31788
3.12983 2.37124
3.17864 2.4246
3.22745 2.47796
3.27625 2.53132
3.32506 2.58469
3.37387 2.63805
3.42268 2.69141
3.47149 2.74477
3.5203 2.79813
3.56911 2.8515
3.61792 2.90486
3.66672 2.95822
3.71553 3.01158
3.76434 3.06494
3.81315 3.11831
3.86196 3.17167
3.91338 3.17167
3.96479 3.27575
4.01621 3.37983
4.06763 3.4839
4.11904 3.58798
4.17046 3.69206
4.22188 3.79614
4.27329 3.90022
4.32471 4.0043
4.37613 4.10838
4.42754 4.21246
4.47896 4.31654
4.53038 4.42062
4.58179 4.5247
4.63321 4.62877
4.68463 4.73285
4.73508 4.73285
4.78553 4.73285
4.83598 4.73285
4.88643 4.73285
4.93689 4.73285
4.98734 4.73285
5.03779 4.73285
5.08824 4.73285
5.13869 4.73285
5.18915 4.73285
5.2396 4.73285
5.29005 4.73285
5.3405 4.73285
5.39096 4.73285
5.44141 4.73285
7.83106 5.8466
10.2207 5.8466
12.6104 5.8466
15.0 5.8466
0.0 0.926281
0.0513915 0.926281
0.102783 0.970106
0.154175 1.01393
0.205566 1.05776
0.256958 1.10158
0.308349 1.14541
0.359741 1.18923
0.411132 1.23306
0.462524 1.27688
0.513915 1.32071
0.565307 1.36453
0.616698 1.40836
0.66809 1.45218
0.719482 1.49601
0.770873 1.53983
0.821421 1.53983
0.87197 1.61729
0.922518 1.69474
0.973066 1.7722
1.02361 1.84965
1.07416 1.92711
1.12471 2.00456
1.17526 2.08202
1.22581 2.15947
1.27636 2.23693
1.3269 2.31439
1.37745 2.39184
1.428 2.4693
1.47855 2.54675
1.5291 2.62421
1.57965 2.70166
1.63019 2.77912
1.68074 2.85658
1.73129 2.93403
1.78184 3.01149
1.83239 3.08894
1.88292 3.08894
1.93344 3.3018
1.98397 3.51466
2.0345 3.72751
2.08503 3.94037
2.13556 4.15323
2.18609 4.36608
2.23662 4.57894
2.28587 4.57894
2.33512 4.58028
2.38437 4.58162
2.43362 4.58295
2.48287 4.58429
2.53212 4.58563
2.58137 4.58697
2.63062 4.58831
2.67987 4.58965
2.72912 4.59099
2.77837 4.59232
2.82762 4.59366
2.87687 4.595
2.92613 4.59634
2.97538 4.59768
3.02463 4.59902
3.07388 4.60036
3.12313 4.60169
3.17238 4.60303
3.22163 4.60437
3.27088 4.60571
3.32013 4.60705
3.36938 4.60839
3.41863 4.60973
3.46788 4.61106
3.51713 4.6124
3.56638 4.61374
3.61564 4.61508
3.66489 4.61642
3.71414 4.61776
3.76391 4.61776
3.81368 4.61776
3.86346 4.61776
3.91323 4.61776
3.963 4.61776
4.01278 4.61776
4.06255 4.61776
4.11233 4.61776
4.1621 4.61776
4.21187 4.61776
4.26165 4.61776
4.31142 4.61776
4.36119 4.61776
4.41097 4.61776
4.46074 4.61776
4.51051 4.61776
4.56029 4.61776
4.61006 4.61776
4.65983 4.61776
4.70961 4.61776
4.75938 4.61776
4.80915 4.61776
4.85893 4.61776
4.9087 4.61776
4.95848 4.61776
5.00825 4.61776
7.50619 4.83257
10.0041 4.83257
12.5021 4.83257
15.0 4.83257
0.0 0.931121
0.0500071 0.931121
0.100014 0.972859
0.150021 1.0146
0.200028 1.05633
0.250035 1.09807
0.300042 1.13981
0.350049 1.18155
0.400056 1.22329
0.450063 1.26502
0.500071 1.30676
0.550078 1.3485
0.600085 1.39024
0.650092 1.43198
0.700099 1.47371
0.750106 1.51545
0.800113 1.55719
0.85012 1.59893
0.900127 1.64067
0.950134 1.68241
1.00014 1.72414
1.05015 1.76588
1.10016 1.80762
1.15016 1.84936
1.20017 1.8911
1.25018 1.93283
1.30018 1.97457
1.35019 2.01631
1.4002 2.05805
1.4502 2.09979
1.50021 2.14152
1.55022 2.18326
1.60081 2.18326
1.65139 2.19609
1.70198 2.20891
1.75257 2.22174
1.80316 2.23457
1.85375 2.24739
1.90433 2.26022
1.95492 2.27305
2.00551 2.28588
2.0561 2.2987
2.10669 2.31153
2.15728 2.32436
2.20786 2.33718
2.25845 2.35001
2.30904 2.36284
2.35963 2.37566
2.41022 2.38849
2.4608 2.40132
2.51139 2.41414
2.56198 2.42697
2.61257 2.4398
2.66316 2.45262
2.71374 2.46545
2.76433 2.47828
2.81492 2.4911
2.86551 2.50393
2.9161 2.51676
2.96655 2.51676
3.017 2.56659
3.06746 2.61642
3.11791 2.66625
3.16836 2.71608
3.21882 2.76591
3.26927 2.81574
3.31972 2.86557
3.37018 2.9154
3.42063 2.96523
3.47108 3.01506
3.52154 3.06489
3.57199 3.11472
3.62244 3.16455
3.67187 3.16455
3.72129 3.19045
3.77071 3.21634
3.82013 3.24224
3.86955 3.26814
3.91898 3.29404
3.9684 3.31994
4.01782 3.34584
4.06724 3.37173
4.11667 3.39763
4.16609 3.42353
4.21551 3.44943
4.26493 3.47533
4.31436 3.50123
4.36378 3.52712
4.4132 3.55302
4.46262 3.57892
4.51205 3.60482
4.56147 3.63072
4.61118 3.63072
4.6609 3.63072
4.71061 3.63072
4.76033 3.63072
4.81004 3.63072
4.85976 3.63072
4.90947 3.63072
4.95919 3.63072
5.0089 3.63072
5.05862 3.63072
5.10833 3.63072
5.15805 3.63072
5.20776 3.63072
5.25748 3.63072
5.30719 3.63072
5.35691 3.63072
5.40662 3.63072
5.45634 3.63072
5.50605 3.63072
7.87954 5.84935
10.253 5.84935
12.6265 5.84935
15.0 5.84935
0.0 0.915172
0.0488627 0.915172
0.0977254 0.956896
0.146588 0.998619
0.195451 1.04034
0.244314 1.08207
0.293176 1.12379
0.342039 1.16551
0.390902 1.20724
0.439764 1.24896
0.488627 1.29068
0.53749 1.33241
0.586352 1.37413
0.635215 1.41585
0.684078 1.45758
0.732941 1.4993
0.781803 1.54103
0.830666 1.58275
0.879529 1.62447
0.928391 1.6662
0.977254 1.70792
1.0264 1.70792
1.07555 1.76097
1.12469 1.81401
1.17384 1.86706
1.22299 1.9201
1.27213 1.97315
1.32128 2.0262
1.37043 2.07924
1.41957 2.13229
1.46872 2.18533
1.51786 2.23838
1.56701 2.29143
1.61616 2.34447
1.6653 2.39752
1.71445 2.45056
1.7636 2.50361
1.81274 2.55666
1.86189 2.6097
1.91104 2.66275
1.96018 2.71579
2.00933 2.76884
2.05848 2.82188
2.10762 2.87493
2.15677 2.92798
2.20591 2.98102
2.25506 3.03407
2.30474 3.03407
2.35442 3.08091
2.4041 3.12776
2.45378 3.1746
2.50346 3.22145
2.55314 3.26829
2.60283 3.31514
2.65251 3.36198
2.70219 3.40883
2.75187 3.45567
2.80155 3.50252
2.85123 3.54936
2.90091 3.59621
2.95059 3.64305
3.00027 3.6899
3.04995 3.73674
3.09963 3.78358
3.14931 3.83043
3.19899 3.87727
3.24867 3.92412
3.29835 3.97096
3.34803 4.01781
3.39772 4.06465
3.4474 4.1115
3.49708 4.15834
3.54676 4.20519
3.59644 4.25203
3.64612 4.29888
3.6958 4.34572
3.74548 4.39257
3.79516 4.43941
3.84484 4.48626
3.89452 4.5331
3.9442 4.57995
3.99361 4.57995
4.04301 4.58091
4.09241 4.58188
4.14182 4.58284
4.19122 4.5838
4.24062 4.58477
4.29003 4.58573
4.33943 4.5867
4.38883 4.58766
4.43824 4.58863
4.48764 4.58959
4.53704 4.59056
4.58645 4.59152
4.63585 4.59249
4.68525 4.59345
4.73466 4.59441
4.78406 4.59538
4.83346 4.59634
4.88287 4.59731
4.93227 4.59827
4.98168 4.59924
5.03108 4.6002
5.08048 4.60117
5.12989 4.60213
5.17929 4.6031
5.22869 4.60406
5.2781 4.60503
5.3275 4.60599
5.3769 4.60695
5.42631 4.60792
5.47571 4.60888
5.52554 4.60888
5.57537 4.60888
5.6252 4.60888
5.67504 4.60888
5.72487 4.60888
5.7747 4.60888
5.82453 4.60888
5.87436 4.60888
5.92419 4.60888
5.97403 4.60888
6.02386 4.60888
6.07369 4.60888
6.12352 4.60888
6.17335 4.60888
6.22318 4.60888
6.27302 4.60888
6.32285 4.60888
6.37268 4.60888
6.42251 4.60888
6.47234 4.60888
6.52217 4.60888
6.57201 4.60888
6.62184 4.60888
9.41456 4.79554
12.2073 4.79554
15.0 4.79554
0.0 0.924623
0.0494254 0.924623
0.0988508 0.967362
0.148276 1.0101
0.197702 1.05284
0.247127 1.09558
0.296552 1.13832
0.345978 1.18106
0.395403 1.22379
0.444829 1.26653
0.494254 1.30927
0.543679 1.35201
0.593105 1.39475
0.64253 1.43749
0.691956 1.48023
0.741381 1.52297
0.790806 1.56571
0.840232 1.60844
0.889657 1.65118
0.939082 1.69392
0.988508 1.73666
1.03793 1.7794
1.08736 1.82214
1.13678 1.86488
1.18621 1.90762
1.23563 1.95036
1.28506 1.99309
1.33449 2.03583
1.38391 2.07857
1.43334 2.12131
1.48512 2.12131
1.53691 2.18387
1.58869 2.24642
1.64047 2.30898
1.69226 2.37153
1.74404 2.43409
1.79583 2.49665
1.84761 2.5592
1.8994 2.62176
1.95118 2.68431
2.00162 2.68431
2.05206 2.70749
2.1025 2.73067
2.15294 2.75385
2.20339 2.77702
2.25383 2.8002
2.30427 2.82338
2.35471 2.84656
2.40515 2.86973
2.45559 2.89291
2.50603 2.91609
2.55647 2.93927
2.60691 2.96244
2.65735 2.98562
2.70779 3.0088
2.75823 3.03198
2.80867 3.05515
2.85911 3.07833
2.90955 3.10151
2.95977 3.10151
3.00999 3.11816
3.06021 3.13481
3.11043 3.15145
3.16065 3.1681
3.21087 3.18475
3.26109 3.2014
3.31131 3.21804
3.36153 3.23469
3.41175 3.25134
3.46197 3.26799
3.51219 3.28464
3.5624 3.30128
3.61262 3.31793
3.66284 3.33458
3.71306 3.35123
3.76328 3.36788
3.8135 3.38452
3.86372 3.40117
3.91394 3.41782
3.96416 3.43447
4.01438 3.45112
4.0646 3.46776
4.11482 3.48441
4.16504 3.50106
4.21525 3.51771
4.26547 3.53435
4.31528 3.53435
4.36509 3.53435
4.4149 3.53435
4.46471 3.53435
4.51451 3.53435
4.56432 3.53435
4.61413 3.53435
4.66394 3.53435
4.71375 3.53435
4.76356 3.53435
4.81336 3.53435
4.86317 3.53435
4.91298 3.53435
4.96279 3.53435
5.0126 3.53435
5.06241 3.53435
5.11221 3.53435
5.16202 3.53435
5.21183 3.53435
5.26164 3.53435
5.31145 3.53435
5.36125 3.53435
7.77094 5.98627
10.1806 5.98627
12.5903 5.98627
15.0 5.98627
0.0 0.922256
0.0495977 0.922256
0.0991953 0.96526
0.148793 1.00827
0.198391 1.05127
0.247988 1.09428
0.297586 1.13728
0.347184 1.18029
0.396781 1.22329
0.446379 1.2663
0.495977 1.3093
0.545574 1.35231
0.595172 1.39531
0.64477 1.43832
0.694367 1.48132
0.743965 1.52432
0.793563 1.56733
0.84316 1.61033
0.892758 1.65334
0.942356 1.69634
0.991953 1.73935
1.04155 1.78235
1.09115 1.82536
1.14171 1.82536
1.19227 1.88489
1.24283 1.94441
1.29339 2.00394
1.34395 2.06347
1.39451 2.123
1.44507 2.18252
1.49563 2.24205
1.54619 2.30158
1.59675 2.3611
1.64731 2.42063
1.69787 2.48016
1.74843 2.53969
1.79899 2.59921
1.84956 2.65874
1.90012 2.71827
1.95068 2.77779
2.00124 2.83732
2.0518 2.89685
2.10039 2.89685
2.14899 3.06898
2.19758 3.24111
2.24732 3.24111
2.29705 3.26306
2.34679 3.28501
2.39652 3.30696
2.44626 3.32891
2.49599 3.35086
2.54572 3.37281
2.59546 3.39476
2.64519 3.41671
2.69493 3.43866
2.74466 3.46061
2.7944 3.48255
2.84413 3.5045
2.89386 3.52645
2.94331 3.52645
2.99276 3.52645
3.0422 3.52645
3.09165 3.52645
3.1411 3.52645
3.19054 3.52645
3.23999 3.52645
3.28944 3.52645
3.33888 3.52645
3.38833 3.52645
3.43778 3.52645
3.48722 3.52645
3.53667 3.52645
3.58612 3.52645
3.63556 3.52645
3.68501 3.52645
3.73446 3.52645
3.7839 3.52645
3.83335 3.52645
3.8828 3.52645
3.93224 3.52645
3.98169 3.52645
6.73627 5.48538
9.49084 5.48538
12.2454 5.48538
15.0 5.48538
0.0 0.910982
0.0505679 0.910982
0.101136 0.956999
0.151704 1.00302
0.202272 1.04903
0.25284 1.09505
0.303408 1.14107
0.353975 1.18709
0.404543 1.2331
0.455111 1.27912
0.505679 1.32514
0.556247 1.37115
0.606815 1.41717
0.657383 1.46319
0.707951 1.50921
0.758519 1.55522
0.809087 1.60124
0.859655 1.64726
0.910223 1.69327
0.960791 1.73929
1.01172 1.73929
1.06264 1.76937
1.11357 1.79946
1.1645 1.82954
1.21542 1.85963
1.26635 1.88971
1.31728 1.91979
1.3682 1.94988
1.41913 1.97996
1.47006 2.01004
1.52098 2.04013
1.57191 2.07021
1.62284 2.10029
1.67376 2.13038
1.72469 2.16046
1.77562 2.19054
1.82654 2.22063
1.87747 2.25071
1.9284 2.2808
1.97932 2.31088
2.03025 2.34096
2.08097 2.34096
2.13168 2.41351
2.1824 2.48606
2.23311 2.55861
2.28383 2.63116
2.33455 2.70371
2.38526 2.77626
2.43598 2.84881
2.4867 2.92136
2.53741 2.99391
2.58813 3.06646
2.63721 3.06646
2.68629 3.59768
2.73537 4.1289
2.78445 4.66012
2.83476 4.66012
2.88506 4.66012
2.93537 4.66012
2.98567 4.66012
3.03598 4.66012
3.08629 4.66012
3.13659 4.66012
3.1869 4.66012
3.2372 4.66012
3.28751 4.66012
3.33781 4.66012
3.38812 4.66012
3.43843 4.66012
3.48873 4.66012
3.53904 4.66012
3.58934 4.66012
3.63965 4.66012
3.68995 4.66012
3.74026 4.66012
3.79057 4.66012
3.84087 4.66012
3.89118 4.66012
3.94148 4.66012
3.99179 4.66012
4.04209 4.66012
4.0924 4.66012
4.14271 4.66012
4.19301 4.66012
4.24332 4.66012
4.29362 4.66012
4.34393 4.66012
4.39423 4.66012
4.44454 4.66012
4.49485 4.66012
4.54515 4.66012
4.59546 4.66012
4.64576 4.66012
4.69607 4.66012
4.74637 4.66012
4.79668 4.66012
4.84699 4.66012
4.89729 4.66012
4.9476 4.66012
4.9979 4.66012
5.04821 4.66012
5.09851 4.66012
5.14882 4.66012
5.19913 4.66012
5.24943 4.66012
5.29974 4.66012
5.35004 4.66012
5.40035 4.66012
5.45065 4.66012
5.50096 4.66012
5.55127 4.66012
5.60157 4.66012
5.65188 4.66012
5.70218 4.66012
5.75249 4.66012
5.80279 4.66012
5.8531 4.66012
5.90341 4.66012
5.95371 4.66012
6.00402 4.66012
6.05432 4.66012
6.10463 4.66012
6.15493 4.66012
6.20524 4.66012
6.25555 4.66012
6.30585 4.66012
6.35616 4.66012
6.40646 4.66012
6.45677 4.66012
6.50707 4.66012
6.55738 4.66012
6.60769 4.66012
6.65799 4.66012
6.7083 4.66012
6.7586 4.66012
6.80891 4.66012
6.85921 4.66012
9.57281 5.74829
12.2864 5.74829
15.0 5.74829
0.0 0.943795
0.0499765 0.943795
0.099953 0.981491
0.149929 1.01919
0.199906 1.05688
0.249882 1.09458
0.299859 1.13227
0.349835 1.16997
0.399812 1.20766
0.449788 1.24536
0.499765 1.28306
0.549741 1.32075
0.599718 1.35845
0.649694 1.39614
0.699671 1.43384
0.749647 1.47153
0.799624 1.50923
0.8496 1.54692
0.899577 1.58462
0.949553 1.62232
0.99953 1.66001
1.04951 1.69771
1.09948 1.7354
1.14946 1.7731
1.19862 1.7731
1.24779 1.80553
1.29695 1.83796
1.34611 1.8704
1.39528 1.90283
1.44444 1.93526
1.4936 1.9677
1.54277 2.00013
1.59193 2.03256
1.6411 2.06499
1.69026 2.09743
1.73942 2.12986
1.78859 2.16229
1.83775 2.19473
1.88691 2.22716
1.93608 2.25959
1.98524 2.29202
2.0344 2.32446
2.08357 2.35689
2.13273 2.38932
2.18147 2.38932
2.23022 2.42453
2.27896 2.45974
2.3277 2.49495
2.37645 2.53016
2.42519 2.56537
2.47393 2.60058
2.52267 2.63579
2.57142 2.671
2.62016 2.70621
2.6689 2.74142
2.71765 2.77663
2.76639 2.81184
2.81513 2.84705
2.86387 2.88226
2.91262 2.91747
2.96136 2.95268
3.0101 2.98789
3.05885 3.0231
3.10915 3.0231
3.15945 3.11706
3.20975 3.21103
3.26005 3.30499
3.31035 3.39896
3.36066 3.49292
3.41096 3.58688
3.46126 3.68085
3.51156 3.77481
3.56186 3.86877
3.61216 3.96274
3.66247 4.0567
3.71277 4.15067
3.76307 4.24463
3.81337 4.33859
3.86367 4.43256
3.91397 4.52652
3.96428 4.62049
4.01428 4.62049
4.06429 4.62049
4.1143 4.62049
4.16431 4.62049
4.21432 4.62049
4.26432 4.62049
4.31433 4.62049
4.36434 4.62049
4.41435 4.62049
4.46435 4.62049
4.51436 4.62049
4.56437 4.62049
4.61438 4.62049
4.66439 4.62049
4.71439 4.62049
4.7644 4.62049
4.81441 4.62049
4.86442 4.62049
4.91443 4.62049
4.96443 4.62049
5.01444 4.62049
5.06445 4.62049
5.11446 4.62049
5.16446 4.62049
5.21447 4.62049
5.26448 4.62049
5.31449 4.62049
5.3645 4.62049
5.4145 4.62049
5.46451 4.62049
5.51452 4.62049
5.56453 4.62049
5.61453 4.62049
5.66454 4.62049
5.71455 4.62049
5.76456 4.62049
5.81457 4.62049
5.86457 4.62049
5.91458 4.62049
5.96459 4.62049
6.0146 4.62049
6.06461 4.62049
6.11461 4.62049
6.16462 4.62049
6.21463 4.62049
6.26464 4.62049
6.31464 4.62049
6.36465 4.62049
6.41466 4.62049
6.46467 4.62049
6.51468 4.62049
6.56468 4.62049
6.61469 4.62049
9.40979 5.73852
12.2049 5.73852
15.0 5.73852
0.0 0.926209
0.051064 0.926209
0.102128 0.969428
0.153192 1.01265
0.204256 1.05586
0.25532 1.09908
0.306384 1.1423
0.357448 1.18552
0.408512 1.22874
0.459576 1.27196
0.51064 1.31517
0.561704 1.35839
0.612768 1.40161
0.663832 1.44483
0.714896 1.48805
0.76596 1.53127
0.817024 1.57448
0.868088 1.6177
0.919152 1.66092
0.970216 1.70414
1.02128 1.74736
1.07234 1.79058
1.12341 1.83379
1.17447 1.87701
1.22506 1.87701
1.27564 1.90709
1.32623 1.93716
1.37682 1.96723
1.4274 1.99731
1.47799 2.02738
1.52857 2.05745
1.57916 2.08752
1.62975 2.1176
1.68033 2.14767
1.73092 2.17774
1.7815 2.20782
1.83209 2.23789
1.88268 2.26796
1.93326 2.29804
1.98385 2.32811
2.03444 2.35818
2.08502 2.38825
2.13561 2.41833
2.18619 2.4484
2.23678 2.47847
2.28737 2.50855
2.33795 2.53862
2.38854 2.56869
2.43912 2.59877
2.48971 2.62884
2.5403 2.65891
2.59088 2.68899
2.64147 2.71906
2.69205 2.74913
2.74264 2.7792
2.79323 2.80928
2.84381 2.83935
2.8944 2.86942
2.94533 2.86942
2.99627 2.88739
3.04721 2.90535
3.09814 2.92332
3.14908 2.94128
3.20001 2.95925
3.25095 2.97721
3.30188 2.99518
3.35282 3.01315
3.40375 3.03111
3.45469 3.04908
3.50563 3.06704
3.55656 3.08501
3.6075 3.10297
3.65843 3.12094
3.70937 3.1389
3.7603 3.15687
3.81124 3.17483
3.86218 3.1928
3.91311 3.21076
3.9618 3.21076
4.01049 3.22062
4.05918 3.23047
4.10788 3.24033
4.15657 3.25019
4.20526 3.26004
4.25395 3.2699
4.30264 3.27975
4.35133 3.28961
4.40002 3.29946
4.44871 3.30932
4.4974 3.31918
4.54609 3.32903
4.59478 3.33889
4.64348 3.34874
4.69217 3.3586
4.74086 3.36845
4.78955 3.37831
4.83824 3.38817
4.88963 3.38817
4.94102 3.38817
4.99241 3.38817
5.0438 3.38817
5.09519 3.38817
5.14658 3.38817
5.19797 3.38817
5.24936 3.38817
5.30075 3.38817
5.35214 3.38817
5.40353 3.38817
5.45492 3.38817
7.84119 5.59447
10.2275 5.59447
12.6137 5.59447
15.0 5.59447
0.0 0.92344
0.0512116 0.92344
0.102423 0.969798
0.153635 1.01616
0.204847 1.06251
0.256058 1.10887
0.30727 1.15523
0.358481 1.20159
0.409693 1.24795
0.460905 1.2943
0.512116 1.34066
0.563328 1.38702
0.61454 1.43338
0.665751 1.47974
0.716963 1.52609
0.768174 1.57245
0.819386 1.61881
0.870598 1.66517
0.921809 1.71153
0.973021 1.75788
1.02423 1.80424
1.07349 1.80424
1.12274 1.80494
1.172 1.80563
1.22126 1.80633
1.27051 1.80702
1.31977 1.80772
1.36902 1.80842
1.41828 1.80911
1.46753 1.80981
1.51679 1.8105
1.56605 1.8112
1.6153 1.81189
1.66456 1.81259
1.71381 1.81329
1.76307 1.81398
1.81232 1.81468
1.86158 1.81537
1.91083 1.81607
1.96009 1.81677
2.00935 1.81746
2.0586 1.81816
2.10786 1.81885
2.15711 1.81955
2.20637 1.82024
2.25562 1.82094
2.30488 1.82164
2.35289 1.82164
2.40091 1.92018
2.44892 2.01873
2.49693 2.11727
2.54494 2.21582
2.59295 2.31437
2.64097 2.41291
2.69102 2.41291
2.74108 2.49427
2.79113 2.57562
2.84118 2.65697
2.89124 2.73832
2.94129 2.81968
2.99135 2.90103
3.0414 2.98238
3.09145 3.06373
3.14151 3.14509
3.19156 3.22644
3.24162 3.30779
3.29167 3.38914
3.34172 3.4705
3.39178 3.55185
3.44183 3.6332
3.49189 3.71455
3.54194 3.79591
3.59199 3.87726
3.64205 3.95861
3.6921 4.03996
3.74216 4.12132
3.79221 4.20267
3.80037 4.20267
6.60028 4.97758
9.40019 4.97758
12.2001 4.97758
15.0 4.97758
0.0 0.922001
0.0492137 0.922001
0.0984273 0.963847
0.147641 1.00569
0.196855 1.04754
0.246068 1.08938
0.295282 1.13123
0.344496 1.17308
0.393709 1.21492
0.442923 1.25677
0.492137 1.29861
0.54135 1.34046
0.590564 1.38231
0.639778 1.42415
0.688991 1.466
0.738205 1.50784
0.787419 1.54969
0.836632 1.59153
0.885846 1.63338
0.93506 1.67523
0.984273 1.71707
1.03349 1.75892
1.0827 1.80076
1.13191 1.84261
1.18113 1.88446
1.23034 1.9263
1.27956 1.96815
1.32809 1.96815
1.37662 2.0263
1.42515 2.08446
1.47368 2.14261
1.52221 2.20077
1.57074 2.25893
1.61927 2.31708
1.6678 2.37524
1.71634 2.43339
1.76487 2.49155
1.8134 2.5497
1.86193 2.60786
1.91046 2.66602
1.95899 2.72417
2.00752 2.78233
2.05605 2.84048
2.10458 2.89864
2.15516 2.89864
2.20574 2.90793
2.25632 2.91723
2.3069 2.92652
2.35748 2.93581
2.40806 2.94511
2.45864 2.9544
2.50922 2.9637
2.5598 2.97299
2.61037 2.98228
2.66095 2.99158
2.71153 3.00087
2.76211 3.01016
2.81269 3.01946
2.86327 3.02875
2.91385 3.03805
2.96443 3.04734
3.01501 3.05663
3.06559 3.06593
3.11617 3.07522
3.16674 3.08452
3.21732 3.09381
3.2679 3.1031
3.31848 3.1124
3.36906 3.12169
3.41964 3.13099
3.47022 3.14028
3.5208 3.14957
3.57138 3.15887
3.62196 3.16816
3.67254 3.17746
3.72311 3.18675
3.77369 3.19604
3.82427 3.20534
3.87485 3.21463
3.92543 3.22393
3.97601 3.23322
4.02659 3.24251
4.07589 3.24251
4.1252 3.25056
4.1745 3.2586
4.22381 3.26665
4.27311 3.27469
4.32242 3.28273
4.37173 3.29078
4.42103 3.29882
4.47034 3.30687
4.51964 3.31491
4.56895 3.32295
4.61825 3.331
4.66756 3.33904
4.71686 3.34709
4.76617 3.35513
4.81547 3.36318
4.86478 3.37122
4.91408 3.37926
4.96339 3.38731
5.01269 3.39535
5.062 3.4034
5.1113 3.41144
5.16061 3.41948
5.20991 3.42753
5.25856 3.42753
5.30721 3.42753
5.35586 3.42753
5.40451 3.42753
5.45315 3.42753
5.5018 3.42753
5.55045 3.42753
7.91284 5.5578
10.2752 5.5578
12.6376 5.5578
15.0 5.5578
0.0 0.94475
0.0491536 0.94475
0.0983071 0.980967
0.147461 1.01718
0.196614 1.0534
0.245768 1.08962
0.294921 1.12584
0.344075 1.16206
0.393229 1.19827
0.442382 1.23449
0.491536 1.27071
0.540689 1.30693
0.589843 1.34314
0.638996 1.37936
0.68815 1.41558
0.737304 1.4518
0.786457 1.48801
0.835611 1.52423
0.884764 1.56045
0.933918 1.59667
0.983071 1.63288
1.03222 1.6691
1.08138 1.70532
1.13053 1.74154
1.17972 1.74154
1.22891 1.77159
1.2781 1.80165
1.32729 1.8317
1.37648 1.86175
1.42567 1.89181
1.47486 1.92186
1.52405 1.95192
1.57324 1.98197
1.62243 2.01203
1.67162 2.04208
1.72081 2.07213
1.77 2.10219
1.81919 2.13224
1.86838 2.1623
1.91757 2.19235
1.96676 2.22241
2.01595 2.25246
2.06514 2.28252
2.11433 2.31257
2.16352 2.34262
2.21271 2.37268
2.2619 2.40273
2.31109 2.43279
2.35996 2.43279
2.40882 2.46238
2.45768 2.49197
2.50655 2.52156
2.55541 2.55116
2.60427 2.58075
2.65313 2.61034
2.702 2.63993
2.75086 2.66952
2.79972 2.69912
2.84858 2.72871
2.89745 2.7583
2.94631 2.78789
2.99517 2.81748
3.04403 2.84708
3.0929 2.87667
3.14176 2.90626
3.19062 2.93585
3.23948 2.96545
3.28943 2.96545
3.33937 2.98911
3.38931 3.01278
3.43925 3.03644
3.48919 3.06011
3.53913 3.08377
3.58907 3.10744
3.63901 3.1311
3.68895 3.15477
3.73889 3.17843
3.78883 3.2021
3.83877 3.22576
3.88871 3.24943
3.93865 3.27309
3.9886 3.29676
4.03854 3.32042
4.08848 3.34409
4.13842 3.36775
4.18836 3.39142
4.2383 3.41508
4.28824 3.43875
4.33818 3.46241
4.38812 3.48608
4.43806 3.50974
4.488 3.53341
4.53794 3.55707
4.58788 3.58074
4.63782 3.6044
4.68777 3.62807
4.73771 3.65173
4.78765 3.6754
4.83759 3.69907
4.88753 3.72273
4.93747 3.7464
4.98741 3.77006
5.03735 3.79373
5.08729 3.81739
5.13723 3.84106
5.18717 3.86472
5.23711 3.88839
5.28705 3.91205
5.33699 3.93572
5.38694 3.95938
5.43688 3.98305
5.48682 4.00671
5.53676 4.03038
5.5867 4.05404
5.63664 4.07771
5.68658 4.10137
5.73652 4.12504
5.78646 4.1487
5.8364 4.17237
5.88634 4.19603
5.93628 4.2197
5.98622 4.24336
6.03616 4.26703
6.08611 4.29069
6.13605 4.31436
6.18599 4.33802
6.23593 4.36169
6.28587 4.38535
6.33581 4.40902
6.38575 4.43269
6.43569 4.45635
6.48563 4.48002
6.53557 4.50368
6.58551 4.52735
6.63545 4.55101
6.68539 4.57468
6.73539 4.57468
6.78538 4.57468
6.83537 4.57468
6.88537 4.57468
6.93536 4.57468
6.98535 4.57468
7.03535 4.57468
7.08534 4.57468
7.13533 4.57468
7.18533 4.57468
7.23532 4.57468
7.28531 4.57468
7.33531 4.57468
7.3853 4.57468
7.43529 4.57468
7.48529 4.57468
7.53528 4.57468
7.58527 4.57468
7.63527 4.57468
10.0902 5.7403
12.5451 5.7403
15.0 5.7403
0.0 0.935199
0.0498988 0.935199
0.0997976 0.975527
0.149696 1.01586
0.199595 1.05618
0.249494 1.09651
0.299393 1.13684
0.349292 1.17717
0.399191 1.2175
0.449089 1.25783
0.498988 1.29815
0.548887 1.33848
0.598786 1.37881
0.648685 1.41914
0.698584 1.45947
0.748482 1.4998
0.798381 1.54013
0.84828 1.58045
0.898179 1.62078
0.948078 1.66111
0.997976 1.70144
1.04788 1.74177
1.09777 1.7821
1.14767 1.82242
1.19757 1.86275
1.2471 1.86275
1.29664 1.89938
1.34617 1.936
1.3957 1.97263
1.44524 2.00925
1.49477 2.04588
1.5443 2.0825
1.59383 2.11913
1.64337 2.15575
1.6929 2.19238
1.74243 2.229
1.79196 2.26563
1.8415 2.30225
1.89103 2.33888
1.94056 2.3755
1.9901 2.41213
2.03963 2.44875
2.08916 2.48538
2.13869 2.522
2.18823 2.55863
2.23776 2.59525
2.28729 2.63188
2.33682 2.6685
2.38636 2.70513
2.43589 2.74175
2.48542 2.77838
2.53496 2.815
2.58449 2.85163
2.63402 2.88825
2.68355 2.92488
2.7339 2.92488
2.78424 2.92912
2.83459 2.93335
2.88493 2.93759
2.93528 2.94182
2.98562 2.94606
3.03597 2.9503
3.08631 2.95453
3.13666 2.95877
3.187 2.963
3.23735 2.96724
3.28769 2.97148
3.33804 2.97571
3.38838 2.97995
3.43873 2.98418
3.48907 2.98842
3.53942 2.99266
3.58976 2.99689
3.64011 3.00113
3.69045 3.00536
3.7408 3.0096
3.79114 3.01384
3.84149 3.01807
3.89184 3.02231
3.94218 3.02654
3.99253 3.03078
4.04287 3.03502
4.09322 3.03925
4.14356 3.04349
4.19391 3.04772
4.24425 3.05196
4.2946 3.0562
4.34494 3.06043
4.39529 3.06467
4.44563 3.0689
4.49598 3.07314
4.54632 3.07738
4.59667 3.08161
4.64701 3.08585
4.69736 3.09008
4.7477 3.09432
4.79805 3.09856
4.84839 3.10279
4.89874 3.10703
4.94908 3.11126
4.99943 3.1155
5.04977 3.11974
5.10012 3.12397
5.15046 3.12821
5.19983 3.12821
5.24921 3.1427
5.29858 3.1572
5.34795 3.17169
5.39732 3.18619
5.44669 3.20068
5.49607 3.21518
5.54544 3.22967
5.59481 3.24417
5.64418 3.25866
5.69355 3.27316
5.74293 3.28765
5.7923 3.30215
5.84167 3.31664
5.89104 3.33114
5.94042 3.34563
5.98979 3.36013
6.03916 3.37462
6.08853 3.38912
6.1379 3.40361
6.18728 3.41811
6.23665 3.4326
6.28602 3.4471
6.33539 3.46159
6.38511 3.46159
6.43484 3.46159
6.48456 3.46159
6.53428 3.46159
6.584 3.46159
6.63372 3.46159
6.68344 3.46159
6.73317 3.46159
6.78289 3.46159
6.83261 3.46159
6.88233 3.46159
6.93205 3.46159
6.98177 3.46159
7.0315 3.46159
7.08122 3.46159
7.13094 3.46159
7.18066 3.46159
7.23038 3.46159
9.82025 5.40818
12.4101 5.40818
15.0 5.40818
0.0 0.950795
0.0509334 0.950795
0.101867 0.987877
0.1528 1.02496
0.203734 1.06204
0.254667 1.09912
0.3056 1.13621
0.356534 1.17329
0.407467 1.21037
0.458401 1.24745
0.509334 1.28454
0.560267 1.32162
0.611201 1.3587
0.662134 1.39578
0.713068 1.43286
0.764001 1.46995
0.814934 1.50703
0.865868 1.54411
0.916801 1.58119
0.967735 1.61828
1.01867 1.65536
1.0696 1.69244
1.12053 1.72952
1.17147 1.76661
1.2224 1.80369
1.27333 1.84077
1.32427 1.87785
1.37544 1.87785
1.42661 1.94621
1.47778 2.01457
1.52895 2.08292
1.58012 2.15128
1.63129 2.21964
1.68246 2.288
1.73363 2.35635
1.7848 2.42471
1.83597 2.49307
1.88714 2.56143
1.93831 2.62978
1.98948 2.69814
2.04065 2.7665
2.09182 2.83485
2.14299 2.90321
2.19182 2.90321
2.24065 2.91609
2.28947 2.92897
2.3383 2.94185
2.38713 2.95472
2.43596 2.9676
2.48479 2.98048
2.53362 2.99336
2.58245 3.00623
2.63128 3.01911
2.68011 3.03199
2.72894 3.04487
2.77777 3.05774
2.82659 3.07062
2.87542 3.0835
2.92425 3.09638
2.97102 3.09638
3.01779 3.15685
3.06455 3.21733
3.11132 3.27781
3.15809 3.33828
3.20485 3.39876
3.25162 3.45924
3.3015 3.45924
3.35138 3.45924
3.40126 3.45924
3.45114 3.45924
3.50103 3.45924
3.55091 3.45924
3.60079 3.45924
3.65067 3.45924
3.70055 3.45924
3.75043 3.45924
3.80031 3.45924
3.85019 3.45924
3.90007 3.45924
3.94995 3.45924
3.99983 3.45924
4.04972 3.45924
4.0996 3.45924
4.14948 3.45924
4.19936 3.45924
4.24924 3.45924
4.29912 3.45924
4.349 3.45924
4.39888 3.45924
4.44876 3.45924
4.49864 3.45924
4.54852 3.45924
4.59841 3.45924
4.64829 3.45924
4.69817 3.45924
4.74805 3.45924
4.79793 3.45924
4.84781 3.45924
7.38586 5.32693
9.9239 5.32693
12.462 5.32693
15.0 5.32693
0.0 0.922206
0.0512397 0.922206
0.102479 0.967446
0.153719 1.01269
0.204959 1.05793
0.256199 1.10317
0.307438 1.14841
0.358678 1.19364
0.409918 1.23888
0.461157 1.28412
0.512397 1.32936
0.563637 1.3746
0.614877 1.41984
0.666116 1.46508
0.717356 1.51032
0.768596 1.55556
0.819835 1.6008
0.871075 1.64604
0.922315 1.69128
0.972834 1.69128
1.02335 1.71291
1.07387 1.73454
1.12439 1.75617
1.17491 1.77779
1.22543 1.79942
1.27595 1.82105
1.32647 1.84268
1.37699 1.86431
1.42751 1.88593
1.47803 1.90756
1.52855 1.92919
1.57907 1.95082
1.62959 1.97245
1.6801 1.99408
1.73062 2.0157
1.78114 2.03733
1.83166 2.05896
1.88218 2.08059
1.9327 2.10222
1.98322 2.12384
2.03374 2.14547
2.08426 2.1671
2.13478 2.18873
2.1853 2.21036
2.23582 2.23198
2.28634 2.25361
2.33686 2.27524
2.38737 2.29687
2.43789 2.3185
2.48841 2.34012
2.53826 2.34012
2.5881 2.3479
2.63794 2.35568
2.68778 2.36346
2.73763 2.37124
2.78747 2.37902
2.83731 2.3868
2.88716 2.39458
2.937 2.40236
2.98684 2.41014
3.03668 2.41792
3.08653 2.4257
3.13637 2.43348
3.18621 2.44126
3.23605 2.44904
3.2859 2.45682
3.33574 2.4646
3.38558 2.47238
3.43543 2.48016
3.48527 2.48794
3.53511 2.49572
3.58495 2.5035
3.6348 2.51128
3.68464 2.51906
3.73448 2.52684
3.78432 2.53462
3.83417 2.5424
3.88401 2.55018
3.93385 2.55796
3.9837 2.56574
4.03354 2.57352
4.08338 2.5813
4.13322 2.58908
4.18307 2.59686
4.23291 2.60464
4.28275 2.61242
4.33259 2.6202
4.38244 2.62798
4.43228 2.63576
4.48212 2.64354
4.53197 2.65132
4.58181 2.6591
4.63165 2.66688
4.68149 2.67466
4.73134 2.68244
4.78118 2.69022
4.83102 2.698
4.88086 2.70578
4.93071 2.71356
4.98055 2.72134
5.03039 2.72912
5.08105 2.72912
5.13171 2.83012
5.18236 2.93113
5.23302 3.03213
5.28368 3.13313
5.33433 3.23414
5.38499 3.33514
5.43564 3.43615
5.4863 3.53715
5.53696 3.63816
5.58761 3.73916
5.63827 3.84016
5.68893 3.94117
5.73958 4.04217
5.79024 4.14318
5.8409 4.24418
5.89155 4.34518
5.94221 4.44619
5.99287 4.54719
6.0419 4.54719
6.09093 4.54719
6.13996 4.54719
6.18899 4.54719
6.23802 4.54719
6.28705 4.54719
6.33608 4.54719
6.38512 4.54719
6.43415 4.54719
6.48318 4.54719
6.53221 4.54719
6.58124 4.54719
6.63027 4.54719
6.6793 4.54719
6.72833 4.54719
6.77737 4.54719
6.8264 4.54719
6.87543 4.54719
6.92446 4.54719
6.97349 4.54719
7.02252 4.54719
9.68168 5.72638
12.3408 5.72638
15.0 5.72638
0.0 0.919165
0.0492141 0.919165
0.0984281 0.960794
0.147642 1.00242
0.196856 1.04405
0.24607 1.08568
0.295284 1.12731
0.344498 1.16894
0.393712 1.21057
0.442927 1.2522
0.492141 1.29383
0.541355 1.33546
0.590569 1.37709
0.639783 1.41872
0.688997 1.46035
0.738211 1.50198
0.787425 1.54361
0.836639 1.58524
0.885853 1.62687
0.935067 1.6685
0.984281 1.71013
1.0335 1.75176
1.08271 1.79339
1.13192 1.83502
1.18114 1.87665
1.23035 1.91828
1.27957 1.95991
1.32878 2.00154
1.37799 2.04317
1.42721 2.08479
1.47642 2.08479
1.52564 2.11399
1.57485 2.14318
1.62407 2.17237
1.67328 2.20156
1.7225 2.23075
1.77172 2.25995
1.82093 2.28914
1.87015 2.31833
1.91936 2.34752
1.96858 2.37671
2.01779 2.4059
2.06701 2.4351
2.11622 2.46429
2.16544 2.49348
2.21465 2.52267
2.26387 2.55186
2.31308 2.58105
2.3623 2.61025
2.41151 2.63944
2.46073 2.66863
2.50995 2.66863
2.55917 2.67025
2.60839 2.67188
2.65762 2.6735
2.70684 2.67513
2.75606 2.67675
2.80528 2.67838
2.8545 2.68
2.90372 2.68162
2.95295 2.68325
3.00217 2.68487
3.05139 2.6865
3.10061 2.68812
3.14983 2.68975
3.19905 2.69137
3.24828 2.69299
3.2975 2.69462
3.34672 2.69624
3.39594 2.69787
3.44516 2.69949
3.49438 2.70111
3.5436 2.70274
3.59283 2.70436
3.64205 2.70599
3.69127 2.70761
3.74049 2.70924
3.78971 2.71086
3.83893 2.71248
3.88816 2.71411
3.93738 2.71573
3.9866 2.71736
4.03618 2.71736
4.08575 2.77089
4.13533 2.82443
4.18491 2.87796
4.23449 2.9315
4.28406 2.98504
4.33364 3.03857
4.38322 3.09211
4.4328 3.14564
4.48237 3.19918
4.53195 3.25271
4.58153 3.30625
4.63127 3.30625
4.68102 3.30625
4.73076 3.30625
4.7805 3.30625
4.83024 3.30625
4.87999 3.30625
4.92973 3.30625
4.97947 3.30625
5.02921 3.30625
5.07896 3.30625
5.1287 3.30625
5.17844 3.30625
5.22819 3.30625
5.27793 3.30625
5.32767 3.30625
5.37741 3.30625
5.42716 3.30625
5.4769 3.30625
5.52664 3.30625
5.57638 3.30625
5.62613 3.30625
5.67587 3.30625
5.72561 3.30625
5.77535 3.30625
5.8251 3.30625
5.87484 3.30625
5.92458 3.30625
5.97433 3.30625
6.02407 3.30625
6.07381 3.30625
6.12355 3.30625
6.1733 3.30625
6.22304 3.30625
6.27278 3.30625
6.32252 3.30625
6.37227 3.30625
6.42201 3.30625
6.47175 3.30625
6.5215 3.30625
6.57124 3.30625
6.62098 3.30625
9.41399 5.03697
12.207 5.03697
15.0 5.03697
0.0 0.932035
0.0486087 0.932035
0.0972175 0.971378
0.145826 1.01072
0.194435 1.05006
0.243044 1.08941
0.291652 1.12875
0.340261 1.16809
0.38887 1.20744
0.437479 1.24678
0.486087 1.28612
0.534696 1.32546
0.583305 1.36481
0.631913 1.40415
0.680522 1.44349
0.729131 1.48284
0.77774 1.52218
0.826348 1.56152
0.876285 1.56152
0.926222 1.58118
0.976159 1.60084
1.0261 1.6205
1.07603 1.64016
1.12597 1.65982
1.17591 1.67947
1.22584 1.69913
1.27578 1.71879
1.32572 1.73845
1.37565 1.75811
1.42559 1.77777
1.47553 1.79743
1.52547 1.81708
1.5754 1.83674
1.62534 1.8564
1.67528 1.87606
1.72521 1.89572
1.77515 1.91538
1.82509 1.93504
1.87502 1.95469
1.92496 1.97435
1.9749 1.99401
2.02483 2.01367
2.07477 2.03333
2.12471 2.05299
2.17464 2.07265
2.22458 2.09231
2.27452 2.11196
2.32446 2.13162
2.37439 2.15128
2.42433 2.17094
2.47427 2.1906
2.5242 2.21026
2.57414 2.22992
2.62408 2.24957
2.67401 2.26923
2.72395 2.28889
2.77389 2.30855
2.82382 2.32821
2.87376 2.34787
2.92381 2.34787
2.97385 2.37526
3.02389 2.40265
3.07394 2.43003
3.12398 2.45742
3.17403 2.48481
3.22407 2.5122
3.27411 2.53959
3.32416 2.56698
3.3742 2.59437
3.42425 2.62175
3.47429 2.64914
3.52434 2.67653
3.57438 2.70392
3.62442 2.73131
3.67447 2.7587
3.72451 2.78609
3.77456 2.81348
3.8246 2.84086
3.87734 2.84086
3.93008 3.80596
3.98281 4.77105
4.03275 4.77105
4.08268 4.77105
4.13262 4.77105
4.18255 4.77105
4.23249 4.77105
4.28242 4.77105
4.33236 4.77105
4.38229 4.77105
4.43223 4.77105
4.48216 4.77105
4.5321 4.77105
4.58203 4.77105
4.63197 4.77105
4.6819 4.77105
4.73184 4.77105
4.78177 4.77105
4.83171 4.77105
4.88164 4.77105
4.93158 4.77105
4.98151 4.77105
5.03145 4.77105
5.08139 4.77105
5.13132 4.77105
5.18126 4.77105
5.23119 4.77105
5.28113 4.77105
5.33106 4.77105
5.381 4.77105
5.43093 4.77105
5.48087 4.77105
5.5308 4.77105
5.58074 4.77105
5.63067 4.77105
5.68061 4.77105
8.01045 5.57019
10.3403 5.57019
12.6702 5.57019
15.0 5.57019
0.0 0.930109
0.0522268 0.930109
0.104454 0.973496
0.15668 1.01688
0.208907 1.06027
0.261134 1.10365
0.313361 1.14704
0.365588 1.19043
0.417814 1.23381
0.470041 1.2772
0.522268 1.32059
0.574495 1.36397
0.625405 1.36397
0.676315 1.40464
0.727225 1.4453
0.778135 1.48596
0.829045 1.52663
0.879955 1.56729
0.930866 1.60796
0.981776 1.64862
1.03269 1.68928
1.0836 1.72995
1.13451 1.77061
1.18542 1.81128
1.23633 1.85194
1.28724 1.8926
1.33815 1.93327
1.38906 1.97393
1.43997 2.0146
1.49088 2.05526
1.54179 2.09592
1.5927 2.13659
1.64361 2.17725
1.69452 2.21792
1.74543 2.25858
1.79634 2.29924
1.84725 2.33991
1.89816 2.38057
1.94785 2.38057
1.99753 2.40305
2.04722 2.42554
2.09691 2.44802
2.14659 2.4705
2.19628 2.49298
2.24597 2.51546
2.29566 2.53794
2.34534 2.56042
2.39503 2.58291
2.44472 2.60539
2.49441 2.62787
2.54409 2.65035
2.59378 2.67283
2.64347 2.69531
2.69316 2.71779
2.74284 2.74028
2.79253 2.76276
2.84222 2.78524
2.89191 2.80772
2.94159 2.8302
2.99128 2.85268
3.04097 2.87517
3.0904 2.87517
3.13983 3.19207
3.18927 3.50898
3.2387 3.82588
3.28813 4.14279
3.33757 4.45969
3.387 4.7766
3.43696 4.7766
3.48692 4.7766
3.53687 4.7766
3.58683 4.7766
3.63679 4.7766
3.68675 4.7766
3.73671 4.7766
3.78667 4.7766
3.83663 4.7766
3.88659 4.7766
3.93655 4.7766
3.9865 4.7766
4.03646 4.7766
4.08642 4.7766
4.13638 4.7766
4.18634 4.7766
4.2363 4.7766
4.28626 4.7766
4.33622 4.7766
4.38618 4.7766
4.43613 4.7766
4.48609 4.7766
4.53605 4.7766
7.15204 5.67581
9.76803 5.67581
12.384 5.67581
15.0 5.67581
0.0 0.928784
0.0490091 0.928784
0.0980183 0.968483
0.147027 1.00818
0.196037 1.04788
0.245046 1.08758
0.294055 1.12728
0.343064 1.16698
0.392073 1.20667
0.441082 1.24637
0.490091 1.28607
0.5391 1.32577
0.58811 1.36547
0.639901 1.36547
0.691693 1.54057
0.743485 1.71566
0.795276 1.89076
0.847068 2.06586
0.89886 2.24096
0.950651 2.41606
1.00093 2.41606
1.05121 2.43399
1.10149 2.45193
1.15176 2.46987
1.20204 2.48781
1.25232 2.50575
1.3026 2.52368
1.35288 2.54162
1.40315 2.55956
1.45343 2.5775
1.50371 2.59544
1.55399 2.61337
1.60427 2.63131
1.65454 2.64925
1.70482 2.66719
1.7551 2.68513
1.80538 2.70306
1.8565 2.70306
1.90762 2.82235
1.95874 2.94163
2.00986 3.06091
2.06098 3.18019
2.1121 3.29948
2.16322 3.41876
2.21434 3.53804
2.26546 3.65732
2.31658 3.77661
2.3677 3.89589
2.41882 4.01517
2.46994 4.13445
2.52106 4.25374
2.57218 4.37302
2.6233 4.4923
2.67442 4.61158
2.72554 4.73087
2.77654 4.73087
2.82753 4.73087
2.87852 4.73087
2.92952 4.73087
2.98051 4.73087
3.0315 4.73087
3.0825 4.73087
3.13349 4.73087
3.18449 4.73087
5.54759 5.72123
7.91069 5.72123
10.2738 5.72123
12.6369 5.72123
15.0 5.72123
0.0 0.942047
0.050516 0.942047
0.101032 0.97778
0.151548 1.01351
0.202064 1.04925
0.25258 1.08498
0.303096 1.12071
0.353612 1.15645
0.404128 1.19218
0.454644 1.22791
0.50516 1.26364
0.555676 1.29938
0.605176 1.29938
0.654677 1.43884
0.704177 1.5783
0.753678 1.71776
0.803178 1.85722
0.852679 1.99667
0.902179 2.13613
0.95168 2.27559
1.00118 2.41505
1.05362 2.41505
1.10605 2.44369
1.15849 2.47233
1.21093 2.50097
1.26336 2.52961
1.3158 2.55825
1.36823 2.58689
1.42067 2.61552
1.47311 2.64416
1.52554 2.6728
1.57742 2.6728
1.62929 3.07369
1.68116 3.47458
1.73303 3.87547
1.78491 4.27636
1.83678 4.67725
1.89081 4.67725
1.94484 4.67725
1.99887 4.67725
2.0529 4.67725
2.10693 4.67725
4.68554 5.5846
7.26416 5.5846
9.84277 5.5846
12.4214 5.5846
15.0 5.5846
0.0 0.957794
0.0519944 0.957794
0.103989 0.992377
0.155983 1.02696
0.207978 1.06154
0.259972 1.09613
0.311966 1.13071
0.360677 1.13071
0.409389 1.18881
0.4581 1.24691
0.506811 1.30501
0.555522 1.36311
0.604233 1.42121
0.652944 1.47931
0.701655 1.5374
0.750366 1.5955
0.799077 1.6536
0.847788 1.7117
0.896499 1.7698
0.94521 1.8279
0.993922 1.886
1.04263 1.9441
1.09134 2.0022
1.14005 2.0603
1.19185 2.0603
1.24364 2.07915
1.29544 2.09801
1.34723 2.11686
1.39903 2.13572
1.45082 2.15457
1.50261 2.17343
1.55441 2.19228
1.6062 2.21114
1.658 2.22999
1.70979 2.24885
1.76159 2.2677
1.80837 2.2677
1.85515 2.72357
1.90192 3.17944
1.9487 3.63531
1.99548 4.09117
2.04901 4.09117
2.10254 4.09117
2.15607 4.09117
2.2096 4.09117
2.26313 4.09117
2.31666 4.09117
2.37019 4.09117
4.89615 4.77151
7.42211 4.77151
9.94807 4.77151
12.474 4.77151
15.0 4.77151
0.0 0.921308
0.0502199 0.921308
0.10044 0.963348
0.15066 1.00539
0.20088 1.04743
0.2511 1.08947
0.301319 1.13151
0.351539 1.17355
0.401759 1.21559
0.451979 1.25763
0.502199 1.29967
0.552419 1.34171
0.602639 1.38375
0.652859 1.42579
0.703079 1.46783
0.753299 1.50987
0.803519 1.55191
0.853738 1.59395
0.903958 1.636
0.954178 1.67804
1.0044 1.72008
1.05462 1.76212
1.10484 1.80416
1.15506 1.8462
1.20528 1.88824
1.2555 1.93028
1.30572 1.97232
1.35594 2.01436
1.40616 2.0564
1.4583 2.0564
1.51044 2.177
1.56258 2.2976
1.61472 2.4182
1.66686 2.5388
1.719 2.6594
1.7691 2.6594
1.8192 2.66762
1.8693 2.67584
1.91941 2.68406
1.96951 2.69228
2.01961 2.70049
2.06971 2.70871
2.11981 2.71693
2.16991 2.72515
2.22001 2.73337
2.27011 2.74159
2.32021 2.74981
2.37032 2.75802
2.42042 2.76624
2.47052 2.77446
2.52062 2.78268
2.57072 2.7909
2.62082 2.79912
2.67092 2.80734
2.72102 2.81555
2.77112 2.82377
2.82138 2.82377
2.87165 2.84281
2.92191 2.86184
2.97217 2.88088
3.02243 2.89991
3.07269 2.91895
3.12295 2.93798
3.17321 2.95702
3.22347 2.97605
3.27373 2.99509
3.32399 3.01412
3.37425 3.03316
3.42451 3.05219
3.47477 3.07123
3.52503 3.09026
3.5753 3.1093
3.62556 3.12833
3.67582 3.14737
3.72608 3.1664
3.77634 3.18544
3.8266 3.20447
3.87619 3.20447
3.92579 3.20447
3.97539 3.20447
4.02498 3.20447
4.07458 3.20447
4.12417 3.20447
4.17377 3.20447
4.22336 3.20447
4.27296 3.20447
4.32256 3.20447
4.37215 3.20447
4.42175 3.20447
4.47134 3.20447
4.52094 3.20447
4.57053 3.20447
4.62013 3.20447
4.66973 3.20447
4.71932 3.20447
4.76892 3.20447
4.81851 3.20447
4.86811 3.20447
4.9177 3.20447
4.9673 3.20447
5.01689 3.20447
5.06649 3.20447
7.54987 5.13213
10.0332 5.13213
12.5166 5.13213
15.0 5.13213
0.0 0.917376
0.0492702 0.917376
0.0985404 0.95916
0.147811 1.00094
0.197081 1.04273
0.246351 1.08451
0.295621 1.12629
0.344891 1.16808
0.394162 1.20986
0.443432 1.25165
0.492702 1.29343
0.541972 1.33521
0.591242 1.377
0.640513 1.41878
0.689783 1.46056
0.739053 1.50235
0.788323 1.54413
0.837594 1.58591
0.886864 1.6277
0.936134 1.66948
0.985404 1.71127
1.03467 1.75305
1.08394 1.79483
1.13321 1.83662
1.18248 1.8784
1.23176 1.92018
1.28103 1.96197
1.3303 2.00375
1.38483 2.00375
1.43936 2.34422
1.49389 2.68469
1.54316 2.68469
1.59242 2.69859
1.64169 2.71249
1.69095 2.72638
1.74022 2.74028
1.78948 2.75418
1.83875 2.76807
1.88802 2.78197
1.93728 2.79587
1.98655 2.80976
2.03581 2.82366
2.08508 2.83756
2.13527 2.83756
2.18547 2.85919
2.23567 2.88083
2.28587 2.90246
2.33607 2.9241
2.38627 2.94573
2.43646 2.96737
2.48666 2.989
2.53686 3.01064
2.58706 3.03227
2.63726 3.05391
2.68745 3.07554
2.73765 3.09718
2.78785 3.11881
2.83805 3.14045
2.88825 3.16208
2.93845 3.18372
2.98864 3.20535
3.03884 3.22699
3.08904 3.24862
3.13939 3.24862
3.18974 3.24862
3.24008 3.24862
3.29043 3.24862
3.34078 3.24862
3.39112 3.24862
3.44147 3.24862
3.49182 3.24862
3.54217 3.24862
3.59251 3.24862
3.64286 3.24862
3.69321 3.24862
3.74356 3.24862
3.7939 3.24862
3.84425 3.24862
3.8946 3.24862
3.94494 3.24862
3.99529 3.24862
4.04564 3.24862
4.09599 3.24862
4.14633 3.24862
4.19668 3.24862
4.24703 3.24862
4.29737 3.24862
4.34772 3.24862
4.39807 3.24862
4.44842 3.24862
4.49876 3.24862
4.54911 3.24862
4.59946 3.24862
4.64981 3.24862
4.70015 3.24862
4.7505 3.24862
4.80085 3.24862
4.85119 3.24862
4.90154 3.24862
4.95189 3.24862
7.46392 5.14285
9.97594 5.14285
12.488 5.14285
15.0 5.14285
0.0 0.957549
0.050481 0.957549
0.100962 0.991798
0.151443 1.02605
0.201924 1.0603
0.252366 1.0603
0.302808 1.10816
0.35325 1.15601
0.403691 1.20387
0.454133 1.25173
0.504575 1.29959
0.555017 1.34744
0.605459 1.3953
0.6559 1.44316
0.706342 1.49102
0.756784 1.53887
0.807226 1.58673
0.857668 1.63459
0.90811 1.68245
0.958551 1.7303
1.00899 1.77816
1.05944 1.82602
1.10988 1.87388
1.16032 1.92173
1.21076 1.96959
1.2612 2.01745
1.31164 2.06531
1.36246 2.06531
1.41328 2.0843
1.4641 2.10329
1.51491 2.12229
1.56573 2.14128
1.61655 2.16027
1.66736 2.17927
1.71818 2.19826
1.769 2.21725
1.81981 2.23625
1.87063 2.25524
1.92145 2.27424
1.97226 2.29323
2.02212 2.29323
2.07197 2.49815
2.12182 2.70307
2.17167 2.90799
2.22153 3.11291
2.27138 3.31783
2.32123 3.52276
2.37108 3.72768
2.42093 3.9326
2.47079 4.13752
2.52339 4.13752
2.57599 4.13752
2.62858 4.13752
2.68118 4.13752
2.73378 4.13752
2.78638 4.13752
2.83898 4.13752
5.27119 4.79746
7.70339 4.79746
10.1356 4.79746
12.5678 4.79746
15.0 4.79746
0.0 0.940574
0.0495355 0.940574
0.0990709 0.979162
0.148606 1.01775
0.198142 1.05634
0.247677 1.09493
0.297213 1.13351
0.346748 1.1721
0.396284 1.21069
0.445819 1.24928
0.495355 1.28787
0.54489 1.32645
0.594426 1.36504
0.643961 1.40363
0.693497 1.44222
0.743032 1.48081
0.792567 1.51939
0.842103 1.55798
0.891638 1.59657
0.941174 1.63516
0.990709 1.67375
1.04024 1.71233
1.08978 1.75092
1.13932 1.78951
1.18885 1.8281
1.23839 1.86669
1.28792 1.90527
1.33746 1.94386
1.38699 1.98245
1.43653 2.02104
1.48606 2.05963
1.5356 2.09821
1.58513 2.1368
1.63467 2.17539
1.68421 2.21398
1.73374 2.25257
1.78328 2.29115
1.83281 2.32974
1.88235 2.36833
1.93188 2.40692
1.98142 2.44551
2.03095 2.48409
2.08049 2.52268
2.13031 2.52268
2.18014 2.53804
2.22996 2.5534
2.27979 2.56876
2.32961 2.58412
2.37943 2.59948
2.42926 2.61484
2.47908 2.6302
2.52891 2.64556
2.57873 2.66092
2.62855 2.67628
2.67838 2.69164
2.7282 2.707
2.77802 2.72236
2.82785 2.73772
2.87767 2.75308
2.9275 2.76844
2.97732 2.7838
3.02594 2.7838
3.07456 2.83859
3.12318 2.89339
3.17181 2.94819
3.22043 3.00298
3.26905 3.05778
3.31767 3.11257
3.36629 3.16737
3.41491 3.22216
3.46354 3.27696
3.51216 3.33175
3.56078 3.38655
3.6094 3.44134
3.65802 3.49614
3.70664 3.55093
3.75526 3.60573
3.80389 3.66053
3.85251 3.71532
3.90228 3.71532
3.95206 3.72269
4.00183 3.73005
4.05161 3.73742
4.10138 3.74478
4.15116 3.75215
4.20093 3.75951
4.25071 3.76688
4.30048 3.77425
4.35026 3.78161
4.40003 3.78898
4.44981 3.79634
4.49958 3.80371
4.54936 3.81107
4.59914 3.81844
4.64891 3.82581
4.69869 3.83317
4.74846 3.84054
4.79824 3.8479
4.84801 3.85527
4.89779 3.86263
4.94756 3.87
4.99734 3.87736
5.04711 3.88473
5.09689 3.8921
5.14666 3.89946
5.19644 3.90683
5.24621 3.91419
5.29599 3.92156
5.34576 3.92892
5.39554 3.93629
5.44531 3.94365
5.49509 3.95102
5.54486 3.95839
5.59464 3.96575
5.64442 3.97312
5.69419 3.98048
5.74397 3.98785
5.79374 3.99521
5.84352 4.00258
5.89329 4.00995
5.94307 4.01731
5.99284 4.02468
6.04343 4.02468
6.09403 4.02468
6.14462 4.02468
6.19521 4.02468
6.2458 4.02468
6.29639 4.02468
6.34699 4.02468
6.39758 4.02468
6.44817 4.02468
6.49876 4.02468
6.54935 4.02468
6.59995 4.02468
6.65054 4.02468
6.70113 4.02468
6.75172 4.02468
6.80232 4.02468
6.85291 4.02468
6.9035 4.02468
6.95409 4.02468
7.00468 4.02468
7.05528 4.02468
7.10587 4.02468
7.15646 4.02468
7.20705 4.02468
7.25764 4.02468
7.30824 4.02468
7.35883 4.02468
7.40942 4.02468
7.46001 4.02468
7.5106 4.02468
7.5612 4.02468
10.0408 4.15409
12.5204 4.15409
15.0 4.15409
0.0 0.920255
0.0508901 0.920255
0.10178 0.963979
0.15267 1.0077
0.20356 1.05143
0.25445 1.09515
0.30534 1.13887
0.35623 1.1826
0.40712 1.22632
0.45801 1.27005
0.50932 1.27005
0.560629 1.33499
0.611938 1.39993
0.663247 1.46487
0.714556 1.52981
0.765865 1.59475
0.817174 1.65969
0.868483 1.72463
0.919792 1.78957
0.971101 1.85451
1.02241 1.91945
1.07372 1.9844
1.12503 2.04934
1.17634 2.11428
1.22765 2.17922
1.27896 2.24416
1.33027 2.3091
1.38157 2.37404
1.43122 2.37404
1.48087 2.37841
1.53051 2.38278
1.58016 2.38714
1.62981 2.39151
1.67946 2.39588
1.7291 2.40025
1.77875 2.40462
1.8284 2.40899
1.87804 2.41335
1.92769 2.41772
1.97734 2.42209
2.02698 2.42646
2.07663 2.43083
2.12628 2.43519
2.17592 2.43956
2.22557 2.44393
2.27522 2.4483
2.32487 2.45267
2.37451 2.45703
2.42416 2.4614
2.47381 2.46577
2.52345 2.47014
2.5731 2.47451
2.62275 2.47887
2.67239 2.48324
2.7205 2.48324
2.7686 2.64426
2.81671 2.80528
2.86481 2.9663
2.91292 3.12732
2.96103 3.28834
3.00913 3.44935
3.05724 3.61037
3.10534 3.77139
3.15345 3.93241
3.20155 4.09343
3.24966 4.25445
3.29776 4.41547
3.34744 4.41547
3.39711 4.41547
3.44679 4.41547
3.49647 4.41547
3.54614 4.41547
3.59582 4.41547
3.6455 4.41547
3.69517 4.41547
3.74485 4.41547
3.79453 4.41547
3.8442 4.41547
3.89388 4.41547
3.94355 4.41547
3.99323 4.41547
4.04291 4.41547
4.09258 4.41547
4.14226 4.41547
4.19194 4.41547
4.24161 4.41547
4.29129 4.41547
4.34096 4.41547
4.39064 4.41547
4.44032 4.41547
7.08024 5.58871
9.72016 5.58871
12.3601 5.58871
15.0 5.58871
0.0 0.937841
0.0530621 0.937841
0.106124 0.97648
0.159186 1.01512
0.212248 1.05376
0.26531 1.0924
0.316639 1.0924
0.367967 1.16685
0.419295 1.2413
0.470623 1.31574
0.521952 1.39019
0.57328 1.46464
0.624608 1.53909
0.675936 1.61354
0.727265 1.68798
0.778593 1.76243
0.829921 1.83688
0.881249 1.91133
0.932578 1.98578
0.983906 2.06022
1.03523 2.13467
1.08653 2.13467
1.13784 2.14819
1.18914 2.1617
1.24044 2.17522
1.29174 2.18874
1.34304 2.20225
1.39434 2.21577
1.44564 2.22929
1.49694 2.2428
1.54824 2.25632
1.59954 2.26983
1.65085 2.28335
1.70215 2.29687
1.75345 2.31038
1.80475 2.3239
1.85605 2.33742
1.90258 2.33742
1.9491 2.68491
1.99563 3.03241
2.04216 3.37991
2.08868 3.7274
2.13521 4.0749
2.18782 4.0749
2.24042 4.0749
2.29303 4.0749
2.34564 4.0749
2.39825 4.0749
2.45086 4.0749
2.50346 4.0749
2.55607 4.0749
2.60868 4.0749
5.08694 4.76059
7.56521 4.76059
10.0435 4.76059
12.5217 4.76059
15.0 4.76059
0.0 0.938461
0.0514177 0.938461
0.102835 0.980594
0.154253 1.02273
0.205671 1.06486
0.257088 1.10699
0.308506 1.14913
0.359924 1.19126
0.411342 1.23339
0.462759 1.27553
0.514177 1.31766
0.564328 1.31766
0.61448 1.35647
0.664631 1.39528
0.714783 1.43408
0.764934 1.47289
0.815085 1.5117
0.865237 1.55051
0.915388 1.58932
0.965539 1.62813
1.01569 1.66693
1.06584 1.70574
1.11599 1.74455
1.16615 1.78336
1.2163 1.82217
1.26645 1.86098
1.3166 1.89978
1.36675 1.93859
1.4169 1.9774
1.46705 2.01621
1.5172 2.05502
1.56736 2.09383
1.61751 2.13264
1.66766 2.17144
1.71781 2.21025
1.76796 2.24906
1.81811 2.28787
1.86828 2.28787
1.91845 2.29874
1.96861 2.30961
2.01878 2.32048
2.06894 2.33135
2.11911 2.34222
2.16928 2.35309
2.21944 2.36396
2.26961 2.37483
2.31978 2.3857
2.36994 2.39657
2.42011 2.40744
2.47028 2.41831
2.52044 2.42918
2.57061 2.44005
2.62078 2.45092
2.67094 2.46179
2.72111 2.47266
2.77127 2.48353
2.82144 2.4944
2.87161 2.50527
2.92177 2.51614
2.97194 2.52701
3.02211 2.53788
3.07227 2.54875
3.12244 2.55962
3.17261 2.57049
3.22277 2.58136
3.27294 2.59223
3.3231 2.6031
3.37327 2.61397
3.42274 2.61397
3.47222 3.22539
3.52169 3.83681
3.57116 4.44823
3.62184 4.44823
3.67251 4.44823
3.72318 4.44823
3.77385 4.44823
3.82453 4.44823
3.8752 4.44823
3.92587 4.44823
3.97655 4.44823
4.02722 4.44823
4.07789 4.44823
4.12856 4.44823
4.17924 4.44823
4.22991 4.44823
4.28058 4.44823
4.33125 4.44823
4.38193 4.44823
4.4326 4.44823
4.48327 4.44823
4.53395 4.44823
4.58462 4.44823
4.63529 4.44823
4.68596 4.44823
4.73664 4.44823
4.78731 4.44823
7.34048 5.61577
9.89365 5.61577
12.4468 5.61577
15.0 5.61577
0.0 0.938444
0.0497096 0.938444
0.0994192 0.977516
0.149129 1.01659
0.198838 1.05566
0.248548 1.09473
0.298258 1.1338
0.347967 1.17288
0.397677 1.21195
0.447387 1.25102
0.497096 1.29009
0.546806 1.32916
0.596515 1.36824
0.646225 1.40731
0.695935 1.44638
0.745644 1.48545
0.795354 1.52453
0.845064 1.5636
0.894773 1.60267
0.944483 1.64174
0.994192 1.68081
1.0439 1.71989
1.09361 1.75896
1.14332 1.79803
1.19303 1.8371
1.24274 1.87617
1.29245 1.91525
1.34216 1.95432
1.39187 1.99339
1.44158 2.03246
1.49129 2.07153
1.541 2.11061
1.59071 2.14968
1.64042 2.18875
1.69013 2.22782
1.73984 2.26689
1.78955 2.30597
1.83926 2.34504
1.88897 2.38411
1.9389 2.38411
1.98884 2.39108
2.03878 2.39806
2.08872 2.40503
2.13866 2.412
2.1886 2.41898
2.23853 2.42595
2.28847 2.43292
2.33841 2.4399
2.38835 2.44687
2.43829 2.45384
2.48823 2.46082
2.53816 2.46779
2.5881 2.47476
2.63804 2.48174
2.68798 2.48871
2.73792 2.49568
2.78786 2.50266
2.83779 2.50963
2.88773 2.5166
2.93767 2.52358
2.98761 2.53055
3.03755 2.53752
3.08749 2.5445
3.13742 2.55147
3.18736 2.55844
3.2373 2.56541
3.28724 2.57239
3.33718 2.57936
3.38712 2.58633
3.43705 2.59331
3.48699 2.60028
3.53693 2.60725
3.58687 2.61423
3.63681 2.6212
3.68675 2.62817
3.73668 2.63515
3.78662 2.64212
3.83656 2.64909
3.88663 2.64909
3.93669 2.7682
3.98676 2.8873
4.03682 3.00641
4.08689 3.12551
4.13695 3.24462
4.18702 3.36372
4.23708 3.48282
4.28715 3.60193
4.33708 3.60193
4.387 3.61852
4.43693 3.6351
4.48685 3.65169
4.53678 3.66828
4.58671 3.68486
4.63663 3.70145
4.68656 3.71804
4.73941 3.71804
4.79226 3.71804
4.84511 3.71804
4.89796 3.71804
4.95082 3.71804
7.46311 3.97857
9.97541 3.97857
12.4877 3.97857
15.0 3.97857
0.0 0.913759
0.0500848 0.913759
0.10017 0.958706
0.150254 1.00365
0.200339 1.0486
0.250424 1.09355
0.300509 1.13849
0.350594 1.18344
0.400679 1.22839
0.450763 1.27333
0.500848 1.31828
0.550933 1.36323
0.601018 1.40817
0.651103 1.45312
0.701187 1.49807
0.751272 1.54301
0.801357 1.58796
0.851442 1.63291
0.901527 1.67785
0.951612 1.7228
1.0017 1.76775
1.05178 1.81269
1.10187 1.85764
1.15195 1.90258
1.20204 1.94753
1.25212 1.99248
1.30221 2.03742
1.35229 2.08237
1.40237 2.12732
1.45246 2.17226
1.50254 2.21721
1.55263 2.26216
1.60271 2.3071
1.6528 2.35205
1.70288 2.397
1.75297 2.44194
1.80305 2.48689
1.85193 2.48689
1.9008 2.5023
1.94967 2.51771
1.99854 2.53312
2.04741 2.54852
2.09629 2.56393
2.14516 2.57934
2.19808 2.57934
2.251 2.76507
2.30392 2.95079
2.35685 3.13652
2.40977 3.32224
2.46269 3.50797
2.51561 3.6937
2.56435 3.6937
2.61309 3.69717
2.66182 3.70065
2.71056 3.70412
2.7593 3.7076
2.80804 3.71107
2.85678 3.71454
2.90551 3.71802
2.95425 3.72149
3.00299 3.72497
3.05173 3.72844
3.10079 3.72844
3.14985 3.72844
3.19892 3.72844
3.24798 3.72844
3.29704 3.72844
3.34611 3.72844
3.39517 3.72844
3.44423 3.72844
3.4933 3.72844
3.54236 3.72844
3.59142 3.72844
3.64049 3.72844
3.68955 3.72844
3.73861 3.72844
3.78768 3.72844
3.83674 3.72844
3.8858 3.72844
3.93487 3.72844
3.98393 3.72844
4.03299 3.72844
4.08206 3.72844
6.81154 4.03496
9.54103 4.03496
12.2705 4.03496
15.0 4.03496
0.0 0.923404
0.0486044 0.923404
0.0972089 0.963007
0.145813 1.00261
0.194418 1.04221
0.243022 1.08182
0.291627 1.12142
0.340231 1.16102
0.388836 1.20063
0.43744 1.24023
0.486044 1.27983
0.534649 1.31944
0.583253 1.35904
0.631858 1.39864
0.680462 1.43824
0.729067 1.47785
0.778742 1.47785
0.828417 1.49406
0.878093 1.51028
0.927768 1.52649
0.977444 1.54271
1.02712 1.55892
1.07679 1.57514
1.12647 1.59135
1.17615 1.60757
1.22582 1.62378
1.2755 1.63999
1.32517 1.65621
1.37485 1.67242
1.42452 1.68864
1.4742 1.70485
1.52387 1.72107
1.57355 1.73728
1.62322 1.7535
1.6729 1.76971
1.72257 1.78593
1.77225 1.80214
1.82193 1.81836
1.8716 1.83457
1.92128 1.85079
1.97095 1.867
2.02063 1.88321
2.0703 1.89943
2.11998 1.91564
2.16965 1.93186
2.21933 1.94807
2.269 1.96429
2.31868 1.9805
2.36836 1.99672
2.41803 2.01293
2.46771 2.02915
2.51738 2.04536
2.56706 2.06158
2.61673 2.07779
2.66641 2.09401
2.71608 2.11022
2.76576 2.12644
2.81534 2.12644
2.86491 2.13787
2.91449 2.1493
2.96407 2.16074
3.01364 2.17217
3.06322 2.18361
3.1128 2.19504
3.16238 2.20648
3.21195 2.21791
3.26153 2.22935
3.31111 2.24078
3.36068 2.25222
3.41026 2.26365
3.45984 2.27509
3.50941 2.28652
3.55899 2.29796
3.60857 2.30939
3.65815 2.32083
3.70772 2.33226
3.7573 2.3437
3.80688 2.35513
3.85645 2.36657
3.90603 2.378
3.95561 2.38944
4.00519 2.40087
4.05476 2.41231
4.10434 2.42374
4.15392 2.43518
4.20349 2.44661
4.25307 2.45805
4.30265 2.46948
4.35223 2.48092
4.4018 2.49235
4.45138 2.50379
4.50096 2.51522
4.55053 2.52666
4.60011 2.53809
4.64969 2.54953
4.69927 2.56096
4.74884 2.5724
4.79842 2.58383
4.848 2.59527
4.89774 2.59527
4.94748 2.80121
4.99722 3.00715
5.04696 3.21309
5.0967 3.41903
5.14644 3.62498
5.19618 3.83092
5.24592 4.03686
5.29566 4.2428
5.34541 4.44874
5.3948 4.44874
5.44419 4.44874
5.49359 4.44874
5.54298 4.44874
5.59238 4.44874
5.64177 4.44874
5.69117 4.44874
5.74056 4.44874
5.78995 4.44874
5.83935 4.44874
5.88874 4.44874
5.93814 4.44874
5.98753 4.44874
6.03693 4.44874
6.08632 4.44874
6.13571 4.44874
6.18511 4.44874
6.2345 4.44874
6.2839 4.44874
6.33329 4.44874
6.38269 4.44874
6.43208 4.44874
6.48147 4.44874
6.53087 4.44874
6.58026 4.44874
6.62966 4.44874
6.67905 4.44874
6.72845 4.44874
6.77784 4.44874
6.82723 4.44874
6.87663 4.44874
6.92602 4.44874
6.97542 4.44874
7.02481 4.44874
7.07421 4.44874
7.1236 4.44874
9.74907 5.82194
12.3745 5.82194
15.0 5.82194
0.0 0.919684
0.0501927 0.919684
0.100385 0.961135
0.150578 1.00259
0.200771 1.04404
0.250963 1.08549
0.301156 1.12694
0.351349 1.16839
0.401542 1.20985
0.451734 1.2513
0.501927 1.29275
0.55212 1.3342
0.602312 1.37565
0.652505 1.41711
0.702698 1.45856
0.75289 1.50001
0.803083 1.54146
0.853276 1.58291
0.903468 1.62437
0.953661 1.66582
1.00385 1.70727
1.05422 1.70727
1.10459 1.74114
1.15496 1.77502
1.20533 1.8089
1.2557 1.84277
1.30607 1.87665
1.35644 1.91052
1.4068 1.9444
1.45717 1.97827
1.50754 2.01215
1.55791 2.04603
1.60828 2.0799
1.65865 2.11378
1.70902 2.14765
1.75939 2.18153
1.80976 2.2154
1.86012 2.24928
1.91049 2.28315
1.96086 2.31703
2.01123 2.35091
2.0616 2.38478
2.11197 2.41866
2.16234 2.45253
2.21271 2.48641
2.26307 2.52028
2.31344 2.55416
2.36381 2.58803
2.41418 2.62191
2.46455 2.65579
2.51492 2.68966
2.56529 2.72354
2.61566 2.75741
2.66603 2.79129
2.71639 2.82516
2.76676 2.85904
2.81713 2.89292
2.8675 2.92679
2.91787 2.96067
2.96824 2.99454
3.01861 3.02842
3.06898 3.06229
3.11935 3.09617
3.16971 3.13004
3.22008 3.16392
3.27045 3.1978
3.32082 3.23167
3.37119 3.26555
3.42156 3.29942
3.47193 3.3333
3.5223 3.36717
3.57266 3.40105
3.62303 3.43492
3.6734 3.4688
3.72377 3.50268
3.77414 3.53655
3.82451 3.57043
3.87376 3.57043
3.92301 3.60011
3.97227 3.62979
4.02152 3.65947
4.07077 3.68915
4.12003 3.71883
4.16928 3.74851
4.21853 3.77819
4.26778 3.80788
4.31704 3.83756
4.36629 3.86724
4.41554 3.89692
4.4648 3.9266
4.51405 3.95628
4.5633 3.98596
4.61255 4.01564
4.66181 4.04532
4.71106 4.075
4.76031 4.10469
4.80957 4.13437
4.85882 4.16405
4.90807 4.19373
4.95732 4.22341
5.00658 4.25309
5.05583 4.28277
5.10508 4.31245
5.15524 4.31245
5.2054 4.32431
5.25556 4.33616
5.30572 4.34801
5.35589 4.35987
5.40605 4.37172
5.45621 4.38357
5.50637 4.39543
5.55653 4.40728
5.60669 4.41913
5.65685 4.43099
5.70701 4.44284
5.75717 4.45469
5.80733 4.46655
5.85749 4.4784
5.90765 4.49025
5.95781 4.50211
6.00797 4.51396
6.05813 4.52581
6.10829 4.53767
6.15846 4.54952
6.20862 4.56138
6.25878 4.57323
6.30894 4.58508
6.3591 4.59694
6.40926 4.60879
6.45942 4.62064
6.50958 4.6325
6.55974 4.64435
6.6099 4.6562
6.66006 4.66806
6.71022 4.67991
6.76038 4.69176
6.81054 4.70362
6.8607 4.71547
6.91086 4.72732
6.96103 4.73918
7.01119 4.75103
7.06135 4.76288
7.11151 4.77474
7.16167 4.78659
7.21098 4.78659
7.26028 4.78659
7.30959 4.78659
7.3589 4.78659
7.40821 4.78659
7.45752 4.78659
7.50683 4.78659
7.55614 4.78659
7.60545 4.78659
7.65475 4.78659
10.1032 4.86494
12.5516 4.86494
15.0 4.86494
0.0 0.914477
0.0493676 0.914477
0.0987352 0.959147
0.148103 1.00382
0.19747 1.04849
0.246838 1.09316
0.296206 1.13783
0.345573 1.1825
0.394941 1.22717
0.444309 1.27184
0.493676 1.31651
0.543044 1.36118
0.592411 1.40585
0.641779 1.45052
0.691147 1.49519
0.740514 1.53986
0.789882 1.58453
0.839249 1.6292
0.888617 1.67387
0.937985 1.71854
0.987352 1.76321
1.03672 1.80788
1.08609 1.85255
1.13546 1.89722
1.18482 1.94189
1.23419 1.98656
1.28356 2.03123
1.33293 2.0759
1.38229 2.12057
1.43166 2.16524
1.48103 2.20991
1.5304 2.25458
1.57976 2.29925
1.62913 2.34392
1.6785 2.38859
1.72787 2.43326
1.77723 2.47793
1.8266 2.5226
1.87597 2.56727
1.92437 2.56727
1.97277 2.58088
2.02117 2.59449
2.06958 2.60809
2.11798 2.6217
2.16638 2.6353
2.21478 2.64891
2.26318 2.66252
2.31159 2.67612
2.35999 2.68973
2.40839 2.70333
2.45679 2.71694
2.50519 2.73054
2.55606 2.73054
2.60693 2.80706
2.6578 2.88357
2.70866 2.96008
2.75953 3.0366
2.8104 3.11311
2.86127 3.18962
2.91214 3.26613
2.963 3.34265
3.01387 3.41916
3.06474 3.49567
3.11561 3.57218
3.16648 3.6487
3.21644 3.6487
3.26641 3.65253
3.31638 3.65637
3.36635 3.66021
3.41631 3.66404
3.46628 3.66788
3.51625 3.67172
3.56622 3.67555
3.61618 3.67939
3.66615 3.68322
3.71612 3.68706
3.76609 3.6909
3.81605 3.69473
3.86602 3.69857
3.91599 3.70241
3.96649 3.70241
4.01699 3.70241
4.06749 3.70241
4.11799 3.70241
4.16849 3.70241
4.21899 3.70241
4.26949 3.70241
4.31999 3.70241
4.37049 3.70241
4.42099 3.70241
4.47149 3.70241
4.52199 3.70241
4.57249 3.70241
4.62298 3.70241
4.67348 3.70241
4.72398 3.70241
4.77448 3.70241
4.82498 3.70241
4.87548 3.70241
4.92598 3.70241
4.97648 3.70241
5.02698 3.70241
5.07748 3.70241
5.12798 3.70241
5.17848 3.70241
5.22898 3.70241
5.27948 3.70241
5.32998 3.70241
5.38048 3.70241
5.43098 3.70241
5.48148 3.70241
5.53198 3.70241
7.89898 4.08297
10.266 4.08297
12.633 4.08297
15.0 4.08297
0.0 0.915433
0.0501188 0.915433
0.100238 0.959276
0.150356 1.00312
0.200475 1.04696
0.250594 1.0908
0.300713 1.13465
0.350832 1.17849
0.40095 1.22233
0.451069 1.26618
0.501188 1.31002
0.551307 1.35386
0.601426 1.3977
0.651544 1.44155
0.701663 1.48539
0.751782 1.52923
0.801901 1.57307
0.852019 1.61692
0.902138 1.66076
0.952257 1.7046
1.00238 1.74845
1.05249 1.79229
1.10261 1.83613
1.15273 1.87997
1.20285 1.92382
1.25297 1.96766
1.30309 2.0115
1.35321 2.05535
1.40333 2.09919
1.45344 2.14303
1.50356 2.18687
1.55368 2.23072
1.6038 2.27456
1.65392 2.3184
1.70404 2.36224
1.75416 2.40609
1.80428 2.44993
1.8544 2.49377
1.90451 2.53762
1.95509 2.53762
2.00567 2.54397
2.05625 2.55033
2.10683 2.55669
2.15741 2.56305
2.20799 2.56941
2.25856 2.57577
2.30914 2.58213
2.35972 2.58849
2.4103 2.59484
2.46088 2.6012
2.51146 2.60756
2.56204 2.61392
2.61261 2.62028
2.66319 2.62664
2.71377 2.633
2.76435 2.63936
2.81493 2.64571
2.86551 2.65207
2.91609 2.65843
2.96666 2.66479
3.01724 2.67115
3.06782 2.67751
3.1184 2.68387
3.16726 2.68387
3.21613 2.74988
3.26499 2.8159
3.31386 2.88192
3.36272 2.94794
3.41159 3.01395
3.46045 3.07997
3.50931 3.14599
3.55818 3.21201
3.60704 3.27802
3.65591 3.34404
3.70477 3.41006
3.75363 3.47607
3.8025 3.54209
3.85136 3.60811
3.90264 3.60811
3.95393 3.61162
4.00521 3.61514
4.05649 3.61865
4.10778 3.62216
4.15906 3.62567
4.21034 3.62919
4.26163 3.6327
4.31291 3.63621
4.36419 3.63973
4.41548 3.64324
4.46676 3.64675
4.51804 3.65027
4.56933 3.65378
4.62061 3.65729
4.67103 3.65729
4.72146 3.65729
4.77188 3.65729
4.8223 3.65729
4.87272 3.65729
4.92314 3.65729
4.97357 3.65729
5.02399 3.65729
5.07441 3.65729
5.12483 3.65729
5.17525 3.65729
5.22568 3.65729
5.2761 3.65729
5.32652 3.65729
5.37694 3.65729
5.42736 3.65729
5.47779 3.65729
5.52821 3.65729
5.57863 3.65729
5.62905 3.65729
5.67947 3.65729
5.7299 3.65729
5.78032 3.65729
5.83074 3.65729
5.88116 3.65729
5.93158 3.65729
5.98201 3.65729
6.03243 3.65729
6.08285 3.65729
6.13327 3.65729
6.18369 3.65729
6.23412 3.65729
6.28454 3.65729
6.33496 3.65729
6.38538 3.65729
6.43581 3.65729
6.48623 3.65729
9.32415 4.08485
12.1621 4.08485
15.0 4.08485
0.0 0.923159
0.0509363 0.923159
0.101873 0.967247
0.152809 1.01133
0.203745 1.05542
0.254681 1.09951
0.305618 1.1436
0.356554 1.18768
0.40749 1.23177
0.458427 1.27586
0.509363 1.31995
0.560299 1.36404
0.610153 1.36404
0.660007 1.39159
0.709861 1.41915
0.759714 1.44671
0.809568 1.47427
0.859422 1.50183
0.909276 1.52938
0.95913 1.55694
1.00898 1.5845
1.05884 1.61206
1.10869 1.63962
1.15855 1.66717
1.2084 1.69473
1.25825 1.72229
1.30811 1.74985
1.35796 1.77741
1.40781 1.80496
1.45767 1.83252
1.50752 1.86008
1.55738 1.88764
1.60723 1.9152
1.65708 1.94275
1.70694 1.97031
1.75679 1.99787
1.80664 2.02543
1.8565 2.05299
1.90635 2.08054
1.95621 2.1081
2.00606 2.13566
2.05633 2.13566
2.10661 2.14397
2.15688 2.15229
2.20716 2.1606
2.25743 2.16892
2.3077 2.17723
2.35798 2.18554
2.40825 2.19386
2.45853 2.20217
2.5088 2.21048
2.55814 2.21048
2.60748 2.26904
2.65682 2.3276
2.70616 2.38615
2.7555 2.44471
2.80483 2.50327
2.85417 2.56182
2.90351 2.62038
2.95285 2.67894
3.00219 2.73749
3.05153 2.79605
3.10087 2.85461
3.1502 2.91316
3.19954 2.97172
3.24888 3.03028
3.29822 3.08884
3.34756 3.14739
3.3969 3.20595
3.44624 3.26451
3.49558 3.32306
3.54491 3.38162
3.59425 3.44018
3.64359 3.49873
3.69293 3.55729
3.74227 3.61585
3.79161 3.6744
3.84095 3.73296
3.89029 3.79152
3.93962 3.85007
3.98896 3.90863
4.0383 3.96719
4.08764 4.02574
4.13698 4.0843
4.18632 4.14286
4.23691 4.14286
4.28751 4.14286
4.3381 4.14286
4.3887 4.14286
4.43929 4.14286
4.48989 4.14286
4.54048 4.14286
4.59108 4.14286
4.64168 4.14286
4.69227 4.14286
4.74287 4.14286
4.79346 4.14286
4.84406 4.14286
4.89465 4.14286
4.94525 4.14286
4.99584 4.14286
5.04644 4.14286
5.09703 4.14286
5.14763 4.14286
5.19822 4.14286
5.24882 4.14286
5.29942 4.14286
5.35001 4.14286
5.40061 4.14286
5.4512 4.14286
5.5018 4.14286
5.55239 4.14286
5.60299 4.14286
5.65358 4.14286
5.70418 4.14286
8.02813 4.67294
10.3521 4.67294
12.676 4.67294
15.0 4.67294
0.0 0.934173
0.0503351 0.934173
0.10067 0.974453
0.151005 1.01473
0.20134 1.05501
0.251675 1.09529
0.30201 1.13557
0.352345 1.17585
0.40268 1.21613
0.453015 1.25641
0.503351 1.29669
0.553686 1.33697
0.604021 1.37725
0.654356 1.41753
0.704691 1.45781
0.755026 1.49809
0.805361 1.53837
0.857352 1.53837
0.909344 1.61951
0.961335 1.70064
1.01333 1.78178
1.06532 1.86291
1.11731 1.94405
1.1693 2.02519
1.22129 2.10632
1.27328 2.18746
1.32527 2.26859
1.37784 2.26859
1.4304 2.38024
1.48297 2.49189
1.53309 2.49189
1.58321 2.61173
1.63333 2.73158
1.68345 2.85142
1.73357 2.97127
1.78369 3.09111
1.83381 3.21096
1.88393 3.3308
1.93405 3.45065
1.98417 3.5705
2.03429 3.69034
2.08441 3.81019
2.13453 3.93003
2.18465 4.04988
2.23477 4.16972
2.2846 4.16972
2.33442 4.16972
2.38425 4.16972
2.43407 4.16972
2.4839 4.16972
2.53372 4.16972
2.58355 4.16972
2.63337 4.16972
2.6832 4.16972
2.73302 4.16972
2.78285 4.16972
2.83267 4.16972
2.8825 4.16972
2.93233 4.16972
2.98215 4.16972
3.03198 4.16972
3.0818 4.16972
5.46544 5.64039
7.84908 5.64039
10.2327 5.64039
12.6164 5.64039
15.0 5.64039
0.0 0.920669
0.0510431 0.920669
0.102086 0.964913
0.153129 1.00916
0.204172 1.0534
0.255215 1.09764
0.306258 1.14189
0.357302 1.18613
0.408345 1.23038
0.459388 1.27462
0.510431 1.31887
0.561474 1.36311
0.612517 1.40735
0.66356 1.4516
0.714603 1.49584
0.765646 1.54009
0.816689 1.58433
0.867732 1.62857
0.918775 1.67282
0.969818 1.71706
1.02086 1.76131
1.06973 1.76131
1.1186 1.84864
1.16747 1.93597
1.21633 2.0233
1.2652 2.11063
1.31407 2.19796
1.36294 2.28529
1.41181 2.37263
1.46067 2.45996
1.50954 2.54729
1.55841 2.63462
1.60728 2.72195
1.65614 2.80928
1.70501 2.89661
1.75388 2.98395
1.80275 3.07128
1.85162 3.15861
1.90048 3.24594
1.94935 3.33327
1.99822 3.4206
2.04709 3.50794
2.09596 3.59527
2.14662 3.59527
2.19729 3.60936
2.24796 3.62345
2.29863 3.63755
2.3493 3.65164
2.39997 3.66574
2.45064 3.67983
2.50131 3.69392
2.55198 3.70802
2.60264 3.72211
2.65331 3.7362
2.70398 3.7503
2.75465 3.76439
2.80532 3.77848
2.85599 3.79258
2.90666 3.80667
2.95733 3.82077
3.008 3.83486
3.05867 3.84895
3.10933 3.86305
3.16 3.87714
3.21067 3.89123
3.26134 3.90533
3.31201 3.91942
3.36268 3.93351
3.41335 3.94761
3.46402 3.9617
3.51469 3.9758
3.56535 3.98989
3.61602 4.00398
3.66669 4.01808
3.71736 4.03217
3.76803 4.04626
3.81676 4.04626
3.86549 4.08039
3.91422 4.11452
3.96295 4.14865
4.01169 4.18278
4.06042 4.21691
4.10915 4.25104
4.15788 4.28517
4.20661 4.31929
4.25534 4.35342
4.30407 4.38755
4.3528 4.42168
4.40153 4.45581
4.45026 4.48994
4.499 4.52407
4.54773 4.5582
4.59646 4.59232
4.64593 4.59232
4.69539 4.59232
4.74486 4.59232
4.79433 4.59232
4.8438 4.59232
4.89326 4.59232
4.94273 4.59232
4.9922 4.59232
5.04167 4.59232
5.09114 4.59232
5.1406 4.59232
5.19007 4.59232
5.23954 4.59232
5.28901 4.59232
5.33847 4.59232
5.38794 4.59232
5.43741 4.59232
5.48688 4.59232
7.86516 4.90695
10.2434 4.90695
12.6217 4.90695
15.0 4.90695
0.0 0.940336
0.0489856 0.940336
0.0979712 0.977773
0.146957 1.01521
0.195942 1.05265
0.244928 1.09008
0.293914 1.12752
0.342899 1.16496
0.391885 1.20239
0.44087 1.23983
0.489856 1.27727
0.538841 1.31471
0.587827 1.35214
0.636813 1.38958
0.685798 1.42702
0.734784 1.46445
0.783769 1.50189
0.832755 1.53933
0.881741 1.57677
0.930726 1.6142
0.979712 1.65164
1.0287 1.68908
1.07768 1.72651
1.12667 1.76395
1.1757 1.76395
1.22473 1.89712
1.27376 2.03029
1.32279 2.16346
1.37182 2.29663
1.42086 2.4298
1.46989 2.56296
1.51892 2.69613
1.56795 2.8293
1.61698 2.96247
1.66601 3.09564
1.71504 3.22881
1.76407 3.36198
1.81311 3.49515
1.86214 3.62831
1.91272 3.62831
1.96331 3.64673
2.01389 3.66514
2.06447 3.68355
2.11506 3.70196
2.16564 3.72037
2.21623 3.73878
2.26681 3.75719
2.31739 3.7756
2.36798 3.79401
2.41856 3.81242
2.46915 3.83083
2.51973 3.84924
2.57031 3.86765
2.6209 3.88606
2.67148 3.90447
2.72207 3.92288
2.77265 3.94129
2.82324 3.9597
2.87382 3.97812
2.9244 3.99653
2.97499 4.01494
3.02557 4.03335
3.07616 4.05176
3.12674 4.07017
3.17732 4.08858
3.22791 4.10699
3.27817 4.10699
3.32844 4.12567
3.3787 4.14434
3.42897 4.16302
3.47923 4.1817
3.5295 4.20037
3.57976 4.21905
3.63003 4.23773
3.68029 4.2564
3.73056 4.27508
3.78082 4.29376
3.83109 4.31243
3.88135 4.33111
3.93162 4.34979
3.98188 4.36847
4.03215 4.38714
4.08241 4.40582
4.13268 4.4245
4.18294 4.44317
4.23321 4.46185
4.28347 4.48053
4.33374 4.4992
4.384 4.51788
4.43322 4.51788
4.48244 4.51788
4.53165 4.51788
4.58087 4.51788
4.63008 4.51788
4.6793 4.51788
4.72851 4.51788
4.77773 4.51788
4.82694 4.51788
4.87616 4.51788
4.92537 4.51788
4.97459 4.51788
5.0238 4.51788
5.07302 4.51788
5.12223 4.51788
5.17145 4.51788
5.22067 4.51788
5.26988 4.51788
5.3191 4.51788
5.36831 4.51788
5.41753 4.51788
5.46674 4.51788
5.51596 4.51788
5.56517 4.51788
5.61439 4.51788
5.6636 4.51788
5.71282 4.51788
5.76203 4.51788
8.07153 4.95787
10.381 4.95787
12.6905 4.95787
15.0 4.95787
0.0 0.951429
0.0484566 0.951429
0.0969132 0.984124
0.14537 1.01682
0.193826 1.04952
0.242283 1.08221
0.29074 1.11491
0.339196 1.1476
0.387653 1.1803
0.436109 1.21299
0.484566 1.24569
0.533023 1.27839
0.581479 1.31108
0.632046 1.31108
0.682613 1.416
0.73318 1.52091
0.783747 1.62582
0.834314 1.73074
0.884881 1.83565
0.935448 1.94057
0.986014 2.04548
1.03658 2.1504
1.08684 2.1504
1.1371 2.15991
1.18735 2.16942
1.23761 2.17894
1.28787 2.18845
1.33813 2.19796
1.38838 2.20747
1.43864 2.21699
1.4889 2.2265
1.53915 2.23601
1.58941 2.24553
1.63967 2.25504
1.68993 2.26455
1.74018 2.27406
1.79044 2.28358
1.8407 2.29309
1.89079 2.29309
1.94088 2.33967
1.99097 2.38626
2.04106 2.43284
2.09115 2.47943
2.14124 2.52601
2.19133 2.5726
2.24142 2.61918
2.29151 2.66576
2.3416 2.71235
2.39169 2.75893
2.44178 2.80552
2.49187 2.8521
2.54196 2.89869
2.59205 2.94527
2.64214 2.99186
2.69223 3.03844
2.74232 3.08502
2.79241 3.13161
2.8425 3.17819
2.89259 3.22478
2.94268 3.27136
2.99277 3.31795
3.04286 3.36453
3.09295 3.41111
3.14304 3.4577
3.19313 3.50428
3.24322 3.55087
3.29331 3.59745
3.3434 3.64404
3.39349 3.69062
3.44358 3.73721
3.49367 3.78379
3.54376 3.83037
3.59385 3.87696
3.64394 3.92354
3.69403 3.97013
3.74412 4.01671
3.79421 4.0633
3.84429 4.10988
3.89438 4.15646
3.94447 4.20305
3.99456 4.24963
4.04465 4.29622
4.09474 4.3428
4.14456 4.3428
4.19437 4.3428
4.24418 4.3428
4.29399 4.3428
4.3438 4.3428
4.39361 4.3428
4.44342 4.3428
4.49323 4.3428
4.54304 4.3428
4.59285 4.3428
4.64266 4.3428
4.69247 4.3428
4.74228 4.3428
4.79209 4.3428
4.8419 4.3428
4.89172 4.3428
4.94153 4.3428
4.99134 4.3428
5.04115 4.3428
5.09096 4.3428
5.14077 4.3428
5.19058 4.3428
5.24039 4.3428
5.2902 4.3428
5.34001 4.3428
5.38982 4.3428
5.43963 4.3428
5.48944 4.3428
5.53925 4.3428
5.58906 4.3428
5.63888 4.3428
5.68869 4.3428
5.7385 4.3428
5.78831 4.3428
5.83812 4.3428
5.88793 4.3428
5.93774 4.3428
5.98755 4.3428
6.03736 4.3428
6.08717 4.3428
6.13698 4.3428
8.35274 4.50594
10.5685 4.50594
12.7842 4.50594
15.0 4.50594
0.0 0.94112
0.0500751 0.94112
0.10015 0.977698
0.150225 1.01428
0.2003 1.05085
0.250375 1.08743
0.300451 1.12401
0.350526 1.16059
0.400601 1.19716
0.450676 1.23374
0.500751 1.27032
0.550826 1.3069
0.600901 1.34347
0.650976 1.38005
0.701051 1.41663
0.751126 1.45321
0.802289 1.45321
0.853451 1.52751
0.904614 1.60182
0.955776 1.67613
1.00694 1.75043
1.0581 1.82474
1.10926 1.89905
1.16043 1.97335
1.21159 2.04766
1.26275 2.12197
1.31391 2.19627
1.36508 2.27058
1.41624 2.34488
1.46593 2.34488
1.51563 2.35362
1.56532 2.36235
1.61501 2.37109
1.66471 2.37982
1.7144 2.38856
1.7641 2.39729
1.81379 2.40603
1.86349 2.41476
1.91318 2.4235
1.96288 2.43223
2.01257 2.44097
2.06226 2.4497
2.11196 2.45844
2.16165 2.46717
2.21135 2.47591
2.26104 2.48464
2.31074 2.49338
2.36043 2.50211
2.41012 2.51085
2.45982 2.51958
2.50951 2.52832
2.56104 2.52832
2.61257 2.655
2.6641 2.78169
2.71563 2.90837
2.76716 3.03506
2.81869 3.16174
2.87022 3.28843
2.92175 3.41511
2.97328 3.5418
3.02481 3.66848
3.07634 3.79517
3.12787 3.92185
3.17939 4.04854
3.22968 4.04854
3.27997 4.04854
3.33026 4.04854
3.38055 4.04854
3.43084 4.04854
3.48113 4.04854
3.53142 4.04854
3.58171 4.04854
3.632 4.04854
3.68229 4.04854
3.73258 4.04854
3.78287 4.04854
3.83316 4.04854
3.88345 4.04854
3.93374 4.04854
3.98403 4.04854
4.03432 4.04854
4.08461 4.04854
4.1349 4.04854
4.18519 4.04854
4.23548 4.04854
4.28577 4.04854
4.33606 4.04854
4.38635 4.04854
4.43664 4.04854
4.48693 4.04854
4.53722 4.04854
4.58751 4.04854
4.6378 4.04854
4.68809 4.04854
4.73838 4.04854
4.78867 4.04854
4.83896 4.04854
4.88925 4.04854
7.41694 5.87192
9.94463 5.87192
12.4723 5.87192
15.0 5.87192
0.0 0.928992
0.0498663 0.928992
0.0997327 0.972437
0.149599 1.01588
0.199465 1.05933
0.249332 1.10277
0.299198 1.14622
0.349064 1.18966
0.398931 1.23311
0.448797 1.27655
0.498663 1.32
0.54853 1.36344
0.598396 1.40689
0.648262 1.45033
0.698129 1.49378
0.747995 1.53722
0.797862 1.58067
0.847728 1.62411
0.897594 1.66756
0.947461 1.711
0.997327 1.75445
1.04719 1.79789
1.09706 1.84134
1.14693 1.88478
1.19679 1.92823
1.24666 1.97167
1.29652 2.01512
1.34639 2.05856
1.39626 2.10201
1.44612 2.14545
1.49599 2.1889
1.54586 2.23234
1.59572 2.27579
1.64559 2.31923
1.69546 2.36268
1.74532 2.40612
1.79519 2.44957
1.84505 2.49301
1.89492 2.53646
1.94479 2.5799
1.99465 2.62335
2.04452 2.6668
2.09439 2.71024
2.14425 2.75369
2.19478 2.75369
2.24531 2.75598
2.29584 2.75827
2.34637 2.76056
2.3969 2.76285
2.44743 2.76514
2.49796 2.76743
2.54849 2.76972
2.59902 2.77202
2.64955 2.77431
2.70008 2.7766
2.75061 2.77889
2.80114 2.78118
2.85167 2.78347
2.9022 2.78576
2.95273 2.78806
3.00326 2.79035
3.05379 2.79264
3.10432 2.79493
3.15485 2.79722
3.20538 2.79951
3.25591 2.8018
3.30644 2.8041
3.35697 2.80639
3.4075 2.80868
3.45803 2.81097
3.50856 2.81326
3.55909 2.81555
3.60962 2.81784
3.66014 2.82014
3.71067 2.82243
3.7612 2.82472
3.81173 2.82701
3.86226 2.8293
3.91279 2.83159
3.96332 2.83388
4.01385 2.83618
4.06438 2.83847
4.11344 2.83847
4.16251 2.88209
4.21157 2.92571
4.26063 2.96933
4.30969 3.01296
4.35875 3.05658
4.40781 3.1002
4.45688 3.14382
4.50594 3.18744
4.555 3.23107
4.60406 3.27469
4.65312 3.31831
4.70219 3.36193
4.75125 3.40555
4.80031 3.44918
4.84937 3.4928
4.89843 3.53642
4.94749 3.58004
4.99656 3.62367
5.04562 3.66729
5.09468 3.71091
5.14374 3.75453
5.1928 3.79815
5.24186 3.84178
5.29935 3.84178
5.35683 3.84633
5.41431 3.85087
5.4644 3.85087
5.51449 3.85087
5.56458 3.85087
5.61467 3.85087
5.66476 3.85087
5.71485 3.85087
5.76494 3.85087
5.81503 3.85087
5.86512 3.85087
5.91521 3.85087
5.9653 3.85087
6.01539 3.85087
6.06548 3.85087
6.11557 3.85087
6.16566 3.85087
6.21575 3.85087
6.26584 3.85087
6.31593 3.85087
6.36602 3.85087
6.41611 3.85087
6.4662 3.85087
6.51629 3.85087
6.56638 3.85087
6.61647 3.85087
6.66656 3.85087
6.71665 3.85087
6.76674 3.85087
6.81683 3.85087
9.54455 4.01981
12.2723 4.01981
15.0 4.01981
0.0 0.936271
0.0496757 0.936271
0.0993514 0.977078
0.149027 1.01789
0.198703 1.05869
0.248379 1.0995
0.298054 1.14031
0.34773 1.18112
0.397406 1.22192
0.447081 1.26273
0.496757 1.30354
0.546433 1.34435
0.596109 1.38515
0.645784 1.42596
0.69546 1.46677
0.745136 1.50758
0.794811 1.54838
0.844487 1.58919
0.894163 1.63
0.943839 1.67081
0.993514 1.71162
1.04319 1.75242
1.09287 1.79323
1.14254 1.83404
1.19222 1.87485
1.24189 1.91565
1.29157 1.95646
1.34124 1.99727
1.39092 2.03808
1.4406 2.07888
1.49027 2.11969
1.53995 2.1605
1.58962 2.20131
1.6393 2.24211
1.68897 2.28292
1.73865 2.32373
1.78833 2.36454
1.838 2.40534
1.88768 2.44615
1.93735 2.48696
1.98703 2.52777
2.0367 2.56857
2.08638 2.60938
2.13606 2.65019
2.18573 2.691
2.23541 2.7318
2.28508 2.77261
2.33475 2.77261
2.38441 2.77285
2.43408 2.77309
2.48374 2.77333
2.5334 2.77357
2.58307 2.77381
2.63273 2.77405
2.6824 2.7743
2.73206 2.77454
2.78173 2.77478
2.83139 2.77502
2.88105 2.77526
2.93072 2.7755
2.98038 2.77574
3.03005 2.77598
3.07971 2.77622
3.12938 2.77646
3.17904 2.7767
3.22871 2.77694
3.27837 2.77718
3.32803 2.77742
3.3777 2.77766
3.42736 2.7779
3.47703 2.77814
3.52669 2.77838
3.57636 2.77862
3.62602 2.77886
3.67568 2.7791
3.72535 2.77934
3.77501 2.77958
3.82468 2.77982
3.87434 2.78006
3.92401 2.7803
3.97367 2.78055
4.02182 2.78055
4.06997 2.87527
4.11812 2.97
4.16627 3.06473
4.21442 3.15946
4.26257 3.25419
4.31072 3.34892
4.35887 3.44365
4.40702 3.53838
4.45517 3.63311
4.50588 3.63311
4.55659 3.65581
4.6073 3.67851
4.65801 3.70122
4.70872 3.72392
4.75943 3.74662
4.81014 3.76933
4.86085 3.79203
4.91156 3.81473
4.96227 3.83744
5.01298 3.86014
5.06369 3.88284
5.1144 3.90555
5.16511 3.92825
5.21537 3.92825
5.26564 3.92825
5.3159 3.92825
5.36617 3.92825
5.41643 3.92825
5.4667 3.92825
5.51696 3.92825
5.56723 3.92825
5.61749 3.92825
5.66776 3.92825
5.71802 3.92825
5.76829 3.92825
5.81855 3.92825
5.86882 3.92825
5.91908 3.92825
5.96935 3.92825
6.01961 3.92825
6.06988 3.92825
6.12014 3.92825
6.17041 3.92825
6.22067 3.92825
6.27094 3.92825
6.3212 3.92825
6.37147 3.92825
6.42173 3.92825
6.472 3.92825
6.52226 3.92825
6.57253 3.92825
6.62279 3.92825
6.67306 3.92825
6.72332 3.92825
6.77359 3.92825
6.82385 3.92825
6.87412 3.92825
6.92438 3.92825
6.97465 3.92825
7.02491 3.92825
7.07518 3.92825
7.12544 3.92825
7.17571 3.92825
7.22597 3.92825
7.27624 3.92825
7.3265 3.92825
7.37677 3.92825
7.42703 3.92825
7.4773 3.92825
7.52756 3.92825
7.57783 3.92825
7.62809 3.92825
7.67836 3.92825
7.72862 3.92825
10.1524 3.95692
12.5762 3.95692
15.0 3.95692
0.0 0.925822
0.0496949 0.925822
0.0993898 0.966847
0.149085 1.00787
0.19878 1.0489
0.248474 1.08992
0.298169 1.13095
0.347864 1.17197
0.397559 1.213
0.447254 1.25402
0.496949 1.29505
0.546644 1.33607
0.596339 1.3771
0.646034 1.41813
0.695728 1.45915
0.745423 1.50018
0.795118 1.5412
0.844813 1.58223
0.894508 1.62325
0.944203 1.66428
0.993898 1.7053
1.04359 1.74633
1.09329 1.78735
1.14298 1.82838
1.19268 1.8694
1.24237 1.91043
1.29207 1.95145
1.34176 1.99248
1.39146 2.0335
1.44115 2.07453
1.49085 2.11555
1.54054 2.15658
1.59024 2.19761
1.63993 2.23863
1.68963 2.27966
1.73932 2.32068
1.78902 2.36171
1.83871 2.40273
1.88841 2.44376
1.9381 2.48478
1.9878 2.52581
2.03749 2.56683
2.08719 2.60786
2.13688 2.64888
2.18658 2.68991
2.23673 2.68991
2.28689 2.69229
2.33704 2.69467
2.3872 2.69705
2.43735 2.69943
2.48751 2.70181
2.53766 2.70419
2.58782 2.70658
2.63797 2.70896
2.68813 2.71134
2.73828 2.71372
2.78844 2.7161
2.83859 2.71848
2.88875 2.72086
2.9389 2.72324
2.98906 2.72562
3.03921 2.72801
3.08937 2.73039
3.13953 2.73277
3.18968 2.73515
3.23984 2.73753
3.28385 2.73753
3.32786 3.13564
3.37187 3.53376
3.42142 3.53376
3.47098 3.54225
3.52053 3.55074
3.57008 3.55923
3.61963 3.56772
3.66919 3.57621
3.71874 3.5847
3.76829 3.59319
3.81784 3.60168
3.8674 3.61017
3.91695 3.61866
3.9665 3.62715
4.01605 3.63564
4.0656 3.64413
4.11516 3.65262
4.16471 3.6611
4.21426 3.66959
4.26381 3.67808
4.31337 3.68657
4.36292 3.69506
4.41247 3.70355
4.46202 3.71204
4.51158 3.72053
4.56113 3.72902
4.61068 3.73751
4.66023 3.746
4.70979 3.75449
4.75934 3.76298
4.80889 3.77147
4.85844 3.77996
4.908 3.78845
4.95755 3.79694
5.0071 3.80543
5.05665 3.81392
5.10621 3.82241
5.15576 3.8309
5.20531 3.83939
5.25486 3.84788
5.30441 3.85637
5.35382 3.85637
5.40323 3.85637
5.45264 3.85637
5.50205 3.85637
5.55146 3.85637
5.60087 3.85637
5.65028 3.85637
5.69969 3.85637
5.7491 3.85637
5.79851 3.85637
5.84792 3.85637
5.89733 3.85637
5.94674 3.85637
5.99615 3.85637
6.04556 3.85637
6.09497 3.85637
6.14438 3.85637
6.19379 3.85637
6.2432 3.85637
6.29261 3.85637
6.34202 3.85637
6.39143 3.85637
6.44084 3.85637
6.49025 3.85637
6.53966 3.85637
6.58907 3.85637
6.63848 3.85637
6.68789 3.85637
6.7373 3.85637
6.78671 3.85637
6.83612 3.85637
6.88553 3.85637
9.59035 3.93797
12.2952 3.93797
15.0 3.93797
0.0 0.915944
0.0489334 0.915944
0.0978669 0.958375
0.1468 1.00081
0.195734 1.04324
0.244667 1.08567
0.293601 1.1281
0.342534 1.17053
0.391468 1.21296
0.440401 1.25539
0.489334 1.29782
0.538268 1.34026
0.587201 1.38269
0.636135 1.42512
0.685068 1.46755
0.734002 1.50998
0.782935 1.55241
0.831869 1.59484
0.882103 1.59484
0.932337 1.60589
0.982572 1.61693
1.03281 1.62798
1.08304 1.63902
1.13327 1.65006
1.18351 1.66111
1.23374 1.67215
1.28398 1.6832
1.33421 1.69424
1.38445 1.70529
1.43468 1.71633
1.48492 1.72737
1.53515 1.73842
1.58538 1.74946
1.63562 1.76051
1.68585 1.77155
1.73609 1.7826
1.78632 1.79364
1.83656 1.80468
1.88679 1.81573
1.93702 1.82677
1.98726 1.83782
2.03749 1.84886
2.08773 1.85991
2.13796 1.87095
2.1882 1.882
2.23843 1.89304
2.28866 1.90408
2.3389 1.91513
2.38913 1.92617
2.43937 1.93722
2.4896 1.94826
2.53984 1.95931
2.59007 1.97035
2.64031 1.98139
2.69054 1.99244
2.74077 2.00348
2.79101 2.01453
2.84124 2.02557
2.89148 2.03662
2.94171 2.04766
2.99195 2.0587
3.04218 2.06975
3.09241 2.08079
3.14265 2.09184
3.19288 2.10288
3.24312 2.11393
3.29335 2.12497
3.34359 2.13601
3.39382 2.14706
3.44406 2.1581
3.49429 2.16915
3.54452 2.18019
3.59476 2.19124
3.64499 2.20228
3.69523 2.21333
3.74546 2.22437
3.7957 2.23541
3.84593 2.24646
3.89616 2.2575
3.9464 2.26855
3.99663 2.27959
4.04687 2.29064
4.0971 2.30168
4.14734 2.31272
4.19757 2.32377
4.2478 2.33481
4.29804 2.34586
4.34827 2.3569
4.39851 2.36795
4.44874 2.37899
4.49898 2.39003
4.54921 2.40108
4.59919 2.40108
4.64916 2.40672
4.69914 2.41235
4.74911 2.41799
4.79908 2.42363
4.84906 2.42926
4.89903 2.4349
4.94901 2.44054
4.99898 2.44618
5.04896 2.45181
5.09893 2.45745
5.14891 2.46309
5.19888 2.46872
5.24886 2.47436
5.29883 2.48
5.34881 2.48563
5.39878 2.49127
5.44876 2.49691
5.49873 2.50255
5.5487 2.50818
5.59868 2.51382
5.64865 2.51946
5.69863 2.52509
5.7486 2.53073
5.79858 2.53637
5.84855 2.542
5.89853 2.54764
5.9485 2.55328
5.99848 2.55892
6.05438 2.55892
6.11028 3.08914
6.16618 3.61937
6.22208 4.1496
6.27112 4.1496
6.32016 4.1496
6.36921 4.1496
6.41825 4.1496
6.4673 4.1496
6.51634 4.1496
6.56539 4.1496
6.61443 4.1496
6.66347 4.1496
6.71252 4.1496
6.76156 4.1496
6.81061 4.1496
6.85965 4.1496
6.9087 4.1496
6.95774 4.1496
7.00678 4.1496
7.05583 4.1496
7.10487 4.1496
7.15392 4.1496
9.76928 5.76562
12.3846 5.76562
15.0 5.76562
0.0 0.920225
0.0500501 0.920225
0.1001 0.96475
0.15015 1.00927
0.2002 1.0538
0.25025 1.09832
0.300301 1.14285
0.350351 1.18737
0.400401 1.2319
0.450451 1.27643
0.500501 1.32095
0.550551 1.36548
0.600601 1.41
0.650651 1.45453
0.700701 1.49905
0.750751 1.54358
0.800801 1.5881
0.850852 1.63263
0.900902 1.67715
0.950952 1.72168
1.001 1.7662
1.05105 1.81073
1.1011 1.85525
1.15115 1.89978
1.2012 1.9443
1.25125 1.98883
1.3013 2.03335
1.35135 2.07788
1.4014 2.1224
1.45145 2.16693
1.5015 2.21145
1.55155 2.25598
1.6016 2.3005
1.65165 2.34503
1.7017 2.38955
1.75175 2.43408
1.8018 2.4786
1.85185 2.52313
1.9019 2.56765
1.95195 2.61218
2.002 2.6567
2.0519 2.6567
2.1018 2.66285
2.15169 2.669
2.20159 2.67515
2.25148 2.68131
2.30138 2.68746
2.35128 2.69361
2.40117 2.69976
2.45107 2.70591
2.50096 2.71206
2.56178 2.71206
2.6226 3.60843
2.67206 3.60843
2.72152 3.61139
2.77099 3.61435
2.82045 3.61731
2.86992 3.62027
2.91938 3.62323
2.96885 3.62619
3.01831 3.62915
3.06778 3.63211
3.11724 3.63507
3.16671 3.63803
3.21617 3.64099
3.26563 3.64395
3.3151 3.64691
3.36456 3.64987
3.41403 3.65283
3.46349 3.65579
3.51296 3.65875
3.56242 3.66172
3.61189 3.66468
3.66135 3.66764
3.71082 3.6706
3.76028 3.67356
3.80975 3.67652
3.85921 3.67948
3.90867 3.68244
3.95814 3.6854
4.0076 3.68836
4.05707 3.69132
4.10653 3.69428
4.156 3.69724
4.20546 3.7002
4.25493 3.70316
4.30439 3.70612
4.35386 3.70908
4.40332 3.71204
4.45278 3.715
4.50225 3.71796
4.55171 3.72092
4.60118 3.72388
4.65064 3.72684
4.70011 3.7298
4.74957 3.73276
4.79904 3.73572
4.84858 3.73572
4.89813 3.73572
4.94768 3.73572
4.99722 3.73572
5.04677 3.73572
5.09632 3.73572
5.14586 3.73572
5.19541 3.73572
5.24496 3.73572
5.2945 3.73572
5.34405 3.73572
5.3936 3.73572
5.44314 3.73572
5.49269 3.73572
5.54224 3.73572
5.59178 3.73572
5.64133 3.73572
5.69088 3.73572
5.74042 3.73572
5.78997 3.73572
5.83952 3.73572
5.88906 3.73572
8.1668 3.92232
10.4445 3.92232
12.7223 3.92232
15.0 3.92232
0.0 0.928728
0.0497582 0.928728
0.0995163 0.971728
0.149275 1.01473
0.199033 1.05773
0.248791 1.10073
0.298549 1.14373
0.348307 1.18673
0.398065 1.22973
0.447824 1.27273
0.497582 1.31573
0.54734 1.35873
0.597098 1.40173
0.646856 1.44473
0.696614 1.48773
0.746373 1.53073
0.796131 1.57373
0.845889 1.61673
0.895647 1.65973
0.945405 1.70273
0.995163 1.74573
1.04492 1.78873
1.09468 1.83173
1.14444 1.87473
1.1942 1.91772
1.24395 1.96072
1.29371 2.00372
1.34474 2.00372
1.39577 2.0256
1.4468 2.04748
1.49783 2.06936
1.54886 2.09124
1.59989 2.11312
1.65092 2.13499
1.70195 2.15687
1.75298 2.17875
1.80401 2.20063
1.85504 2.22251
1.90607 2.24439
1.95574 2.24439
2.00542 2.25797
2.0551 2.27155
2.10478 2.28513
2.15445 2.29871
2.20413 2.31229
2.25381 2.32587
2.30349 2.33945
2.35317 2.35303
2.40284 2.36661
2.45252 2.38019
2.5022 2.39377
2.55188 2.40735
2.60156 2.42093
2.65123 2.43451
2.70091 2.44809
2.75059 2.46167
2.80027 2.47525
2.84994 2.48883
2.89962 2.50241
2.9493 2.51599
2.99898 2.52957
3.04866 2.54315
3.09833 2.55673
3.14801 2.57031
3.19769 2.58389
3.24737 2.59747
3.29705 2.61105
3.34672 2.62463
3.3964 2.63821
3.44608 2.65179
3.49576 2.66537
3.54543 2.67895
3.59511 2.69254
3.64479 2.70612
3.69447 2.7197
3.74415 2.73328
3.79382 2.74686
3.8435 2.76044
3.89318 2.77402
3.94286 2.7876
3.99432 2.7876
4.04579 2.82821
4.09726 2.86883
4.14873 2.90945
4.20019 2.95006
4.25166 2.99068
4.30313 3.0313
4.35459 3.07191
4.40606 3.11253
4.45498 3.11253
4.5039 3.11253
4.55282 3.11253
4.60174 3.11253
4.65066 3.11253
4.69958 3.11253
4.7485 3.11253
4.79742 3.11253
4.84634 3.11253
4.89526 3.11253
4.94418 3.11253
4.9931 3.11253
5.04202 3.11253
5.09094 3.11253
5.13986 3.11253
5.18878 3.11253
5.2377 3.11253
5.28662 3.11253
5.33554 3.11253
5.38446 3.11253
5.43338 3.11253
7.82503 5.34501
10.2167 5.34501
12.6083 5.34501
15.0 5.34501
0.0 0.911266
0.0503528 0.911266
0.100706 0.955867
0.151059 1.00047
0.201411 1.04507
0.251764 1.08967
0.302117 1.13427
0.35247 1.17887
0.402823 1.22347
0.453176 1.26807
0.503528 1.31267
0.553881 1.35727
0.604234 1.40188
0.654587 1.44648
0.70494 1.49108
0.755293 1.53568
0.804746 1.53568
0.854198 1.5713
0.903651 1.60692
0.953104 1.64253
1.00256 1.67815
1.05201 1.71377
1.10146 1.74939
1.15092 1.78501
1.20037 1.82063
1.24982 1.85625
1.29927 1.89186
1.34873 1.92748
1.39818 1.9631
1.44763 1.99872
1.49709 2.03434
1.54654 2.06996
1.59599 2.10557
1.64545 2.14119
1.6949 2.17681
1.74435 2.21243
1.7938 2.24805
1.84326 2.28367
1.89271 2.31929
1.94216 2.3549
1.99162 2.39052
2.04107 2.42614
2.09052 2.46176
2.13997 2.49738
2.18944 2.49738
2.2389 2.50452
2.28837 2.51166
2.33783 2.5188
2.3873 2.52595
2.43676 2.53309
2.48623 2.54023
2.53569 2.54737
2.58516 2.55451
2.63462 2.56165
2.68409 2.56879
2.73355 2.57594
2.78302 2.58308
2.83248 2.59022
2.88195 2.59736
2.93141 2.6045
2.98088 2.61164
3.03034 2.61879
3.07981 2.62593
3.12927 2.63307
3.17874 2.64021
3.2282 2.64735
3.27767 2.65449
3.32713 2.66164
3.3766 2.66878
3.42606 2.67592
3.47553 2.68306
3.52499 2.6902
3.57446 2.69734
3.62392 2.70449
3.67339 2.71163
3.72285 2.71877
3.77228 2.71877
3.8217 2.78176
3.87112 2.84475
3.92054 2.90774
3.96996 2.97073
4.01938 3.03372
4.0688 3.09671
4.11822 3.1597
4.16764 3.22269
4.21706 3.28568
4.26649 3.34867
4.31591 3.41167
4.36533 3.47466
4.41475 3.53765
4.46417 3.60064
4.51359 3.66363
4.56301 3.72662
4.61243 3.78961
4.66185 3.8526
4.71127 3.91559
4.76069 3.97858
4.81012 4.04157
4.85954 4.10456
4.90896 4.16755
4.95838 4.23054
5.0078 4.29353
5.0581 4.29353
5.10841 4.29353
5.15871 4.29353
5.20902 4.29353
5.25932 4.29353
5.30963 4.29353
5.35993 4.29353
5.41024 4.29353
5.46054 4.29353
5.51085 4.29353
5.56115 4.29353
5.61145 4.29353
5.66176 4.29353
5.71206 4.29353
5.76237 4.29353
5.81267 4.29353
5.86298 4.29353
8.14723 5.73107
10.4315 5.73107
12.7157 5.73107
15.0 5.73107
0.0 0.928311
0.0503792 0.928311
0.100758 0.968278
0.151138 1.00825
0.201517 1.04821
0.251896 1.08818
0.302275 1.12815
0.352655 1.16811
0.403034 1.20808
0.453413 1.24805
0.503792 1.28801
0.554172 1.32798
0.604551 1.36795
0.65493 1.40792
0.705309 1.44788
0.755689 1.48785
0.806068 1.52782
0.856133 1.52782
0.906199 1.54564
0.956264 1.56347
1.00633 1.58129
1.0564 1.59912
1.10646 1.61694
1.15653 1.63477
1.20659 1.65259
1.25666 1.67042
1.30672 1.68824
1.35679 1.70606
1.40685 1.72389
1.45692 1.74171
1.50698 1.75954
1.55705 1.77736
1.60712 1.79519
1.65718 1.81301
1.70725 1.83084
1.75731 1.84866
1.80738 1.86649
1.85744 1.88431
1.90751 1.90214
1.95757 1.91996
2.00764 1.93779
2.0577 1.95561
2.10777 1.97344
2.15784 1.99126
2.2079 2.00909
2.25797 2.02691
2.30803 2.04474
2.3581 2.06256
2.40816 2.08038
2.45823 2.09821
2.50829 2.11603
2.55836 2.13386
2.60842 2.15168
2.65849 2.16951
2.70856 2.18733
2.75862 2.20516
2.80869 2.22298
2.85875 2.24081
2.90882 2.25863
2.95888 2.27646
3.00895 2.29428
3.05901 2.31211
3.10908 2.32993
3.15914 2.34776
3.20921 2.36558
3.25928 2.38341
3.30934 2.40123
3.35941 2.41905
3.40947 2.43688
3.46133 2.43688
3.51319 2.46083
3.56505 2.48477
3.61691 2.50872
3.66878 2.53266
3.72064 2.55661
3.7725 2.58055
3.82436 2.6045
3.87622 2.62844
3.92808 2.65239
3.97994 2.67634
4.0318 2.70028
4.0817 2.70028
4.13159 2.78211
4.18149 2.86393
4.23138 2.94576
4.28128 3.02759
4.33117 3.10941
4.38107 3.19124
4.43097 3.27307
4.48086 3.35489
4.53076 3.43672
4.58065 3.51855
4.63055 3.60037
4.68044 3.6822
4.73034 3.76403
4.78024 3.84585
4.83013 3.92768
4.88003 4.00951
4.92992 4.09133
4.98069 4.09133
5.03145 4.09133
5.08221 4.09133
5.13298 4.09133
5.18374 4.09133
5.2345 4.09133
5.28527 4.09133
5.33603 4.09133
5.38679 4.09133
5.43756 4.09133
5.48832 4.09133
5.53909 4.09133
5.58985 4.09133
5.64061 4.09133
5.69138 4.09133
5.74214 4.09133
8.0566 5.72154
10.3711 5.72154
12.6855 5.72154
15.0 5.72154
0.0 0.922483
0.0492277 0.922483
0.0984554 0.963128
0.147683 1.00377
0.196911 1.04442
0.246139 1.08506
0.295366 1.12571
0.344594 1.16635
0.393822 1.20699
0.443049 1.24764
0.492277 1.28828
0.541505 1.32893
0.590733 1.36957
0.63996 1.41022
0.689188 1.45086
0.738416 1.49151
0.787643 1.53215
0.836871 1.5728
0.886099 1.61344
0.935327 1.65408
0.984554 1.69473
1.03378 1.73537
1.08301 1.77602
1.13224 1.81666
1.18147 1.85731
1.23069 1.89795
1.27992 1.9386
1.32915 1.97924
1.37854 1.97924
1.42793 1.98424
1.47733 1.98925
1.52672 1.99425
1.57611 1.99925
1.62551 2.00426
1.6749 2.00926
1.72429 2.01426
1.77369 2.01927
1.82308 2.02427
1.87247 2.02927
1.92187 2.03428
1.97126 2.03928
2.02065 2.04428
2.07005 2.04929
2.11944 2.05429
2.16883 2.05929
2.21823 2.0643
2.26762 2.0693
2.31701 2.0743
2.36641 2.07931
2.4158 2.08431
2.46519 2.08931
2.51459 2.09432
2.56398 2.09932
2.61337 2.10432
2.66276 2.10932
2.71216 2.11433
2.76155 2.11933
2.81094 2.12433
2.86034 2.12934
2.90973 2.13434
2.95912 2.13934
3.00852 2.14435
3.05791 2.14935
3.1073 2.15435
3.1567 2.15936
3.20609 2.16436
3.25679 2.16436
3.30748 2.19953
3.35818 2.23471
3.40888 2.26988
3.45958 2.30505
3.51027 2.34022
3.56097 2.3754
3.61167 2.41057
3.66236 2.44574
3.71306 2.48091
3.76376 2.51609
3.81446 2.55126
3.86515 2.58643
3.91585 2.6216
3.96655 2.65678
4.01724 2.69195
4.06794 2.72712
4.11864 2.76229
4.16934 2.79747
4.22003 2.83264
4.27073 2.86781
4.32143 2.90298
4.37212 2.93816
4.42282 2.97333
4.47352 3.0085
4.52409 3.0085
4.57467 3.01398
4.62525 3.01947
4.67582 3.02495
4.7264 3.03043
4.77698 3.03592
4.82755 3.0414
4.87813 3.04688
4.92871 3.05236
4.97928 3.05785
5.02986 3.06333
5.08044 3.06881
5.13101 3.0743
5.18159 3.07978
5.23217 3.08526
5.28274 3.09074
5.33332 3.09623
5.3839 3.10171
5.43447 3.10719
5.48505 3.11268
5.53563 3.11816
5.5862 3.12364
5.63678 3.12913
5.68736 3.13461
5.73775 3.13461
5.78814 3.13461
5.83853 3.13461
5.88893 3.13461
5.93932 3.13461
5.98971 3.13461
6.0401 3.13461
6.0905 3.13461
6.14089 3.13461
6.19128 3.13461
6.24167 3.13461
6.29207 3.13461
6.34246 3.13461
6.39285 3.13461
6.44325 3.13461
6.49364 3.13461
6.54403 3.13461
6.59442 3.13461
6.64482 3.13461
6.69521 3.13461
6.7456 3.13461
6.79599 3.13461
6.84639 3.13461
6.89678 3.13461
6.94717 3.13461
6.99756 3.13461
7.04796 3.13461
7.09835 3.13461
7.14874 3.13461
7.19913 3.13461
7.24953 3.13461
9.83302 5.52472
12.4165 5.52472
15.0 5.52472
0.0 0.917863
0.050307 0.917863
0.100614 0.961666
0.150921 1.00547
0.201228 1.04927
0.251535 1.09307
0.301842 1.13687
0.352149 1.18068
0.402456 1.22448
0.452763 1.26828
0.50307 1.31208
0.553376 1.35589
0.603683 1.39969
0.65399 1.44349
0.704297 1.48729
0.754604 1.5311
0.804911 1.5749
0.855218 1.6187
0.905525 1.6625
0.955832 1.7063
1.00614 1.75011
1.05645 1.79391
1.10675 1.83771
1.15706 1.88151
1.20737 1.92532
1.25767 1.96912
1.30821 1.96912
1.35875 1.98075
1.40929 1.99238
1.45982 2.00402
1.51036 2.01565
1.5609 2.02728
1.61144 2.03891
1.66197 2.05055
1.71251 2.06218
1.76305 2.07381
1.81359 2.08544
1.86412 2.09708
1.91466 2.10871
1.9652 2.12034
2.01574 2.13197
2.06627 2.14361
2.11681 2.15524
2.16735 2.16687
2.21789 2.1785
2.26843 2.19014
2.31896 2.20177
2.3695 2.2134
2.42004 2.22503
2.47058 2.23667
2.52111 2.2483
2.57165 2.25993
2.62219 2.27156
2.67273 2.2832
2.72326 2.29483
2.7738 2.30646
2.82434 2.31809
2.87488 2.32973
2.92541 2.34136
2.97624 2.34136
3.02707 2.39818
3.07789 2.455
3.12872 2.51182
3.17955 2.56864
3.23037 2.62546
3.2812 2.68227
3.33203 2.73909
3.38286 2.79591
3.43368 2.85273
3.48451 2.90955
3.53499 2.90955
3.58547 2.91105
3.63595 2.91254
3.68643 2.91403
3.73691 2.91553
3.78739 2.91702
3.83787 2.91852
3.88835 2.92001
3.93882 2.92151
3.9893 2.923
4.03978 2.92449
4.09026 2.92599
4.14074 2.92748
4.19122 2.92898
4.2417 2.93047
4.29218 2.93196
4.34266 2.93346
4.39314 2.93495
4.44362 2.93645
4.4941 2.93794
4.54458 2.93944
4.59506 2.94093
4.64554 2.94242
4.69602 2.94392
4.7465 2.94541
4.79641 2.94541
4.84632 2.94541
4.89623 2.94541
4.94614 2.94541
4.99605 2.94541
5.04596 2.94541
5.09587 2.94541
5.14578 2.94541
5.1957 2.94541
5.24561 2.94541
5.29552 2.94541
5.34543 2.94541
5.39534 2.94541
5.44525 2.94541
5.49516 2.94541
5.54507 2.94541
5.59498 2.94541
5.6449 2.94541
5.69481 2.94541
5.74472 2.94541
5.79463 2.94541
5.84454 2.94541
5.89445 2.94541
5.94436 2.94541
5.99427 2.94541
8.2457 5.50538
10.4971 5.50538
12.7486 5.50538
15.0 5.50538
0.0 0.936716
0.051234 0.936716
0.102468 0.978357
0.153702 1.02
0.204936 1.06164
0.25617 1.10328
0.307404 1.14492
0.358638 1.18656
0.409872 1.2282
0.461106 1.26984
0.51234 1.31148
0.563574 1.35312
0.614808 1.39476
0.666042 1.4364
0.717276 1.47804
0.767662 1.47804
0.818048 1.50434
0.868433 1.53063
0.918819 1.55692
0.969205 1.58322
1.01959 1.60951
1.06998 1.63581
1.12036 1.6621
1.17075 1.6884
1.22113 1.71469
1.27152 1.74099
1.3219 1.76728
1.37229 1.79358
1.42268 1.81987
1.47306 1.84616
1.52345 1.87246
1.57383 1.89875
1.62422 1.92505
1.6746 1.95134
1.72499 1.97764
1.77537 2.00393
1.82576 2.03023
1.87615 2.05652
1.92653 2.08282
1.97692 2.10911
2.0273 2.1354
2.07769 2.1617
2.12807 2.18799
2.17846 2.21429
2.22885 2.24058
2.27923 2.26688
2.32962 2.29317
2.37998 2.29317
2.43035 2.31441
2.48072 2.33564
2.53108 2.35688
2.58145 2.37811
2.63182 2.39935
2.68219 2.42058
2.73255 2.44182
2.78292 2.46305
2.83329 2.48429
2.88365 2.50552
2.93402 2.52676
2.98439 2.54799
3.03475 2.56922
3.08512 2.59046
3.13549 2.61169
3.18585 2.63293
3.23622 2.65416
3.28659 2.6754
3.33696 2.69663
3.38732 2.71787
3.43769 2.7391
3.48806 2.76034
3.53842 2.78157
3.58879 2.80281
3.63916 2.82404
3.68955 2.82404
3.73994 2.90367
3.79033 2.98329
3.84072 3.06291
3.89112 3.14253
3.94151 3.22216
3.9919 3.30178
4.04229 3.3814
4.09268 3.46103
4.14307 3.54065
4.19346 3.62027
4.24386 3.69989
4.29425 3.77952
4.34464 3.85914
4.39503 3.93876
4.44542 4.01838
4.49547 4.01838
4.54553 4.01838
4.59558 4.01838
4.64563 4.01838
4.69568 4.01838
4.74573 4.01838
4.79578 4.01838
4.84583 4.01838
4.89588 4.01838
4.94593 4.01838
4.99599 4.01838
5.04604 4.01838
5.09609 4.01838
5.14614 4.01838
5.19619 4.01838
5.24624 4.01838
5.29629 4.01838
5.34634 4.01838
5.39639 4.01838
5.44645 4.01838
5.4965 4.01838
5.54655 4.01838
5.5966 4.01838
5.64665 4.01838
5.6967 4.01838
8.02253 5.73377
10.3484 5.73377
12.6742 5.73377
15.0 5.73377
0.0 0.92693
0.049973 0.92693
0.099946 0.968301
0.149919 1.00967
0.199892 1.05104
0.249865 1.09241
0.299838 1.13378
0.349811 1.17515
0.399784 1.21652
0.449757 1.25789
0.49973 1.29926
0.549703 1.34063
0.599676 1.382
0.649649 1.42337
0.699622 1.46474
0.749595 1.50612
0.799568 1.54749
0.849541 1.58886
0.899514 1.63023
0.949487 1.6716
0.99946 1.71297
1.04943 1.75434
1.09941 1.79571
1.14938 1.83708
1.19935 1.87845
1.24933 1.91982
1.2993 1.96119
1.34927 2.00256
1.39924 2.04393
1.44922 2.0853
1.49792 2.0853
1.54662 2.13736
1.59532 2.18943
1.64402 2.24149
1.69273 2.29356
1.74143 2.34562
1.79131 2.34562
1.84119 2.36169
1.89108 2.37776
1.94096 2.39382
1.99084 2.40989
2.04073 2.42596
2.09061 2.44203
2.14049 2.4581
2.19038 2.47417
2.24026 2.49023
2.29014 2.5063
2.34002 2.52237
2.38991 2.53844
2.43979 2.55451
2.48967 2.57057
2.53956 2.58664
2.58944 2.60271
2.63932 2.61878
2.68921 2.63485
2.73909 2.65092
2.78897 2.66698
2.83886 2.68305
2.88874 2.69912
2.93862 2.71519
2.98851 2.73126
3.03839 2.74733
3.08827 2.76339
3.13816 2.77946
3.18804 2.79553
3.23792 2.8116
3.2878 2.82767
3.33769 2.84374
3.388 2.84374
3.43832 2.85113
3.48864 2.85852
3.53896 2.86591
3.58927 2.8733
3.63959 2.88069
3.68991 2.88808
3.74022 2.89547
3.79054 2.90286
3.84086 2.91025
3.89117 2.91764
3.94149 2.92503
3.99181 2.93242
4.04212 2.93981
4.09244 2.9472
4.14276 2.95459
4.19308 2.96198
4.24339 2.96937
4.29371 2.97676
4.34403 2.98415
4.39434 2.99154
4.44466 2.99893
4.49498 3.00632
4.54529 3.01371
4.59561 3.0211
4.64593 3.02849
4.69624 3.03588
4.74656 3.04327
4.79688 3.05066
4.8472 3.05805
4.89751 3.06544
4.94822 3.06544
4.99892 3.06544
5.04962 3.06544
5.10033 3.06544
5.15103 3.06544
5.20173 3.06544
5.25244 3.06544
5.30314 3.06544
5.35384 3.06544
5.40455 3.06544
5.45525 3.06544
5.50596 3.06544
5.55666 3.06544
5.60736 3.06544
5.65807 3.06544
5.70877 3.06544
5.75947 3.06544
5.81018 3.06544
5.86088 3.06544
5.91158 3.06544
5.96229 3.06544
6.01299 3.06544
6.06369 3.06544
6.1144 3.06544
6.1651 3.06544
6.2158 3.06544
6.26651 3.06544
6.31721 3.06544
6.36792 3.06544
6.41862 3.06544
6.46932 3.06544
6.52003 3.06544
6.57073 3.06544
9.38049 5.42012
12.1902 5.42012
15.0 5.42012
0.0 0.943851
0.0499783 0.943851
0.0999565 0.982453
0.149935 1.02105
0.199913 1.05966
0.249891 1.09826
0.29987 1.13686
0.349848 1.17546
0.399826 1.21406
0.449804 1.25266
0.499783 1.29126
0.549761 1.32986
0.599739 1.36847
0.649717 1.40707
0.699696 1.44567
0.749674 1.48427
0.799652 1.52287
0.84963 1.56147
0.899609 1.60007
0.949587 1.63868
0.999565 1.67728
1.04954 1.71588
1.09952 1.75448
1.1495 1.79308
1.19948 1.83168
1.24946 1.87028
1.29943 1.90888
1.34941 1.94749
1.39939 1.98609
1.44937 2.02469
1.49935 2.06329
1.54933 2.10189
1.5993 2.14049
1.64928 2.17909
1.69926 2.2177
1.74924 2.2563
1.79922 2.2949
1.8492 2.3335
1.89917 2.3721
1.94915 2.4107
1.99913 2.4493
2.04911 2.4879
2.09909 2.52651
2.14907 2.56511
2.19984 2.56511
2.25062 2.57688
2.3014 2.58865
2.35218 2.60042
2.40296 2.61219
2.45373 2.62396
2.50451 2.63573
2.55529 2.6475
2.60607 2.65927
2.65685 2.67104
2.70762 2.68281
2.7584 2.69458
2.80803 2.69458
2.85766 2.7964
2.90729 2.89823
2.95693 3.00005
3.00656 3.10188
3.05619 3.2037
3.10582 3.30553
3.15545 3.40735
3.20508 3.50918
3.25471 3.611
3.30474 3.611
3.35477 3.61282
3.4048 3.61463
3.45484 3.61645
3.50487 3.61827
3.5549 3.62008
3.60493 3.6219
3.65496 3.62371
3.70499 3.62553
3.75502 3.62734
3.80505 3.62916
3.85509 3.63097
3.90512 3.63279
3.95515 3.6346
4.00518 3.63642
4.05521 3.63823
4.10524 3.64005
4.15527 3.64186
4.20531 3.64368
4.25534 3.64549
4.30537 3.64731
4.3554 3.64912
4.40543 3.65094
4.45546 3.65276
4.50549 3.65457
4.55553 3.65639
4.60556 3.6582
4.65559 3.66002
4.70562 3.66183
4.75565 3.66365
4.80568 3.66546
4.85571 3.66728
4.90574 3.66909
4.95578 3.67091
5.00581 3.67272
5.05584 3.67454
5.10587 3.67635
5.1559 3.67817
5.20593 3.67998
5.25596 3.6818
5.306 3.68361
5.35603 3.68543
5.40606 3.68725
5.45609 3.68906
5.50612 3.69088
5.55615 3.69269
5.60618 3.69451
5.65621 3.69632
5.70625 3.69814
5.75628 3.69995
5.80541 3.69995
5.85453 3.69995
5.90366 3.69995
5.95279 3.69995
6.00192 3.69995
6.05105 3.69995
6.10018 3.69995
6.1493 3.69995
6.19843 3.69995
6.24756 3.69995
6.29669 3.69995
6.34582 3.69995
6.39495 3.69995
6.44408 3.69995
9.29605 4.12062
12.148 4.12062
15.0 4.12062
0.0 0.927138
0.0499637 0.927138
0.0999275 0.967885
0.149891 1.00863
0.199855 1.04938
0.249819 1.09012
0.299782 1.13087
0.349746 1.17162
0.39971 1.21236
0.449674 1.25311
0.499637 1.29386
0.549601 1.3346
0.599565 1.37535
0.649528 1.4161
0.699492 1.45684
0.749456 1.49759
0.79942 1.53834
0.849383 1.57908
0.899347 1.61983
0.949311 1.66058
0.999275 1.70132
1.04924 1.74207
1.0992 1.78282
1.14917 1.82356
1.19913 1.86431
1.24909 1.90506
1.29906 1.9458
1.34902 1.98655
1.39898 2.02729
1.44895 2.06804
1.49891 2.10879
1.54888 2.14953
1.59884 2.19028
1.6488 2.23103
1.69877 2.27177
1.74873 2.31252
1.79869 2.35327
1.84866 2.39401
1.89862 2.43476
1.94859 2.47551
1.99855 2.51625
2.04851 2.557
2.09848 2.59775
2.14878 2.59775
2.19908 2.6044
2.24939 2.61105
2.29969 2.6177
2.34999 2.62435
2.4003 2.631
2.4506 2.63765
2.5009 2.6443
2.55121 2.65095
2.60151 2.6576
2.65181 2.66425
2.70212 2.6709
2.75242 2.67755
2.80272 2.68421
2.85303 2.69086
2.90333 2.69751
2.95363 2.70416
3.00338 2.70416
3.05312 2.78103
3.10287 2.8579
3.15261 2.93477
3.20235 3.01164
3.2521 3.08851
3.30184 3.16538
3.35159 3.24225
3.40133 3.31912
3.45108 3.39599
3.50082 3.47286
3.55056 3.54973
3.60031 3.6266
3.65022 3.6266
3.70013 3.6272
3.75004 3.6278
3.79995 3.62841
3.84986 3.62901
3.89977 3.62961
3.94967 3.63022
3.99958 3.63082
4.04949 3.63142
4.0994 3.63203
4.14931 3.63263
4.19922 3.63323
4.24913 3.63384
4.29904 3.63444
4.34895 3.63504
4.39886 3.63565
4.44877 3.63625
4.49868 3.63685
4.54859 3.63746
4.5985 3.63806
4.64841 3.63866
4.69832 3.63927
4.74823 3.63987
4.79814 3.64047
4.84805 3.64108
4.89796 3.64168
4.94786 3.64228
4.99777 3.64289
5.04768 3.64349
5.09759 3.64409
5.1475 3.6447
5.19741 3.6453
5.24732 3.6459
5.29723 3.64651
5.34714 3.64711
5.39705 3.64771
5.44696 3.64832
5.49687 3.64892
5.54678 3.64952
5.59669 3.65013
5.64715 3.65013
5.69762 3.65013
5.74808 3.65013
5.79855 3.65013
5.84901 3.65013
5.89948 3.65013
5.94994 3.65013
6.00041 3.65013
6.05087 3.65013
6.10134 3.65013
6.1518 3.65013
6.20227 3.65013
6.25273 3.65013
6.30319 3.65013
6.35366 3.65013
6.40412 3.65013
6.45459 3.65013
6.50505 3.65013
6.55552 3.65013
6.60598 3.65013
6.65645 3.65013
6.70691 3.65013
6.75738 3.65013
9.50492 4.13632
12.2525 4.13632
15.0 4.13632
0.0 0.926278
0.0485541 0.926278
0.0971082 0.966593
0.145662 1.00691
0.194216 1.04722
0.24277 1.08754
0.291324 1.12786
0.339879 1.16817
0.388433 1.20849
0.436987 1.2488
0.485541 1.28912
0.534095 1.32944
0.582649 1.36975
0.631203 1.41007
0.679757 1.45038
0.728311 1.4907
0.778938 1.4907
0.829565 1.51106
0.880192 1.53142
0.930819 1.55178
0.981446 1.57214
1.03207 1.5925
1.0827 1.61286
1.13333 1.63322
1.18395 1.65358
1.23458 1.67394
1.28521 1.6943
1.33584 1.71466
1.38646 1.73502
1.43709 1.75538
1.48772 1.77574
1.53834 1.7961
1.58897 1.81646
1.6396 1.83682
1.69022 1.85718
1.74085 1.87754
1.79148 1.8979
1.84211 1.91826
1.89273 1.93862
1.94336 1.95898
1.99399 1.97934
2.04461 1.9997
2.09524 2.02006
2.14587 2.04042
2.19649 2.06078
2.24712 2.08114
2.29775 2.1015
2.34838 2.12186
2.399 2.14222
2.44963 2.16258
2.50026 2.18294
2.55088 2.2033
2.60151 2.22366
2.65214 2.24402
2.70139 2.24402
2.75063 2.27488
2.79988 2.30573
2.84913 2.33658
2.89838 2.36743
2.94763 2.39829
2.99688 2.42914
3.04612 2.45999
3.09537 2.49084
3.14462 2.5217
3.19387 2.55255
3.24312 2.5834
3.29237 2.61425
3.34161 2.64511
3.39086 2.67596
3.44011 2.70681
3.48936 2.73766
3.53861 2.76852
3.59007 2.76852
3.64154 2.86695
3.693 2.96538
3.74447 3.06382
3.79593 3.16225
3.8474 3.26068
3.89886 3.35911
3.95033 3.45755
4.0018 3.55598
4.05326 3.65441
4.10473 3.75285
4.15619 3.85128
4.20766 3.94971
4.25645 3.94971
4.30525 3.94971
4.35405 3.94971
4.40285 3.94971
4.45164 3.94971
4.50044 3.94971
4.54924 3.94971
4.59803 3.94971
4.64683 3.94971
4.69563 3.94971
4.74443 3.94971
4.79322 3.94971
4.84202 3.94971
4.89082 3.94971
4.93962 3.94971
4.98841 3.94971
7.49131 5.62412
9.99421 5.62412
12.4971 5.62412
15.0 5.62412
0.0 0.910718
0.0488023 0.910718
0.0976046 0.951562
0.146407 0.992406
0.195209 1.03325
0.244011 1.07409
0.292814 1.11494
0.341616 1.15578
0.390418 1.19663
0.43922 1.23747
0.488023 1.27831
0.536825 1.31916
0.585627 1.36
0.63443 1.40084
0.68332 1.40084
0.73221 1.52712
0.7811 1.6534
0.82999 1.77968
0.87888 1.90596
0.92777 2.03223
0.97666 2.15851
1.02555 2.28479
1.0747 2.28479
1.12385 2.31279
1.173 2.34079
1.22215 2.36879
1.2713 2.39679
1.32045 2.42479
1.3696 2.45279
1.41875 2.48079
1.46791 2.50879
1.51706 2.53679
1.56621 2.56479
1.61536 2.59278
1.66451 2.62078
1.71366 2.64878
1.76281 2.67678
1.81196 2.70478
1.86111 2.73278
1.91026 2.76078
1.95941 2.78878
2.00856 2.81678
2.05771 2.84478
2.10676 2.84478
2.15581 2.94977
2.20486 3.05475
2.2539 3.15973
2.30295 3.26472
2.352 3.3697
2.40105 3.47469
2.4501 3.57967
2.49914 3.68465
2.54819 3.78964
2.59724 3.89462
2.64629 3.99961
2.69534 4.10459
2.74438 4.20957
2.79458 4.20957
2.84478 4.20957
2.89497 4.20957
2.94517 4.20957
2.99536 4.20957
3.04556 4.20957
3.09575 4.20957
3.14595 4.20957
3.19615 4.20957
3.24634 4.20957
3.29654 4.20957
3.34673 4.20957
3.39693 4.20957
3.44712 4.20957
3.49732 4.20957
3.54752 4.20957
3.59771 4.20957
3.64791 4.20957
3.6981 4.20957
3.7483 4.20957
3.79849 4.20957
3.84869 4.20957
3.89889 4.20957
3.94908 4.20957
3.99928 4.20957
4.04947 4.20957
4.09967 4.20957
4.14987 4.20957
4.20006 4.20957
4.25026 4.20957
6.93769 5.56317
9.62513 5.56317
12.3126 5.56317
15.0 5.56317
0.0 0.931529
0.0512082 0.931529
0.102416 0.974498
0.153625 1.01747
0.204833 1.06043
0.256041 1.1034
0.307249 1.14637
0.358457 1.18934
0.409665 1.23231
0.460874 1.27528
0.512082 1.31824
0.56329 1.36121
0.614498 1.40418
0.665706 1.44715
0.716915 1.49012
0.768123 1.53309
0.819331 1.57605
0.870539 1.61902
0.921747 1.66199
0.972956 1.70496
1.02416 1.74793
1.07327 1.74793
1.12237 1.93445
1.17148 2.12096
1.22059 2.30748
1.26969 2.494
1.3188 2.68052
1.3679 2.86704
1.41701 3.05356
1.46611 3.24007
1.51522 3.42659
1.56432 3.61311
1.61343 3.79963
1.66358 3.79963
1.71374 3.80433
1.7639 3.80904
1.81405 3.81375
1.86421 3.81846
1.91436 3.82316
1.96452 3.82787
2.01467 3.83258
2.06483 3.83728
2.11499 3.84199
2.16514 3.8467
2.2153 3.8514
2.26545 3.85611
2.31561 3.86082
2.36576 3.86552
2.41592 3.87023
2.46608 3.87494
2.51623 3.87964
2.56639 3.88435
2.61654 3.88906
2.6667 3.89376
2.71685 3.89847
2.76701 3.90318
2.81717 3.90788
2.86732 3.91259
2.92018 3.91259
2.97303 4.17847
3.02589 4.44435
3.07874 4.71024
3.13079 4.71024
3.18284 4.71024
3.2349 4.71024
3.28695 4.71024
5.62956 4.78141
7.97217 4.78141
10.3148 4.78141
12.6574 4.78141
15.0 4.78141
0.0 0.935162
0.0512776 0.935162
0.102555 0.979487
0.153833 1.02381
0.205111 1.06814
0.256388 1.11246
0.307666 1.15679
0.358943 1.20111
0.410221 1.24544
0.461499 1.28976
0.512776 1.33409
0.564054 1.37841
0.615332 1.42274
0.666609 1.46706
0.717887 1.51139
0.769165 1.55571
0.820442 1.60004
0.87172 1.64436
0.922997 1.68869
0.974275 1.73301
1.02359 1.73301
1.0729 1.93906
1.12221 2.14511
1.17152 2.35116
1.22083 2.55721
1.27014 2.76326
1.31945 2.96931
1.36876 3.17535
1.41807 3.3814
1.46738 3.58745
1.51669 3.7935
1.56585 3.7935
1.61501 3.79788
1.66416 3.80226
1.71332 3.80664
1.76248 3.81102
1.81164 3.8154
1.86079 3.81979
1.90995 3.82417
1.95911 3.82855
2.00827 3.83293
2.05742 3.83731
2.10658 3.84169
2.15574 3.84607
2.20489 3.85045
2.25405 3.85483
2.30321 3.85921
2.35237 3.86359
2.40152 3.86797
2.45068 3.87235
2.49968 3.87235
2.54868 4.07957
2.59768 4.28678
2.64667 4.494
2.69567 4.70122
2.74628 4.70122
2.79689 4.70122
2.84749 4.70122
2.8981 4.70122
5.31848 4.76213
7.73886 4.76213
10.1592 4.76213
12.5796 4.76213
15.0 4.76213
0.0 0.934907
0.0513193 0.934907
0.102639 0.975967
0.153958 1.01703
0.205277 1.05809
0.256597 1.09915
0.307916 1.14021
0.359235 1.18127
0.410554 1.22233
0.461874 1.26339
0.513193 1.30445
0.564512 1.34551
0.615832 1.38657
0.667151 1.42763
0.715388 1.42763
0.763625 1.51511
0.811862 1.60259
0.860099 1.69007
0.908336 1.77755
0.956573 1.86503
1.00481 1.95251
1.05305 2.03999
1.10128 2.12747
1.14952 2.21495
1.19776 2.30243
1.24662 2.30243
1.29548 2.33043
1.34434 2.35843
1.3932 2.38644
1.44206 2.41444
1.49092 2.44244
1.53978 2.47045
1.58864 2.49845
1.6375 2.52645
1.68636 2.55445
1.73521 2.58246
1.78407 2.61046
1.83293 2.63846
1.88179 2.66646
1.93065 2.69447
1.97951 2.72247
2.02837 2.75047
2.07723 2.77848
2.12609 2.80648
2.17495 2.83448
2.22349 2.83448
2.27203 3.29388
2.32057 3.75328
2.36911 4.21268
2.41881 4.21268
2.4685 4.21268
2.5182 4.21268
2.56789 4.21268
2.61758 4.21268
2.66728 4.21268
2.71697 4.21268
2.76667 4.21268
2.81636 4.21268
2.86606 4.21268
2.91575 4.21268
2.96545 4.21268
3.01514 4.21268
3.06483 4.21268
3.11453 4.21268
3.16422 4.21268
3.21392 4.21268
3.26361 4.21268
3.31331 4.21268
3.363 4.21268
3.41269 4.21268
3.46239 4.21268
3.51208 4.21268
5.80967 5.55912
8.10725 5.55912
10.4048 5.55912
12.7024 5.55912
15.0 5.55912
0.0 0.925583
0.0501682 0.925583
0.100336 0.967669
0.150505 1.00975
0.200673 1.05184
0.250841 1.09392
0.301009 1.13601
0.351178 1.1781
0.401346 1.22018
0.451514 1.26227
0.501682 1.30435
0.55185 1.34644
0.602019 1.38852
0.652187 1.43061
0.702355 1.47269
0.752523 1.51478
0.802692 1.55686
0.85286 1.59895
0.903028 1.64103
0.953196 1.68312
1.00336 1.72521
1.05353 1.76729
1.1037 1.80938
1.15387 1.85146
1.20404 1.89355
1.25421 1.93563
1.30437 1.97772
1.35454 2.0198
1.40471 2.06189
1.45488 2.10397
1.50505 2.14606
1.55521 2.18815
1.60538 2.23023
1.65555 2.27232
1.70572 2.3144
1.75589 2.35649
1.80606 2.39857
1.85622 2.44066
1.90639 2.48274
1.95656 2.52483
2.00673 2.56691
2.0569 2.609
2.10663 2.609
2.15637 2.61605
2.2061 2.62311
2.25584 2.63017
2.30558 2.63722
2.35531 2.64428
2.40505 2.65133
2.45478 2.65839
2.50452 2.66544
2.55511 2.66544
2.60569 2.6949
2.65628 2.72436
2.70687 2.75382
2.75746 2.78328
2.80804 2.81274
2.85863 2.8422
2.90922 2.87166
2.95981 2.90112
3.0104 2.93058
3.06098 2.96003
3.11157 2.98949
3.16216 3.01895
3.21275 3.04841
3.26333 3.07787
3.31392 3.10733
3.36451 3.13679
3.4151 3.16625
3.46569 3.19571
3.51627 3.22517
3.56686 3.25463
3.61745 3.28408
3.66804 3.31354
3.71862 3.343
3.76921 3.37246
3.8198 3.40192
3.87039 3.43138
3.92098 3.46084
3.97156 3.4903
4.02215 3.51976
4.07274 3.54922
4.12333 3.57868
4.17391 3.60813
4.2245 3.63759
4.2728 3.63759
4.32109 3.65774
4.36938 3.67789
4.41768 3.69804
4.46597 3.71819
4.51426 3.73834
4.56256 3.75849
4.61085 3.77864
4.65914 3.79879
4.70744 3.81894
4.75701 3.81894
4.80658 3.81894
4.85615 3.81894
4.90571 3.81894
4.95528 3.81894
5.00485 3.81894
5.05442 3.81894
5.10399 3.81894
5.15356 3.81894
5.20313 3.81894
5.2527 3.81894
5.30227 3.81894
5.35184 3.81894
5.40141 3.81894
5.45098 3.81894
5.50055 3.81894
5.55012 3.81894
5.59969 3.81894
5.64926 3.81894
5.69883 3.81894
5.7484 3.81894
5.79797 3.81894
5.84754 3.81894
5.89711 3.81894
5.94668 3.81894
5.99625 3.81894
6.04582 3.81894
6.09539 3.81894
6.14496 3.81894
6.19453 3.81894
6.2441 3.81894
6.29367 3.81894
6.34324 3.81894
6.39281 3.81894
6.44238 3.81894
6.49195 3.81894
6.54152 3.81894
6.59109 3.81894
9.39406 4.25124
12.197 4.25124
15.0 4.25124
0.0 0.938228
0.0501653 0.938228
0.100331 0.975843
0.150496 1.01346
0.200661 1.05107
0.250827 1.08869
0.300992 1.12631
0.351157 1.16392
0.401323 1.20154
0.451488 1.23915
0.501653 1.27677
0.551819 1.31438
0.601984 1.352
0.652149 1.38962
0.702315 1.42723
0.75248 1.46485
0.802645 1.50246
0.852811 1.54008
0.902976 1.57769
0.953141 1.61531
1.00331 1.65293
1.05347 1.69054
1.10364 1.72816
1.1538 1.76577
1.20397 1.80339
1.25413 1.841
1.3043 1.87862
1.35321 1.87862
1.40212 2.06737
1.45103 2.25612
1.49994 2.44487
1.54885 2.63362
1.59776 2.82237
1.64667 3.01112
1.69558 3.19987
1.74449 3.38862
1.7934 3.57737
1.84231 3.76612
1.8916 3.76612
1.9409 3.76705
1.99019 3.76797
2.03948 3.76889
2.08878 3.76982
2.13807 3.77074
2.18736 3.77166
2.23666 3.77258
2.28595 3.77351
2.33525 3.77443
2.38454 3.77535
2.43383 3.77628
2.48313 3.7772
2.53242 3.77812
2.58171 3.77904
2.63101 3.77997
2.6803 3.78089
2.72959 3.78181
2.77889 3.78273
2.82818 3.78366
2.87747 3.78458
2.92677 3.7855
2.97606 3.78643
3.02535 3.78735
3.07465 3.78827
3.12394 3.78919
3.17324 3.79012
3.22253 3.79104
3.27182 3.79196
3.32112 3.79289
3.37041 3.79381
3.41907 3.79381
3.46774 3.85049
3.51641 3.90718
3.56507 3.96386
3.61374 4.02055
3.6624 4.07723
3.71107 4.13392
3.75973 4.1906
3.8084 4.24729
3.85706 4.30397
3.90573 4.36066
3.9544 4.41734
4.00306 4.47403
4.05173 4.53071
4.10039 4.5874
4.15058 4.5874
4.20077 4.5874
4.25095 4.5874
4.30114 4.5874
4.35133 4.5874
4.40151 4.5874
4.4517 4.5874
4.50188 4.5874
4.55207 4.5874
7.16405 4.91707
9.77604 4.91707
12.388 4.91707
15.0 4.91707
0.0 0.931453
0.0481943 0.931453
0.0963886 0.971298
0.144583 1.01114
0.192777 1.05099
0.240971 1.09083
0.289166 1.13068
0.33736 1.17052
0.385554 1.21037
0.433749 1.25022
0.481943 1.29006
0.531004 1.29006
0.580066 1.34985
0.629127 1.40965
0.678188 1.46944
0.72725 1.52923
0.776311 1.58903
0.825372 1.64882
0.874434 1.70861
0.923495 1.76841
0.972557 1.8282
1.02162 1.88799
1.07068 1.94778
1.11974 2.00758
1.1688 2.06737
1.21786 2.12716
1.26692 2.18696
1.31599 2.24675
1.36505 2.30654
1.41433 2.30654
1.46361 2.33297
1.51289 2.3594
1.56217 2.38583
1.61145 2.41226
1.66073 2.43869
1.71001 2.46512
1.75929 2.49155
1.80857 2.51798
1.85785 2.54441
1.90713 2.57084
1.95641 2.59727
2.00635 2.59727
2.05628 2.63242
2.10621 2.66758
2.15615 2.70273
2.20608 2.73789
2.25601 2.77304
2.30594 2.8082
2.35588 2.84336
2.40581 2.87851
2.45574 2.91367
2.50568 2.94882
2.55561 2.98398
2.60554 3.01913
2.65547 3.05429
2.70541 3.08944
2.75534 3.1246
2.80527 3.15975
2.85521 3.19491
2.90514 3.23006
2.95507 3.26522
3.005 3.30038
3.05494 3.33553
3.10487 3.37069
3.1548 3.40584
3.20474 3.441
3.25467 3.47615
3.3046 3.51131
3.35453 3.54646
3.40447 3.58162
3.4544 3.61677
3.50433 3.65193
3.55427 3.68709
3.6042 3.72224
3.65413 3.7574
3.70406 3.79255
3.754 3.82771
3.80393 3.86286
3.85386 3.89802
3.9038 3.93317
3.95373 3.96833
4.00366 4.00348
4.05359 4.03864
4.10353 4.0738
4.15346 4.10895
4.20339 4.14411
4.25333 4.17926
4.30326 4.21442
4.35319 4.24957
4.40312 4.28473
4.45306 4.31988
4.50299 4.35504
4.55292 4.39019
4.60285 4.42535
4.65408 4.42535
4.70531 4.42535
4.75654 4.42535
4.80777 4.42535
4.859 4.42535
4.91023 4.42535
4.96146 4.42535
5.01269 4.42535
5.06392 4.42535
5.11515 4.42535
5.16638 4.42535
5.21761 4.42535
5.26884 4.42535
5.32007 4.42535
7.74005 4.63203
10.16 4.63203
12.58 4.63203
15.0 4.63203
0.0 0.91844
0.0507867 0.91844
0.101573 0.963501
0.15236 1.00856
0.203147 1.05362
0.253933 1.09868
0.30472 1.14374
0.355507 1.18881
0.406293 1.23387
0.45708 1.27893
0.507867 1.32399
0.558653 1.36905
0.60944 1.41411
0.660227 1.45917
0.711013 1.50423
0.7618 1.54929
0.812587 1.59435
0.863373 1.63941
0.91416 1.68447
0.964947 1.72954
1.01573 1.7746
1.06652 1.81966
1.11731 1.86472
1.16809 1.90978
1.21888 1.95484
1.26967 1.9999
1.32045 2.04496
1.37124 2.09002
1.41983 2.09002
1.46843 3.52828
1.51812 3.52828
1.56782 3.53076
1.61751 3.53323
1.66721 3.53571
1.7169 3.53818
1.76659 3.54066
1.81629 3.54313
1.86598 3.5456
1.91568 3.54808
1.96537 3.55055
2.01507 3.55303
2.06476 3.5555
2.11446 3.55798
2.16415 3.56045
2.21385 3.56293
2.26354 3.5654
2.31323 3.56787
2.36293 3.57035
2.41262 3.57282
2.46232 3.5753
2.51201 3.57777
2.56171 3.58025
2.6114 3.58272
2.6611 3.58519
2.71079 3.58767
2.76049 3.59014
2.81018 3.59262
2.85987 3.59509
2.90957 3.59757
2.95926 3.60004
3.00896 3.60251
3.05865 3.60499
3.10835 3.60746
3.15804 3.60994
3.20774 3.61241
3.25743 3.61489
3.30713 3.61736
3.35682 3.61983
3.40651 3.62231
3.45621 3.62478
3.5059 3.62726
3.5556 3.62973
3.60529 3.63221
3.65581 3.63221
3.70633 3.67874
3.75685 3.72527
3.80736 3.7718
3.85788 3.81833
3.9084 3.86486
3.95891 3.91139
4.00943 3.95792
4.05995 4.00445
4.11047 4.05098
4.16098 4.09751
4.2115 4.14404
4.26202 4.19057
4.31254 4.2371
4.36305 4.28363
4.41357 4.33016
4.46409 4.37669
4.51461 4.42322
4.56448 4.42322
4.61435 4.42322
4.66423 4.42322
4.7141 4.42322
4.76397 4.42322
4.81385 4.42322
4.86372 4.42322
4.91359 4.42322
4.96346 4.42322
5.01334 4.42322
5.06321 4.42322
5.11308 4.42322
5.16296 4.42322
5.21283 4.42322
5.2627 4.42322
5.31258 4.42322
5.36245 4.42322
5.41232 4.42322
5.4622 4.42322
5.51207 4.42322
5.56194 4.42322
5.61182 4.42322
5.66169 4.42322
5.71156 4.42322
5.76144 4.42322
5.81131 4.42322
5.86118 4.42322
5.91105 4.42322
5.96093 4.42322
6.0108 4.42322
6.06067 4.42322
6.11055 4.42322
6.16042 4.42322
6.21029 4.42322
6.26017 4.42322
6.31004 4.42322
6.35991 4.42322
6.40979 4.42322
6.45966 4.42322
6.50953 4.42322
6.55941 4.42322
6.60928 4.42322
6.65915 4.42322
9.43943 4.87391
12.2197 4.87391
15.0 4.87391
0.0 0.92823
0.0501584 0.92823
0.100317 0.968295
0.150475 1.00836
0.200634 1.04843
0.250792 1.08849
0.30095 1.12856
0.351109 1.16862
0.401267 1.20869
0.451426 1.24875
0.501584 1.28882
0.551743 1.32888
0.601901 1.36895
0.652059 1.40901
0.702218 1.44908
0.752376 1.48914
0.802535 1.52921
0.852693 1.56927
0.902851 1.60934
0.95301 1.6494
1.00317 1.68947
1.05333 1.72953
1.10349 1.7696
1.15364 1.80966
1.2038 1.84973
1.25396 1.88979
1.30412 1.92986
1.35428 1.96992
1.40444 2.00999
1.45459 2.05005
1.50475 2.09012
1.55491 2.13018
1.60507 2.17025
1.65523 2.21031
1.70539 2.25038
1.75554 2.29045
1.8057 2.33051
1.85586 2.37058
1.90602 2.41064
1.95618 2.45071
2.00418 2.45071
2.05218 2.45659
2.10018 2.46247
2.14818 2.46835
2.19618 2.47423
2.24419 2.48011
2.29219 2.48599
2.34019 2.49187
2.38819 2.49775
2.43619 2.50363
2.48663 2.50363
2.53708 2.52412
2.58752 2.5446
2.63796 2.56509
2.6884 2.58557
2.73884 2.60606
2.78929 2.62655
2.83973 2.64703
2.89017 2.66752
2.94061 2.68801
2.99105 2.70849
3.0415 2.72898
3.09194 2.74947
3.14238 2.76995
3.19282 2.79044
3.24327 2.81093
3.29371 2.83141
3.34415 2.8519
3.39459 2.87239
3.44503 2.89287
3.49548 2.91336
3.54592 2.93385
3.59636 2.95433
3.6468 2.97482
3.69724 2.9953
3.74769 3.01579
3.79813 3.03628
3.84857 3.05676
3.89901 3.07725
3.94945 3.09774
3.9999 3.11822
4.05034 3.13871
4.10078 3.1592
4.15122 3.17968
4.20167 3.20017
4.25211 3.22066
4.30255 3.24114
4.35299 3.26163
4.40343 3.28212
4.45388 3.3026
4.50432 3.32309
4.55476 3.34358
4.6052 3.36406
4.65564 3.38455
4.70609 3.40504
4.75653 3.42552
4.80697 3.44601
4.85741 3.46649
4.90786 3.48698
4.9583 3.50747
5.00874 3.52795
5.05918 3.54844
5.10962 3.56893
5.15928 3.56893
5.20894 3.58207
5.2586 3.59521
5.30826 3.60836
5.35792 3.6215
5.40758 3.63465
5.45724 3.64779
5.50689 3.66093
5.55655 3.67408
5.60621 3.68722
5.65587 3.70036
5.70553 3.71351
5.75519 3.72665
5.80485 3.73979
5.85451 3.75294
5.90416 3.76608
5.95382 3.77923
6.00348 3.79237
6.05314 3.80551
6.1028 3.81866
6.15246 3.8318
6.20212 3.84494
6.25178 3.85809
6.30144 3.87123
6.35109 3.88437
6.40076 3.88437
6.45042 3.88437
6.50008 3.88437
6.54974 3.88437
6.59941 3.88437
6.64907 3.88437
6.69873 3.88437
6.74839 3.88437
6.79806 3.88437
6.84772 3.88437
6.89738 3.88437
6.94704 3.88437
6.99671 3.88437
7.04637 3.88437
7.09603 3.88437
7.14569 3.88437
7.19536 3.88437
7.24502 3.88437
7.29468 3.88437
7.34434 3.88437
7.39401 3.88437
7.44367 3.88437
7.49333 3.88437
7.54299 3.88437
7.59266 3.88437
7.64232 3.88437
7.69198 3.88437
7.74165 3.88437
7.79131 3.88437
7.84097 3.88437
10.2273 4.38208
12.6137 4.38208
15.0 4.38208
0.0 0.919988
0.0507333 0.919988
0.101467 0.963542
0.1522 1.00709
0.202933 1.05065
0.253666 1.0942
0.3044 1.13775
0.355133 1.18131
0.405866 1.22486
0.4566 1.26841
0.507333 1.31197
0.558066 1.35552
0.608799 1.39907
0.659533 1.44263
0.710266 1.48618
0.760999 1.52974
0.811733 1.57329
0.862466 1.61684
0.913199 1.6604
0.963933 1.70395
1.01467 1.7475
1.0654 1.79106
1.11613 1.83461
1.16687 1.87816
1.2176 1.92172
1.26833 1.96527
1.31907 2.00882
1.3698 2.05238
1.42053 2.09593
1.47127 2.13948
1.522 2.18304
1.55763 2.18304
1.59327 3.5988
1.64266 3.5988
1.69206 3.59979
1.74145 3.60079
1.79085 3.60179
1.84024 3.60278
1.88963 3.60378
1.93903 3.60478
1.98842 3.60578
2.03782 3.60677
2.08721 3.60777
2.13661 3.60877
2.186 3.60977
2.23539 3.61076
2.28479 3.61176
2.33418 3.61276
2.38358 3.61376
2.43297 3.61475
2.48236 3.61575
2.53176 3.61675
2.58115 3.61775
2.63055 3.61874
2.67994 3.61974
2.72934 3.62074
2.77873 3.62174
2.82812 3.62273
2.87752 3.62373
2.92691 3.62473
2.97631 3.62572
3.0257 3.62672
3.0751 3.62772
3.12449 3.62872
3.17388 3.62971
3.22328 3.63071
3.27267 3.63171
3.32207 3.63271
3.37146 3.6337
3.42086 3.6347
3.47025 3.6357
3.5212 3.6357
3.57214 3.67653
3.62309 3.71736
3.67404 3.75818
3.72498 3.79901
3.77593 3.83984
3.82687 3.88067
3.87782 3.9215
3.92877 3.96233
3.97971 4.00316
4.03066 4.04398
4.08161 4.08481
4.13255 4.12564
4.1835 4.16647
4.23444 4.2073
4.28539 4.24813
4.33634 4.28896
4.38728 4.32978
4.43676 4.32978
4.48624 4.32978
4.53572 4.32978
4.5852 4.32978
4.63468 4.32978
4.68416 4.32978
4.73365 4.32978
4.78313 4.32978
4.83261 4.32978
4.88209 4.32978
4.93157 4.32978
4.98105 4.32978
5.03053 4.32978
5.08001 4.32978
5.12949 4.32978
5.17897 4.32978
5.22845 4.32978
5.27793 4.32978
5.32741 4.32978
5.37689 4.32978
5.42637 4.32978
5.47585 4.32978
5.52533 4.32978
5.57481 4.32978
5.62429 4.32978
5.67377 4.32978
5.72325 4.32978
5.77273 4.32978
5.82221 4.32978
5.87169 4.32978
5.92117 4.32978
5.97066 4.32978
6.02014 4.32978
6.06962 4.32978
8.30221 5.02553
10.5348 5.02553
12.7674 5.02553
15.0 5.02553
0.0 0.945786
0.049603 0.945786
0.0992061 0.984735
0.148809 1.02368
0.198412 1.06263
0.248015 1.10158
0.297618 1.14053
0.347221 1.17948
0.396824 1.21842
0.446427 1.25737
0.49603 1.29632
0.545633 1.33527
0.595236 1.37422
0.644839 1.41317
0.694442 1.45212
0.744045 1.49106
0.793648 1.53001
0.843251 1.56896
0.892855 1.60791
0.942458 1.64686
0.992061 1.68581
1.04166 1.72475
1.09127 1.7637
1.14087 1.80265
1.19047 1.8416
1.24008 1.88055
1.28968 1.9195
1.33928 1.95844
1.38888 1.99739
1.43849 2.03634
1.48809 2.07529
1.53769 2.11424
1.5873 2.15319
1.6369 2.19213
1.6865 2.23108
1.73611 2.27003
1.78571 2.30898
1.83531 2.34793
1.88492 2.38688
1.93452 2.42582
1.98709 2.42582
2.03967 2.42791
2.09224 2.42999
2.14482 2.43207
2.19739 2.43416
2.24997 2.43624
2.30254 2.43832
2.35253 2.43832
2.40252 2.46556
2.45251 2.4928
2.5025 2.52004
2.55249 2.54728
2.60248 2.57452
2.65247 2.60176
2.70246 2.629
2.75245 2.65624
2.80244 2.68348
2.85243 2.71072
2.90242 2.73796
2.95241 2.76519
3.0024 2.79243
3.05239 2.81967
3.10238 2.84691
3.15237 2.87415
3.20236 2.90139
3.25235 2.92863
3.30234 2.95587
3.35233 2.98311
3.40232 3.01035
3.45231 3.03759
3.5023 3.06483
3.55229 3.09206
3.60227 3.1193
3.65226 3.14654
3.70225 3.17378
3.75224 3.20102
3.80223 3.22826
3.85222 3.2555
3.90221 3.28274
3.9522 3.30998
4.00219 3.33722
4.05218 3.36446
4.10217 3.3917
4.15216 3.41893
4.20215 3.44617
4.25214 3.47341
4.30213 3.50065
4.35212 3.52789
4.40152 3.52789
4.45093 3.541
4.50033 3.55412
4.54974 3.56723
4.59914 3.58034
4.64854 3.59345
4.69795 3.60657
4.74735 3.61968
4.79675 3.63279
4.84616 3.6459
4.89556 3.65901
4.94497 3.67213
4.99437 3.68524
5.04377 3.69835
5.09318 3.71146
5.14258 3.72458
5.19199 3.73769
5.24139 3.7508
5.29079 3.76391
5.3402 3.77703
5.3896 3.79014
5.43901 3.80325
5.48841 3.81636
5.53781 3.82948
5.58722 3.84259
5.63662 3.8557
5.68688 3.8557
5.73713 3.8557
5.78739 3.8557
5.83765 3.8557
5.8879 3.8557
5.93816 3.8557
5.98841 3.8557
6.03867 3.8557
6.08893 3.8557
6.13918 3.8557
6.18944 3.8557
6.2397 3.8557
6.28995 3.8557
6.34021 3.8557
6.39047 3.8557
6.44072 3.8557
6.49098 3.8557
6.54123 3.8557
6.59149 3.8557
6.64175 3.8557
6.692 3.8557
6.74226 3.8557
6.79252 3.8557
6.84277 3.8557
6.89303 3.8557
6.94329 3.8557
6.99354 3.8557
7.0438 3.8557
7.09405 3.8557
7.14431 3.8557
7.19457 3.8557
9.79638 4.3448
12.3982 4.3448
15.0 4.3448
0.0 0.926159
0.0508299 0.926159
0.10166 0.970108
0.15249 1.01406
0.20332 1.05801
0.254149 1.10195
0.304979 1.1459
0.355809 1.18985
0.406639 1.2338
0.457469 1.27775
0.508299 1.3217
0.559129 1.36565
0.609959 1.4096
0.660789 1.45355
0.711619 1.49749
0.762448 1.54144
0.813278 1.58539
0.864108 1.62934
0.914938 1.67329
0.965768 1.71724
1.0166 1.76119
1.06743 1.80514
1.11826 1.84909
1.16909 1.89303
1.21992 1.93698
1.27075 1.98093
1.32158 2.02488
1.37241 2.06883
1.42324 2.11278
1.4744 2.11278
1.52556 2.26882
1.57673 2.42486
1.62789 2.5809
1.67905 2.73694
1.73021 2.89298
1.78138 3.04902
1.83254 3.20506
1.8837 3.3611
1.93487 3.51714
1.98603 3.67318
2.03576 3.67318
2.08549 3.67357
2.13522 3.67395
2.18495 3.67434
2.23468 3.67473
2.28442 3.67511
2.33415 3.6755
2.38388 3.67589
2.43361 3.67627
2.48334 3.67666
2.53307 3.67705
2.5828 3.67744
2.63253 3.67782
2.68227 3.67821
2.732 3.6786
2.78173 3.67898
2.83146 3.67937
2.88119 3.67976
2.93092 3.68014
2.98065 3.68053
3.03038 3.68092
3.08011 3.68131
3.12985 3.68169
3.17958 3.68208
3.22931 3.68247
3.27904 3.68285
3.32877 3.68324
3.3785 3.68363
3.42823 3.68401
3.47796 3.6844
3.52769 3.68479
3.57743 3.68518
3.62716 3.68556
3.67689 3.68595
3.72662 3.68634
3.77635 3.68672
3.82608 3.68711
3.87581 3.6875
3.92554 3.68788
3.97527 3.68827
4.02501 3.68866
4.07474 3.68905
4.12447 3.68943
4.1742 3.68982
4.22393 3.69021
4.27366 3.69059
4.32339 3.69098
4.37312 3.69137
4.41759 3.69137
4.46206 3.91531
4.50653 4.13926
4.551 4.36321
4.60123 4.36321
4.65147 4.36321
4.70171 4.36321
4.75195 4.36321
4.80219 4.36321
4.85243 4.36321
4.90267 4.36321
4.95291 4.36321
5.00314 4.36321
5.05338 4.36321
5.10362 4.36321
5.15386 4.36321
5.2041 4.36321
5.25434 4.36321
5.30458 4.36321
5.35481 4.36321
5.40505 4.36321
5.45529 4.36321
5.50553 4.36321
5.55577 4.36321
5.60601 4.36321
5.65625 4.36321
5.70649 4.36321
5.75672 4.36321
5.80696 4.36321
5.8572 4.36321
8.1429 4.97844
10.4286 4.97844
12.7143 4.97844
15.0 4.97844
0.0 0.909194
0.0504592 0.909194
0.100918 0.954987
0.151378 1.00078
0.201837 1.04658
0.252296 1.09237
0.302755 1.13816
0.353214 1.18396
0.403673 1.22975
0.454133 1.27554
0.504592 1.32134
0.555051 1.36713
0.60551 1.41293
0.655969 1.45872
0.706428 1.50451
0.756888 1.55031
0.807347 1.5961
0.857806 1.64189
0.905429 1.64189
0.953053 1.72125
1.00068 1.8006
1.0483 1.87995
1.09592 1.9593
1.14355 2.03865
1.19117 2.118
1.23879 2.19735
1.28893 2.19735
1.33906 2.21078
1.3892 2.22421
1.43934 2.23763
1.48947 2.25106
1.53961 2.26449
1.58974 2.27792
1.63988 2.29135
1.69002 2.30477
1.74015 2.3182
1.79029 2.33163
1.84042 2.34506
1.89056 2.35848
1.94069 2.37191
1.99083 2.38534
2.04097 2.39877
2.0911 2.4122
2.14124 2.42562
2.19137 2.43905
2.24151 2.45248
2.29164 2.46591
2.34178 2.47933
2.39192 2.49276
2.44205 2.50619
2.49219 2.51962
2.54232 2.53305
2.59246 2.54647
2.64259 2.5599
2.69273 2.57333
2.74287 2.58676
2.793 2.60018
2.84314 2.61361
2.89327 2.62704
2.94341 2.64047
2.99355 2.65389
3.04368 2.66732
3.09382 2.68075
3.14395 2.69418
3.19409 2.70761
3.24422 2.72103
3.29436 2.73446
3.3445 2.74789
3.39463 2.76132
3.44477 2.77474
3.4949 2.78817
3.54504 2.8016
3.59517 2.81503
3.64531 2.82846
3.69545 2.84188
3.74558 2.85531
3.79572 2.86874
3.84585 2.88217
3.89599 2.89559
3.94612 2.90902
3.99626 2.92245
4.0464 2.93588
4.09653 2.94931
4.14584 2.94931
4.19515 2.95995
4.24445 2.9706
4.29376 2.98124
4.34307 2.99189
4.39238 3.00254
4.44169 3.01318
4.49099 3.02383
4.5403 3.03448
4.58961 3.04512
4.63892 3.05577
4.68822 3.06642
4.73753 3.07706
4.78684 3.08771
4.83615 3.09835
4.88546 3.109
4.93476 3.11965
4.98407 3.13029
5.03338 3.14094
5.08278 3.14094
5.13219 3.14094
5.18159 3.14094
5.23099 3.14094
5.2804 3.14094
5.3298 3.14094
5.37921 3.14094
5.42861 3.14094
5.47801 3.14094
5.52742 3.14094
5.57682 3.14094
5.62622 3.14094
5.67563 3.14094
5.72503 3.14094
5.77444 3.14094
5.82384 3.14094
5.87324 3.14094
5.92265 3.14094
5.97205 3.14094
6.02146 3.14094
6.07086 3.14094
6.12026 3.14094
6.16967 3.14094
6.21907 3.14094
6.26847 3.14094
9.17898 5.23345
12.0895 5.23345
15.0 5.23345
0.0 0.935567
0.0500261 0.935567
0.100052 0.975433
0.150078 1.0153
0.200104 1.05517
0.25013 1.09503
0.300156 1.1349
0.350182 1.17477
0.400208 1.21463
0.450234 1.2545
0.500261 1.29437
0.550287 1.33423
0.600313 1.3741
0.650339 1.41397
0.700365 1.45383
0.750391 1.4937
0.800417 1.53357
0.850443 1.57343
0.908722 1.57343
0.967002 1.89657
1.02528 2.21971
1.07582 2.21971
1.12636 2.22668
1.1769 2.23364
1.22745 2.24061
1.27799 2.24757
1.32853 2.25454
1.37907 2.2615
1.42961 2.26847
1.48015 2.27543
1.53069 2.2824
1.58124 2.28936
1.63178 2.29633
1.68232 2.30329
1.73286 2.31026
1.7834 2.31722
1.83394 2.32419
1.88448 2.33115
1.93502 2.33812
1.98557 2.34508
2.03611 2.35205
2.08665 2.35902
2.13719 2.36598
2.18773 2.37295
2.23827 2.37991
2.28881 2.38688
2.33865 2.38688
2.38848 2.41131
2.43832 2.43574
2.48815 2.46017
2.53799 2.4846
2.58782 2.50903
2.63766 2.53346
2.68749 2.5579
2.73732 2.58233
2.78716 2.60676
2.83699 2.63119
2.88683 2.65562
2.93666 2.68005
2.9865 2.70448
3.03633 2.72892
3.08617 2.75335
3.136 2.77778
3.18584 2.80221
3.23567 2.82664
3.28551 2.85107
3.33534 2.8755
3.38518 2.89993
3.43501 2.92437
3.48484 2.9488
3.53468 2.97323
3.58451 2.99766
3.63435 3.02209
3.68418 3.04652
3.73402 3.07095
3.78385 3.09539
3.83369 3.11982
3.88352 3.14425
3.93336 3.16868
3.98319 3.19311
4.03303 3.21754
4.08286 3.24197
4.13269 3.26641
4.18253 3.29084
4.23236 3.31527
4.2822 3.3397
4.33203 3.36413
4.38187 3.38856
4.4317 3.41299
4.48154 3.43742
4.53137 3.46186
4.58121 3.48629
4.63104 3.51072
4.68088 3.53515
4.73071 3.55958
4.78055 3.58401
4.83038 3.60844
4.88021 3.63288
4.93005 3.65731
4.97988 3.68174
5.02972 3.70617
5.07955 3.7306
5.12939 3.75503
5.17922 3.77946
5.22906 3.8039
5.27889 3.82833
5.32873 3.85276
5.37856 3.87719
5.4284 3.90162
5.47823 3.92605
5.52806 3.95048
5.5779 3.97491
5.62773 3.99935
5.67757 4.02378
5.7274 4.04821
5.77724 4.07264
5.82707 4.09707
5.87691 4.1215
5.92674 4.14593
5.97658 4.17037
6.02641 4.1948
6.07625 4.21923
6.12608 4.24366
6.17592 4.26809
6.22575 4.29252
6.27558 4.31695
6.32542 4.34139
6.37525 4.36582
6.42509 4.39025
6.47492 4.41468
6.5252 4.41468
6.57548 4.41468
6.62576 4.41468
6.67604 4.41468
6.72632 4.41468
6.7766 4.41468
6.82688 4.41468
6.87716 4.41468
6.92744 4.41468
6.97772 4.41468
7.028 4.41468
7.07827 4.41468
7.12855 4.41468
7.17883 4.41468
7.22911 4.41468
7.27939 4.41468
7.32967 4.41468
7.37995 4.41468
7.43023 4.41468
7.48051 4.41468
7.53079 4.41468
7.58107 4.41468
7.63135 4.41468
7.68163 4.41468
7.7319 4.41468
7.78218 4.41468
10.1881 4.58555
12.5941 4.58555
15.0 4.58555
0.0 0.926695
0.0491685 0.926695
0.0983371 0.968039
0.147506 1.00938
0.196674 1.05073
0.245843 1.09207
0.295011 1.13341
0.34418 1.17476
0.393348 1.2161
0.442517 1.25744
0.491685 1.29879
0.540854 1.34013
0.590023 1.38147
0.639191 1.42282
0.689288 1.42282
0.739386 1.48386
0.789483 1.54491
0.839581 1.60595
0.889678 1.667
0.939776 1.72805
0.989873 1.78909
1.03997 1.85014
1.09007 1.91118
1.14017 1.97223
1.19026 2.03327
1.24036 2.09432
1.29046 2.15537
1.34055 2.21641
1.39065 2.27746
1.44075 2.3385
1.49085 2.39955
1.54094 2.46059
1.59104 2.52164
1.64114 2.58269
1.69104 2.58269
1.74094 2.59531
1.79084 2.60792
1.84075 2.62054
1.89065 2.63316
1.94055 2.64578
1.99045 2.6584
2.04035 2.67102
2.09025 2.68364
2.14015 2.69626
2.19006 2.70888
2.23996 2.7215
2.28986 2.73412
2.33976 2.74674
2.38966 2.75935
2.43956 2.77197
2.48946 2.78459
2.53937 2.79721
2.58927 2.80983
2.63917 2.82245
2.68907 2.83507
2.73897 2.84769
2.78887 2.86031
2.84003 2.86031
2.8912 2.95943
2.94236 3.05854
2.99352 3.15766
3.04468 3.25678
3.09584 3.3559
3.14701 3.45501
3.19817 3.55413
3.24933 3.65325
3.30049 3.75237
3.35165 3.85148
3.40282 3.9506
3.45398 4.04972
3.50514 4.14884
3.5563 4.24795
3.60628 4.24795
3.65626 4.24795
3.70623 4.24795
3.75621 4.24795
3.80619 4.24795
3.85616 4.24795
3.90614 4.24795
3.95612 4.24795
4.00609 4.24795
4.05607 4.24795
4.10605 4.24795
4.15602 4.24795
4.206 4.24795
4.25598 4.24795
4.30595 4.24795
4.35593 4.24795
4.40591 4.24795
4.45588 4.24795
4.50586 4.24795
4.55584 4.24795
4.60581 4.24795
4.65579 4.24795
4.70577 4.24795
4.75575 4.24795
4.80572 4.24795
4.8557 4.24795
4.90568 4.24795
4.95565 4.24795
7.46674 5.47714
9.97783 5.47714
12.4889 5.47714
15.0 5.47714
0.0 0.92242
0.0508928 0.92242
0.101786 0.966029
0.152678 1.00964
0.203571 1.05325
0.254464 1.09686
0.305357 1.14047
0.356249 1.18408
0.407142 1.22769
0.458035 1.2713
0.508928 1.31491
0.559821 1.35852
0.610062 1.35852
0.660304 1.43714
0.710546 1.51577
0.760788 1.5944
0.81103 1.67303
0.861272 1.75165
0.911513 1.83028
0.961755 1.90891
1.012 1.98754
1.06224 2.06616
1.11248 2.14479
1.16272 2.22342
1.21296 2.30205
1.26321 2.38068
1.31345 2.4593
1.36369 2.53793
1.41314 2.53793
1.4626 2.56101
1.51205 2.58409
1.5615 2.60717
1.61095 2.63025
1.66041 2.65333
1.70986 2.67641
1.75931 2.69949
1.80877 2.72257
1.85822 2.74565
1.90767 2.76873
1.95712 2.79181
2.00658 2.81489
2.05603 2.83797
2.10548 2.86105
2.15494 2.88413
2.20439 2.90721
2.25384 2.93029
2.30412 2.93029
2.3544 2.99012
2.40468 3.04994
2.45496 3.10977
2.50524 3.1696
2.55551 3.22943
2.60579 3.28925
2.65607 3.34908
2.70635 3.40891
2.75663 3.46874
2.80691 3.52856
2.85719 3.58839
2.90747 3.64822
2.95775 3.70805
3.00802 3.76787
3.0583 3.8277
3.10858 3.88753
3.15886 3.94736
3.20914 4.00719
3.25942 4.06701
3.3097 4.12684
3.35998 4.18667
3.40922 4.18667
3.45846 4.18667
3.5077 4.18667
3.55694 4.18667
3.60619 4.18667
3.65543 4.18667
3.70467 4.18667
3.75391 4.18667
3.80315 4.18667
3.8524 4.18667
3.90164 4.18667
3.95088 4.18667
4.00012 4.18667
4.04936 4.18667
4.09861 4.18667
4.14785 4.18667
4.19709 4.18667
4.24633 4.18667
4.29557 4.18667
4.34482 4.18667
4.39406 4.18667
4.4433 4.18667
4.49254 4.18667
4.54178 4.18667
4.59102 4.18667
7.19327 5.42572
9.79551 5.42572
12.3978 5.42572
15.0 5.42572
0.0 0.926932
0.0514311 0.926932
0.102862 0.970311
0.154293 1.01369
0.205725 1.05707
0.257156 1.10045
0.308587 1.14383
0.360018 1.1872
0.411449 1.23058
0.46288 1.27396
0.514311 1.31734
0.565742 1.36072
0.617174 1.4041
0.668605 1.44748
0.720036 1.49086
0.771467 1.53423
0.822898 1.57761
0.874329 1.62099
0.922793 1.62099
0.971256 1.6836
1.01972 1.7462
1.06818 1.80881
1.11665 1.87141
1.16511 1.93402
1.21357 1.99663
1.26204 2.05923
1.3105 2.12184
1.35896 2.18444
1.40743 2.24705
1.45694 2.24705
1.50645 2.25097
1.55596 2.2549
1.60547 2.25883
1.65498 2.26275
1.7045 2.26668
1.75401 2.27061
1.80352 2.27453
1.85303 2.27846
1.90254 2.28239
1.95205 2.28631
2.00156 2.29024
2.05108 2.29417
2.10059 2.29809
2.1501 2.30202
2.19961 2.30595
2.24912 2.30987
2.29863 2.3138
2.34815 2.31773
2.39766 2.32165
2.44717 2.32558
2.49668 2.32951
2.54619 2.33343
2.5957 2.33736
2.64521 2.34129
2.69473 2.34521
2.74424 2.34914
2.79375 2.35306
2.84326 2.35699
2.89277 2.36092
2.94228 2.36484
2.99179 2.36877
3.04131 2.3727
3.09082 2.37662
3.14033 2.38055
3.18984 2.38448
3.23983 2.38448
3.28983 2.41668
3.33982 2.44888
3.38981 2.48108
3.43981 2.51329
3.4898 2.54549
3.53979 2.57769
3.58978 2.60989
3.63978 2.64209
3.68977 2.6743
3.73976 2.7065
3.78976 2.7387
3.83975 2.7709
3.88974 2.80311
3.93974 2.83531
3.98973 2.86751
4.03972 2.89971
4.08972 2.93191
4.13971 2.96412
4.1897 2.99632
4.23969 3.02852
4.28969 3.06072
4.33968 3.09292
4.38967 3.12513
4.43967 3.15733
4.48966 3.18953
4.53965 3.22173
4.58965 3.25394
4.63964 3.28614
4.68963 3.31834
4.73963 3.35054
4.78962 3.38274
4.83961 3.41495
4.8896 3.44715
4.9396 3.47935
4.98959 3.51155
5.03958 3.54375
5.08958 3.57596
5.13957 3.60816
5.18956 3.64036
5.23956 3.67256
5.28955 3.70477
5.33954 3.73697
5.38954 3.76917
5.43953 3.80137
5.48952 3.83357
5.53951 3.86578
5.58951 3.89798
5.6395 3.93018
5.68949 3.96238
5.73949 3.99459
5.78948 4.02679
5.83947 4.05899
5.88947 4.09119
5.93946 4.12339
5.98945 4.1556
6.03945 4.1878
6.08944 4.22
6.13943 4.2522
6.18942 4.2844
6.23942 4.31661
6.28941 4.34881
6.3394 4.38101
6.3894 4.41321
6.4402 4.41321
6.49101 4.41321
6.54182 4.41321
6.59262 4.41321
6.64343 4.41321
6.69424 4.41321
6.74504 4.41321
6.79585 4.41321
6.84666 4.41321
6.89746 4.41321
6.94827 4.41321
6.99908 4.41321
7.04988 4.41321
7.10069 4.41321
7.1515 4.41321
7.2023 4.41321
7.25311 4.41321
7.30392 4.41321
9.86928 4.51314
12.4346 4.51314
15.0 4.51314
0.0 0.932767
0.0510199 0.932767
0.10204 0.975075
0.15306 1.01738
0.20408 1.05969
0.2551 1.102
0.306119 1.14431
0.357139 1.18662
0.408159 1.22892
0.459179 1.27123
0.510199 1.31354
0.561219 1.35585
0.612239 1.39816
0.663259 1.44047
0.714279 1.48277
0.765299 1.52508
0.816318 1.56739
0.867338 1.6097
0.918358 1.65201
0.969378 1.69432
1.01953 1.69432
1.06967 1.71967
1.11982 1.74503
1.16997 1.77038
1.22011 1.79574
1.27026 1.82109
1.32041 1.84645
1.37055 1.8718
1.4207 1.89716
1.47085 1.92251
1.52099 1.94787
1.57114 1.97322
1.62129 1.99858
1.67143 2.02393
1.72158 2.04929
1.77173 2.07464
1.82267 2.07464
1.8736 2.13151
1.92454 2.18837
1.97548 2.24523
2.02642 2.3021
2.07735 2.35896
2.12829 2.41583
2.17923 2.47269
2.23017 2.52956
2.28111 2.58642
2.33204 2.64328
2.38298 2.70015
2.43392 2.75701
2.48486 2.81388
2.53579 2.87074
2.58673 2.9276
2.63767 2.98447
2.68861 3.04133
2.73955 3.0982
2.78944 3.0982
2.83934 3.09894
2.88923 3.09968
2.93913 3.10042
2.98903 3.10115
3.03892 3.10189
3.08882 3.10263
3.13872 3.10337
3.18861 3.10411
3.23851 3.10485
3.2884 3.10559
3.3383 3.10633
3.3882 3.10707
3.43809 3.10781
3.48799 3.10855
3.53789 3.10929
3.58778 3.11003
3.63768 3.11077
3.68757 3.1115
3.73747 3.11224
3.78737 3.11298
3.83726 3.11372
3.88716 3.11446
3.93706 3.1152
3.98695 3.11594
4.03685 3.11668
4.08675 3.11742
4.13664 3.11816
4.18654 3.1189
4.23643 3.11964
4.28633 3.12038
4.33623 3.12111
4.38612 3.12185
4.43602 3.12259
4.48592 3.12333
4.53581 3.12407
4.58532 3.12407
4.63482 3.12407
4.68433 3.12407
4.73384 3.12407
4.78334 3.12407
4.83285 3.12407
4.88236 3.12407
4.93186 3.12407
7.4489 5.31919
9.96593 5.31919
12.483 5.31919
15.0 5.31919
0.0 0.927807
0.0499847 0.927807
0.0999693 0.970619
0.149954 1.01343
0.199939 1.05624
0.249923 1.09906
0.299908 1.14187
0.349893 1.18468
0.399877 1.2275
0.449862 1.27031
0.499847 1.31312
0.549831 1.35593
0.599816 1.39875
0.649801 1.44156
0.699785 1.48437
0.74977 1.52718
0.799754 1.57
0.849739 1.61281
0.900388 1.61281
0.951036 1.63803
1.00168 1.66324
1.05233 1.68846
1.10298 1.71367
1.15363 1.73889
1.20428 1.76411
1.25493 1.78932
1.30557 1.81454
1.35622 1.83975
1.40687 1.86497
1.45752 1.89019
1.50817 1.9154
1.55882 1.94062
1.60946 1.96584
1.66011 1.99105
1.71076 2.01627
1.76141 2.04148
1.81206 2.0667
1.86271 2.09192
1.91335 2.11713
1.964 2.14235
2.01465 2.16756
2.0653 2.19278
2.11595 2.218
2.16477 2.218
2.2136 2.2304
2.26243 2.2428
2.31125 2.2552
2.36008 2.2676
2.40891 2.28
2.45773 2.2924
2.50656 2.3048
2.55539 2.3172
2.60421 2.3296
2.65304 2.342
2.70187 2.3544
2.75069 2.3668
2.79952 2.37919
2.84835 2.39159
2.89717 2.40399
2.946 2.41639
2.99483 2.42879
3.0451 2.42879
3.09537 2.45438
3.14565 2.47998
3.19592 2.50557
3.2462 2.53116
3.29647 2.55675
3.34674 2.58234
3.39702 2.60793
3.44729 2.63352
3.49756 2.65911
3.54784 2.6847
3.59811 2.71029
3.64839 2.73588
3.69866 2.76147
3.74893 2.78706
3.79921 2.81265
3.84948 2.83824
3.89975 2.86383
3.95003 2.88942
4.0003 2.91501
4.05058 2.9406
4.10085 2.96619
4.15112 2.99178
4.2014 3.01737
4.25167 3.04296
4.30195 3.06855
4.35222 3.09414
4.40249 3.11973
4.45277 3.14532
4.50304 3.17091
4.55331 3.1965
4.60359 3.22209
4.65386 3.24768
4.70414 3.27327
4.75441 3.29886
4.80468 3.32446
4.85496 3.35005
4.90523 3.37564
4.9555 3.40123
5.00578 3.42682
5.05605 3.45241
5.10633 3.478
5.1566 3.50359
5.20687 3.52918
5.25715 3.55477
5.30742 3.58036
5.35769 3.60595
5.40797 3.63154
5.45824 3.65713
5.50852 3.68272
5.55879 3.70831
5.60906 3.7339
5.65934 3.75949
5.70961 3.78508
5.75988 3.81067
5.81016 3.83626
5.86043 3.86185
5.91071 3.88744
5.96098 3.91303
6.01125 3.93862
6.06153 3.96421
6.1118 3.9898
6.16207 4.01539
6.21235 4.04098
6.26262 4.06657
6.3129 4.09216
6.36317 4.11775
6.41344 4.14334
6.46372 4.16893
6.51399 4.19453
6.56426 4.22012
6.61454 4.24571
6.66481 4.2713
6.71509 4.29689
6.76536 4.32248
6.81563 4.34807
6.86591 4.37366
6.91474 4.37366
6.96358 4.37366
7.01242 4.37366
7.06126 4.37366
7.11009 4.37366
7.15893 4.37366
7.20777 4.37366
7.25661 4.37366
7.30544 4.37366
7.35428 4.37366
7.40312 4.37366
7.45195 4.37366
7.50079 4.37366
7.54963 4.37366
7.59847 4.37366
7.6473 4.37366
7.69614 4.37366
7.74498 4.37366
7.79382 4.37366
7.84265 4.37366
7.89149 4.37366
10.261 4.49534
12.6305 4.49534
15.0 4.49534
0.0 0.930248
0.04902 0.930248
0.09804 0.971119
0.14706 1.01199
0.19608 1.05286
0.2451 1.09373
0.29412 1.13461
0.34314 1.17548
0.39216 1.21635
0.44118 1.25722
0.4902 1.29809
0.53922 1.33896
0.58824 1.37983
0.639035 1.37983
0.68983 1.42502
0.740625 1.4702
0.79142 1.51539
0.842215 1.56057
0.89301 1.60575
0.943805 1.65094
0.994599 1.69612
1.04539 1.7413
1.09619 1.78649
1.14698 1.83167
1.19778 1.87685
1.24857 1.92204
1.29937 1.96722
1.35016 2.01241
1.40096 2.05759
1.45175 2.10277
1.50255 2.14796
1.55334 2.19314
1.60414 2.23832
1.65493 2.28351
1.70573 2.32869
1.75652 2.37387
1.80732 2.41906
1.85811 2.46424
1.90891 2.50942
1.95767 2.50942
2.00643 2.55791
2.05519 2.60639
2.10395 2.65487
2.15271 2.70335
2.20147 2.75184
2.25023 2.80032
2.29899 2.8488
2.34775 2.89728
2.39651 2.94577
2.44527 2.99425
2.49645 2.99425
2.54763 3.10225
2.59881 3.21025
2.64998 3.31825
2.70116 3.42624
2.75234 3.53424
2.80351 3.64224
2.85469 3.75024
2.90587 3.85824
2.95705 3.96624
3.00822 4.07424
3.0594 4.18224
3.10841 4.18224
3.15741 4.18224
3.20641 4.18224
3.25542 4.18224
3.30442 4.18224
3.35343 4.18224
3.40243 4.18224
3.45144 4.18224
3.50044 4.18224
3.54944 4.18224
3.59845 4.18224
3.64745 4.18224
3.69646 4.18224
5.95717 5.50387
8.21787 5.50387
10.4786 5.50387
12.7393 5.50387
15.0 5.50387
0.0 0.939064
0.0499792 0.939064
0.0999584 0.978992
0.149938 1.01892
0.199917 1.05885
0.249896 1.09877
0.299875 1.1387
0.349855 1.17863
0.399834 1.21856
0.449813 1.25848
0.499792 1.29841
0.549771 1.33834
0.599751 1.37827
0.64973 1.41819
0.699709 1.45812
0.749688 1.49805
0.799668 1.53798
0.849647 1.5779
0.899193 1.5779
0.94874 1.60472
0.998286 1.63153
1.04783 1.65834
1.09738 1.68515
1.14693 1.71196
1.19647 1.73877
1.24602 1.76559
1.29557 1.7924
1.34511 1.81921
1.39466 1.84602
1.44421 1.87283
1.49375 1.89964
1.5433 1.92646
1.59284 1.95327
1.64239 1.98008
1.69194 2.00689
1.74148 2.0337
1.79103 2.06052
1.84058 2.08733
1.89012 2.11414
1.94238 2.11414
1.99464 2.36746
2.04689 2.62078
2.09915 2.87411
2.1514 3.12743
2.20317 3.12743
2.25493 3.13201
2.30669 3.1366
2.35845 3.14118
2.41021 3.14577
2.46197 3.15035
2.51373 3.15493
2.56319 3.15493
2.61265 3.15493
2.66211 3.15493
2.71157 3.15493
2.76103 3.15493
2.81049 3.15493
2.85995 3.15493
2.90941 3.15493
2.95887 3.15493
3.00833 3.15493
3.05779 3.15493
3.10725 3.15493
3.15671 3.15493
3.20617 3.15493
3.25563 3.15493
3.30509 3.15493
3.35455 3.15493
3.40401 3.15493
3.45347 3.15493
3.50293 3.15493
3.55239 3.15493
3.60185 3.15493
3.65131 3.15493
3.70077 3.15493
3.75023 3.15493
3.79969 3.15493
3.84915 3.15493
3.89861 3.15493
3.94807 3.15493
3.99753 3.15493
4.04699 3.15493
4.09644 3.15493
4.1459 3.15493
4.19536 3.15493
4.24482 3.15493
4.29428 3.15493
4.34374 3.15493
4.3932 3.15493
4.44266 3.15493
4.49212 3.15493
4.54158 3.15493
4.59104 3.15493
4.6405 3.15493
4.68996 3.15493
4.73942 3.15493
4.78888 3.15493
7.34166 5.28068
9.89444 5.28068
12.4472 5.28068
15.0 5.28068
0.0 0.927144
0.0493542 0.927144
0.0987084 0.966314
0.148063 1.00549
0.197417 1.04466
0.246771 1.08383
0.296125 1.123
0.345479 1.16217
0.394834 1.20134
0.444188 1.24051
0.493542 1.27968
0.542896 1.31885
0.59225 1.35802
0.641605 1.39719
0.690959 1.43636
0.740313 1.47553
0.789667 1.5147
0.839021 1.55388
0.888376 1.59305
0.93773 1.63222
0.987084 1.67139
1.03644 1.71056
1.08579 1.74973
1.13515 1.7889
1.1845 1.82807
1.23385 1.86724
1.28321 1.90641
1.33256 1.94558
1.38192 1.98475
1.43127 2.02392
1.48342 2.02392
1.53557 2.17155
1.58772 2.31918
1.63987 2.4668
1.69202 2.61443
1.74417 2.76206
1.79631 2.90968
1.84846 3.05731
1.90061 3.20494
1.95276 3.35256
2.00491 3.50019
2.05281 3.50019
2.10072 3.50938
2.14862 3.51858
2.19652 3.52777
2.24443 3.53697
2.29233 3.54616
2.34023 3.55535
2.38814 3.56455
2.43604 3.57374
2.48394 3.58294
2.53483 3.58294
2.58572 3.63051
2.63661 3.67808
2.6875 3.72566
2.73839 3.77323
2.78928 3.82081
2.84017 3.86838
2.89106 3.91596
2.94194 3.96353
2.99283 4.0111
3.04372 4.05868
3.09461 4.10625
3.1455 4.15383
3.19639 4.2014
3.24728 4.24898
3.29817 4.29655
3.34906 4.34413
3.39994 4.3917
3.45083 4.43927
3.50172 4.48685
3.55261 4.53442
3.6035 4.582
3.65439 4.62957
3.70402 4.62957
3.75365 4.62957
3.80328 4.62957
3.85291 4.62957
3.90253 4.62957
3.95216 4.62957
4.00179 4.62957
4.05142 4.62957
4.10105 4.62957
4.15068 4.62957
4.20031 4.62957
4.24994 4.62957
4.29957 4.62957
4.3492 4.62957
4.39883 4.62957
4.44845 4.62957
4.49808 4.62957
4.54771 4.62957
4.59734 4.62957
4.64697 4.62957
4.6966 4.62957
4.74623 4.62957
4.79586 4.62957
4.84549 4.62957
4.89512 4.62957
4.94475 4.62957
4.99437 4.62957
7.49578 4.80338
9.99719 4.80338
12.4986 4.80338
15.0 4.80338
0.0 0.937288
0.0502746 0.937288
0.100549 0.975992
0.150824 1.0147
0.201098 1.0534
0.251373 1.09211
0.301648 1.13081
0.351922 1.16951
0.402197 1.20822
0.452471 1.24692
0.502746 1.28563
0.55302 1.32433
0.603295 1.36304
0.65357 1.40174
0.703844 1.44045
0.754119 1.47915
0.804393 1.51786
0.854668 1.55656
0.904943 1.59526
0.955217 1.63397
1.00549 1.67267
1.05577 1.71138
1.10604 1.75008
1.15601 1.75008
1.20598 1.75859
1.25594 1.76709
1.30591 1.7756
1.35588 1.78411
1.40585 1.79261
1.45581 1.80112
1.50578 1.80962
1.55575 1.81813
1.60572 1.82663
1.65568 1.83514
1.70565 1.84365
1.75562 1.85215
1.80559 1.86066
1.85555 1.86916
1.90552 1.87767
1.95549 1.88617
2.00546 1.89468
2.05542 1.90319
2.10539 1.91169
2.15536 1.9202
2.20533 1.9287
2.25529 1.93721
2.30526 1.94571
2.35523 1.95422
2.4052 1.96273
2.45516 1.97123
2.50513 1.97974
2.5551 1.98824
2.60507 1.99675
2.65503 2.00525
2.705 2.01376
2.75497 2.02227
2.80494 2.03077
2.8549 2.03928
2.90487 2.04778
2.95484 2.05629
3.00481 2.0648
3.05477 2.0733
3.10474 2.08181
3.15471 2.09031
3.2036 2.09031
3.25248 2.20262
3.30137 2.31493
3.35026 2.42723
3.39915 2.53954
3.44803 2.65185
3.49692 2.76415
3.54581 2.87646
3.59469 2.98877
3.64483 2.98877
3.69497 3.02961
3.74511 3.07046
3.79525 3.11131
3.84539 3.15216
3.89553 3.19301
3.94567 3.23386
3.99493 3.23386
4.04419 3.23386
4.09346 3.23386
4.14272 3.23386
4.19198 3.23386
4.24124 3.23386
4.2905 3.23386
4.33976 3.23386
4.38902 3.23386
4.43829 3.23386
4.48755 3.23386
4.53681 3.23386
4.58607 3.23386
7.18955 5.16244
9.79304 5.16244
12.3965 5.16244
15.0 5.16244
0.0 0.919267
0.0505514 0.919267
0.101103 0.962855
0.151654 1.00644
0.202205 1.05003
0.252757 1.09362
0.303308 1.13721
0.35386 1.1808
0.404411 1.22438
0.454962 1.26797
0.505514 1.31156
0.556065 1.35515
0.606616 1.39874
0.657168 1.44233
0.707719 1.48591
0.75827 1.5295
0.808822 1.57309
0.859373 1.61668
0.909925 1.66027
0.960476 1.70386
1.01103 1.74744
1.06158 1.79103
1.11213 1.83462
1.16268 1.87821
1.21323 1.9218
1.26378 1.96538
1.31479 1.96538
1.3658 2.19525
1.41681 2.42511
1.46782 2.65497
1.51883 2.88483
1.56984 3.1147
1.62085 3.34456
1.67186 3.57442
1.7231 3.57442
1.77435 3.57802
1.82559 3.58163
1.87683 3.58523
1.92808 3.58884
1.97932 3.59244
2.03057 3.59605
2.08181 3.59965
2.13305 3.60326
2.1843 3.60686
2.23554 3.61046
2.28679 3.61407
2.33803 3.61767
2.38927 3.62128
2.44052 3.62488
2.49176 3.62849
2.543 3.63209
2.59425 3.6357
2.64514 3.6357
2.69604 3.70235
2.74693 3.76899
2.79782 3.83564
2.84871 3.90229
2.89961 3.96894
2.9505 4.03559
3.00139 4.10224
3.05229 4.16889
3.10318 4.23554
3.15407 4.30219
3.20497 4.36884
3.25586 4.43549
3.30675 4.50214
3.35765 4.56879
3.40854 4.63544
3.45943 4.70209
3.50928 4.70209
3.55913 4.70209
3.60898 4.70209
3.65883 4.70209
3.70868 4.70209
3.75853 4.70209
3.80838 4.70209
3.85823 4.70209
3.90808 4.70209
3.95794 4.70209
4.00779 4.70209
4.05764 4.70209
4.10749 4.70209
4.15734 4.70209
4.20719 4.70209
4.25704 4.70209
4.30689 4.70209
4.35674 4.70209
4.40659 4.70209
4.45644 4.70209
4.50629 4.70209
4.55614 4.70209
4.60599 4.70209
4.65584 4.70209
4.70569 4.70209
4.75554 4.70209
4.80539 4.70209
4.85524 4.70209
4.90509 4.70209
4.95494 4.70209
5.00479 4.70209
5.05464 4.70209
5.10449 4.70209
5.15434 4.70209
5.20419 4.70209
5.25404 4.70209
7.69053 4.76529
10.127 4.76529
12.5635 4.76529
15.0 4.76529
0.0 0.952962
0.0505036 0.952962
0.101007 0.984565
0.151511 1.01617
0.202014 1.04777
0.252518 1.07937
0.303022 1.11098
0.353525 1.14258
0.404029 1.17418
0.454532 1.20579
0.505036 1.23739
0.555971 1.23739
0.606905 1.41611
0.65784 1.59483
0.708774 1.77355
0.759709 1.95226
0.810643 2.13098
0.861578 2.3097
0.912513 2.48842
0.959772 2.48842
1.00703 2.636
1.05429 2.78358
1.10155 2.93116
1.14881 3.07874
1.19607 3.22632
1.24754 3.22632
1.299 3.29873
1.35047 3.37113
1.40194 3.44354
1.45341 3.51594
1.50488 3.58835
1.55635 3.66075
1.60782 3.73316
1.65928 3.80557
1.71075 3.87797
1.76222 3.95038
1.81369 4.02278
1.86226 4.02278
1.91082 4.02278
1.95939 4.02278
2.00796 4.02278
2.05652 4.02278
2.10509 4.02278
2.15366 4.02278
4.72292 5.53083
7.29219 5.53083
9.86146 5.53083
12.4307 5.53083
15.0 5.53083
0.0 0.918626
0.0498646 0.918626
0.0997291 0.963178
0.149594 1.00773
0.199458 1.05228
0.249323 1.09683
0.299187 1.14139
0.349052 1.18594
0.398916 1.23049
0.448781 1.27504
0.498646 1.31959
0.54851 1.36415
0.598375 1.4087
0.648239 1.45325
0.698104 1.4978
0.747968 1.54235
0.797833 1.58691
0.847697 1.63146
0.897562 1.67601
0.947426 1.72056
0.997291 1.76512
1.04716 1.80967
1.09702 1.85422
1.14688 1.89877
1.19675 1.94332
1.24661 1.98788
1.29648 2.03243
1.34634 2.07698
1.39621 2.12153
1.44607 2.16608
1.49594 2.21064
1.5458 2.25519
1.59567 2.29974
1.64581 2.29974
1.69596 2.30963
1.7461 2.31951
1.79625 2.3294
1.84639 2.33928
1.89654 2.34917
1.94668 2.35905
1.99683 2.36894
2.04697 2.37882
2.09712 2.38871
2.14726 2.39859
2.19741 2.40848
2.24756 2.41836
2.2977 2.42825
2.34785 2.43813
2.39799 2.44802
2.44814 2.4579
2.49828 2.46779
2.5484 2.46779
2.59852 2.49212
2.64864 2.51646
2.69875 2.5408
2.74887 2.56513
2.79899 2.58947
2.84911 2.61381
2.89922 2.63814
2.94934 2.66248
2.99946 2.68682
3.04958 2.71115
3.0997 2.73549
3.14981 2.75983
3.19993 2.78416
3.25005 2.8085
3.30017 2.83284
3.35028 2.85717
3.4004 2.88151
3.45052 2.90584
3.50064 2.93018
3.55075 2.95452
3.60087 2.97885
3.65099 3.00319
3.70111 3.02753
3.75123 3.05186
3.80134 3.0762
3.85146 3.10054
3.90158 3.12487
3.9517 3.14921
4.00181 3.17355
4.05193 3.19788
4.10205 3.22222
4.15217 3.24656
4.20228 3.27089
4.2524 3.29523
4.30252 3.31956
4.35264 3.3439
4.40276 3.36824
4.45287 3.39257
4.50299 3.41691
4.55311 3.44125
4.60323 3.46558
4.65334 3.48992
4.70346 3.51426
4.75358 3.53859
4.8037 3.56293
4.85381 3.58727
4.90393 3.6116
4.95405 3.63594
5.00417 3.66028
5.05429 3.68461
5.1044 3.70895
5.15452 3.73328
5.20431 3.73328
5.2541 3.73739
5.30389 3.7415
5.35368 3.7456
5.40347 3.74971
5.45326 3.75382
5.50305 3.75792
5.55284 3.76203
5.60263 3.76614
5.65243 3.77024
5.70222 3.77435
5.75201 3.77845
5.8018 3.78256
5.85159 3.78667
5.90138 3.79077
5.95117 3.79488
6.00096 3.79899
6.05191 3.79899
6.10287 3.79899
6.15382 3.79899
6.20478 3.79899
6.25574 3.79899
6.30669 3.79899
6.35765 3.79899
6.4086 3.79899
6.45956 3.79899
6.51051 3.79899
9.34034 4.48427
12.1702 4.48427
15.0 4.48427
0.0 0.921885
0.0507974 0.921885
0.101595 0.965983
0.152392 1.01008
0.20319 1.05418
0.253987 1.09828
0.304784 1.14237
0.355582 1.18647
0.406379 1.23057
0.457177 1.27467
0.507974 1.31876
0.559757 1.31876
0.61154 1.40703
0.663323 1.4953
0.715106 1.58357
0.766889 1.67183
0.818672 1.7601
0.870455 1.84837
0.922238 1.93663
0.974021 2.0249
1.0258 2.11317
1.07759 2.20144
1.12937 2.2897
1.18115 2.37797
1.23294 2.46624
1.28266 2.46624
1.33239 2.89036
1.38212 3.31449
1.43111 3.31449
1.4801 3.35651
1.5291 3.39853
1.57809 3.44054
1.62708 3.48256
1.67608 3.52458
1.72507 3.5666
1.77406 3.60862
1.82306 3.65063
1.87205 3.69265
1.92104 3.73467
1.97004 3.77669
2.01903 3.81871
2.06802 3.86073
2.11702 3.90274
2.16601 3.94476
2.215 3.98678
2.264 4.0288
2.31299 4.07082
2.36264 4.07082
2.41228 4.07082
2.46193 4.07082
2.51157 4.07082
2.56122 4.07082
2.61087 4.07082
2.66051 4.07082
2.71016 4.07082
2.7598 4.07082
2.80945 4.07082
5.24756 5.53263
7.68567 5.53263
10.1238 5.53263
12.5619 5.53263
15.0 5.53263
0.0 0.941393
0.0503167 0.941393
0.100633 0.978034
0.15095 1.01468
0.201267 1.05132
0.251584 1.08796
0.3019 1.1246
0.352217 1.16124
0.402534 1.19788
0.452851 1.23452
0.503167 1.27117
0.553484 1.30781
0.603801 1.34445
0.654117 1.38109
0.704434 1.41773
0.754751 1.45437
0.805068 1.49101
0.855384 1.52766
0.905701 1.5643
0.956018 1.60094
1.00633 1.63758
1.05665 1.67422
1.10697 1.71086
1.15728 1.74751
1.2076 1.78415
1.25792 1.82079
1.30823 1.85743
1.35855 1.89407
1.40887 1.93071
1.45919 1.96735
1.5095 2.004
1.55982 2.04064
1.61014 2.07728
1.66045 2.11392
1.70993 2.11392
1.75941 2.12288
1.80889 2.13185
1.85837 2.14081
1.90784 2.14978
1.95732 2.15874
2.0068 2.16771
2.05628 2.17667
2.10576 2.18564
2.15524 2.1946
2.20472 2.20356
2.25419 2.21253
2.30367 2.22149
2.35315 2.23046
2.40263 2.23942
2.45211 2.24839
2.50159 2.25735
2.55106 2.26631
2.60054 2.27528
2.65002 2.28424
2.6995 2.29321
2.74898 2.30217
2.79846 2.31114
2.84793 2.3201
2.89741 2.32907
2.94689 2.33803
2.99637 2.34699
3.04585 2.35596
3.09533 2.36492
3.14481 2.37389
3.19428 2.38285
3.24376 2.39182
3.29324 2.40078
3.34272 2.40974
3.3922 2.41871
3.44168 2.42767
3.49115 2.43664
3.54063 2.4456
3.59011 2.45457
3.63959 2.46353
3.68907 2.4725
3.73855 2.48146
3.78803 2.49042
3.8375 2.49939
3.88698 2.50835
3.93646 2.51732
3.98594 2.52628
4.03622 2.52628
4.0865 2.57282
4.13678 2.61936
4.18707 2.6659
4.23735 2.71244
4.28763 2.75898
4.33791 2.80552
4.38819 2.85206
4.43847 2.8986
4.48875 2.94514
4.53904 2.99168
4.58932 3.03822
4.6396 3.08476
4.68988 3.1313
4.74016 3.17785
4.79044 3.22439
4.84073 3.27093
4.89101 3.31747
4.94129 3.36401
4.99157 3.41055
5.04185 3.45709
5.09213 3.50363
5.14241 3.55017
5.1927 3.59671
5.24298 3.64325
5.2925 3.64325
5.34201 3.65869
5.39153 3.67413
5.44105 3.68958
5.49057 3.70502
5.54009 3.72046
5.58961 3.7359
5.63912 3.75135
5.68864 3.76679
5.73816 3.78223
5.78768 3.79767
5.8372 3.81312
5.88672 3.82856
5.93623 3.844
5.98575 3.85944
6.03527 3.87489
6.08485 3.87489
6.13442 3.87489
6.184 3.87489
6.23358 3.87489
6.28315 3.87489
6.33273 3.87489
6.3823 3.87489
6.43188 3.87489
6.48146 3.87489
6.53103 3.87489
6.58061 3.87489
6.63019 3.87489
6.67976 3.87489
6.72934 3.87489
6.77891 3.87489
6.82849 3.87489
6.87807 3.87489
6.92764 3.87489
6.97722 3.87489
7.02679 3.87489
7.07637 3.87489
7.12595 3.87489
7.17552 3.87489
7.2251 3.87489
7.27467 3.87489
7.32425 3.87489
9.88283 4.54136
12.4414 4.54136
15.0 4.54136
0.0 0.933758
0.049793 0.933758
0.099586 0.973764
0.149379 1.01377
0.199172 1.05378
0.248965 1.09378
0.298758 1.13379
0.348551 1.17379
0.398344 1.2138
0.448137 1.25381
0.49793 1.29381
0.547723 1.33382
0.597516 1.37383
0.647309 1.41383
0.697102 1.45384
0.746895 1.49384
0.796688 1.53385
0.846481 1.57386
0.896274 1.61386
0.946067 1.65387
0.99586 1.69387
1.04565 1.73388
1.09545 1.77389
1.14524 1.81389
1.19503 1.8539
1.24483 1.8939
1.29462 1.93391
1.34441 1.97392
1.3942 2.01392
1.444 2.05393
1.49483 2.05393
1.54566 2.17611
1.59649 2.2983
1.64732 2.42048
1.69815 2.54266
1.74898 2.66485
1.79981 2.78703
1.85064 2.90921
1.90147 3.0314
1.9523 3.15358
2.00313 3.27577
2.05396 3.39795
2.10479 3.52013
2.15446 3.52013
2.20413 3.52924
2.2538 3.53834
2.30347 3.54744
2.35313 3.55655
2.4028 3.56565
2.45247 3.57475
2.50214 3.58386
2.55181 3.59296
2.60147 3.60206
2.65114 3.61116
2.70296 3.61116
2.75478 3.75253
2.8066 3.8939
2.85841 4.03526
2.91023 4.17663
2.96205 4.31799
3.01387 4.45936
3.06569 4.60073
3.11559 4.60073
3.1655 4.60073
3.21541 4.60073
3.26531 4.60073
3.31522 4.60073
3.36513 4.60073
3.41503 4.60073
3.46494 4.60073
3.51485 4.60073
3.56475 4.60073
3.61466 4.60073
3.66456 4.60073
3.71447 4.60073
3.76438 4.60073
3.81428 4.60073
3.86419 4.60073
3.9141 4.60073
3.964 4.60073
4.01391 4.60073
4.06382 4.60073
4.11372 4.60073
6.83529 4.74458
9.55686 4.74458
12.2784 4.74458
15.0 4.74458
0.0 0.914666
0.0503827 0.914666
0.100765 0.959534
0.151148 1.0044
0.201531 1.04927
0.251913 1.09414
0.302296 1.13901
0.352679 1.18388
0.403061 1.22875
0.453444 1.27361
0.503827 1.31848
0.55421 1.36335
0.604592 1.40822
0.654975 1.45309
0.705358 1.49796
0.75574 1.54283
0.806123 1.58769
0.85675 1.58769
0.907377 1.61024
0.958004 1.63279
1.00863 1.65534
1.05926 1.67788
1.10988 1.70043
1.16051 1.72298
1.21114 1.74552
1.26176 1.76807
1.31239 1.79062
1.36302 1.81316
1.41365 1.83571
1.46427 1.85826
1.5149 1.88081
1.56553 1.90335
1.61615 1.9259
1.66678 1.94845
1.71741 1.97099
1.76803 1.99354
1.81866 2.01609
1.86929 2.03863
1.91991 2.06118
1.97054 2.08373
2.02117 2.10628
2.0718 2.12882
2.12242 2.15137
2.17305 2.17392
2.22368 2.19646
2.2743 2.21901
2.32493 2.24156
2.37556 2.26411
2.42618 2.28665
2.47681 2.3092
2.52744 2.33175
2.57806 2.35429
2.62869 2.37684
2.67723 2.37684
2.72576 2.41183
2.7743 2.44682
2.82283 2.48182
2.87137 2.51681
2.9199 2.5518
2.96844 2.58679
3.01697 2.62178
3.06551 2.65678
3.11404 2.69177
3.16258 2.72676
3.21111 2.76175
3.25965 2.79675
3.31082 2.79675
3.36199 2.84119
3.41317 2.88563
3.46434 2.93007
3.51552 2.97451
3.56669 3.01895
3.61786 3.06339
3.66904 3.10783
3.72021 3.15227
3.77139 3.19671
3.82256 3.24115
3.87496 3.24115
3.92737 3.24115
3.97977 3.24115
4.03217 3.24115
4.08458 3.24115
4.13698 3.24115
4.18938 3.24115
4.24179 3.24115
4.29419 3.24115
4.34659 3.24115
7.00994 5.21896
9.6733 5.21896
12.3366 5.21896
15.0 5.21896
0.0 0.916026
0.0495888 0.916026
0.0991775 0.961285
0.148766 1.00654
0.198355 1.0518
0.247944 1.09706
0.297533 1.14232
0.347121 1.18758
0.39671 1.23283
0.446299 1.27809
0.495888 1.32335
0.545476 1.36861
0.595065 1.41387
0.644654 1.45912
0.694243 1.50438
0.743831 1.54964
0.79342 1.5949
0.843009 1.64016
0.892598 1.68541
0.942187 1.73067
0.991775 1.77593
1.04136 1.82119
1.09095 1.86645
1.14054 1.91171
1.19013 1.95696
1.23972 2.00222
1.28969 2.00222
1.33967 2.14447
1.38964 2.28671
1.43961 2.42896
1.48958 2.57121
1.53956 2.71345
1.58953 2.8557
1.6395 2.99794
1.68948 3.14019
1.73945 3.28244
1.78942 3.42468
1.8394 3.56693
1.88794 3.56693
1.93649 3.58694
1.97363 3.58694
2.02392 4.62098
2.07421 4.62098
2.12451 4.62098
2.1748 4.62098
2.22509 4.62098
2.27539 4.62098
2.32568 4.62098
2.37597 4.62098
4.90078 4.77218
7.42558 4.77218
9.95039 4.77218
12.4752 4.77218
15.0 4.77218
0.0 0.941121
0.0493354 0.941121
0.0986707 0.979925
0.148006 1.01873
0.197341 1.05753
0.246677 1.09634
0.296012 1.13514
0.345347 1.17395
0.394683 1.21275
0.444018 1.25156
0.493354 1.29036
0.542689 1.32916
0.592024 1.36797
0.64136 1.40677
0.690695 1.44558
0.74003 1.48438
0.789366 1.52318
0.838701 1.56199
0.888036 1.60079
0.937372 1.6396
0.986707 1.6784
1.03604 1.71721
1.08538 1.75601
1.13471 1.79481
1.18405 1.83362
1.23338 1.87242
1.28272 1.91123
1.33261 1.91123
1.38251 1.91537
1.4324 1.91951
1.4823 1.92365
1.53219 1.92779
1.58208 1.93194
1.63198 1.93608
1.68187 1.94022
1.73176 1.94436
1.78166 1.9485
1.83155 1.95264
1.88145 1.95678
1.93134 1.96093
1.98123 1.96507
2.03113 1.96921
2.08102 1.97335
2.13092 1.97749
2.18081 1.98163
2.2307 1.98578
2.2806 1.98992
2.33049 1.99406
2.38039 1.9982
2.43028 2.00234
2.48017 2.00648
2.53007 2.01062
2.57996 2.01477
2.62986 2.01891
2.67975 2.02305
2.72964 2.02719
2.77954 2.03133
2.82943 2.03547
2.88026 2.03547
2.93109 2.05421
2.98191 2.07295
3.03274 2.09168
3.08357 2.11042
3.13439 2.12916
3.18522 2.14789
3.23605 2.16663
3.28687 2.18537
3.3377 2.2041
3.38853 2.22284
3.43935 2.24158
3.49018 2.26031
3.54101 2.27905
3.59183 2.29779
3.64266 2.31652
3.69349 2.33526
3.74431 2.354
3.79514 2.37273
3.84597 2.39147
3.89679 2.41021
3.94762 2.42894
3.99845 2.44768
4.04927 2.46642
4.1001 2.48515
4.15093 2.50389
4.20175 2.52263
4.25258 2.54136
4.30341 2.5601
4.35423 2.57884
4.40407 2.57884
4.45391 2.6134
4.50375 2.64795
4.55359 2.68251
4.60342 2.71707
4.65326 2.75163
4.7031 2.78619
4.75294 2.82075
4.80278 2.85531
4.85262 2.88987
4.90245 2.92443
4.95229 2.95899
5.00213 2.99355
5.05197 3.0281
5.10181 3.06266
5.15165 3.09722
5.20149 3.13178
5.25132 3.16634
5.30116 3.2009
5.351 3.23546
5.40084 3.27002
5.45068 3.30458
5.50052 3.33914
5.55035 3.3737
5.60019 3.40826
5.65003 3.44281
5.69987 3.47737
5.74971 3.51193
5.79955 3.54649
5.84938 3.58105
5.89922 3.61561
5.94906 3.65017
5.9989 3.68473
6.04874 3.71929
6.09858 3.75385
6.14841 3.78841
6.19825 3.82296
6.24809 3.85752
6.29793 3.89208
6.34777 3.92664
6.39761 3.9612
6.44745 3.99576
6.49728 4.03032
6.54712 4.06488
6.59696 4.09944
6.6468 4.134
6.69664 4.16856
6.74648 4.20312
6.79631 4.23767
6.84615 4.27223
6.89511 4.27223
6.94406 4.27223
6.99301 4.27223
7.04196 4.27223
7.09092 4.27223
7.13987 4.27223
7.18882 4.27223
7.23778 4.27223
7.28673 4.27223
7.33568 4.27223
7.38464 4.27223
9.92309 4.29168
12.4615 4.29168
15.0 4.29168
0.0 0.917551
0.0495466 0.917551
0.0990932 0.962606
0.14864 1.00766
0.198186 1.05272
0.247733 1.09777
0.29728 1.14283
0.346826 1.18788
0.396373 1.23294
0.445919 1.278
0.495466 1.32305
0.545012 1.36811
0.594559 1.41316
0.644106 1.45822
0.693652 1.50327
0.743199 1.54833
0.792745 1.59339
0.842292 1.63844
0.891839 1.6835
0.941385 1.72855
0.990932 1.77361
1.04048 1.81866
1.09002 1.86372
1.13957 1.90878
1.1891 1.90878
1.23862 1.91405
1.28815 1.91932
1.33767 1.92459
1.3872 1.92986
1.43673 1.93514
1.48625 1.94041
1.53578 1.94568
1.5853 1.95095
1.63483 1.95622
1.68435 1.9615
1.73388 1.96677
1.78341 1.97204
1.83293 1.97731
1.88246 1.98258
1.93198 1.98785
1.98151 1.99313
2.03103 1.9984
2.08056 2.00367
2.13009 2.00894
2.17961 2.01421
2.22914 2.01949
2.27866 2.02476
2.32883 2.02476
2.379 2.04509
2.42917 2.06541
2.47933 2.08574
2.5295 2.10607
2.57967 2.1264
2.62984 2.14672
2.68001 2.16705
2.73017 2.18738
2.78034 2.20771
2.83051 2.22803
2.88068 2.24836
2.93085 2.26869
2.98101 2.28902
3.03118 2.30934
3.08135 2.32967
3.13152 2.35
3.18169 2.37033
3.23185 2.39065
3.28202 2.41098
3.33219 2.43131
3.38236 2.45164
3.43253 2.47197
3.48269 2.49229
3.53286 2.51262
3.58303 2.53295
3.6332 2.55328
3.68336 2.5736
3.73353 2.59393
3.78362 2.59393
3.83371 2.63577
3.88379 2.67762
3.93388 2.71946
3.98396 2.7613
4.03405 2.80314
4.08414 2.84498
4.13422 2.88683
4.18431 2.92867
4.2344 2.97051
4.28448 3.01235
4.33457 3.05419
4.38466 3.09604
4.43474 3.13788
4.48483 3.17972
4.53491 3.22156
4.585 3.26341
4.63509 3.30525
4.68517 3.34709
4.73526 3.38893
4.78535 3.43077
4.83543 3.47262
4.88552 3.51446
4.9356 3.5563
4.98569 3.59814
5.03578 3.63999
5.08586 3.68183
5.13595 3.72367
5.18604 3.76551
5.23612 3.80735
5.28621 3.8492
5.3363 3.89104
5.38638 3.93288
5.43647 3.97472
5.48655 4.01657
5.53664 4.05841
5.58673 4.10025
5.63681 4.14209
5.6869 4.18393
5.73699 4.22578
5.78707 4.26762
5.83716 4.30946
5.88724 4.3513
5.93713 4.3513
5.98701 4.3513
6.03689 4.3513
6.08677 4.3513
6.13666 4.3513
6.18654 4.3513
6.23642 4.3513
6.2863 4.3513
6.33618 4.3513
6.38607 4.3513
6.43595 4.3513
6.48583 4.3513
9.32389 4.36093
12.1619 4.36093
15.0 4.36093
0.0 0.914685
0.0492921 0.914685
0.0985842 0.958119
0.147876 1.00155
0.197168 1.04499
0.246461 1.08842
0.295753 1.13185
0.345045 1.17529
0.394337 1.21872
0.443629 1.26215
0.492921 1.30559
0.542213 1.34902
0.591505 1.39246
0.640797 1.43589
0.69009 1.47932
0.739382 1.52276
0.788674 1.56619
0.837966 1.60962
0.887258 1.65306
0.93655 1.69649
0.985842 1.73993
1.03513 1.78336
1.08443 1.82679
1.13372 1.87023
1.18301 1.91366
1.2323 1.95709
1.28159 2.00053
1.33089 2.04396
1.38291 2.04396
1.43494 2.08983
1.48697 2.1357
1.539 2.18157
1.59102 2.22744
1.64305 2.27331
1.69508 2.31918
1.74711 2.36505
1.79623 2.36505
1.84535 2.43303
1.89447 2.50101
1.94359 2.569
1.99271 2.63698
2.04183 2.70496
2.09094 2.77295
2.14006 2.84093
2.18918 2.90891
2.2383 2.97689
2.28742 3.04488
2.33654 3.11286
2.38566 3.18084
2.43478 3.24883
2.4839 3.31681
2.53302 3.38479
2.58214 3.45278
2.63126 3.52076
2.68038 3.58874
2.73128 3.58874
2.78217 3.59512
2.83307 3.60151
2.88397 3.60789
2.93486 3.61427
2.98576 3.62065
3.03665 3.62704
3.08755 3.63342
3.13844 3.6398
3.18934 3.64618
3.24023 3.65257
3.29113 3.65895
3.34203 3.66533
3.39292 3.67171
3.44382 3.6781
3.49471 3.68448
3.54561 3.69086
3.5965 3.69724
3.6474 3.70362
3.6983 3.71001
3.74919 3.71639
3.80009 3.72277
3.85098 3.72915
3.90188 3.73554
3.95187 3.73554
4.00187 3.73554
4.05187 3.73554
4.10186 3.73554
4.15186 3.73554
4.20186 3.73554
4.25185 3.73554
4.30185 3.73554
4.35184 3.73554
4.40184 3.73554
7.05138 4.44675
9.70092 4.44675
12.3505 4.44675
15.0 4.44675
0.0 0.936064
0.0497173 0.936064
0.0994347 0.974916
0.149152 1.01377
0.198869 1.05262
0.248587 1.09147
0.298304 1.13032
0.348021 1.16918
0.397739 1.20803
0.447456 1.24688
0.497173 1.28573
0.546891 1.32458
0.596608 1.36343
0.646325 1.40229
0.696043 1.44114
0.74576 1.47999
0.795477 1.51884
0.845195 1.55769
0.894912 1.59655
0.944629 1.6354
0.994347 1.67425
1.04406 1.7131
1.09378 1.75195
1.1435 1.7908
1.19322 1.82966
1.24293 1.86851
1.29265 1.90736
1.34237 1.94621
1.39209 1.98506
1.4418 2.02392
1.49152 2.06277
1.54124 2.10162
1.59159 2.10162
1.64193 2.11492
1.69228 2.12821
1.74263 2.14151
1.79298 2.15481
1.84333 2.1681
1.89368 2.1814
1.94402 2.1947
1.99437 2.20799
2.04472 2.22129
2.09507 2.23459
2.14542 2.24789
2.19577 2.26118
2.24612 2.27448
2.29646 2.28778
2.34503 2.28778
2.39359 2.37345
2.44215 2.45913
2.49071 2.54481
2.53927 2.63049
2.58784 2.71616
2.6364 2.80184
2.68496 2.88752
2.73352 2.9732
2.78208 3.05887
2.83064 3.14455
2.87921 3.23023
2.92777 3.3159
2.97633 3.40158
3.02489 3.48726
3.07345 3.57294
3.12437 3.57294
3.17529 3.58241
3.22621 3.59189
3.27713 3.60136
3.32805 3.61084
3.37897 3.62031
3.42989 3.62979
3.48081 3.63927
3.53173 3.64874
3.58265 3.65822
3.63357 3.66769
3.68449 3.67717
3.73541 3.68664
3.78633 3.69612
3.83725 3.70559
3.88817 3.71507
3.93909 3.72455
3.99001 3.73402
4.04093 3.7435
4.09185 3.75297
4.14277 3.76245
4.19369 3.77192
4.24461 3.7814
4.29553 3.79087
4.34645 3.80035
4.39928 3.80035
4.45211 3.80035
4.50495 3.80035
4.55778 3.80035
4.61061 3.80035
4.66344 3.80035
7.24758 4.51651
9.83172 4.51651
12.4159 4.51651
15.0 4.51651
0.0 0.940942
0.0506732 0.940942
0.101346 0.978512
0.15202 1.01608
0.202693 1.05365
0.253366 1.09122
0.304039 1.1288
0.354713 1.16637
0.405386 1.20394
0.456059 1.24151
0.506732 1.27908
0.557406 1.31665
0.608079 1.35422
0.658752 1.39179
0.709425 1.42936
0.760099 1.46693
0.810772 1.5045
0.861445 1.54207
0.912118 1.57964
0.962792 1.61722
1.01346 1.65479
1.06414 1.69236
1.11481 1.72993
1.16548 1.7675
1.21616 1.80507
1.26683 1.84264
1.3175 1.88021
1.36818 1.91778
1.41885 1.95535
1.46952 1.95535
1.52018 2.00387
1.57085 2.05238
1.62152 2.1009
1.67218 2.14942
1.72285 2.19793
1.77352 2.24645
1.82418 2.29496
1.87485 2.34348
1.92552 2.392
1.97618 2.44051
2.02685 2.48903
2.07752 2.53755
2.12818 2.58606
2.17885 2.63458
2.22951 2.68309
2.28018 2.73161
2.33085 2.78013
2.38151 2.82864
2.43218 2.87716
2.48285 2.92567
2.53351 2.97419
2.58418 3.02271
2.63485 3.07122
2.68551 3.11974
2.73618 3.16826
2.78685 3.21677
2.83751 3.26529
2.88818 3.3138
2.93885 3.36232
2.98951 3.41084
3.04018 3.45935
3.09085 3.50787
3.14151 3.55638
3.19173 3.55638
3.24195 3.57287
3.29217 3.58936
3.34239 3.60585
3.39261 3.62234
3.44282 3.63883
3.49304 3.65532
3.54326 3.67181
3.59348 3.6883
3.6437 3.70479
3.69392 3.72128
3.74414 3.73777
3.79436 3.75426
3.84458 3.77075
3.89479 3.78724
3.94501 3.80372
3.99523 3.82021
4.04474 3.82021
4.09426 3.84086
4.14377 3.8615
4.19328 3.88215
4.2428 3.90279
4.29231 3.92344
4.34182 3.94408
4.39134 3.96473
4.44085 3.98537
4.49036 4.00602
4.53988 4.02666
4.58939 4.04731
4.6389 4.06795
4.68842 4.0886
4.73793 4.10924
4.78744 4.12989
4.83695 4.15053
4.88647 4.17117
4.93598 4.19182
4.98549 4.21246
5.03501 4.23311
5.08452 4.25375
5.13403 4.2744
5.18355 4.29504
5.23306 4.31569
5.28257 4.33633
5.33209 4.35698
5.3816 4.37762
5.43111 4.39827
5.48062 4.41891
5.53014 4.43956
5.57965 4.4602
5.62916 4.48085
5.67868 4.50149
5.72912 4.50149
5.77956 4.50149
5.82999 4.50149
5.88043 4.50149
5.93087 4.50149
5.98131 4.50149
6.03175 4.50149
6.08219 4.50149
6.13263 4.50149
6.18307 4.50149
6.23351 4.50149
6.28395 4.50149
6.33439 4.50149
6.38482 4.50149
6.43526 4.50149
6.4857 4.50149
6.53614 4.50149
6.58658 4.50149
6.63702 4.50149
6.68746 4.50149
6.7379 4.50149
6.78834 4.50149
6.83878 4.50149
6.88922 4.50149
9.59281 4.82685
12.2964 4.82685
15.0 4.82685
0.0 0.913844
0.0494715 0.913844
0.0989429 0.957518
0.148414 1.00119
0.197886 1.04487
0.247357 1.08854
0.296829 1.13222
0.3463 1.17589
0.395772 1.21957
0.445243 1.26324
0.494715 1.30692
0.544186 1.35059
0.593658 1.39427
0.643129 1.43794
0.6926 1.48162
0.742072 1.52529
0.791543 1.56897
0.841015 1.61264
0.890486 1.65632
0.939958 1.69999
0.989429 1.74367
1.0389 1.78734
1.08864 1.78734
1.13838 1.78944
1.18812 1.79155
1.23786 1.79365
1.28759 1.79575
1.33733 1.79785
1.38707 1.79996
1.43681 1.80206
1.48655 1.80416
1.53629 1.80626
1.58603 1.80837
1.63576 1.81047
1.6855 1.81257
1.73524 1.81467
1.78498 1.81678
1.83472 1.81888
1.88446 1.82098
1.9342 1.82308
1.98394 1.82519
2.03367 1.82729
2.08341 1.82939
2.13315 1.83149
2.18289 1.8336
2.23263 1.8357
2.28237 1.8378
2.33211 1.8399
2.38184 1.84201
2.43158 1.84411
2.48132 1.84621
2.53106 1.84831
2.5808 1.85042
2.63054 1.85252
2.68028 1.85462
2.73002 1.85672
2.77975 1.85883
2.82949 1.86093
2.87923 1.86303
2.92897 1.86513
2.97871 1.86724
3.02845 1.86934
3.07819 1.87144
3.1273 1.87144
3.17641 1.90124
3.22553 1.93105
3.27464 1.96085
3.32375 1.99066
3.37287 2.02046
3.42198 2.05026
3.47109 2.08007
3.5202 2.10987
3.56932 2.13967
3.61843 2.16948
3.66754 2.19928
3.71666 2.22908
3.76577 2.25889
3.81488 2.28869
3.864 2.31849
3.91311 2.3483
3.96222 2.3781
4.01134 2.4079
4.06045 2.43771
4.10956 2.46751
4.15868 2.49731
4.20779 2.52712
4.2569 2.55692
4.30602 2.58673
4.35531 2.58673
4.4046 2.6474
4.45389 2.70808
4.50318 2.76876
4.55248 2.82944
4.60177 2.89012
4.65106 2.9508
4.70035 3.01148
4.74964 3.07216
4.79894 3.13284
4.84823 3.19352
4.89752 3.2542
4.94681 3.31488
4.9961 3.37556
5.0454 3.43624
5.09469 3.49692
5.14398 3.5576
5.19327 3.61828
5.24256 3.67896
5.29186 3.73964
5.34115 3.80032
5.39044 3.861
5.43973 3.92168
5.48902 3.98236
5.53832 4.04304
5.58761 4.10372
5.6369 4.1644
5.68619 4.22508
5.73548 4.28576
5.78501 4.28576
5.83454 4.28576
5.88407 4.28576
5.9336 4.28576
5.98313 4.28576
6.03265 4.28576
6.08218 4.28576
6.13171 4.28576
6.18124 4.28576
6.23077 4.28576
6.2803 4.28576
6.32983 4.28576
6.37935 4.28576
6.42888 4.28576
6.47841 4.28576
6.52794 4.28576
6.57747 4.28576
6.627 4.28576
6.67653 4.28576
6.72605 4.28576
6.77558 4.28576
6.82511 4.28576
6.87464 4.28576
6.92417 4.28576
6.9737 4.28576
7.02322 4.28576
7.07275 4.28576
7.12228 4.28576
7.17181 4.28576
7.22134 4.28576
7.27087 4.28576
7.3204 4.28576
7.36992 4.28576
7.41945 4.28576
7.46898 4.28576
9.97932 4.4626
12.4897 4.4626
15.0 4.4626
0.0 0.931623
0.0504869 0.931623
0.100974 0.972537
0.151461 1.01345
0.201947 1.05436
0.252434 1.09528
0.302921 1.13619
0.353408 1.17711
0.403895 1.21802
0.454382 1.25893
0.504869 1.29985
0.555356 1.34076
0.605842 1.38167
0.656329 1.42259
0.706816 1.4635
0.757303 1.50441
0.80779 1.54533
0.858277 1.58624
0.908764 1.62716
0.959251 1.66807
1.00974 1.70898
1.06022 1.7499
1.11071 1.79081
1.1612 1.83172
1.21059 1.83172
1.25999 1.83451
1.30938 1.8373
1.35877 1.84009
1.40817 1.84287
1.45756 1.84566
1.50695 1.84845
1.55635 1.85124
1.60574 1.85402
1.65514 1.85681
1.70453 1.8596
1.75392 1.86239
1.80332 1.86517
1.85271 1.86796
1.9021 1.87075
1.9515 1.87354
2.00089 1.87632
2.05166 1.87632
2.10243 1.91824
2.15319 1.96016
2.20396 2.00208
2.25473 2.044
2.3055 2.08591
2.35627 2.12783
2.40703 2.16975
2.4578 2.21167
2.50857 2.25359
2.55934 2.29551
2.6101 2.33742
2.66087 2.37934
2.71164 2.42126
2.76241 2.46318
2.81317 2.5051
2.86394 2.54701
2.91475 2.54701
2.96556 2.61532
3.01638 2.68362
3.06719 2.75192
3.118 2.82023
3.16881 2.88853
3.21962 2.95683
3.27043 3.02514
3.32124 3.09344
3.37206 3.16174
3.42287 3.23004
3.47368 3.29835
3.52449 3.36665
3.5753 3.43495
3.62611 3.50326
3.67693 3.57156
3.72774 3.63986
3.77855 3.70816
3.82936 3.77647
3.88017 3.84477
3.93098 3.91307
3.98179 3.98138
4.03261 4.04968
4.08342 4.11798
4.13423 4.18628
4.18504 4.25459
4.23569 4.25459
4.28634 4.25459
4.337 4.25459
4.38765 4.25459
4.4383 4.25459
4.48895 4.25459
4.5396 4.25459
4.59025 4.25459
4.64091 4.25459
4.69156 4.25459
4.74221 4.25459
4.79286 4.25459
4.84351 4.25459
4.89416 4.25459
4.94482 4.25459
4.99547 4.25459
5.04612 4.25459
5.09677 4.25459
5.14742 4.25459
5.19807 4.25459
5.24872 4.25459
5.29938 4.25459
5.35003 4.25459
5.40068 4.25459
5.45133 4.25459
5.50198 4.25459
5.55263 4.25459
5.60329 4.25459
5.65394 4.25459
5.70459 4.25459
5.75524 4.25459
5.80589 4.25459
5.85654 4.25459
5.9072 4.25459
5.95785 4.25459
6.0085 4.25459
8.25637 4.53881
10.5042 4.53881
12.7521 4.53881
15.0 4.53881
0.0 0.915468
0.0492442 0.915468
0.0984883 0.95875
0.147732 1.00203
0.196977 1.04531
0.246221 1.0886
0.295465 1.13188
0.344709 1.17516
0.393953 1.21844
0.443197 1.26172
0.492442 1.305
0.541686 1.34828
0.59093 1.39157
0.640174 1.43485
0.689418 1.47813
0.741996 1.47813
0.794574 1.56165
0.847151 1.64516
0.899729 1.72868
0.952307 1.8122
1.00488 1.89572
1.05746 1.97923
1.11004 2.06275
1.16262 2.14627
1.21241 2.14627
1.26221 2.18325
1.31201 2.22023
1.3618 2.25722
1.4116 2.2942
1.4614 2.33118
1.51119 2.36816
1.56099 2.40515
1.61079 2.44213
1.66059 2.47911
1.71038 2.5161
1.76018 2.55308
1.80998 2.59006
1.85977 2.62704
1.90957 2.66403
1.95937 2.70101
2.00939 2.70101
2.05941 2.71469
2.10944 2.72838
2.15946 2.74206
2.20949 2.75575
2.25951 2.76944
2.30954 2.78312
2.35956 2.79681
2.40959 2.81049
2.45961 2.82418
2.50964 2.83786
2.55966 2.85155
2.60968 2.86524
2.65971 2.87892
2.70973 2.89261
2.75976 2.90629
2.80978 2.91998
2.85981 2.93366
2.90983 2.94735
2.95986 2.96104
3.00988 2.97472
3.0599 2.98841
3.10993 3.00209
3.15995 3.01578
3.20998 3.02946
3.26 3.04315
3.31003 3.05683
3.36005 3.07052
3.41008 3.08421
3.4601 3.09789
3.51013 3.11158
3.55954 3.11158
3.60896 3.11158
3.65838 3.11158
3.7078 3.11158
3.75722 3.11158
3.80664 3.11158
3.85606 3.11158
3.90548 3.11158
3.9549 3.11158
4.00432 3.11158
4.05374 3.11158
4.10316 3.11158
4.15258 3.11158
4.202 3.11158
4.25141 3.11158
4.30083 3.11158
4.35025 3.11158
4.39967 3.11158
4.44909 3.11158
4.49851 3.11158
4.54793 3.11158
4.59735 3.11158
4.64677 3.11158
4.69619 3.11158
4.74561 3.11158
4.79503 3.11158
4.84445 3.11158
4.89387 3.11158
4.94328 3.11158
4.9927 3.11158
5.04212 3.11158
5.09154 3.11158
5.14096 3.11158
5.19038 3.11158
5.2398 3.11158
7.67985 5.13931
10.1199 5.13931
12.56 5.13931
15.0 5.13931
0.0 0.936216
0.0497012 0.936216
0.0994024 0.97681
0.149104 1.0174
0.198805 1.058
0.248506 1.09859
0.298207 1.13918
0.347908 1.17978
0.39761 1.22037
0.447311 1.26097
0.497012 1.30156
0.546713 1.34215
0.596414 1.38275
0.646116 1.42334
0.695817 1.46393
0.745518 1.50453
0.795219 1.54512
0.84492 1.58572
0.894622 1.62631
0.944323 1.6669
0.994024 1.7075
1.04373 1.74809
1.09343 1.78868
1.14313 1.82928
1.19283 1.86987
1.24253 1.91046
1.29223 1.95106
1.34193 1.99165
1.39163 2.03225
1.44133 2.07284
1.49104 2.11343
1.54074 2.15403
1.59044 2.19462
1.64014 2.23521
1.68984 2.27581
1.74099 2.27581
1.79214 2.27829
1.84329 2.28077
1.89445 2.28325
1.9456 2.28573
1.99675 2.28822
2.0479 2.2907
2.09905 2.29318
2.1502 2.29566
2.20135 2.29814
2.2525 2.30062
2.30365 2.30311
2.3548 2.30559
2.40596 2.30807
2.45711 2.31055
2.50826 2.31303
2.55941 2.31551
2.61056 2.318
2.66171 2.32048
2.71286 2.32296
2.76207 2.32296
2.81128 2.46863
2.86049 2.61431
2.9097 2.75998
2.95891 2.90566
3.00812 3.05133
3.05733 3.19701
3.10654 3.34268
3.15575 3.48835
3.20643 3.48835
3.25712 3.50969
3.3078 3.53103
3.35848 3.55238
3.40917 3.57372
3.45985 3.59506
3.51054 3.6164
3.56122 3.63774
3.61191 3.65908
3.66259 3.68042
3.71328 3.70176
3.76396 3.7231
3.81465 3.74444
3.86533 3.76578
3.91601 3.78712
3.9667 3.80846
4.01738 3.8298
4.06807 3.85114
4.11622 3.85114
4.16438 3.85114
4.21254 3.85114
4.26069 3.85114
4.30885 3.85114
4.357 3.85114
4.40516 3.85114
4.45332 3.85114
7.08999 4.29922
9.72666 4.29922
12.3633 4.29922
15.0 4.29922
0.0 0.946445
0.0497288 0.946445
0.0994576 0.983888
0.149186 1.02133
0.198915 1.05877
0.248644 1.09622
0.298373 1.13366
0.348101 1.1711
0.39783 1.20855
0.447559 1.24599
0.497288 1.28343
0.547017 1.32088
0.596745 1.35832
0.646474 1.39576
0.696203 1.43321
0.745932 1.47065
0.795661 1.50809
0.845389 1.54554
0.895118 1.58298
0.944847 1.62042
0.994576 1.65787
1.0443 1.69531
1.09403 1.73275
1.14376 1.7702
1.19349 1.80764
1.24322 1.84508
1.29295 1.88253
1.34268 1.91997
1.39241 1.95741
1.44213 1.99486
1.49186 2.0323
1.54066 2.0323
1.58945 2.11655
1.63824 2.2008
1.68703 2.28504
1.73582 2.36929
1.78461 2.45354
1.8334 2.53779
1.8822 2.62204
1.93099 2.70628
1.97978 2.79053
2.02857 2.87478
2.07736 2.95903
2.12615 3.04327
2.17495 3.12752
2.22374 3.21177
2.27253 3.29602
2.32132 3.38027
2.37011 3.46451
2.4189 3.54876
2.46855 3.54876
2.5182 3.55895
2.56786 3.56913
2.61751 3.57932
2.66716 3.5895
2.71681 3.59969
2.76646 3.60987
2.81611 3.62006
2.86576 3.63024
2.91541 3.64043
2.96506 3.65061
3.01471 3.6608
3.06437 3.67098
3.11402 3.68117
3.16367 3.69135
3.21332 3.70154
3.26297 3.71172
3.31262 3.72191
3.36227 3.73209
3.41192 3.74228
3.46157 3.75246
3.51122 3.76265
3.56088 3.77283
3.61053 3.78302
3.66018 3.7932
3.70983 3.80338
3.75948 3.81357
3.80913 3.82375
3.85878 3.83394
3.90819 3.83394
3.9576 3.86729
4.00701 3.90063
4.05642 3.93398
4.10583 3.96733
4.15524 4.00067
4.20465 4.03402
4.25406 4.06737
4.30347 4.10071
4.35288 4.13406
4.40229 4.1674
4.4517 4.20075
4.50111 4.2341
4.55052 4.26744
4.59993 4.30079
4.64933 4.33414
4.69874 4.36748
4.74815 4.40083
4.79756 4.43418
4.84697 4.46752
4.89638 4.50087
4.94579 4.53422
4.99661 4.53422
5.04742 4.53422
5.09823 4.53422
5.14905 4.53422
5.19986 4.53422
5.25068 4.53422
5.30149 4.53422
5.3523 4.53422
5.40312 4.53422
5.45393 4.53422
5.50475 4.53422
5.55556 4.53422
5.60637 4.53422
5.65719 4.53422
5.708 4.53422
5.75881 4.53422
5.80963 4.53422
5.86044 4.53422
5.91126 4.53422
5.96207 4.53422
8.22155 4.82479
10.481 4.82479
12.7405 4.82479
15.0 4.82479
0.0 0.947307
0.0501624 0.947307
0.100325 0.984058
0.150487 1.02081
0.20065 1.05756
0.250812 1.09431
0.300975 1.13106
0.351137 1.16781
0.401299 1.20456
0.451462 1.24131
0.501624 1.27806
0.551787 1.31481
0.601949 1.35157
0.652112 1.38832
0.702274 1.42507
0.752436 1.46182
0.802599 1.49857
0.852761 1.53532
0.902924 1.57207
0.953086 1.60882
1.00325 1.64557
1.05341 1.68232
1.10357 1.71907
1.15374 1.75582
1.2039 1.79257
1.25406 1.82933
1.30422 1.86608
1.35439 1.90283
1.40455 1.93958
1.45471 1.97633
1.50487 2.01308
1.55504 2.04983
1.6052 2.08658
1.65536 2.12333
1.70552 2.16008
1.75569 2.19683
1.80585 2.23358
1.85601 2.27033
1.90628 2.27033
1.95655 2.27337
2.00682 2.2764
2.0571 2.27943
2.10737 2.28247
2.15764 2.2855
2.20791 2.28853
2.25818 2.29156
2.30845 2.2946
2.35873 2.29763
2.409 2.30066
2.45927 2.30369
2.50954 2.30673
2.55981 2.30976
2.61008 2.31279
2.66036 2.31582
2.71063 2.31886
2.7609 2.32189
2.81117 2.32492
2.86144 2.32796
2.91171 2.33099
2.96199 2.33402
3.01226 2.33705
3.06253 2.34009
3.1128 2.34312
3.16307 2.34615
3.21334 2.34918
3.26362 2.35222
3.31389 2.35525
3.36416 2.35828
3.41443 2.36131
3.4647 2.36435
3.51497 2.36738
3.56524 2.37041
3.61552 2.37345
3.66579 2.37648
3.71606 2.37951
3.76633 2.38254
3.8166 2.38558
3.86687 2.38861
3.91715 2.39164
3.96742 2.39467
4.01769 2.39771
4.06796 2.40074
4.11823 2.40377
4.1685 2.40681
4.21878 2.40984
4.26905 2.41287
4.31909 2.41287
4.36913 2.45743
4.41917 2.502
4.46921 2.54656
4.51925 2.59112
4.56929 2.63568
4.61933 2.68025
4.66937 2.72481
4.71941 2.76937
4.76945 2.81394
4.81949 2.8585
4.86953 2.90306
4.91957 2.94762
4.96961 2.99219
5.01965 3.03675
5.06969 3.08131
5.11973 3.12587
5.16977 3.17044
5.21981 3.215
5.26985 3.25956
5.31989 3.30413
5.36993 3.34869
5.41998 3.39325
5.47002 3.43781
5.52114 3.43781
5.57226 3.4615
5.62338 3.48519
5.6745 3.50888
5.72562 3.53257
5.77675 3.55626
5.82787 3.57995
5.87899 3.60364
5.93011 3.62733
5.98123 3.65102
6.03235 3.67471
6.08347 3.69839
6.1346 3.72208
6.18572 3.74577
6.23684 3.76946
6.28796 3.79315
6.33908 3.81684
6.3902 3.84053
6.44079 3.84053
6.49138 3.84053
6.54198 3.84053
6.59257 3.84053
6.64316 3.84053
6.69375 3.84053
6.74434 3.84053
6.79493 3.84053
6.84552 3.84053
9.56368 4.26938
12.2818 4.26938
15.0 4.26938
0.0 0.927279
0.0500667 0.927279
0.100133 0.969188
0.1502 1.0111
0.200267 1.05301
0.250334 1.09492
0.3004 1.13683
0.350467 1.17873
0.400534 1.22064
0.450601 1.26255
0.500667 1.30446
0.550734 1.34637
0.600801 1.38828
0.650868 1.43019
0.700934 1.4721
0.751001 1.51401
0.801068 1.55592
0.851135 1.59783
0.901201 1.63974
0.951268 1.68165
1.00133 1.72356
1.0514 1.76546
1.10147 1.80737
1.15154 1.84928
1.2016 1.89119
1.25167 1.9331
1.30174 1.97501
1.3518 2.01692
1.40153 2.01692
1.45125 2.04347
1.50098 2.07003
1.5507 2.09658
1.60043 2.12313
1.65015 2.14968
1.69988 2.17624
1.7496 2.20279
1.79933 2.22934
1.84906 2.25589
1.89878 2.28245
1.94851 2.309
1.99823 2.33555
2.04796 2.3621
2.09768 2.38866
2.14741 2.41521
2.19713 2.44176
2.24686 2.46831
2.29658 2.49487
2.34631 2.52142
2.39603 2.54797
2.44576 2.57452
2.49548 2.60108
2.54521 2.62763
2.59494 2.65418
2.64466 2.68073
2.69439 2.70729
2.74411 2.73384
2.79384 2.76039
2.84356 2.78694
2.89329 2.8135
2.94301 2.84005
2.99274 2.8666
3.04246 2.89315
3.09219 2.91971
3.14191 2.94626
3.19164 2.97281
3.24136 2.99936
3.29109 3.02592
3.34082 3.05247
3.39054 3.07902
3.44027 3.10557
3.48999 3.13213
3.53972 3.15868
3.58944 3.18523
3.63917 3.21178
3.68889 3.23834
3.73862 3.26489
3.78834 3.29144
3.83807 3.31799
3.88779 3.34455
3.93752 3.3711
3.98724 3.39765
4.03697 3.4242
4.0867 3.45076
4.13642 3.47731
4.18615 3.50386
4.23587 3.53041
4.2856 3.55697
4.33532 3.58352
4.38505 3.61007
4.43477 3.63662
4.4845 3.66318
4.53422 3.68973
4.58395 3.71628
4.63367 3.74283
4.68282 3.74283
4.73196 3.74787
4.7811 3.75291
4.83024 3.75794
4.87939 3.76298
4.92853 3.76802
4.97767 3.77305
5.02681 3.77809
5.07596 3.78312
5.1251 3.78816
5.17424 3.7932
5.22338 3.79823
5.27253 3.80327
5.32167 3.80831
5.37081 3.81334
5.41995 3.81838
5.4691 3.82341
5.51824 3.82845
5.56738 3.83349
5.61652 3.83852
5.66567 3.84356
5.71481 3.8486
5.76395 3.85363
5.81309 3.85867
5.86224 3.8637
5.91077 3.8637
5.95929 3.93196
6.00782 4.00021
6.05635 4.06846
6.10488 4.13672
6.15341 4.20497
6.20194 4.27322
6.25047 4.34148
6.299 4.40973
6.34753 4.47798
6.39605 4.54624
6.44422 4.54624
6.49238 4.54624
6.54055 4.54624
6.58871 4.54624
6.63687 4.54624
6.68504 4.54624
6.7332 4.54624
6.78137 4.54624
6.82953 4.54624
6.87769 4.54624
6.92586 4.54624
6.97402 4.54624
9.64935 4.88221
12.3247 4.88221
15.0 4.88221
0.0 0.934135
0.0487158 0.934135
0.0974317 0.973167
0.146148 1.0122
0.194863 1.05123
0.243579 1.09026
0.292295 1.12929
0.341011 1.16833
0.389727 1.20736
0.438443 1.24639
0.487158 1.28542
0.535874 1.32445
0.58459 1.36349
0.636126 1.36349
0.687663 1.41898
0.739199 1.47448
0.790736 1.52998
0.842272 1.58548
0.893808 1.64097
0.945345 1.69647
0.996881 1.75197
1.04842 1.80747
1.09995 1.86296
1.15149 1.91846
1.20303 1.97396
1.25456 2.02946
1.3061 2.08496
1.35764 2.14045
1.40917 2.19595
1.45951 2.19595
1.50984 2.19705
1.56018 2.19814
1.61052 2.19924
1.66085 2.20033
1.71119 2.20143
1.76152 2.20252
1.81186 2.20362
1.86219 2.20472
1.91253 2.20581
1.96287 2.20691
2.0132 2.208
2.06354 2.2091
2.11387 2.21019
2.16421 2.21129
2.21455 2.21238
2.26488 2.21348
2.31522 2.21458
2.36555 2.21567
2.41589 2.21677
2.46622 2.21786
2.51656 2.21896
2.5669 2.22005
2.61723 2.22115
2.66757 2.22225
2.7179 2.22334
2.76872 2.22334
2.81954 2.35944
2.87035 2.49553
2.92117 2.63163
2.97198 2.76773
3.0228 2.90383
3.07362 3.03992
3.12443 3.17602
3.17525 3.31212
3.22606 3.44821
3.27688 3.58431
3.3277 3.72041
3.37851 3.85651
3.42933 3.9926
3.48015 4.1287
3.53096 4.2648
3.57744 4.2648
3.62392 4.2648
3.6704 4.2648
3.71688 4.2648
3.76336 4.2648
6.57252 4.5307
9.38168 4.5307
12.1908 4.5307
15.0 4.5307
0.0 0.932793
0.0495321 0.932793
0.0990642 0.974083
0.148596 1.01537
0.198128 1.05666
0.247661 1.09795
0.297193 1.13925
0.346725 1.18054
0.396257 1.22183
0.445789 1.26312
0.495321 1.30441
0.544853 1.3457
0.594385 1.38699
0.643918 1.42828
0.69345 1.46957
0.742982 1.51086
0.792514 1.55215
0.842046 1.59344
0.891578 1.63473
0.94111 1.67602
0.990642 1.71731
1.04017 1.7586
1.08971 1.79989
1.13924 1.84118
1.18969 1.84118
1.24014 1.96421
1.29059 2.08724
1.34105 2.21028
1.3915 2.33331
1.44195 2.45634
1.4924 2.57937
1.54286 2.7024
1.59331 2.82543
1.64376 2.94846
1.69421 3.07149
1.74466 3.19452
1.79512 3.31755
1.84557 3.44058
1.89602 3.56361
1.94612 3.56361
1.99621 3.57041
2.04631 3.57722
2.0964 3.58402
2.1465 3.59082
2.19659 3.59762
2.24669 3.60442
2.29679 3.61122
2.34688 3.61802
2.39698 3.62482
2.44707 3.63162
2.49717 3.63843
2.54727 3.64523
2.59736 3.65203
2.64746 3.65883
2.69755 3.66563
2.74765 3.67243
2.79774 3.67923
2.84784 3.68603
2.89794 3.69283
2.94803 3.69964
2.99813 3.70644
3.04822 3.71324
3.09832 3.72004
3.14841 3.72684
3.19851 3.73364
3.24861 3.74044
3.2987 3.74724
3.3488 3.75405
3.39889 3.76085
3.44831 3.76085
3.49772 3.78058
3.54713 3.80032
3.59654 3.82005
3.64595 3.83979
3.69536 3.85952
3.74478 3.87926
3.79419 3.89899
3.8436 3.91872
3.89301 3.93846
3.94242 3.95819
3.99184 3.97793
4.04125 3.99766
4.09066 4.0174
4.14007 4.03713
4.18948 4.05687
4.2389 4.0766
4.28831 4.09634
4.33772 4.11607
4.38713 4.13581
4.43654 4.15554
4.48596 4.17528
4.53537 4.19501
4.58478 4.21475
4.63419 4.23448
4.6836 4.25422
4.73301 4.27395
4.78243 4.29369
4.83184 4.31342
4.88125 4.33316
4.93066 4.35289
4.98007 4.37263
5.02949 4.39236
5.0789 4.41209
5.12831 4.43183
5.17772 4.45156
5.22713 4.4713
5.27655 4.49103
5.32596 4.51077
5.37562 4.51077
5.42529 4.51077
5.47495 4.51077
5.52462 4.51077
5.57428 4.51077
5.62395 4.51077
5.67361 4.51077
5.72328 4.51077
5.77294 4.51077
5.82261 4.51077
5.87227 4.51077
5.92194 4.51077
5.9716 4.51077
6.02127 4.51077
6.07093 4.51077
6.1206 4.51077
6.17026 4.51077
6.21993 4.51077
6.26959 4.51077
6.31926 4.51077
6.36892 4.51077
6.41859 4.51077
6.46826 4.51077
6.51792 4.51077
6.56759 4.51077
6.61725 4.51077
6.66692 4.51077
6.71658 4.51077
6.76625 4.51077
6.81591 4.51077
6.86558 4.51077
6.91524 4.51077
6.96491 4.51077
7.01457 4.51077
7.06424 4.51077
7.1139 4.51077
7.16357 4.51077
7.21323 4.51077
7.2629 4.51077
7.31256 4.51077
7.36223 4.51077
7.41189 4.51077
7.46156 4.51077
7.51122 4.51077
7.56089 4.51077
10.0406 4.99963
12.5203 4.99963
15.0 4.99963
0.0 0.935743
0.0497142 0.935743
0.0994284 0.976384
0.149143 1.01703
0.198857 1.05767
0.248571 1.09831
0.298285 1.13895
0.347999 1.17959
0.397714 1.22023
0.447428 1.26087
0.497142 1.30152
0.546856 1.34216
0.59657 1.3828
0.646284 1.42344
0.695999 1.46408
0.745889 1.46408
0.795779 1.54925
0.845669 1.63441
0.895558 1.71958
0.945448 1.80475
0.995338 1.88992
1.04523 1.97508
1.09512 2.06025
1.14501 2.14542
1.19801 2.14542
1.251 2.16625
1.304 2.18708
1.357 2.20791
1.40999 2.22874
1.46299 2.24957
1.51355 2.24957
1.56411 2.35483
1.61466 2.46009
1.66522 2.56534
1.71578 2.6706
1.76634 2.77586
1.81689 2.88112
1.86745 2.98637
1.91801 3.09163
1.96857 3.19689
2.01912 3.30215
2.06968 3.4074
2.12024 3.51266
2.1708 3.61792
2.22135 3.72317
2.27191 3.82843
2.32247 3.93369
2.37303 4.03895
2.42358 4.1442
2.47414 4.24946
2.5247 4.35472
2.57516 4.35472
2.62563 4.35472
2.67609 4.35472
2.72656 4.35472
2.77702 4.35472
2.82749 4.35472
2.87795 4.35472
2.92842 4.35472
2.97888 4.35472
3.02935 4.35472
3.07981 4.35472
3.13028 4.35472
3.18074 4.35472
3.23121 4.35472
3.28167 4.35472
3.33214 4.35472
3.3826 4.35472
3.43307 4.35472
3.48353 4.35472
3.534 4.35472
3.58446 4.35472
3.63493 4.35472
3.68539 4.35472
3.73586 4.35472
3.78632 4.35472
3.83679 4.35472
3.88725 4.35472
3.93772 4.35472
3.98818 4.35472
4.03865 4.35472
4.08911 4.35472
4.13958 4.35472
4.19004 4.35472
4.24051 4.35472
4.29097 4.35472
4.34144 4.35472
4.3919 4.35472
4.44237 4.35472
4.49283 4.35472
7.11963 4.38097
9.74642 4.38097
12.3732 4.38097
15.0 4.38097
0.0 0.93714
0.0498499 0.93714
0.0996999 0.978227
0.14955 1.01931
0.1994 1.0604
0.24925 1.10149
0.2991 1.14257
0.34895 1.18366
0.398799 1.22475
0.448649 1.26584
0.498499 1.30692
0.548349 1.34801
0.598199 1.3891
0.648049 1.43018
0.697899 1.47127
0.747749 1.51236
0.797599 1.55344
0.847449 1.59453
0.897299 1.63562
0.947149 1.6767
0.996999 1.71779
1.04685 1.75888
1.0967 1.79997
1.14677 1.79997
1.19684 1.87615
1.24691 1.95233
1.29698 2.02852
1.34705 2.1047
1.39712 2.18089
1.44719 2.25707
1.49726 2.33325
1.54733 2.40944
1.5974 2.48562
1.64747 2.56181
1.69754 2.63799
1.74762 2.71417
1.79769 2.79036
1.84776 2.86654
1.89783 2.94273
1.9479 3.01891
1.99797 3.09509
2.04804 3.17128
2.09811 3.24746
2.14818 3.32365
2.19825 3.39983
2.24832 3.47602
2.29839 3.5522
2.34846 3.62838
2.39829 3.62838
2.44812 3.63336
2.49795 3.63834
2.54778 3.64331
2.59761 3.64829
2.64744 3.65327
2.69727 3.65824
2.74709 3.66322
2.79692 3.6682
2.84675 3.67317
2.89658 3.67815
2.94641 3.68312
2.99624 3.6881
3.04607 3.69308
3.0959 3.69805
3.14573 3.70303
3.19556 3.70801
3.24539 3.71298
3.29521 3.71796
3.34504 3.72294
3.39487 3.72791
3.4447 3.73289
3.4945 3.73289
3.54429 3.75108
3.59409 3.76927
3.64388 3.78746
3.69368 3.80565
3.74347 3.82384
3.79327 3.84204
3.84306 3.86023
3.89286 3.87842
3.94265 3.89661
3.99245 3.9148
4.04224 3.93299
4.09204 3.95118
4.14183 3.96937
4.19163 3.98756
4.24142 4.00576
4.29122 4.02395
4.34101 4.04214
4.39081 4.06033
4.4406 4.07852
4.4904 4.09671
4.54019 4.1149
4.58999 4.13309
4.63978 4.15128
4.68958 4.16948
4.73937 4.18767
4.78917 4.20586
4.83896 4.22405
4.88876 4.24224
4.93855 4.26043
4.98835 4.27862
5.03814 4.29681
5.08794 4.315
5.13773 4.3332
5.18753 4.35139
5.23732 4.36958
5.28712 4.38777
5.33691 4.40596
5.38671 4.42415
5.4365 4.44234
5.4863 4.46053
5.53609 4.47873
5.58589 4.49692
5.63536 4.49692
5.68483 4.49692
5.7343 4.49692
5.78377 4.49692
5.83324 4.49692
5.8827 4.49692
5.93217 4.49692
5.98164 4.49692
6.03111 4.49692
6.08058 4.49692
6.13005 4.49692
6.17952 4.49692
6.22899 4.49692
6.27846 4.49692
6.32793 4.49692
6.3774 4.49692
6.42687 4.49692
6.47634 4.49692
6.52581 4.49692
6.57528 4.49692
6.62475 4.49692
6.67422 4.49692
6.72369 4.49692
6.77316 4.49692
6.82263 4.49692
6.8721 4.49692
6.92157 4.49692
6.97104 4.49692
7.02051 4.49692
7.06998 4.49692
7.11945 4.49692
7.16892 4.49692
7.21838 4.49692
7.26785 4.49692
7.31732 4.49692
7.36679 4.49692
7.41626 4.49692
7.46573 4.49692
7.5152 4.49692
7.56467 4.49692
7.61414 4.49692
7.66361 4.49692
10.1091 5.0073
12.5545 5.0073
15.0 5.0073
0.0 0.921775
0.0507273 0.921775
0.101455 0.964524
0.152182 1.00727
0.202909 1.05002
0.253637 1.09277
0.304364 1.13552
0.355091 1.17827
0.405819 1.22102
0.456546 1.26377
0.507273 1.30652
0.558001 1.34927
0.608728 1.39202
0.659455 1.43477
0.710183 1.47752
0.76091 1.52027
0.811637 1.56302
0.862365 1.60577
0.913092 1.64852
0.963819 1.69127
1.01455 1.73402
1.06527 1.77677
1.11554 1.77677
1.1658 1.8617
1.21606 1.94662
1.26632 2.03155
1.31658 2.11648
1.36684 2.2014
1.4171 2.28633
1.46736 2.37126
1.51762 2.45619
1.56788 2.54111
1.61815 2.62604
1.66841 2.71097
1.71867 2.79589
1.76893 2.88082
1.81919 2.96575
1.86945 3.05067
1.91971 3.1356
1.96997 3.22053
2.02023 3.30545
2.07049 3.39038
2.12075 3.47531
2.17102 3.56023
2.22128 3.64516
2.27154 3.73009
2.32117 3.73009
2.3708 3.73016
2.42043 3.73024
2.47006 3.73032
2.51969 3.73039
2.56932 3.73047
2.61895 3.73054
2.66858 3.73062
2.71821 3.7307
2.76784 3.73077
2.81747 3.73085
2.8671 3.73093
2.91673 3.731
2.96636 3.73108
3.016 3.73116
3.06563 3.73123
3.11526 3.73131
3.16489 3.73138
3.21452 3.73146
3.26415 3.73154
3.31378 3.73161
3.36341 3.73169
3.41304 3.73177
3.46267 3.73184
3.5123 3.73192
3.56193 3.73199
3.61156 3.73207
3.66119 3.73215
3.71082 3.73222
3.76045 3.7323
3.81008 3.73238
3.85971 3.73245
3.90934 3.73253
3.95897 3.73261
4.0086 3.73268
4.05824 3.73276
4.10787 3.73283
4.1575 3.73291
4.20713 3.73299
4.25676 3.73306
4.30639 3.73314
4.35602 3.73322
4.40565 3.73329
4.45528 3.73337
4.50491 3.73344
4.55454 3.73352
4.60417 3.7336
4.6538 3.73367
4.70343 3.73375
4.75306 3.73383
4.80269 3.7339
4.85232 3.73398
4.90195 3.73405
4.95158 3.73413
5.00121 3.73421
5.05084 3.73428
5.10048 3.73436
5.15011 3.73444
5.19974 3.73451
5.24949 3.73451
5.29924 3.75855
5.34899 3.78259
5.39874 3.80663
5.44849 3.83067
5.49824 3.8547
5.54799 3.87874
5.59774 3.90278
5.64749 3.92682
5.69724 3.95086
5.74699 3.97489
5.79674 3.99893
5.84649 4.02297
5.89624 4.04701
5.94599 4.07105
5.99574 4.09508
6.04549 4.11912
6.09524 4.14316
6.14499 4.1672
6.19474 4.19124
6.24449 4.21527
6.29424 4.23931
6.34399 4.26335
6.39374 4.28739
6.44349 4.31143
6.49324 4.33547
6.54322 4.33547
6.59319 4.33547
6.64317 4.33547
6.69314 4.33547
6.74312 4.33547
6.79309 4.33547
6.84307 4.33547
6.89304 4.33547
6.94302 4.33547
6.99299 4.33547
7.04297 4.33547
7.09294 4.33547
7.14292 4.33547
7.19289 4.33547
7.24287 4.33547
7.29284 4.33547
7.34282 4.33547
7.39279 4.33547
7.44277 4.33547
7.49274 4.33547
7.54272 4.33547
10.0285 5.03967
12.5142 5.03967
15.0 5.03967
0.0 0.94874
0.051389 0.94874
0.102778 0.987385
0.154167 1.02603
0.205556 1.06468
0.256945 1.10332
0.308334 1.14197
0.359723 1.18061
0.411112 1.21926
0.462501 1.2579
0.51389 1.29655
0.565278 1.33519
0.616667 1.37384
0.668056 1.41248
0.719445 1.45113
0.770834 1.48977
0.821944 1.48977
0.873054 1.52961
0.924164 1.56945
0.975274 1.60929
1.02638 1.64913
1.07749 1.68896
1.1286 1.7288
1.17971 1.76864
1.23082 1.80848
1.28193 1.84832
1.33304 1.88815
1.38415 1.92799
1.43526 1.96783
1.48637 2.00767
1.53748 2.04751
1.58859 2.08734
1.6397 2.12718
1.69081 2.16702
1.7476 2.16702
1.80439 2.2243
1.86118 2.28159
1.9138 2.28159
1.96643 2.68518
2.01905 3.08877
2.07168 3.49235
2.1243 3.89594
2.17693 4.29953
2.22731 4.29953
2.27769 4.29953
2.32808 4.29953
2.37846 4.29953
2.42884 4.29953
2.47923 4.29953
2.52961 4.29953
2.57999 4.29953
2.63038 4.29953
2.68076 4.29953
2.73115 4.29953
2.78153 4.29953
2.83191 4.29953
2.8823 4.29953
2.93268 4.29953
2.98306 4.29953
3.03345 4.29953
3.08383 4.29953
3.13421 4.29953
3.1846 4.29953
3.23498 4.29953
3.28536 4.29953
3.33575 4.29953
3.38613 4.29953
3.43651 4.29953
3.4869 4.29953
3.53728 4.29953
3.58766 4.29953
3.63805 4.29953
3.68843 4.29953
3.73882 4.29953
3.7892 4.29953
3.83958 4.29953
3.88997 4.29953
3.94035 4.29953
3.99073 4.29953
4.04112 4.29953
4.0915 4.29953
4.14188 4.29953
4.19227 4.29953
4.24265 4.29953
4.29303 4.29953
4.34342 4.29953
4.3938 4.29953
4.44418 4.29953
4.49457 4.29953
7.12093 4.54358
9.74728 4.54358
12.3736 4.54358
15.0 4.54358
0.0 0.930101
0.0506938 0.930101
0.101388 0.973155
0.152081 1.01621
0.202775 1.05926
0.253469 1.10232
0.304163 1.14537
0.354857 1.18842
0.405551 1.23148
0.456244 1.27453
0.506938 1.31758
0.557632 1.36064
0.608326 1.40369
0.65902 1.44675
0.709714 1.4898
0.760407 1.53285
0.811101 1.57591
0.861795 1.61896
0.912489 1.66201
0.963183 1.70507
1.01388 1.74812
1.06457 1.79118
1.11526 1.83423
1.16469 1.83423
1.21412 1.89887
1.26356 1.96351
1.31299 2.02816
1.36242 2.0928
1.41185 2.15744
1.46128 2.22208
1.51071 2.28672
1.56014 2.35137
1.60957 2.41601
1.659 2.48065
1.70843 2.54529
1.75786 2.60993
1.80729 2.67458
1.85672 2.73922
1.90615 2.80386
1.95558 2.8685
2.00501 2.93315
2.05444 2.99779
2.10387 3.06243
2.1533 3.12707
2.20273 3.19171
2.25216 3.25636
2.30159 3.321
2.35102 3.38564
2.40045 3.45028
2.44988 3.51493
2.49931 3.57957
2.54875 3.64421
2.59818 3.70885
2.64859 3.70885
2.69901 3.70906
2.74943 3.70928
2.79985 3.70949
2.85027 3.7097
2.90068 3.70991
2.9511 3.71013
3.00152 3.71034
3.05194 3.71055
3.10235 3.71076
3.15277 3.71098
3.20319 3.71119
3.25361 3.7114
3.30403 3.71161
3.35444 3.71182
3.40486 3.71204
3.45528 3.71225
3.5057 3.71246
3.55611 3.71267
3.60653 3.71289
3.65695 3.7131
3.70737 3.71331
3.75779 3.71352
3.8082 3.71374
3.85862 3.71395
3.90904 3.71416
3.95946 3.71437
4.00988 3.71459
4.06029 3.7148
4.11071 3.71501
4.16113 3.71522
4.21155 3.71544
4.26196 3.71565
4.31238 3.71586
4.3628 3.71607
4.41322 3.71628
4.46364 3.7165
4.51405 3.71671
4.56447 3.71692
4.61489 3.71713
4.66531 3.71735
4.71573 3.71756
4.76614 3.71777
4.81656 3.71798
4.86698 3.7182
4.9174 3.71841
4.96781 3.71862
5.01823 3.71883
5.06865 3.71905
5.11907 3.71926
5.16949 3.71947
5.2199 3.71968
5.26909 3.71968
5.31828 3.7483
5.36748 3.77692
5.41667 3.80554
5.46586 3.83416
5.51505 3.86278
5.56424 3.8914
5.61343 3.92002
5.66262 3.94864
5.71181 3.97726
5.761 4.00588
5.81019 4.0345
5.85938 4.06312
5.90857 4.09174
5.95776 4.12036
6.00695 4.14898
6.05614 4.1776
6.10533 4.20622
6.15452 4.23484
6.20371 4.26346
6.2529 4.29208
6.30209 4.3207
6.35128 4.34932
6.40048 4.34932
6.44968 4.34932
6.49887 4.34932
6.54807 4.34932
6.59727 4.34932
6.64646 4.34932
6.69566 4.34932
6.74486 4.34932
6.79405 4.34932
6.84325 4.34932
6.89245 4.34932
6.94164 4.34932
6.99084 4.34932
7.04004 4.34932
7.08923 4.34932
7.13843 4.34932
7.18763 4.34932
7.23682 4.34932
7.28602 4.34932
7.33522 4.34932
9.89015 4.96794
12.4451 4.96794
15.0 4.96794
0.0 0.918939
0.0504111 0.918939
0.100822 0.960551
0.151233 1.00216
0.201644 1.04378
0.252055 1.08539
0.302466 1.127
0.352877 1.16861
0.403288 1.21022
0.4537 1.25184
0.504111 1.29345
0.554522 1.33506
0.604933 1.37667
0.655344 1.41829
0.705755 1.4599
0.756166 1.50151
0.806577 1.54312
0.856988 1.58473
0.907399 1.62635
0.95781 1.66796
1.00822 1.70957
1.05863 1.75118
1.10904 1.7928
1.15945 1.83441
1.20987 1.87602
1.26028 1.91763
1.31069 1.95924
1.3611 2.00086
1.41151 2.04247
1.46192 2.08408
1.51233 2.12569
1.56274 2.16731
1.61197 2.16731
1.6612 2.16896
1.71043 2.17061
1.75966 2.17227
1.80889 2.17392
1.85812 2.17558
1.90735 2.17723
1.95658 2.17889
2.00581 2.18054
2.05504 2.18219
2.10426 2.18385
2.15349 2.1855
2.20272 2.18716
2.25195 2.18881
2.30118 2.19047
2.35041 2.19212
2.39964 2.19377
2.44887 2.19543
2.4981 2.19708
2.54733 2.19874
2.59656 2.20039
2.64602 2.20039
2.69549 2.23168
2.74496 2.26297
2.79443 2.29426
2.84389 2.32555
2.89336 2.35684
2.94283 2.38813
2.9923 2.41942
3.04176 2.45071
3.09123 2.482
3.1407 2.5133
3.19017 2.54459
3.23963 2.57588
3.2891 2.60717
3.33857 2.63846
3.38804 2.66975
3.4375 2.70104
3.48697 2.73233
3.53644 2.76362
3.58591 2.79491
3.63537 2.8262
3.68484 2.85749
3.73431 2.88878
3.78378 2.92007
3.83324 2.95136
3.88271 2.98265
3.93218 3.01394
3.98165 3.04523
4.03111 3.07652
4.08058 3.10781
4.13005 3.1391
4.17952 3.17039
4.22898 3.20168
4.27845 3.23298
4.32792 3.26427
4.37739 3.29556
4.42685 3.32685
4.47632 3.35814
4.52579 3.38943
4.57525 3.42072
4.62472 3.45201
4.67419 3.4833
4.72366 3.51459
4.77312 3.54588
4.82259 3.57717
4.87206 3.60846
4.92199 3.60846
4.97193 3.61339
5.02186 3.61832
5.07179 3.62325
5.12172 3.62817
5.17166 3.6331
5.22159 3.63803
5.27152 3.64296
5.32145 3.64789
5.37139 3.65282
5.42132 3.65775
5.47125 3.66267
5.52118 3.6676
5.57112 3.67253
5.62105 3.67746
5.67098 3.68239
5.72092 3.68732
5.77085 3.69225
5.82078 3.69717
5.87071 3.7021
5.92065 3.70703
5.97058 3.71196
6.02051 3.71689
6.07044 3.72182
6.12038 3.72675
6.17031 3.73167
6.22024 3.7366
6.27034 3.7366
6.32044 3.7366
6.37054 3.7366
6.42064 3.7366
6.47073 3.7366
6.52083 3.7366
6.57093 3.7366
6.62103 3.7366
6.67113 3.7366
6.72122 3.7366
6.77132 3.7366
6.82142 3.7366
6.87152 3.7366
6.92162 3.7366
6.97172 3.7366
7.02181 3.7366
7.07191 3.7366
7.12201 3.7366
7.17211 3.7366
7.22221 3.7366
7.27231 3.7366
7.3224 3.7366
7.3725 3.7366
7.4226 3.7366
7.4727 3.7366
7.5228 3.7366
10.0152 4.13935
12.5076 4.13935
15.0 4.13935
0.0 0.927952
0.0508135 0.927952
0.101627 0.969207
0.152441 1.01046
0.203254 1.05172
0.254068 1.09297
0.304881 1.13423
0.355695 1.17548
0.406508 1.21674
0.457322 1.25799
0.508135 1.29924
0.558949 1.3405
0.609762 1.38175
0.660576 1.42301
0.711389 1.46426
0.762203 1.50552
0.813016 1.54677
0.86383 1.58803
0.914643 1.62928
0.965457 1.67054
1.01627 1.71179
1.06708 1.75305
1.11693 1.75305
1.16677 1.84595
1.21662 1.93886
1.26646 2.03177
1.31631 2.12467
1.36615 2.21758
1.416 2.31049
1.46584 2.40339
1.51569 2.4963
1.56554 2.58921
1.61538 2.68211
1.66523 2.77502
1.71507 2.86793
1.76492 2.96083
1.81476 3.05374
1.86461 3.14665
1.91445 3.23955
1.9643 3.33246
2.01414 3.42537
2.06399 3.51827
2.11383 3.61118
2.16368 3.70408
2.21408 3.70408
2.26447 3.70697
2.31487 3.70986
2.36527 3.71275
2.41567 3.71564
2.46607 3.71853
2.51647 3.72141
2.56687 3.7243
2.61727 3.72719
2.66766 3.73008
2.71806 3.73297
2.76846 3.73585
2.81886 3.73874
2.86926 3.74163
2.91966 3.74452
2.97006 3.74741
3.02045 3.75029
3.07085 3.75318
3.12125 3.75607
3.17165 3.75896
3.22205 3.76185
3.27245 3.76474
3.32285 3.76762
3.37325 3.77051
3.42364 3.7734
3.47404 3.77629
3.52444 3.77918
3.57484 3.78206
3.62524 3.78495
3.67564 3.78784
3.72604 3.79073
3.77644 3.79362
3.82683 3.7965
3.87723 3.79939
3.92763 3.80228
3.97803 3.80517
4.02843 3.80806
4.07883 3.81094
4.12923 3.81383
4.17963 3.81672
4.22887 3.81672
4.27811 3.86922
4.32735 3.92171
4.3766 3.9742
4.42584 4.0267
4.47508 4.07919
4.52433 4.13169
4.57357 4.18418
4.62281 4.23668
4.67205 4.28917
4.7213 4.34167
4.77054 4.39416
4.82038 4.39416
4.87022 4.39416
4.92006 4.39416
4.9699 4.39416
5.01974 4.39416
5.06959 4.39416
5.11943 4.39416
5.16927 4.39416
5.21911 4.39416
5.26895 4.39416
5.31879 4.39416
5.36863 4.39416
5.41847 4.39416
5.46831 4.39416
5.51815 4.39416
5.56799 4.39416
5.61783 4.39416
5.66768 4.39416
5.71752 4.39416
5.76736 4.39416
5.8172 4.39416
5.86704 4.39416
5.91688 4.39416
5.96672 4.39416
6.01656 4.39416
6.0664 4.39416
6.11624 4.39416
6.16608 4.39416
6.21593 4.39416
6.26577 4.39416
6.31561 4.39416
6.36545 4.39416
6.41529 4.39416
9.27686 5.00557
12.1384 5.00557
15.0 5.00557
0.0 0.926426
0.0505927 0.926426
0.101185 0.968365
0.151778 1.0103
0.202371 1.05224
0.252963 1.09418
0.303556 1.13612
0.354149 1.17806
0.404741 1.22
0.455334 1.26194
0.505927 1.30388
0.556519 1.34582
0.607112 1.38776
0.657705 1.4297
0.708297 1.47164
0.75889 1.51357
0.809482 1.55551
0.860075 1.59745
0.910668 1.63939
0.96126 1.68133
1.01185 1.72327
1.06245 1.76521
1.11245 1.76521
1.16246 1.90496
1.21247 2.0447
1.26248 2.18445
1.31248 2.32419
1.36249 2.46394
1.4125 2.60369
1.46251 2.74343
1.51251 2.88318
1.56252 3.02292
1.61253 3.16267
1.66254 3.30242
1.71254 3.44216
1.76255 3.58191
1.81256 3.72166
1.86285 3.72166
1.91313 3.7298
1.96342 3.73794
2.01371 3.74608
2.06399 3.75422
2.11428 3.76236
2.16457 3.77051
2.21485 3.77865
2.26514 3.78679
2.31543 3.79493
2.36571 3.80307
2.416 3.81121
2.46629 3.81936
2.51657 3.8275
2.56686 3.83564
2.61725 3.83564
2.66765 3.84521
2.71804 3.85477
2.76843 3.86434
2.81883 3.87391
2.86922 3.88347
2.91961 3.89304
2.97001 3.90261
3.0204 3.91217
3.0708 3.92174
3.12119 3.93131
3.17158 3.94087
3.22198 3.95044
3.27237 3.96001
3.32276 3.96957
3.37316 3.97914
3.42355 3.98871
3.47395 3.99827
3.52434 4.00784
3.57473 4.01741
3.62513 4.02697
3.67552 4.03654
3.72591 4.04611
3.77631 4.05567
3.8267 4.06524
3.87709 4.0748
3.92749 4.08437
3.97788 4.09394
4.02828 4.1035
4.07867 4.11307
4.12906 4.12264
4.17946 4.1322
4.22985 4.14177
4.28024 4.15134
4.33064 4.1609
4.38103 4.17047
4.43143 4.18004
4.48181 4.18004
4.53219 4.18004
4.58258 4.18004
4.63296 4.18004
4.68334 4.18004
4.73373 4.18004
4.78411 4.18004
4.83449 4.18004
4.88488 4.18004
4.93526 4.18004
4.98564 4.18004
5.03603 4.18004
5.08641 4.18004
5.1368 4.18004
5.18718 4.18004
5.23756 4.18004
5.28795 4.18004
5.33833 4.18004
5.38871 4.18004
5.4391 4.18004
5.48948 4.18004
5.53986 4.18004
5.59025 4.18004
5.64063 4.18004
5.69101 4.18004
5.7414 4.18004
5.79178 4.18004
5.84217 4.18004
5.89255 4.18004
5.94293 4.18004
5.99332 4.18004
6.0437 4.18004
6.09408 4.18004
6.14447 4.18004
6.19485 4.18004
6.24523 4.18004
6.29562 4.18004
6.346 4.18004
6.39638 4.18004
6.44677 4.18004
6.49715 4.18004
6.54754 4.18004
6.59792 4.18004
6.6483 4.18004
6.69869 4.18004
9.46579 5.04431
12.2329 5.04431
15.0 5.04431
0.0 0.927537
0.0505037 0.927537
0.101007 0.967479
0.151511 1.00742
0.202015 1.04736
0.252519 1.08731
0.303022 1.12725
0.353526 1.16719
0.40403 1.20713
0.454534 1.24707
0.505037 1.28702
0.555541 1.32696
0.606045 1.3669
0.656548 1.40684
0.707052 1.44678
0.757556 1.48673
0.80806 1.52667
0.858563 1.56661
0.909067 1.60655
0.959571 1.64649
1.01007 1.68644
1.06058 1.72638
1.11108 1.76632
1.16159 1.80626
1.21209 1.84621
1.26259 1.88615
1.3131 1.92609
1.3636 1.96603
1.4141 2.00597
1.46461 2.04592
1.51511 2.08586
1.56562 2.1258
1.61612 2.16574
1.66662 2.20568
1.71713 2.24563
1.76747 2.24563
1.81781 2.2501
1.86815 2.25458
1.91849 2.25906
1.96884 2.26354
2.01918 2.26802
2.06952 2.2725
2.11986 2.27697
2.17021 2.28145
2.22055 2.28593
2.27089 2.29041
2.32123 2.29489
2.37157 2.29937
2.42192 2.30384
2.47226 2.30832
2.5226 2.3128
2.57294 2.31728
2.62328 2.32176
2.67363 2.32624
2.72397 2.33071
2.77431 2.33519
2.82465 2.33967
2.87499 2.34415
2.92534 2.34863
2.97568 2.35311
3.02602 2.35758
3.07636 2.36206
3.1267 2.36654
3.17705 2.37102
3.22739 2.3755
3.27773 2.37997
3.32807 2.38445
3.37841 2.38893
3.42876 2.39341
3.4791 2.39789
3.52612 2.39789
3.57314 2.58616
3.62016 2.77442
3.66719 2.96269
3.71421 3.15096
3.76123 3.33923
3.80825 3.5275
3.85811 3.5275
3.90796 3.53098
3.95782 3.53446
4.00768 3.53794
4.05753 3.54142
4.10739 3.5449
4.15725 3.54839
4.2071 3.55187
4.25696 3.55535
4.30682 3.55883
4.35667 3.56231
4.40653 3.56579
4.45638 3.56928
4.50624 3.57276
4.5561 3.57624
4.60595 3.57972
4.65581 3.5832
4.70567 3.58668
4.75552 3.59016
4.80538 3.59365
4.85524 3.59713
4.90509 3.60061
4.95495 3.60409
5.00481 3.60757
5.05466 3.61105
5.10452 3.61454
5.15437 3.61802
5.20423 3.6215
5.25409 3.62498
5.30394 3.62846
5.3538 3.63194
5.40366 3.63542
5.45351 3.63891
5.50337 3.64239
5.55323 3.64587
5.60308 3.64935
5.65294 3.65283
5.7028 3.65631
5.75265 3.6598
5.80225 3.6598
5.85184 3.6598
5.90144 3.6598
5.95104 3.6598
6.00063 3.6598
6.05023 3.6598
6.09983 3.6598
6.14942 3.6598
6.19902 3.6598
6.24861 3.6598
6.29821 3.6598
6.34781 3.6598
6.3974 3.6598
6.447 3.6598
6.4966 3.6598
6.54619 3.6598
6.59579 3.6598
6.64538 3.6598
6.69498 3.6598
6.74458 3.6598
6.79417 3.6598
9.52945 4.35106
12.2647 4.35106
15.0 4.35106
0.0 0.950003
0.0498065 0.950003
0.0996129 0.98802
0.149419 1.02604
0.199226 1.06405
0.249032 1.10207
0.298839 1.14009
0.348645 1.1781
0.398452 1.21612
0.448258 1.25414
0.498065 1.29215
0.547871 1.33017
0.597678 1.36819
0.647484 1.4062
0.697291 1.44422
0.747097 1.48224
0.796904 1.52025
0.84671 1.55827
0.896516 1.59629
0.946323 1.6343
0.996129 1.67232
1.04594 1.71034
1.09574 1.74836
1.14555 1.78637
1.19536 1.82439
1.24516 1.86241
1.29497 1.90042
1.34477 1.93844
1.39458 1.97646
1.44439 2.01447
1.49419 2.05249
1.544 2.09051
1.59381 2.12852
1.64361 2.16654
1.69342 2.20456
1.74323 2.24257
1.79168 2.24257
1.84013 2.24745
1.88859 2.25233
1.93704 2.25721
1.98549 2.26209
2.03395 2.26696
2.0824 2.27184
2.13085 2.27672
2.17931 2.2816
2.22776 2.28648
2.27621 2.29136
2.32467 2.29623
2.37312 2.30111
2.42157 2.30599
2.47003 2.31087
2.51848 2.31575
2.56881 2.31575
2.61915 2.37594
2.66948 2.43613
2.71982 2.49632
2.77015 2.55651
2.82049 2.61669
2.87082 2.67688
2.92115 2.73707
2.97149 2.79726
3.02182 2.85745
3.07216 2.91764
3.12249 2.97783
3.17282 3.03802
3.22316 3.09821
3.27349 3.1584
3.32383 3.21859
3.37416 3.27878
3.4245 3.33896
3.47483 3.39915
3.52516 3.45934
3.5755 3.51953
3.62583 3.57972
3.67617 3.63991
3.7265 3.7001
3.7763 3.7001
3.82611 3.70359
3.87591 3.70708
3.92571 3.71057
3.97551 3.71406
4.02532 3.71755
4.07512 3.72104
4.12492 3.72453
4.17472 3.72802
4.22453 3.73152
4.27433 3.73501
4.32413 3.7385
4.37393 3.74199
4.42374 3.74548
4.47354 3.74897
4.52334 3.75246
4.57314 3.75595
4.62294 3.75944
4.67275 3.76293
4.72255 3.76642
4.77235 3.76991
4.82215 3.7734
4.87196 3.77689
4.92176 3.78038
4.97156 3.78388
5.02136 3.78737
5.07117 3.79086
5.12168 3.79086
5.17219 3.79086
5.2227 3.79086
5.27322 3.79086
5.32373 3.79086
5.37424 3.79086
5.42475 3.79086
5.47527 3.79086
5.52578 3.79086
5.57629 3.79086
5.6268 3.79086
5.67732 3.79086
5.72783 3.79086
5.77834 3.79086
5.82885 3.79086
5.87936 3.79086
5.92988 3.79086
5.98039 3.79086
6.0309 3.79086
6.08141 3.79086
6.13193 3.79086
6.18244 3.79086
6.23295 3.79086
6.28346 3.79086
6.33398 3.79086
6.38449 3.79086
6.435 3.79086
6.48551 3.79086
9.32368 4.43996
12.1618 4.43996
15.0 4.43996
0.0 0.933255
0.0492623 0.933255
0.0985246 0.974093
0.147787 1.01493
0.197049 1.05577
0.246312 1.09661
0.295574 1.13745
0.344836 1.17828
0.394099 1.21912
0.443361 1.25996
0.492623 1.3008
0.541885 1.34164
0.591148 1.38248
0.64041 1.42331
0.689672 1.46415
0.738935 1.50499
0.788197 1.54583
0.837459 1.58667
0.886722 1.62751
0.935984 1.66834
0.986093 1.66834
1.0362 1.75152
1.08631 1.8347
1.13642 1.91788
1.18653 2.00106
1.23664 2.08424
1.28675 2.16741
1.33685 2.25059
1.38696 2.33377
1.43707 2.41695
1.48718 2.50013
1.53729 2.58331
1.5874 2.66648
1.63751 2.74966
1.68762 2.83284
1.73773 2.91602
1.78783 2.9992
1.83794 3.08237
1.88805 3.16555
1.93816 3.24873
1.98827 3.33191
2.03838 3.41509
2.08849 3.49827
2.1386 3.58144
2.18871 3.66462
2.23881 3.7478
2.28892 3.83098
2.33903 3.91416
2.38848 3.91416
2.43792 3.92603
2.48737 3.9379
2.53682 3.94978
2.58626 3.96165
2.63571 3.97352
2.68516 3.9854
2.7346 3.99727
2.78405 4.00914
2.8335 4.02102
2.88294 4.03289
2.93239 4.04476
2.98209 4.04476
3.03178 4.05134
3.08148 4.05792
3.13118 4.0645
3.18087 4.07108
3.23057 4.07766
3.28027 4.08424
3.32997 4.09082
3.37966 4.0974
3.42936 4.10398
3.47906 4.11056
3.52875 4.11714
3.57845 4.12372
3.62815 4.13029
3.67784 4.13687
3.72754 4.14345
3.77724 4.15003
3.82694 4.15661
3.87663 4.16319
3.92633 4.16977
3.97603 4.17635
4.02572 4.18293
4.07542 4.18951
4.12512 4.19609
4.17484 4.19609
4.22456 4.19609
4.27427 4.19609
4.32399 4.19609
4.37371 4.19609
4.42343 4.19609
4.47315 4.19609
4.52287 4.19609
4.57259 4.19609
4.6223 4.19609
4.67202 4.19609
4.72174 4.19609
4.77146 4.19609
4.82118 4.19609
4.8709 4.19609
4.92062 4.19609
4.97033 4.19609
5.02005 4.19609
5.06977 4.19609
5.11949 4.19609
5.16921 4.19609
5.21893 4.19609
5.26865 4.19609
5.31836 4.19609
5.36808 4.19609
5.4178 4.19609
5.46752 4.19609
7.85064 5.12459
10.2338 5.12459
12.6169 5.12459
15.0 5.12459
0.0 0.925828
0.0487888 0.925828
0.0975775 0.963875
0.146366 1.00192
0.195155 1.03997
0.243944 1.07802
0.292733 1.11606
0.341521 1.15411
0.39031 1.19216
0.439099 1.23021
0.487888 1.26825
0.536676 1.3063
0.585465 1.34435
0.634254 1.38239
0.683043 1.42044
0.731832 1.45849
0.78062 1.49654
0.829409 1.53458
0.879415 1.53458
0.92942 1.59231
0.979426 1.65004
1.02943 1.70777
1.07944 1.7655
1.12944 1.82323
1.17945 1.88096
1.22945 1.93869
1.27946 1.99642
1.32947 2.05415
1.37947 2.11187
1.42948 2.1696
1.47948 2.22733
1.52949 2.28506
1.57949 2.34279
1.6295 2.40052
1.6795 2.45825
1.72951 2.51598
1.77952 2.57371
1.82952 2.63144
1.87953 2.68917
1.92953 2.7469
1.97954 2.80463
2.02954 2.86235
2.07955 2.92008
2.12955 2.97781
2.17956 3.03554
2.22957 3.09327
2.27957 3.151
2.32958 3.20873
2.37958 3.26646
2.42959 3.32419
2.47959 3.38192
2.5296 3.43965
2.57961 3.49738
2.62961 3.5551
2.67962 3.61283
2.72962 3.67056
2.77963 3.72829
2.82963 3.78602
2.87964 3.84375
2.92967 3.84375
2.97969 3.85029
3.02972 3.85682
3.07975 3.86336
3.12977 3.8699
3.1798 3.87644
3.22983 3.88297
3.27986 3.88951
3.32988 3.89605
3.37991 3.90258
3.42994 3.90912
3.47996 3.91566
3.52999 3.92219
3.58002 3.92873
3.63005 3.93527
3.68007 3.9418
3.7301 3.94834
3.78013 3.95488
3.83015 3.96141
3.88018 3.96795
3.93021 3.97449
3.98024 3.98103
4.03026 3.98756
4.08029 3.9941
4.13032 4.00064
4.18056 4.00064
4.2308 4.00777
4.28105 4.0149
4.33129 4.02203
4.38154 4.02916
4.43178 4.03629
4.48202 4.04342
4.53227 4.05056
4.58251 4.05769
4.63276 4.06482
4.683 4.07195
4.73324 4.07908
4.78349 4.08621
4.83373 4.09334
4.88398 4.10048
4.93422 4.10761
4.98446 4.11474
5.03471 4.12187
5.08411 4.12187
5.13351 4.12187
5.18291 4.12187
5.23231 4.12187
5.28172 4.12187
5.33112 4.12187
5.38052 4.12187
5.42992 4.12187
5.47932 4.12187
5.52872 4.12187
5.57812 4.12187
5.62753 4.12187
5.67693 4.12187
5.72633 4.12187
5.77573 4.12187
5.82513 4.12187
5.87453 4.12187
5.92393 4.12187
5.97334 4.12187
6.02274 4.12187
6.07214 4.12187
6.12154 4.12187
6.17094 4.12187
6.22034 4.12187
6.26974 4.12187
6.31914 4.12187
6.36855 4.12187
6.41795 4.12187
6.46735 4.12187
6.51675 4.12187
6.56615 4.12187
6.61555 4.12187
6.66495 4.12187
9.4433 5.05479
12.2217 5.05479
15.0 5.05479
0.0 0.926686
0.0497706 0.926686
0.0995412 0.967186
0.149312 1.00769
0.199082 1.04819
0.248853 1.08869
0.298624 1.12919
0.348394 1.16969
0.398165 1.21019
0.447936 1.25069
0.497706 1.29119
0.547477 1.33169
0.597247 1.37219
0.647018 1.41269
0.69824 1.41269
0.749461 1.56152
0.800683 1.71034
0.851905 1.85917
0.903126 2.008
0.954348 2.15683
1.00557 2.30566
1.05679 2.45449
1.10801 2.60332
1.15923 2.75214
1.21046 2.90097
1.26168 3.0498
1.3129 3.19863
1.36412 3.34746
1.41534 3.49629
1.46656 3.64512
1.51779 3.79394
1.56785 3.79394
1.61792 3.79681
1.66798 3.79968
1.71805 3.80255
1.76811 3.80541
1.81818 3.80828
1.86824 3.81115
1.9183 3.81402
1.96837 3.81689
2.01843 3.81975
2.0685 3.82262
2.11856 3.82549
2.16863 3.82836
2.21869 3.83122
2.26876 3.83409
2.31882 3.83696
2.36889 3.83983
2.41895 3.84269
2.46902 3.84556
2.51908 3.84843
2.56915 3.8513
2.61921 3.85417
2.66928 3.85703
2.71934 3.8599
2.76941 3.86277
2.81947 3.86564
2.86954 3.8685
2.9196 3.87137
2.96967 3.87424
3.01973 3.87711
3.06979 3.87997
3.11986 3.88284
3.16992 3.88571
3.21999 3.88858
3.27005 3.89145
3.32012 3.89431
3.37018 3.89718
3.42025 3.90005
3.47031 3.90292
3.52038 3.90578
3.57044 3.90865
3.62051 3.91152
3.67057 3.91439
3.72064 3.91725
3.7707 3.92012
3.82077 3.92299
3.87083 3.92586
3.9209 3.92873
3.97096 3.93159
4.02103 3.93446
4.07109 3.93733
4.12116 3.9402
4.17122 3.94306
4.22128 3.94593
4.27135 3.9488
4.32141 3.95167
4.37148 3.95453
4.42154 3.9574
4.47161 3.96027
4.52167 3.96314
4.57174 3.966
4.6218 3.96887
4.67187 3.97174
4.72193 3.97461
4.772 3.97748
4.82206 3.98034
4.87213 3.98321
4.92219 3.98608
4.97226 3.98895
5.02232 3.99181
5.07239 3.99468
5.12245 3.99755
5.17186 3.99755
5.22127 4.01251
5.27068 4.02747
5.32009 4.04242
5.3695 4.05738
5.4189 4.07234
5.46831 4.0873
5.51772 4.10226
5.56713 4.11722
5.61654 4.13218
5.66595 4.14713
5.71536 4.16209
5.76477 4.17705
5.81417 4.19201
5.86358 4.20697
5.91299 4.22193
5.9624 4.23689
6.01181 4.25184
6.06122 4.2668
6.11152 4.2668
6.16182 4.2668
6.21213 4.2668
6.26243 4.2668
6.31273 4.2668
6.36303 4.2668
6.41333 4.2668
6.46364 4.2668
6.51394 4.2668
6.56424 4.2668
6.61454 4.2668
6.66485 4.2668
6.71515 4.2668
9.47676 5.27354
12.2384 5.27354
15.0 5.27354
0.0 0.927894
0.0501088 0.927894
0.100218 0.970328
0.150326 1.01276
0.200435 1.0552
0.250544 1.09763
0.300653 1.14006
0.350762 1.1825
0.400871 1.22493
0.450979 1.26737
0.501088 1.3098
0.551197 1.35223
0.601306 1.39467
0.651415 1.4371
0.701523 1.47954
0.751632 1.52197
0.801741 1.5644
0.85185 1.60684
0.901959 1.64927
0.952068 1.69171
1.00218 1.73414
1.05229 1.77657
1.10239 1.81901
1.1525 1.86144
1.20261 1.90388
1.25272 1.94631
1.30283 1.98874
1.35294 2.03118
1.40305 2.07361
1.45316 2.11605
1.5039 2.11605
1.55464 2.13758
1.60538 2.15911
1.65612 2.18064
1.70686 2.20217
1.7576 2.22371
1.80834 2.24524
1.85908 2.26677
1.90982 2.2883
1.96057 2.30983
2.01131 2.33137
2.06205 2.3529
2.11279 2.37443
2.16353 2.39596
2.21427 2.4175
2.26501 2.43903
2.31575 2.46056
2.36445 2.46056
2.41315 2.54135
2.46185 2.62214
2.51055 2.70294
2.55924 2.78373
2.60794 2.86452
2.65664 2.94531
2.70534 3.0261
2.75404 3.1069
2.80273 3.18769
2.85143 3.26848
2.90013 3.34927
2.94883 3.43007
2.99753 3.51086
3.04623 3.59165
3.09492 3.67244
3.14362 3.75323
3.19232 3.83403
3.24102 3.91482
3.29155 3.91482
3.34207 3.91495
3.3926 3.91509
3.44313 3.91523
3.49365 3.91536
3.54418 3.9155
3.59471 3.91563
3.64523 3.91577
3.69576 3.91591
3.74629 3.91604
3.79681 3.91618
3.84734 3.91631
3.89787 3.91645
3.94839 3.91659
3.99892 3.91672
4.04945 3.91686
4.09997 3.91699
4.1505 3.91713
4.20103 3.91727
4.25155 3.9174
4.30208 3.91754
4.35261 3.91767
4.40313 3.91781
4.45366 3.91795
4.50419 3.91808
4.55471 3.91822
4.60524 3.91835
4.65577 3.91849
4.70629 3.91863
4.75682 3.91876
4.80735 3.9189
4.85787 3.91903
4.90823 3.91903
4.95859 3.91903
5.00895 3.91903
5.05931 3.91903
5.10967 3.91903
5.16004 3.91903
5.2104 3.91903
5.26076 3.91903
5.31112 3.91903
5.36148 3.91903
5.41184 3.91903
5.4622 3.91903
5.51256 3.91903
5.56292 3.91903
5.61328 3.91903
5.66364 3.91903
5.714 3.91903
5.76436 3.91903
5.81472 3.91903
5.86508 3.91903
5.91544 3.91903
5.9658 3.91903
6.01616 3.91903
6.06652 3.91903
6.11688 3.91903
6.16724 3.91903
6.2176 3.91903
6.26796 3.91903
6.31832 3.91903
6.36868 3.91903
6.41904 3.91903
6.4694 3.91903
6.51976 3.91903
6.57012 3.91903
6.62048 3.91903
6.67084 3.91903
6.7212 3.91903
6.77157 3.91903
6.82193 3.91903
6.87229 3.91903
6.92265 3.91903
6.97301 3.91903
7.02337 3.91903
7.07373 3.91903
7.12409 3.91903
7.17445 3.91903
7.22481 3.91903
7.27517 3.91903
7.32553 3.91903
7.37589 3.91903
7.42625 3.91903
7.47661 3.91903
9.98441 5.07802
12.4922 5.07802
15.0 5.07802
0.0 0.933837
0.0499045 0.933837
0.099809 0.973088
0.149714 1.01234
0.199618 1.05159
0.249523 1.09084
0.299427 1.13009
0.349332 1.16934
0.399236 1.2086
0.449141 1.24785
0.499045 1.2871
0.54895 1.32635
0.598854 1.3656
0.648759 1.40485
0.698663 1.4441
0.748568 1.48335
0.798472 1.5226
0.848377 1.56186
0.898281 1.60111
0.948186 1.64036
0.99809 1.67961
1.04799 1.71886
1.0979 1.75811
1.1478 1.79736
1.19771 1.83661
1.24761 1.87586
1.29752 1.91512
1.34742 1.95437
1.39733 1.99362
1.44723 2.03287
1.49714 2.07212
1.54704 2.11137
1.59694 2.15062
1.64685 2.18987
1.69675 2.22912
1.74674 2.22912
1.79673 2.24678
1.84671 2.26443
1.8967 2.28208
1.94668 2.29973
1.99667 2.31738
2.04666 2.33503
2.09664 2.35268
2.14663 2.37033
2.19661 2.38798
2.2466 2.40563
2.29658 2.42328
2.34657 2.44093
2.39656 2.45858
2.44654 2.47623
2.49653 2.49389
2.54651 2.51154
2.5965 2.52919
2.64649 2.54684
2.69647 2.56449
2.74621 2.56449
2.79596 2.58701
2.8457 2.60952
2.89544 2.63204
2.94518 2.65455
2.99492 2.67707
3.04466 2.69959
3.0944 2.7221
3.14415 2.74462
3.19389 2.76714
3.24363 2.78965
3.29337 2.81217
3.34311 2.83469
3.39285 2.8572
3.44259 2.87972
3.49234 2.90224
3.54208 2.92475
3.59182 2.94727
3.64156 2.96979
3.6913 2.9923
3.74104 3.01482
3.79078 3.03734
3.84053 3.05985
3.89027 3.08237
3.94001 3.10489
3.98975 3.1274
4.03949 3.14992
4.08923 3.17243
4.13897 3.19495
4.18872 3.21747
4.23846 3.23998
4.2882 3.2625
4.33794 3.28502
4.38768 3.30753
4.43742 3.33005
4.48716 3.35257
4.53691 3.37508
4.58665 3.3976
4.63639 3.42012
4.68613 3.44263
4.73587 3.46515
4.78561 3.48767
4.83535 3.51018
4.8851 3.5327
4.93484 3.55522
4.98458 3.57773
5.03432 3.60025
5.08406 3.62277
5.1338 3.64528
5.18354 3.6678
5.23329 3.69031
5.28303 3.71283
5.33277 3.73535
5.38251 3.75786
5.43225 3.78038
5.48199 3.8029
5.53173 3.82541
5.58148 3.84793
5.63182 3.84793
5.68217 3.85201
5.73251 3.85609
5.78286 3.86017
5.8332 3.86426
5.88355 3.86834
5.9339 3.87242
5.98424 3.8765
6.03459 3.88058
6.08493 3.88466
6.13528 3.88874
6.18562 3.89283
6.23597 3.89691
6.28632 3.90099
6.33666 3.90507
6.38701 3.90915
6.43735 3.91323
6.4877 3.91731
6.53804 3.9214
6.58839 3.92548
6.63873 3.92956
6.68908 3.93364
6.73943 3.93772
6.78977 3.9418
6.84012 3.94588
6.89046 3.94997
6.94081 3.95405
6.99115 3.95813
7.0415 3.96221
7.09185 3.96629
7.14219 3.97037
7.19254 3.97445
7.24288 3.97853
7.29323 3.98262
7.3413 3.98262
7.38936 3.98262
7.43743 3.98262
7.48549 3.98262
7.53356 3.98262
7.58163 3.98262
7.62969 3.98262
7.67776 3.98262
7.72583 3.98262
7.77389 3.98262
10.1826 5.16595
12.5913 5.16595
15.0 5.16595
0.0 0.918515
0.049877 0.918515
0.0997539 0.962703
0.149631 1.00689
0.199508 1.05108
0.249385 1.09527
0.299262 1.13946
0.349139 1.18364
0.399016 1.22783
0.448893 1.27202
0.49877 1.31621
0.548647 1.3604
0.598524 1.40458
0.648401 1.44877
0.698278 1.49296
0.748155 1.53715
0.798032 1.58134
0.847908 1.62552
0.897785 1.66971
0.947662 1.7139
0.997539 1.75809
1.04742 1.80228
1.09729 1.84647
1.14717 1.89065
1.19705 1.93484
1.24692 1.97903
1.2968 2.02322
1.34668 2.06741
1.39656 2.11159
1.44643 2.15578
1.4957 2.15578
1.54497 2.17562
1.59423 2.19547
1.6435 2.21531
1.69277 2.23515
1.74203 2.25499
1.7913 2.27483
1.84057 2.29468
1.88983 2.31452
1.9391 2.33436
1.98837 2.3542
2.03763 2.37405
2.0869 2.39389
2.13617 2.41373
2.18543 2.43357
2.2347 2.45341
2.28397 2.47326
2.33323 2.4931
2.3825 2.51294
2.43244 2.51294
2.48237 2.53153
2.53231 2.55012
2.58225 2.56871
2.63218 2.5873
2.68212 2.60589
2.73206 2.62448
2.78199 2.64307
2.83193 2.66166
2.88187 2.68025
2.9318 2.69883
2.98174 2.71742
3.03168 2.73601
3.08161 2.7546
3.13155 2.77319
3.18149 2.79178
3.23142 2.81037
3.28136 2.82896
3.3313 2.84755
3.38123 2.86614
3.43117 2.88473
3.48111 2.90332
3.53104 2.92191
3.58098 2.9405
3.63092 2.95909
3.68085 2.97767
3.73079 2.99626
3.78073 3.01485
3.83066 3.03344
3.8806 3.05203
3.93054 3.07062
3.98047 3.08921
4.03041 3.1078
4.08035 3.12639
4.13028 3.14498
4.18022 3.16357
4.23016 3.18216
4.28009 3.20075
4.33003 3.21934
4.37997 3.23793
4.4299 3.25651
4.47984 3.2751
4.52978 3.29369
4.57971 3.31228
4.62965 3.33087
4.67959 3.34946
4.72952 3.36805
4.77946 3.38664
4.8294 3.40523
4.87933 3.42382
4.92927 3.44241
4.97921 3.461
5.02914 3.47959
5.07908 3.49818
5.12902 3.51677
5.17895 3.53535
5.22889 3.55394
5.27883 3.57253
5.32876 3.59112
5.3787 3.60971
5.42864 3.6283
5.47857 3.64689
5.52851 3.66548
5.57845 3.68407
5.62838 3.70266
5.67832 3.72125
5.72826 3.73984
5.77819 3.75843
5.82813 3.77702
5.87807 3.79561
5.92873 3.79561
5.97939 3.80205
6.03005 3.8085
6.08072 3.81494
6.13138 3.82139
6.18204 3.82783
6.2327 3.83428
6.28337 3.84072
6.33403 3.84717
6.38469 3.85361
6.43536 3.86006
6.48602 3.8665
6.53668 3.87295
6.58734 3.87939
6.63801 3.88584
6.68867 3.89228
6.73933 3.89873
6.79 3.90517
6.84066 3.91162
6.89132 3.91806
6.94198 3.92451
6.99265 3.93095
7.04331 3.9374
7.09397 3.94384
7.14464 3.95029
7.1953 3.95673
7.24596 3.96318
7.29662 3.96962
7.34935 3.96962
7.40208 3.96962
7.4548 3.96962
7.50753 3.96962
10.005 5.24394
12.5025 5.24394
15.0 5.24394
